date_utc,twilight,moon,ra_deg,dec_deg,mag,surf_brt,sub_lon,sub_lat,distance_au,elong_deg,elong_dir
2020-Jan-01 00:00,,m,277.25877,-23.17994,-1.838,5.408,306.455424,-2.327392,6.20891889581492,3.3387,/L
2020-Jan-02 00:00,,m,277.50914,-23.16972,-1.839,5.408,96.768196,-2.320723,6.20748787275115,4.1275,/L
2020-Jan-03 00:00,,m,277.75934,-23.15911,-1.840,5.408,247.082159,-2.314024,6.20584125535766,4.9164,/L
2020-Jan-04 00:00,,m,278.00939,-23.14810,-1.840,5.408,37.397320,-2.307295,6.20397941252937,5.7055,/L
2020-Jan-05 00:00,,m,278.25923,-23.13669,-1.841,5.408,187.713711,-2.300537,6.20190255343438,6.4946,/L
2020-Jan-06 00:00,,m,278.50887,-23.12490,-1.842,5.408,338.031347,-2.293751,6.19961078641545,7.2838,/L
2020-Jan-07 00:00,,m,278.75827,-23.11272,-1.843,5.408,128.350249,-2.286936,6.19710535055424,8.0732,/L
2020-Jan-08 00:00,,m,279.00741,-23.10015,-1.843,5.408,278.670442,-2.280093,6.19438561026877,8.8627,/L
2020-Jan-09 00:00,,m,279.25626,-23.08721,-1.844,5.408,68.991938,-2.273223,6.19145364635150,9.6523,/L
2020-Jan-10 00:00,,m,279.50479,-23.07390,-1.845,5.408,219.314758,-2.266324,6.18830989810171,10.4421,/L
2020-Jan-11 00:00,,m,279.75299,-23.06022,-1.846,5.408,9.638903,-2.259397,6.18495524688267,11.2321,/L
2020-Jan-12 00:00,,m,280.00081,-23.04618,-1.847,5.408,159.964402,-2.252443,6.18138960023483,12.0224,/L
2020-Jan-13 00:00,,,280.24823,-23.03178,-1.849,5.408,310.291265,-2.245461,6.17761322555449,12.8128,/L
2020-Jan-14 00:00,,,280.49523,-23.01702,-1.850,5.409,100.619514,-2.238451,6.17362700187937,13.6036,/L
2020-Jan-15 00:00,,,280.74179,-23.00190,-1.851,5.409,250.949173,-2.231414,6.16943005484544,14.3947,/L
2020-Jan-16 00:00,,,280.98787,-22.98642,-1.852,5.409,41.280258,-2.224350,6.16502403631870,15.1861,/L
2020-Jan-17 00:00,,,281.23347,-22.97059,-1.854,5.409,191.612793,-2.217259,6.16040898790208,15.9779,/L
2020-Jan-18 00:00,,,281.47857,-22.95441,-1.855,5.410,341.946784,-2.210142,6.15558586216298,16.7700,/L
2020-Jan-19 00:00,,,281.72316,-22.93788,-1.856,5.410,132.282264,-2.203001,6.15055410249556,17.5625,/L
2020-Jan-20 00:00,,,281.96720,-22.92101,-1.858,5.410,282.619251,-2.195835,6.14531422269343,18.3554,/L
2020-Jan-21 00:00,,,282.21067,-22.90381,-1.859,5.410,72.957771,-2.188646,6.13986705289429,19.1487,/L
2020-Jan-22 00:00,,,282.45353,-22.88630,-1.861,5.411,223.297850,-2.181436,6.13421220502577,19.9424,/L
2020-Jan-23 00:00,,,282.69574,-22.86846,-1.862,5.411,13.639514,-2.174204,6.12835164975529,20.7365,/L
2020-Jan-24 00:00,,,282.93726,-22.85032,-1.864,5.412,163.982784,-2.166953,6.12228606741788,21.5310,/L
2020-Jan-25 00:00,,,283.17807,-22.83187,-1.866,5.412,314.327668,-2.159684,6.11601743513283,22.3259,/L
2020-Jan-26 00:00,,,283.41813,-22.81312,-1.868,5.412,104.674197,-2.152397,6.10954574925889,23.1212,/L
2020-Jan-27 00:00,,,283.65742,-22.79407,-1.870,5.413,255.022385,-2.145093,6.10287258508312,23.9169,/L
2020-Jan-28 00:00,,m,283.89589,-22.77473,-1.871,5.413,45.372257,-2.137774,6.09599932869852,24.7130,/L
2020-Jan-29 00:00,,m,284.13355,-22.75510,-1.873,5.414,195.723829,-2.130442,6.08892656883332,25.5095,/L
2020-Jan-30 00:00,,m,284.37034,-22.73519,-1.875,5.414,346.077126,-2.123095,6.08165669255268,26.3065,/L
2020-Jan-31 00:00,,m,284.60624,-22.71500,-1.877,5.415,136.432163,-2.115736,6.07419104794910,27.1039,/L
2020-Feb-01 00:00,,m,284.84125,-22.69454,-1.880,5.415,286.788942,-2.108365,6.06653233844428,27.9017,/L
2020-Feb-02 00:00,,m,285.07535,-22.67382,-1.882,5.416,77.147489,-2.100983,6.05868082615152,28.6999,/L
2020-Feb-03 00:00,,m,285.30850,-22.65284,-1.884,5.416,227.507811,-2.093591,6.05063864244345,29.4986,/L
2020-Feb-04 00:00,,m,285.54069,-22.63161,-1.886,5.417,17.869929,-2.086189,6.04240718938368,30.2978,/L
2020-Feb-05 00:00,,m,285.77190,-22.61015,-1.889,5.417,168.233854,-2.078778,6.03398753082173,31.0974,/L
2020-Feb-06 00:00,,m,286.00208,-22.58846,-1.891,5.418,318.599609,-2.071359,6.02538184850572,31.8976,/L
2020-Feb-07 00:00,,m,286.23122,-22.56655,-1.893,5.419,108.967203,-2.063931,6.01659167496507,32.6982,/L
2020-Feb-08 00:00,,m,286.45928,-22.54443,-1.896,5.419,259.336639,-2.056495,6.00761982249593,33.4995,/L
2020-Feb-09 00:00,,m,286.68624,-22.52211,-1.898,5.420,49.707938,-2.049052,5.99846638785950,34.3013,/L
2020-Feb-10 00:00,,m,286.91208,-22.49959,-1.901,5.421,200.081104,-2.041602,5.98913346766616,35.1037,/L
2020-Feb-11 00:00,,,287.13676,-22.47687,-1.904,5.421,350.456163,-2.034145,5.97962194996153,35.9067,/L
2020-Feb-12 00:00,,,287.36027,-22.45397,-1.906,5.422,140.833121,-2.026683,5.96993286714422,36.7104,/L
2020-Feb-13 00:00,,,287.58258,-22.43088,-1.909,5.423,291.212010,-2.019215,5.96006767036074,37.5149,/L
2020-Feb-14 00:00,A,,287.80368,-22.40761,-1.912,5.423,81.592843,-2.011744,5.95002775348071,38.3200,/L
2020-Feb-15 00:00,A,,288.02356,-22.38418,-1.915,5.424,231.975631,-2.004268,5.93981575658834,39.1260,/L
2020-Feb-16 00:00,A,,288.24218,-22.36060,-1.918,5.425,22.360395,-1.996792,5.92943176385999,39.9328,/L
2020-Feb-17 00:00,A,,288.45953,-22.33686,-1.921,5.425,172.747151,-1.989314,5.91887808932366,40.7404,/L
2020-Feb-18 00:00,A,,288.67556,-22.31300,-1.924,5.426,323.135927,-1.981838,5.90815573263681,41.5488,/L
2020-Feb-19 00:00,A,,288.89025,-22.28901,-1.927,5.427,113.526731,-1.974364,5.89726650180078,42.3581,/L
2020-Feb-20 00:00,A,,289.10355,-22.26492,-1.930,5.427,263.919600,-1.966894,5.88621203848209,43.1682,/L
2020-Feb-21 00:00,A,,289.31542,-22.24072,-1.934,5.428,54.314546,-1.959430,5.87499458935246,43.9792,/L
2020-Feb-22 00:00,A,,289.52583,-22.21642,-1.937,5.429,204.711582,-1.951972,5.86361742153849,44.7911,/L
2020-Feb-23 00:00,A,,289.73475,-22.19204,-1.940,5.430,355.110725,-1.944523,5.85208144195245,45.6038,/L
2020-Feb-24 00:00,A,,289.94217,-22.16758,-1.944,5.430,145.511988,-1.937082,5.84038963765660,46.4175,/L
2020-Feb-25 00:00,A,,290.14805,-22.14305,-1.947,5.431,295.915395,-1.929653,5.82854349734644,47.2320,/L
2020-Feb-26 00:00,A,m,290.35236,-22.11845,-1.951,5.432,86.320953,-1.922236,5.81654570864850,48.0475,/L
2020-Feb-27 00:00,A,m,290.55508,-22.09380,-1.955,5.433,236.728694,-1.914833,5.80439809246371,48.8639,/L
2020-Feb-28 00:00,A,m,290.75618,-22.06911,-1.958,5.433,27.138625,-1.907444,5.79210362593581,49.6812,/L
2020-Feb-29 00:00,A,m,290.95564,-22.04438,-1.962,5.434,177.550760,-1.900070,5.77966593063169,50.4994,/L
2020-Mar-01 00:00,A,m,291.15344,-22.01963,-1.966,5.435,327.965105,-1.892713,5.76708659632802,51.3186,/L
2020-Mar-02 00:00,A,m,291.34955,-21.99487,-1.970,5.435,118.381674,-1.885373,5.75436894871605,52.1388,/L
2020-Mar-03 00:00,A,m,291.54396,-21.97010,-1.974,5.436,268.800483,-1.878051,5.74151475671753,52.9600,/L
2020-Mar-04 00:00,A,m,291.73664,-21.94535,-1.978,5.437,59.221533,-1.870748,5.72852723466972,53.7821,/L
2020-Mar-05 00:00,A,m,291.92754,-21.92063,-1.982,5.438,209.644853,-1.863465,5.71540807792524,54.6052,/L
2020-Mar-06 00:00,A,m,292.11665,-21.89594,-1.986,5.438,0.070445,-1.856203,5.70216057963917,55.4294,/L
2020-Mar-07 00:00,A,m,292.30393,-21.87130,-1.991,5.439,150.498321,-1.848962,5.68878818090456,56.2547,/L
2020-Mar-08 00:00,A,m,292.48936,-21.84672,-1.995,5.440,300.928480,-1.841742,5.67529266722440,57.0810,/L
2020-Mar-09 00:00,A,m,292.67291,-21.82220,-1.999,5.440,91.360936,-1.834544,5.66167697574838,57.9085,/L
2020-Mar-10 00:00,A,m,292.85456,-21.79776,-2.004,5.441,241.795704,-1.827369,5.64794250035259,58.7371,/L
2020-Mar-11 00:00,A,,293.03430,-21.77339,-2.008,5.442,32.232786,-1.820218,5.63409215617041,59.5669,/L
2020-Mar-12 00:00,A,,293.21210,-21.74910,-2.013,5.443,182.672215,-1.813093,5.62012686046636,60.3980,/L
2020-Mar-13 00:00,A,,293.38795,-21.72491,-2.017,5.443,333.114000,-1.805993,5.60604961030330,61.2304,/L
2020-Mar-14 00:00,N,,293.56182,-21.70083,-2.022,5.444,123.558163,-1.798922,5.59186328798080,62.0642,/L
2020-Mar-15 00:00,N,,293.73369,-21.67688,-2.027,5.444,274.004709,-1.791879,5.57756991190533,62.8993,/L
2020-Mar-16 00:00,N,,293.90352,-21.65306,-2.032,5.445,64.453660,-1.784867,5.56317232749369,63.7358,/L
2020-Mar-17 00:00,N,,294.07128,-21.62940,-2.037,5.446,214.905035,-1.777889,5.54867235668978,64.5738,/L
2020-Mar-18 00:00,N,,294.23692,-21.60590,-2.042,5.446,5.358846,-1.770944,5.53407357896624,65.4132,/L
2020-Mar-19 00:00,N,,294.40042,-21.58257,-2.047,5.447,155.815120,-1.764036,5.51937744991299,66.2542,/L
2020-Mar-20 00:00,N,,294.56173,-21.55943,-2.052,5.447,306.273872,-1.757165,5.50458789355408,67.0966,/L
2020-Mar-21 00:00,N,,294.72081,-21.53649,-2.057,5.448,96.735122,-1.750334,5.48970838205032,67.9406,/L
2020-Mar-22 00:00,N,,294.87765,-21.51376,-2.063,5.448,247.198868,-1.743544,5.47474212723912,68.7861,/L
2020-Mar-23 00:00,N,,295.03221,-21.49124,-2.068,5.449,37.665132,-1.736795,5.45969246729205,69.6332,/L
2020-Mar-24 00:00,N,,295.18447,-21.46894,-2.073,5.449,188.133923,-1.730091,5.44456201710095,70.4819,/L
2020-Mar-25 00:00,N,,295.33441,-21.44688,-2.079,5.450,338.605250,-1.723431,5.42935493548036,71.3321,/L
2020-Mar-26 00:00,N,m,295.48200,-21.42507,-2.084,5.450,129.079134,-1.716819,5.41407306611768,72.1840,/L
2020-Mar-27 00:00,N,m,295.62721,-21.40351,-2.090,5.451,279.555583,-1.710253,5.39872078886291,73.0375,/L
2020-Mar-28 00:00,N,m,295.77002,-21.38222,-2.096,5.451,70.034616,-1.703737,5.38330168515040,73.8926,/L
2020-Mar-29 00:00,N,m,295.91042,-21.36121,-2.102,5.452,220.516224,-1.697270,5.36781965576252,74.7494,/L
2020-Mar-30 00:00,N,m,296.04836,-21.34050,-2.107,5.452,11.000426,-1.690853,5.35227803092250,75.6078,/L
2020-Mar-31 00:00,N,m,296.18384,-21.32009,-2.113,5.452,161.487223,-1.684488,5.33667983840934,76.4679,/L
2020-Apr-01 00:00,N,m,296.31682,-21.30000,-2.119,5.453,311.976622,-1.678176,5.32102935625891,77.3297,/L
2020-Apr-02 00:00,N,m,296.44728,-21.28024,-2.125,5.453,102.468637,-1.671917,5.30532857461957,78.1932,/L
2020-Apr-03 00:00,N,m,296.57517,-21.26082,-2.131,5.453,252.963274,-1.665711,5.28958193577128,79.0585,/L
2020-Apr-04 00:00,N,m,296.70047,-21.24176,-2.138,5.453,43.460547,-1.659560,5.27379282976952,79.9255,/L
2020-Apr-05 00:00,N,m,296.82315,-21.22306,-2.144,5.454,193.960443,-1.653464,5.25796545429971,80.7943,/L
2020-Apr-06 00:00,N,m,296.94320,-21.20473,-2.150,5.454,344.462978,-1.647424,5.24210270376085,81.6650,/L
2020-Apr-07 00:00,N,m,297.06060,-21.18678,-2.157,5.454,134.968150,-1.641440,5.22620755070977,82.5375,/L
2020-Apr-08 00:00,N,m,297.17534,-21.16921,-2.163,5.454,285.475968,-1.635513,5.21028376186739,83.4119,/L
2020-Apr-09 00:00,N,,297.28740,-21.15202,-2.170,5.454,75.986442,-1.629645,5.19433299896463,84.2883,/L
2020-Apr-10 00:00,N,,297.39676,-21.13524,-2.176,5.454,226.499587,-1.623838,5.17835918930648,85.1666,/L
2020-Apr-11 00:00,N,,297.50339,-21.11887,-2.183,5.454,17.015422,-1.618091,5.16236523266820,86.0471,/L
2020-Apr-12 00:00,C,,297.60727,-21.10293,-2.189,5.454,167.533939,-1.612408,5.14635547895431,86.9297,/L
2020-Apr-13 00:00,C,,297.70837,-21.08744,-2.196,5.454,318.055162,-1.606790,5.13033262651237,87.8144,/L
2020-Apr-14 00:00,C,,297.80664,-21.07239,-2.203,5.454,108.579090,-1.601239,5.11430015635878,88.7012,/L
2020-Apr-15 00:00,C,,297.90206,-21.05781,-2.210,5.454,259.105741,-1.595755,5.09826211906586,89.5904,/L
2020-Apr-16 00:00,C,,297.99460,-21.04370,-2.217,5.454,49.635120,-1.590342,5.08222099846202,90.4817,/L
2020-Apr-17 00:00,C,,298.08422,-21.03007,-2.224,5.454,200.167244,-1.585001,5.06618129148493,91.3753,/L
2020-Apr-18 00:00,C,,298.17088,-21.01694,-2.231,5.454,350.702129,-1.579733,5.05014657060789,92.2713,/L
2020-Apr-19 00:00,C,,298.25457,-21.00429,-2.238,5.454,141.239763,-1.574539,5.03412221238470,93.1695,/L
2020-Apr-20 00:00,C,,298.33527,-20.99216,-2.245,5.453,291.780162,-1.569420,5.01811146102830,94.0701,/L
2020-Apr-21 00:00,C,,298.41295,-20.98053,-2.252,5.453,82.323317,-1.564379,5.00211871647132,94.9731,/L
2020-Apr-22 00:00,C,,298.48760,-20.96942,-2.260,5.453,232.869238,-1.559415,4.98614841527785,95.8784,/L
2020-Apr-23 00:00,C,,298.55921,-20.95884,-2.267,5.452,23.417918,-1.554530,4.97020383190657,96.7861,/L
2020-Apr-24 00:00,C,m,298.62775,-20.94879,-2.274,5.452,173.969370,-1.549726,4.95428968925070,97.6962,/L
2020-Apr-25 00:00,C,m,298.69320,-20.93929,-2.282,5.452,324.523596,-1.545002,4.93840988643529,98.6087,/L
2020-Apr-26 00:00,C,m,298.75554,-20.93034,-2.289,5.451,115.080579,-1.540359,4.92257026317538,99.5237,/L
2020-Apr-27 00:00,C,m,298.81476,-20.92195,-2.297,5.451,265.640321,-1.535797,4.90677414367047,100.4410,/L
2020-Apr-28 00:00,C,m,298.87086,-20.91413,-2.304,5.450,56.202805,-1.531318,4.89102626560480,101.3608,/L
2020-Apr-29 00:00,C,m,298.92379,-20.90689,-2.312,5.450,206.768033,-1.526922,4.87533085379646,102.2830,/L
2020-Apr-30 00:00,C,m,298.97356,-20.90023,-2.320,5.449,357.335986,-1.522608,4.85969141907237,103.2077,/L
2020-May-01 00:00,C,m,299.02013,-20.89416,-2.327,5.449,147.906670,-1.518378,4.84411224526926,104.1348,/L
2020-May-02 00:00,C,m,299.06350,-20.88869,-2.335,5.448,298.480078,-1.514232,4.82859699180122,105.0644,/L
2020-May-03 00:00,C,m,299.10364,-20.88382,-2.343,5.447,89.056192,-1.510169,4.81315125220474,105.9964,/L
2020-May-04 00:00,C,m,299.14054,-20.87954,-2.350,5.447,239.635005,-1.506190,4.79777790247261,106.9310,/L
2020-May-05 00:00,C,m,299.17423,-20.87586,-2.358,5.446,30.216496,-1.502295,4.78248141752462,107.8681,/L
2020-May-06 00:00,C,m,299.20468,-20.87277,-2.366,5.445,180.800668,-1.498485,4.76726532482972,108.8078,/L
2020-May-07 00:00,C,m,299.23191,-20.87029,-2.374,5.444,331.387496,-1.494761,4.75213301852986,109.7500,/L
2020-May-08 00:00,C,,299.25591,-20.86841,-2.381,5.443,121.976991,-1.491123,4.73708809719023,110.6949,/L
2020-May-09 00:00,C,,299.27665,-20.86715,-2.389,5.443,272.569145,-1.487574,4.72213402717157,111.6424,/L
2020-May-10 00:00,*,,299.29412,-20.86652,-2.397,5.442,63.163944,-1.484113,4.70727630856292,112.5927,/L
2020-May-11 00:00,*,,299.30831,-20.86650,-2.405,5.441,213.761381,-1.480742,4.69251795110165,113.5457,/L
2020-May-12 00:00,*,,299.31920,-20.86712,-2.413,5.440,4.361435,-1.477463,4.67786385910921,114.5014,/L
2020-May-13 00:00,*,,299.32677,-20.86837,-2.421,5.439,154.964104,-1.474275,4.66331781257122,115.4600,/L
2020-May-14 00:00,*,,299.33102,-20.87025,-2.429,5.438,305.569357,-1.471181,4.64888410494356,116.4214,/L
2020-May-15 00:00,*,,299.33193,-20.87276,-2.436,5.437,96.177196,-1.468181,4.63456662432025,117.3856,/L
2020-May-16 00:00,*,,299.32949,-20.87590,-2.444,5.436,246.787604,-1.465276,4.62036952631113,118.3526,/L
2020-May-17 00:00,*,,299.32371,-20.87966,-2.452,5.435,37.400559,-1.462466,4.60629874089324,119.3225,/L
2020-May-18 00:00,*,,299.31460,-20.88405,-2.460,5.434,188.016035,-1.459752,4.59235782027108,120.2952,/L
2020-May-19 00:00,*,,299.30215,-20.88906,-2.468,5.433,338.634003,-1.457134,4.57855209614561,121.2708,/L
2020-May-20 00:00,*,,299.28638,-20.89469,-2.475,5.431,129.254444,-1.454612,4.56488546968965,122.2492,/L
2020-May-21 00:00,*,,299.26731,-20.90094,-2.483,5.430,279.877314,-1.452186,4.55136278185490,123.2304,/L
2020-May-22 00:00,*,,299.24492,-20.90781,-2.491,5.429,70.502601,-1.449856,4.53798779988966,124.2144,/L
2020-May-23 00:00,*,m,299.21925,-20.91528,-2.499,5.428,221.130270,-1.447622,4.52476494862520,125.2012,/L
2020-May-24 00:00,*,m,299.19028,-20.92338,-2.506,5.427,11.760290,-1.445483,4.51170007424473,126.1908,/L
2020-May-25 00:00,*,m,299.15804,-20.93208,-2.514,5.426,162.392614,-1.443439,4.49879691906464,127.1831,/L
2020-May-26 00:00,*,m,299.12255,-20.94139,-2.521,5.424,313.027201,-1.441488,4.48606075258510,128.1782,/L
2020-May-27 00:00,*,m,299.08381,-20.95130,-2.529,5.423,103.664013,-1.439630,4.47349518942775,129.1760,/L
2020-May-28 00:00,*,m,299.04185,-20.96180,-2.536,5.422,254.302990,-1.437865,4.46110505530390,130.1764,/L
2020-May-29 00:00,*,m,298.99670,-20.97290,-2.544,5.421,44.944104,-1.436190,4.44889341610314,131.1795,/L
2020-May-30 00:00,*,m,298.94836,-20.98457,-2.551,5.419,195.587305,-1.434606,4.43686427932354,132.1851,/L
2020-May-31 00:00,*,m,298.89685,-20.99680,-2.558,5.418,346.232554,-1.433112,4.42502257468210,133.1934,/L
2020-Jun-01 00:00,*,m,298.84224,-21.00960,-2.566,5.417,136.879790,-1.431705,4.41337148567061,134.2043,/L
2020-Jun-02 00:00,*,m,298.78454,-21.02293,-2.573,5.415,287.528963,-1.430386,4.40191536569784,135.2176,/L
2020-Jun-03 00:00,*,m,298.72381,-21.03680,-2.580,5.414,78.180030,-1.429154,4.39065689639728,136.2336,/L
2020-Jun-04 00:00,*,m,298.66009,-21.05118,-2.587,5.413,228.832927,-1.428009,4.37960029165424,137.2520,/L
2020-Jun-05 00:00,*,m,298.59340,-21.06608,-2.594,5.411,19.487622,-1.426950,4.36874765444911,138.2730,/L
2020-Jun-06 00:00,*,,298.52379,-21.08149,-2.600,5.410,170.144062,-1.425978,4.35810255750442,139.2964,/L
2020-Jun-07 00:00,*,,298.45124,-21.09741,-2.607,5.409,320.802211,-1.425092,4.34766927988045,140.3224,/L
2020-Jun-08 00:00,*,,298.37581,-21.11381,-2.614,5.408,111.462001,-1.424292,4.33745111794649,141.3509,/L
2020-Jun-09 00:00,*,,298.29753,-21.13070,-2.620,5.406,262.123382,-1.423577,4.32745234648900,142.3819,/L
2020-Jun-10 00:00,*,,298.21641,-21.14805,-2.627,5.405,52.786299,-1.422948,4.31767584850245,143.4154,/L
2020-Jun-11 00:00,*,,298.13252,-21.16586,-2.633,5.404,203.450680,-1.422404,4.30812629397210,144.4513,/L
2020-Jun-12 00:00,*,,298.04588,-21.18411,-2.639,5.403,354.116477,-1.421943,4.29880594138826,145.4897,/L
2020-Jun-13 00:00,*,,297.95656,-21.20278,-2.645,5.401,144.783621,-1.421567,4.28971877036215,146.5305,/L
2020-Jun-14 00:00,*,,297.86457,-21.22186,-2.651,5.400,295.452062,-1.421272,4.28086894853299,147.5736,/L
2020-Jun-15 00:00,*,,297.77001,-21.24133,-2.657,5.399,86.121711,-1.421059,4.27226013349605,148.6190,/L
2020-Jun-16 00:00,*,,297.67292,-21.26117,-2.662,5.398,236.792501,-1.420925,4.26389635205608,149.6667,/L
2020-Jun-17 00:00,*,,297.57337,-21.28138,-2.668,5.397,27.464356,-1.420869,4.25578033263478,150.7166,/L
2020-Jun-18 00:00,*,,297.47143,-21.30193,-2.673,5.395,178.137189,-1.420889,4.24791650052170,151.7686,/L
2020-Jun-19 00:00,*,,297.36717,-21.32281,-2.678,5.394,328.810931,-1.420984,4.24030658488080,152.8228,/L
2020-Jun-20 00:00,*,,297.26064,-21.34401,-2.683,5.393,119.485498,-1.421152,4.23295414764185,153.8789,/L
2020-Jun-21 00:00,*,m,297.15191,-21.36551,-2.688,5.392,270.160825,-1.421391,4.22586246800500,154.9370,/L
2020-Jun-22 00:00,*,m,297.04105,-21.38729,-2.693,5.391,60.836806,-1.421698,4.21903486315566,155.9969,/L
2020-Jun-23 00:00,*,m,296.92813,-21.40935,-2.697,5.390,211.513362,-1.422070,4.21247442910577,157.0587,/L
2020-Jun-24 00:00,*,m,296.81322,-21.43166,-2.702,5.389,2.190400,-1.422506,4.20618319439731,158.1221,/L
2020-Jun-25 00:00,*,m,296.69641,-21.45420,-2.706,5.388,152.867823,-1.423003,4.20016469218072,159.1871,/L
2020-Jun-26 00:00,*,m,296.57777,-21.47695,-2.710,5.387,303.545546,-1.423558,4.19441962233090,160.2537,/L
2020-Jun-27 00:00,*,m,296.45738,-21.49989,-2.714,5.386,94.223477,-1.424169,4.18895050150787,161.3216,/L
2020-Jun-28 00:00,*,m,296.33533,-21.52301,-2.717,5.386,244.901544,-1.424834,4.18375913609404,162.3910,/L
2020-Jun-29 00:00,*,m,296.21170,-21.54627,-2.721,5.385,35.579636,-1.425550,4.17884791371090,163.4616,/L
2020-Jun-30 00:00,*,m,296.08660,-21.56967,-2.724,5.384,186.257672,-1.426316,4.17421845127376,164.5334,/L
2020-Jul-01 00:00,*,m,295.96013,-21.59317,-2.727,5.383,336.935554,-1.427129,4.16987169939733,165.6063,/L
2020-Jul-02 00:00,*,m,295.83236,-21.61677,-2.730,5.383,127.613192,-1.427987,4.16580996514576,166.6803,/L
2020-Jul-03 00:00,*,m,295.70341,-21.64045,-2.733,5.382,278.290498,-1.428890,4.16203293581682,167.7552,/L
2020-Jul-04 00:00,*,m,295.57333,-21.66419,-2.735,5.382,68.967386,-1.429836,4.15854220981004,168.8310,/L
2020-Jul-05 00:00,*,,295.44219,-21.68798,-2.737,5.381,219.643788,-1.430824,4.15533856245374,169.9077,/L
2020-Jul-06 00:00,*,,295.31009,-21.71181,-2.739,5.380,10.319595,-1.431852,4.15242405965182,170.9851,/L
2020-Jul-07 00:00,*,,295.17709,-21.73565,-2.741,5.380,160.994730,-1.432918,4.14979963494719,172.0631,/L
2020-Jul-08 00:00,*,,295.04330,-21.75949,-2.743,5.380,311.669094,-1.434021,4.14746609118755,173.1416,/L
2020-Jul-09 00:00,*,,294.90879,-21.78331,-2.744,5.379,102.342597,-1.435158,4.14542535346910,174.2204,/L
2020-Jul-10 00:00,*,,294.77367,-21.80708,-2.746,5.379,253.015144,-1.436330,4.14367700010679,175.2991,/L
2020-Jul-11 00:00,*,,294.63804,-21.83079,-2.747,5.379,43.686647,-1.437532,4.14222233407020,176.3771,/L
2020-Jul-12 00:00,*,,294.50197,-21.85443,-2.748,5.378,194.357029,-1.438764,4.14106160068656,177.4526,/L
2020-Jul-13 00:00,*,,294.36557,-21.87796,-2.748,5.378,345.026178,-1.440023,4.14019672196047,178.5191,/L
2020-Jul-14 00:00,*,,294.22895,-21.90139,-2.749,5.378,135.694011,-1.441306,4.13962793574103,179.5108,/L
2020-Jul-15 00:00,*,,294.09221,-21.92469,-2.749,5.378,286.360421,-1.442611,4.13935567953660,179.2061,/T
2020-Jul-16 00:00,*,,293.95546,-21.94785,-2.749,5.378,77.025314,-1.443935,4.13938103432437,178.1651,/T
2020-Jul-17 00:00,*,,293.81880,-21.97085,-2.749,5.378,227.688587,-1.445275,4.13970300694418,177.0932,/T
2020-Jul-18 00:00,*,,293.68233,-21.99367,-2.749,5.378,18.350150,-1.446630,4.14032194843541,176.0153,/T
2020-Jul-19 00:00,*,,293.54615,-22.01632,-2.748,5.378,169.009923,-1.447996,4.14123698031513,174.9354,/T
2020-Jul-20 00:00,*,,293.41034,-22.03877,-2.748,5.378,319.667795,-1.449369,4.14244916259279,173.8547,/T
2020-Jul-21 00:00,*,m,293.27502,-22.06102,-2.747,5.378,110.323680,-1.450748,4.14395738711332,172.7738,/T
2020-Jul-22 00:00,*,m,293.14028,-22.08304,-2.746,5.378,260.977473,-1.452129,4.14576104251129,171.6930,/T
2020-Jul-23 00:00,*,m,293.00621,-22.10482,-2.744,5.378,51.629090,-1.453509,4.14785962468488,170.6125,/T
2020-Jul-24 00:00,*,m,292.87295,-22.12635,-2.743,5.378,202.278427,-1.454885,4.15025093038706,169.5326,/T
2020-Jul-25 00:00,*,m,292.74057,-22.14760,-2.741,5.378,352.925409,-1.456256,4.15293364821044,168.4533,/T
2020-Jul-26 00:00,*,m,292.60917,-22.16857,-2.739,5.379,143.569966,-1.457618,4.15590525489100,167.3748,/T
2020-Jul-27 00:00,*,m,292.47888,-22.18925,-2.737,5.379,294.212007,-1.458970,4.15916544983507,166.2972,/T
2020-Jul-28 00:00,*,m,292.34977,-22.20961,-2.735,5.379,84.851464,-1.460309,4.16271159503844,165.2206,/T
2020-Jul-29 00:00,*,m,292.22196,-22.22966,-2.732,5.380,235.488251,-1.461634,4.16654206029220,164.1450,/T
2020-Jul-30 00:00,*,m,292.09552,-22.24938,-2.729,5.380,26.122307,-1.462943,4.17065506106917,163.0706,/T
2020-Jul-31 00:00,*,m,291.97056,-22.26877,-2.726,5.381,176.753547,-1.464234,4.17504785012662,161.9975,/T
2020-Aug-01 00:00,*,m,291.84713,-22.28783,-2.723,5.381,327.381918,-1.465508,4.17971828380394,160.9256,/T
2020-Aug-02 00:00,*,m,291.72532,-22.30655,-2.720,5.382,118.007365,-1.466762,4.18466330827929,159.8550,/T
2020-Aug-03 00:00,*,m,291.60518,-22.32491,-2.717,5.383,268.629818,-1.467995,4.18988233144209,158.7859,/T
2020-Aug-04 00:00,*,,291.48680,-22.34292,-2.713,5.383,59.249221,-1.469206,4.19537236867192,157.7181,/T
2020-Aug-05 00:00,*,,291.37025,-22.36056,-2.709,5.384,209.865503,-1.470394,4.20113177254514,156.6519,/T
2020-Aug-06 00:00,*,,291.25561,-22.37782,-2.705,5.385,0.478614,-1.471556,4.20715830935927,155.5872,/T
2020-Aug-07 00:00,*,,291.14298,-22.39470,-2.701,5.385,151.088478,-1.472691,4.21344932682673,154.5240,/T
2020-Aug-08 00:00,*,,291.03242,-22.41118,-2.697,5.386,301.695051,-1.473798,4.22000217459998,153.4625,/T
2020-Aug-09 00:00,*,,290.92402,-22.42727,-2.692,5.387,92.298287,-1.474876,4.22681344805530,152.4027,/T
2020-Aug-10 00:00,*,,290.81783,-22.44295,-2.688,5.388,242.898128,-1.475922,4.23388210448257,151.3446,/T
2020-Aug-11 00:00,C,,290.71394,-22.45822,-2.683,5.389,33.494528,-1.476935,4.24120464772229,150.2883,/T
2020-Aug-12 00:00,C,,290.61242,-22.47309,-2.678,5.389,184.087424,-1.477912,4.24877906436344,149.2339,/T
2020-Aug-13 00:00,C,,290.51334,-22.48754,-2.673,5.390,334.676781,-1.478851,4.25660233319740,148.1813,/T
2020-Aug-14 00:00,C,,290.41679,-22.50157,-2.668,5.391,125.262530,-1.479751,4.26467157333060,147.1307,/T
2020-Aug-15 00:00,C,,290.32282,-22.51519,-2.662,5.392,275.844641,-1.480611,4.27298330224418,146.0821,/T
2020-Aug-16 00:00,C,,290.23148,-22.52839,-2.657,5.393,66.423075,-1.481427,4.28153354562577,145.0355,/T
2020-Aug-17 00:00,C,,290.14283,-22.54117,-2.651,5.394,216.997792,-1.482197,4.29032046825356,143.9911,/T
2020-Aug-18 00:00,C,,290.05692,-22.55353,-2.646,5.395,7.568754,-1.482920,4.29933984772629,142.9488,/T
2020-Aug-19 00:00,C,m,289.97382,-22.56547,-2.640,5.396,158.135913,-1.483594,4.30858892273693,141.9088,/T
2020-Aug-20 00:00,C,m,289.89356,-22.57698,-2.634,5.397,308.699249,-1.484216,4.31806349795762,140.8711,/T
2020-Aug-21 00:00,C,m,289.81623,-22.58804,-2.628,5.398,99.258709,-1.484785,4.32775997253509,139.8359,/T
2020-Aug-22 00:00,C,m,289.74188,-22.59867,-2.622,5.399,249.814282,-1.485299,4.33767349916903,138.8030,/T
2020-Aug-23 00:00,C,m,289.67056,-22.60885,-2.615,5.400,40.365949,-1.485758,4.34779907413358,137.7727,/T
2020-Aug-24 00:00,C,m,289.60231,-22.61859,-2.609,5.401,190.913698,-1.486160,4.35813359471776,136.7448,/T
2020-Aug-25 00:00,C,m,289.53719,-22.62788,-2.603,5.402,341.457514,-1.486505,4.36867198611311,135.7196,/T
2020-Aug-26 00:00,C,m,289.47523,-22.63673,-2.596,5.403,131.997381,-1.486792,4.37941077698023,134.6970,/T
2020-Aug-27 00:00,C,m,289.41645,-22.64515,-2.589,5.404,282.533303,-1.487020,4.39034507311072,133.6770,/T
2020-Aug-28 00:00,C,m,289.36089,-22.65313,-2.583,5.405,73.065253,-1.487189,4.40147131405827,132.6596,/T
2020-Aug-29 00:00,C,m,289.30857,-22.66067,-2.576,5.406,223.593244,-1.487299,4.41278439053301,131.6450,/T
2020-Aug-30 00:00,C,m,289.25949,-22.66778,-2.569,5.407,14.117275,-1.487349,4.42427960587761,130.6330,/T
2020-Aug-31 00:00,N,m,289.21368,-22.67446,-2.562,5.408,164.637357,-1.487340,4.43595390643867,129.6236,/T
2020-Sep-01 00:00,N,m,289.17114,-22.68070,-2.555,5.409,315.153485,-1.487271,4.44780276682023,128.6169,/T
2020-Sep-02 00:00,N,m,289.13191,-22.68651,-2.548,5.410,105.665658,-1.487140,4.45982311402998,127.6128,/T
2020-Sep-03 00:00,N,,289.09599,-22.69187,-2.541,5.411,256.173888,-1.486948,4.47201032089950,126.6114,/T
2020-Sep-04 00:00,N,,289.06343,-22.69680,-2.534,5.412,46.678159,-1.486694,4.48436142958386,125.6127,/T
2020-Sep-05 00:00,N,,289.03423,-22.70129,-2.527,5.413,197.178489,-1.486376,4.49687138946376,124.6166,/T
2020-Sep-06 00:00,N,,289.00843,-22.70533,-2.520,5.414,347.674880,-1.485995,4.50953583177351,123.6231,/T
2020-Sep-07 00:00,N,,288.98603,-22.70894,-2.513,5.415,138.167355,-1.485550,4.52235145499519,122.6323,/T
2020-Sep-08 00:00,N,,288.96705,-22.71210,-2.506,5.415,288.655912,-1.485039,4.53531392324554,121.6441,/T
2020-Sep-09 00:00,N,,288.95150,-22.71484,-2.498,5.416,79.140560,-1.484461,4.54841997532117,120.6585,/T
2020-Sep-10 00:00,N,,288.93939,-22.71714,-2.491,5.417,229.621316,-1.483815,4.56166474358894,119.6756,/T
2020-Sep-11 00:00,N,,288.93075,-22.71901,-2.484,5.418,20.098175,-1.483101,4.57504524803098,118.6952,/T
2020-Sep-12 00:00,N,,288.92556,-22.72044,-2.476,5.419,170.571160,-1.482317,4.58855602700160,117.7176,/T
2020-Sep-13 00:00,N,,288.92385,-22.72145,-2.469,5.419,321.040282,-1.481462,4.60219259333947,116.7426,/T
2020-Sep-14 00:00,N,,288.92559,-22.72204,-2.462,5.420,111.505575,-1.480535,4.61595097469306,115.7702,/T
2020-Sep-15 00:00,N,,288.93079,-22.72220,-2.454,5.421,261.967044,-1.479534,4.62982673894919,114.8004,/T
2020-Sep-16 00:00,N,,288.93945,-22.72193,-2.447,5.421,52.424711,-1.478459,4.64381608074686,113.8333,/T
2020-Sep-17 00:00,N,,288.95156,-22.72122,-2.440,5.422,202.878602,-1.477309,4.65791367021674,112.8689,/T
2020-Sep-18 00:00,N,,288.96714,-22.72009,-2.432,5.423,353.328726,-1.476083,4.67211613552539,111.9072,/T
2020-Sep-19 00:00,A,m,288.98619,-22.71851,-2.425,5.423,143.775118,-1.474780,4.68641738051319,110.9482,/T
2020-Sep-20 00:00,A,m,289.00872,-22.71648,-2.418,5.424,294.217801,-1.473400,4.70081254602982,109.9920,/T
2020-Sep-21 00:00,A,m,289.03472,-22.71403,-2.410,5.424,84.656830,-1.471942,4.71529683129239,109.0384,/T
2020-Sep-22 00:00,A,m,289.06418,-22.71113,-2.403,5.425,235.092224,-1.470408,4.72986576602125,108.0876,/T
2020-Sep-23 00:00,A,m,289.09708,-22.70781,-2.396,5.425,25.524026,-1.468797,4.74451521388441,107.1396,/T
2020-Sep-24 00:00,A,m,289.13340,-22.70406,-2.389,5.426,175.952273,-1.467109,4.75923997837661,106.1942,/T
2020-Sep-25 00:00,A,m,289.17311,-22.69988,-2.381,5.426,326.376994,-1.465344,4.77403699737520,105.2515,/T
2020-Sep-26 00:00,A,m,289.21620,-22.69528,-2.374,5.426,116.798231,-1.463503,4.78890060917438,104.3115,/T
2020-Sep-27 00:00,A,m,289.26264,-22.69024,-2.367,5.427,267.216017,-1.461586,4.80382666057200,103.3742,/T
2020-Sep-28 00:00,A,m,289.31239,-22.68478,-2.360,5.427,57.630415,-1.459593,4.81881062725217,102.4395,/T
2020-Sep-29 00:00,A,m,289.36544,-22.67888,-2.353,5.427,208.041446,-1.457524,4.83384899159322,101.5074,/T
2020-Sep-30 00:00,A,m,289.42177,-22.67255,-2.346,5.428,358.449160,-1.455379,4.84893803835544,100.5778,/T
2020-Oct-01 00:00,A,m,289.48136,-22.66578,-2.339,5.428,148.853591,-1.453158,4.86407331192094,99.6507,/T
2020-Oct-02 00:00,A,m,289.54419,-22.65858,-2.332,5.428,299.254774,-1.450860,4.87925226375870,98.7261,/T
2020-Oct-03 00:00,A,m,289.61026,-22.65093,-2.325,5.428,89.652745,-1.448486,4.89446981404981,97.8040,/T
2020-Oct-04 00:00,A,m,289.67955,-22.64284,-2.318,5.428,240.047540,-1.446034,4.90972235432787,96.8842,/T
2020-Oct-05 00:00,A,,289.75202,-22.63431,-2.311,5.428,30.439217,-1.443504,4.92500541063773,95.9669,/T
2020-Oct-06 00:00,A,,289.82766,-22.62534,-2.304,5.428,180.827799,-1.440897,4.94031605810782,95.0519,/T
2020-Oct-07 00:00,,,289.90645,-22.61593,-2.297,5.428,331.213334,-1.438210,4.95565058617395,94.1392,/T
2020-Oct-08 00:00,,,289.98837,-22.60609,-2.291,5.428,121.595853,-1.435444,4.97100489779401,93.2288,/T
2020-Oct-09 00:00,,,290.07338,-22.59580,-2.284,5.428,271.975393,-1.432598,4.98637640911249,92.3206,/T
2020-Oct-10 00:00,,,290.16148,-22.58508,-2.278,5.428,62.351987,-1.429671,5.00176021872143,91.4147,/T
2020-Oct-11 00:00,,,290.25264,-22.57391,-2.271,5.428,212.725671,-1.426663,5.01715270098499,90.5110,/T
2020-Oct-12 00:00,,,290.34682,-22.56230,-2.265,5.428,3.096502,-1.423573,5.03254895154375,89.6095,/T
2020-Oct-13 00:00,,,290.44399,-22.55025,-2.258,5.427,153.464507,-1.420400,5.04794605132860,88.7102,/T
2020-Oct-14 00:00,,,290.54413,-22.53775,-2.252,5.427,303.829736,-1.417143,5.06333974224422,87.8130,/T
2020-Oct-15 00:00,,,290.64721,-22.52480,-2.246,5.427,94.192223,-1.413803,5.07872577447766,86.9180,/T
2020-Oct-16 00:00,,,290.75321,-22.51139,-2.239,5.427,244.552015,-1.410378,5.09410093433320,86.0252,/T
2020-Oct-17 00:00,,,290.86214,-22.49751,-2.233,5.426,34.909147,-1.406870,5.10946013149459,85.1345,/T
2020-Oct-18 00:00,,,290.97396,-22.48316,-2.227,5.426,185.263667,-1.403277,5.12479935167437,84.2459,/T
2020-Oct-19 00:00,,,291.08865,-22.46835,-2.221,5.426,335.615640,-1.399600,5.14011321522900,83.3595,/T
2020-Oct-20 00:00,,m,291.20617,-22.45308,-2.215,5.425,125.965105,-1.395840,5.15539889705171,82.4752,/T
2020-Oct-21 00:00,,m,291.32647,-22.43734,-2.209,5.425,276.312124,-1.391997,5.17065207008595,81.5931,/T
2020-Oct-22 00:00,,m,291.44952,-22.42115,-2.203,5.424,66.656736,-1.388072,5.18586911507247,80.7130,/T
2020-Oct-23 00:00,,m,291.57526,-22.40451,-2.197,5.424,216.998998,-1.384065,5.20104716019858,79.8351,/T
2020-Oct-24 00:00,,m,291.70367,-22.38739,-2.192,5.423,7.338946,-1.379977,5.21618220033733,78.9592,/T
2020-Oct-25 00:00,,m,291.83470,-22.36982,-2.186,5.423,157.676628,-1.375807,5.23127102695374,78.0853,/T
2020-Oct-26 00:00,,m,291.96832,-22.35177,-2.181,5.422,308.012105,-1.371557,5.24630901577958,77.2134,/T
2020-Oct-27 00:00,,m,292.10450,-22.33325,-2.175,5.421,98.345414,-1.367227,5.26129426920986,76.3435,/T
2020-Oct-28 00:00,,m,292.24319,-22.31426,-2.170,5.421,248.676611,-1.362816,5.27622302659220,75.4755,/T
2020-Oct-29 00:00,,m,292.38439,-22.29478,-2.164,5.420,39.005730,-1.358324,5.29109253803695,74.6094,/T
2020-Oct-30 00:00,,m,292.52804,-22.27483,-2.159,5.419,189.332824,-1.353752,5.30590015023677,73.7451,/T
2020-Oct-31 00:00,,m,292.67414,-22.25439,-2.154,5.419,339.657920,-1.349100,5.32064264788871,72.8826,/T
2020-Nov-01 00:00,,m,292.82266,-22.23346,-2.149,5.418,129.981065,-1.344366,5.33531706596366,72.0219,/T
2020-Nov-02 00:00,,m,292.97356,-22.21205,-2.143,5.417,280.302310,-1.339552,5.34991904272369,71.1630,/T
2020-Nov-03 00:00,,m,293.12681,-22.19016,-2.138,5.416,70.621695,-1.334657,5.36444694177827,70.3057,/T
2020-Nov-04 00:00,,m,293.28238,-22.16778,-2.134,5.416,220.939266,-1.329680,5.37889711691787,69.4501,/T
2020-Nov-05 00:00,,,293.44023,-22.14491,-2.129,5.415,11.255057,-1.324621,5.39326723309611,68.5962,/T
2020-Nov-06 00:00,,,293.60033,-22.12157,-2.124,5.414,161.569118,-1.319480,5.40755448590035,67.7438,/T
2020-Nov-07 00:00,,,293.76266,-22.09773,-2.119,5.413,311.881470,-1.314256,5.42175616885748,66.8930,/T
2020-Nov-08 00:00,,,293.92717,-22.07341,-2.114,5.412,102.192160,-1.308949,5.43586923319938,66.0438,/T
2020-Nov-09 00:00,,,294.09384,-22.04860,-2.110,5.411,252.501231,-1.303559,5.44988936929381,65.1960,/T
2020-Nov-10 00:00,,,294.26263,-22.02329,-2.105,5.410,42.808725,-1.298085,5.46381476559153,64.3498,/T
2020-Nov-11 00:00,,,294.43350,-21.99749,-2.101,5.409,193.114685,-1.292528,5.47764157212823,63.5050,/T
2020-Nov-12 00:00,,,294.60644,-21.97118,-2.097,5.409,343.419145,-1.286886,5.49136738133573,62.6616,/T
2020-Nov-13 00:00,,,294.78142,-21.94437,-2.092,5.408,133.722158,-1.281161,5.50498877201086,61.8198,/T
2020-Nov-14 00:00,,,294.95842,-21.91704,-2.088,5.407,284.023748,-1.275351,5.51850307299251,60.9793,/T
2020-Nov-15 00:00,,,295.13743,-21.88920,-2.084,5.406,74.323967,-1.269458,5.53190672750325,60.1403,/T
2020-Nov-16 00:00,,,295.31842,-21.86085,-2.080,5.405,224.622860,-1.263483,5.54519530864881,59.3028,/T
2020-Nov-17 00:00,,,295.50133,-21.83200,-2.076,5.404,14.920481,-1.257426,5.55836671038512,58.4667,/T
2020-Nov-18 00:00,,,295.68613,-21.80264,-2.072,5.403,165.216877,-1.251287,5.57141722473453,57.6320,/T
2020-Nov-19 00:00,,m,295.87276,-21.77278,-2.068,5.402,315.512090,-1.245069,5.58434489852212,56.7988,/T
2020-Nov-20 00:00,,m,296.06117,-21.74242,-2.064,5.401,105.806176,-1.238771,5.59714662035066,55.9670,/T
2020-Nov-21 00:00,,m,296.25134,-21.71156,-2.060,5.400,256.099162,-1.232393,5.60982084587057,55.1366,/T
2020-Nov-22 00:00,,m,296.44322,-21.68019,-2.057,5.399,46.391097,-1.225937,5.62236474588295,54.3075,/T
2020-Nov-23 00:00,,m,296.63679,-21.64831,-2.053,5.398,196.682021,-1.219404,5.63477505590940,53.4798,/T
2020-Nov-24 00:00,,m,296.83201,-21.61592,-2.050,5.397,346.971985,-1.212792,5.64705032757187,52.6535,/T
2020-Nov-25 00:00,,m,297.02884,-21.58302,-2.046,5.396,137.261025,-1.206104,5.65918782213298,51.8284,/T
2020-Nov-26 00:00,,m,297.22727,-21.54960,-2.043,5.394,287.549179,-1.199339,5.67118637125556,51.0046,/T
2020-Nov-27 00:00,,m,297.42725,-21.51567,-2.039,5.393,77.836493,-1.192497,5.68304328300763,50.1821,/T
2020-Nov-28 00:00,,m,297.62878,-21.48123,-2.036,5.392,228.122989,-1.185577,5.69475782505481,49.3607,/T
2020-Nov-29 00:00,,m,297.83181,-21.44627,-2.033,5.391,18.408706,-1.178582,5.70632742423925,48.5406,/T
2020-Nov-30 00:00,,m,298.03633,-21.41081,-2.030,5.390,168.693676,-1.171509,5.71774939456477,47.7216,/T
2020-Dec-01 00:00,,m,298.24231,-21.37483,-2.027,5.389,318.977946,-1.164361,5.72902218472805,46.9038,/T
2020-Dec-02 00:00,,m,298.44970,-21.33835,-2.024,5.388,109.261546,-1.157135,5.74014340483596,46.0870,/T
2020-Dec-03 00:00,,m,298.65848,-21.30136,-2.021,5.387,259.544510,-1.149833,5.75111195094536,45.2713,/T
2020-Dec-04 00:00,,,298.86861,-21.26387,-2.018,5.386,49.826878,-1.142454,5.76192504298630,44.4566,/T
2020-Dec-05 00:00,,,299.08007,-21.22587,-2.015,5.385,200.108670,-1.134997,5.77258215784556,43.6430,/T
2020-Dec-06 00:00,,,299.29281,-21.18738,-2.012,5.384,350.389924,-1.127464,5.78308055058921,42.8303,/T
2020-Dec-07 00:00,,,299.50683,-21.14837,-2.009,5.383,140.670666,-1.119854,5.79341772154820,42.0186,/T
2020-Dec-08 00:00,,,299.72208,-21.10887,-2.007,5.382,290.950945,-1.112167,5.80359159825684,41.2078,/T
2020-Dec-09 00:00,,,299.93855,-21.06885,-2.004,5.381,81.230788,-1.104403,5.81359985695187,40.3979,/T
2020-Dec-10 00:00,,,300.15619,-21.02832,-2.002,5.380,231.510231,-1.096563,5.82344109068993,39.5889,/T
2020-Dec-11 00:00,,,300.37501,-20.98728,-1.999,5.379,21.789316,-1.088647,5.83311227384697,38.7809,/T
2020-Dec-12 00:00,,,300.59497,-20.94573,-1.997,5.378,172.068069,-1.080655,5.84261281850066,37.9736,/T
2020-Dec-13 00:00,,,300.81606,-20.90368,-1.995,5.377,322.346527,-1.072588,5.85193978292464,37.1673,/T
2020-Dec-14 00:00,,,301.03825,-20.86111,-1.992,5.376,112.624720,-1.064448,5.86109090104953,36.3619,/T
2020-Dec-15 00:00,,,301.26150,-20.81806,-1.990,5.375,262.902703,-1.056235,5.87006377391751,35.5574,/T
2020-Dec-16 00:00,,,301.48577,-20.77451,-1.988,5.374,53.180506,-1.047950,5.87885657305710,34.7537,/T
2020-Dec-17 00:00,,,301.71100,-20.73047,-1.986,5.373,203.458170,-1.039594,5.88746811641780,33.9510,/T
2020-Dec-18 00:00,,m,301.93717,-20.68595,-1.984,5.372,353.735736,-1.031168,5.89589598616448,33.1491,/T
2020-Dec-19 00:00,,m,302.16422,-20.64094,-1.982,5.371,144.013233,-1.022673,5.90414030891835,32.3482,/T
2020-Dec-20 00:00,,m,302.39215,-20.59545,-1.980,5.370,294.290695,-1.014111,5.91219894724428,31.5481,/T
2020-Dec-21 00:00,,m,302.62092,-20.54948,-1.978,5.369,84.568147,-1.005480,5.92007072602564,30.7489,/T
2020-Dec-22 00:00,,m,302.85051,-20.50302,-1.976,5.368,234.845638,-0.996783,5.92775367135145,29.9505,/T
2020-Dec-23 00:00,,m,303.08089,-20.45608,-1.975,5.367,25.123193,-0.988020,5.93524697392288,29.1530,/T
2020-Dec-24 00:00,,m,303.31202,-20.40866,-1.973,5.367,175.400848,-0.979191,5.94254989203164,28.3563,/T
2020-Dec-25 00:00,,m,303.54390,-20.36077,-1.971,5.366,325.678634,-0.970297,5.94966071467533,27.5605,/T
2020-Dec-26 00:00,,m,303.77649,-20.31241,-1.970,5.365,115.956577,-0.961338,5.95657998484989,26.7653,/T
2020-Dec-27 00:00,,m,304.00977,-20.26358,-1.968,5.364,266.234705,-0.952314,5.96330611028832,25.9710,/T
2020-Dec-28 00:00,,m,304.24372,-20.21429,-1.967,5.363,56.513034,-0.943225,5.96983854166711,25.1774,/T
2020-Dec-29 00:00,,m,304.47831,-20.16454,-1.965,5.363,206.791609,-0.934073,5.97617532201780,24.3845,/T
2020-Dec-30 00:00,,m,304.71351,-20.11433,-1.964,5.362,357.070445,-0.924857,5.98231618582727,23.5923,/T
2020-Dec-31 00:00,,m,304.94929,-20.06369,-1.963,5.361,147.349578,-0.915577,5.98826035552742,22.8008,/T
2021-Jan-01 00:00,,m,305.18562,-20.01260,-1.961,5.360,297.629029,-0.906234,5.99400644354759,22.0099,/T
2021-Jan-02 00:00,,,305.42247,-19.96108,-1.960,5.360,87.908825,-0.896827,5.99955483304306,21.2197,/T
2021-Jan-03 00:00,,,305.65981,-19.90911,-1.959,5.359,238.188985,-0.887357,6.00490403919841,20.4300,/T
2021-Jan-04 00:00,,,305.89764,-19.85672,-1.958,5.358,28.469525,-0.877825,6.01005352033088,19.6409,/T
2021-Jan-05 00:00,,,306.13593,-19.80389,-1.957,5.358,178.750486,-0.868230,6.01500081955318,18.8524,/T
2021-Jan-06 00:00,,,306.37466,-19.75062,-1.956,5.357,329.031885,-0.858573,6.01974557953794,18.0644,/T
2021-Jan-07 00:00,,,306.61380,-19.69692,-1.955,5.356,119.313760,-0.848856,6.02428643590164,17.2769,/T
2021-Jan-08 00:00,,,306.85335,-19.64280,-1.954,5.356,269.596134,-0.839078,6.02862192494743,16.4900,/T
2021-Jan-09 00:00,,,307.09329,-19.58825,-1.953,5.355,59.879041,-0.829240,6.03275189078777,15.7035,/T
2021-Jan-10 00:00,,,307.33358,-19.53329,-1.952,5.355,210.162503,-0.819344,6.03667493483457,14.9176,/T
2021-Jan-11 00:00,,,307.57422,-19.47792,-1.952,5.354,0.446542,-0.809391,6.04039060391105,14.1322,/T
2021-Jan-12 00:00,,,307.81515,-19.42215,-1.951,5.354,150.731202,-0.799382,6.04389644109405,13.3473,/T
2021-Jan-13 00:00,,,308.05635,-19.36599,-1.950,5.353,301.016507,-0.789318,6.04719258315130,12.5630,/T
2021-Jan-14 00:00,,,308.29776,-19.30945,-1.950,5.353,91.302496,-0.779201,6.05027795949298,11.7792,/T
2021-Jan-15 00:00,,,308.53937,-19.25253,-1.949,5.352,241.589191,-0.769031,6.05315205818094,10.9960,/T
2021-Jan-16 00:00,,m,308.78112,-19.19525,-1.949,5.352,31.876630,-0.758810,6.05581518138963,10.2134,/T
2021-Jan-17 00:00,,m,309.02302,-19.13759,-1.948,5.351,182.164828,-0.748538,6.05826708788357,9.4315,/T
2021-Jan-18 00:00,,m,309.26503,-19.07957,-1.948,5.351,332.453807,-0.738217,6.06050821953556,8.6503,/T
2021-Jan-19 00:00,,m,309.50713,-19.02118,-1.947,5.351,122.743598,-0.727848,6.06253688157317,7.8697,/T
2021-Jan-20 00:00,,m,309.74931,-18.96244,-1.947,5.350,273.034224,-0.717431,6.06435399912701,7.0900,/T
2021-Jan-21 00:00,,m,309.99154,-18.90335,-1.947,5.350,63.325714,-0.706967,6.06595891878178,6.3113,/T
2021-Jan-22 00:00,,m,310.23380,-18.84392,-1.947,5.350,213.618084,-0.696457,6.06735188741858,5.5336,/T
2021-Jan-23 00:00,,m,310.47607,-18.78415,-1.947,5.350,3.911369,-0.685900,6.06853322356623,4.7574,/T
2021-Jan-24 00:00,,m,310.71832,-18.72406,-1.946,5.349,154.205576,-0.675299,6.06950333114448,3.9831,/T
2021-Jan-25 00:00,,m,310.96055,-18.66365,-1.946,5.349,304.500725,-0.664652,6.07026288210241,3.2120,/T
2021-Jan-26 00:00,,m,311.20273,-18.60293,-1.946,5.349,94.796838,-0.653962,6.07081047576927,2.4466,/T
2021-Jan-27 00:00,,m,311.44483,-18.54191,-1.946,5.349,245.093936,-0.643227,6.07114722270029,1.6941,/T
2021-Jan-28 00:00,,m,311.68685,-18.48063,-1.946,5.349,35.392045,-0.632449,6.07127252162470,0.9836,/T
2021-Jan-29 00:00,,m,311.92866,-18.41919,-1.947,5.349,185.691175,-0.621629,6.07118699890464,0.5263,/T
2021-Jan-30 00:00,,m,312.17016,-18.35721,-1.947,5.348,335.991359,-0.610766,6.07089067212672,0.8928,/L
2021-Jan-31 00:00,,,312.41167,-18.29500,-1.947,5.348,126.292600,-0.599860,6.07038428031241,1.5895,/L
2021-Feb-01 00:00,,,312.65298,-18.23256,-1.948,5.348,276.594918,-0.588914,6.06966831388724,2.3376,/L
2021-Feb-02 00:00,,,312.89407,-18.16986,-1.948,5.348,66.898330,-0.577926,6.06874135935206,3.1000,/L
2021-Feb-03 00:00,,,313.13494,-18.10690,-1.949,5.348,217.202858,-0.566899,6.06760415776946,3.8681,/L
2021-Feb-04 00:00,,,313.37557,-18.04369,-1.949,5.348,7.508528,-0.555832,6.06625575461859,4.6390,/L
2021-Feb-05 00:00,,,313.61595,-17.98022,-1.950,5.348,157.815355,-0.544728,6.06469666554448,5.4115,/L
2021-Feb-06 00:00,,,313.85605,-17.91652,-1.950,5.348,308.123375,-0.533587,6.06292629505396,6.1850,/L
2021-Feb-07 00:00,,,314.09586,-17.85259,-1.951,5.348,98.432599,-0.522410,6.06094552435751,6.9590,/L
2021-Feb-08 00:00,,,314.33534,-17.78844,-1.952,5.348,248.743050,-0.511200,6.05875466834461,7.7335,/L
2021-Feb-09 00:00,,,314.57447,-17.72408,-1.952,5.348,39.054748,-0.499957,6.05635268408628,8.5082,/L
2021-Feb-10 00:00,,,314.81321,-17.65953,-1.953,5.348,189.367723,-0.488682,6.05374039365999,9.2831,/L
2021-Feb-11 00:00,,,315.05154,-17.59479,-1.954,5.348,339.682002,-0.477378,6.05091731560182,10.0582,/L
2021-Feb-12 00:00,,,315.28942,-17.52987,-1.955,5.348,129.997602,-0.466045,6.04788468958493,10.8333,/L
2021-Feb-13 00:00,,,315.52682,-17.46479,-1.956,5.348,280.314561,-0.454684,6.04464233845206,11.6084,/L
2021-Feb-14 00:00,A,m,315.76372,-17.39954,-1.957,5.349,70.632888,-0.443298,6.04119220511130,12.3836,/L
2021-Feb-15 00:00,A,m,316.00011,-17.33413,-1.958,5.349,220.952603,-0.431886,6.03753528078783,13.1587,/L
2021-Feb-16 00:00,A,m,316.23597,-17.26857,-1.959,5.349,11.273720,-0.420450,6.03367166639831,13.9339,/L
2021-Feb-17 00:00,A,m,316.47129,-17.20288,-1.960,5.349,161.596265,-0.408990,6.02960267535393,14.7090,/L
2021-Feb-18 00:00,A,m,316.70604,-17.13705,-1.962,5.349,311.920257,-0.397509,6.02532860676332,15.4841,/L
2021-Feb-19 00:00,A,m,316.94020,-17.07110,-1.963,5.350,102.245709,-0.386005,6.02085132991800,16.2592,/L
2021-Feb-20 00:00,A,m,317.17375,-17.00505,-1.964,5.350,252.572649,-0.374481,6.01617092310856,17.0343,/L
2021-Feb-21 00:00,A,m,317.40667,-16.93890,-1.965,5.350,42.901084,-0.362936,6.01128990296215,17.8094,/L
2021-Feb-22 00:00,A,m,317.63894,-16.87266,-1.967,5.351,193.231030,-0.351372,6.00620939986328,18.5845,/L
2021-Feb-23 00:00,A,m,317.87055,-16.80634,-1.968,5.351,343.562491,-0.339789,6.00093009897245,19.3597,/L
2021-Feb-24 00:00,A,m,318.10147,-16.73996,-1.970,5.352,133.895491,-0.328188,5.99545313480196,20.1348,/L
2021-Feb-25 00:00,A,m,318.33167,-16.67352,-1.971,5.352,284.230043,-0.316569,5.98977904661960,20.9101,/L
2021-Feb-26 00:00,A,m,318.56113,-16.60704,-1.973,5.352,74.566159,-0.304933,5.98390967566193,21.6854,/L
2021-Feb-27 00:00,A,m,318.78983,-16.54052,-1.975,5.353,224.903862,-0.293281,5.97784490065627,22.4608,/L
2021-Feb-28 00:00,A,m,319.01774,-16.47397,-1.976,5.353,15.243160,-0.281612,5.97158719666378,23.2364,/L
2021-Mar-01 00:00,A,,319.24486,-16.40739,-1.978,5.354,165.584067,-0.269929,5.96513734075557,24.0122,/L
2021-Mar-02 00:00,A,,319.47119,-16.34080,-1.980,5.354,315.926586,-0.258232,5.95849611598358,24.7882,/L
2021-Mar-03 00:00,A,,319.69670,-16.27419,-1.982,5.355,106.270746,-0.246521,5.95166398496580,25.5644,/L
2021-Mar-04 00:00,A,,319.92140,-16.20758,-1.984,5.355,256.616559,-0.234799,5.94464137349533,26.3409,/L
2021-Mar-05 00:00,A,,320.14526,-16.14098,-1.986,5.356,46.964044,-0.223066,5.93742973018746,27.1177,/L
2021-Mar-06 00:00,A,,320.36826,-16.07440,-1.988,5.356,197.313229,-0.211324,5.93002871358278,27.8948,/L
2021-Mar-07 00:00,A,,320.59036,-16.00786,-1.990,5.357,347.664128,-0.199575,5.92244075066743,28.6723,/L
2021-Mar-08 00:00,A,,320.81154,-15.94137,-1.992,5.358,138.016763,-0.187819,5.91466663585123,29.4502,/L
2021-Mar-09 00:00,A,,321.03177,-15.87494,-1.994,5.358,288.371139,-0.176059,5.90670779729290,30.2284,/L
2021-Mar-10 00:00,A,,321.25102,-15.80859,-1.996,5.359,78.727288,-0.164295,5.89856478148403,31.0070,/L
2021-Mar-11 00:00,A,,321.46927,-15.74232,-1.999,5.359,229.085223,-0.152530,5.89023879740319,31.7860,/L
2021-Mar-12 00:00,A,,321.68649,-15.67615,-2.001,5.360,19.444968,-0.140765,5.88173173496113,32.5654,/L
2021-Mar-13 00:00,A,,321.90266,-15.61008,-2.003,5.361,169.806545,-0.129000,5.87304397639313,33.3452,/L
2021-Mar-14 00:00,A,,322.11775,-15.54413,-2.006,5.361,320.169972,-0.117238,5.86417852014797,34.1255,/L
2021-Mar-15 00:00,N,m,322.33175,-15.47831,-2.008,5.362,110.535265,-0.105479,5.85513678157380,34.9061,/L
2021-Mar-16 00:00,N,m,322.54464,-15.41262,-2.011,5.363,260.902427,-0.093724,5.84592115113155,35.6872,/L
2021-Mar-17 00:00,N,m,322.75641,-15.34708,-2.014,5.364,51.271486,-0.081975,5.83653246340414,36.4688,/L
2021-Mar-18 00:00,N,m,322.96703,-15.28169,-2.016,5.364,201.642450,-0.070232,5.82697272163720,37.2508,/L
2021-Mar-19 00:00,N,m,323.17649,-15.21648,-2.019,5.365,352.015341,-0.058497,5.81724408428162,38.0332,/L
2021-Mar-20 00:00,N,m,323.38477,-15.15146,-2.022,5.366,142.390171,-0.046769,5.80734752715209,38.8162,/L
2021-Mar-21 00:00,N,m,323.59183,-15.08663,-2.025,5.367,292.766960,-0.035051,5.79728624476801,39.5996,/L
2021-Mar-22 00:00,N,m,323.79766,-15.02202,-2.028,5.367,83.145719,-0.023342,5.78706202019101,40.3835,/L
2021-Mar-23 00:00,N,m,324.00224,-14.95763,-2.031,5.368,233.526444,-0.011643,5.77667781014166,41.1680,/L
2021-Mar-24 00:00,N,m,324.20553,-14.89348,-2.034,5.369,23.909160,0.000044,5.76613444903244,41.9530,/L
2021-Mar-25 00:00,N,m,324.40754,-14.82958,-2.037,5.370,174.293869,0.011719,5.75543434613388,42.7386,/L
2021-Mar-26 00:00,N,m,324.60821,-14.76594,-2.040,5.370,324.680590,0.023382,5.74457949557327,43.5248,/L
2021-Mar-27 00:00,N,m,324.80755,-14.70257,-2.043,5.371,115.069330,0.035031,5.73357107622896,44.3117,/L
2021-Mar-28 00:00,N,m,325.00552,-14.63948,-2.046,5.372,265.460107,0.046666,5.72241185980116,45.0992,/L
2021-Mar-29 00:00,N,m,325.20212,-14.57667,-2.050,5.373,55.852931,0.058286,5.71110344152360,45.8874,/L
2021-Mar-30 00:00,N,,325.39735,-14.51416,-2.053,5.374,206.247799,0.069889,5.69964858170495,46.6764,/L
2021-Mar-31 00:00,N,,325.59119,-14.45195,-2.057,5.374,356.644737,0.081474,5.68804748632126,47.4661,/L
2021-Apr-01 00:00,N,,325.78363,-14.39005,-2.060,5.375,147.043749,0.093041,5.67630226548623,48.2567,/L
2021-Apr-02 00:00,N,,325.97465,-14.32848,-2.064,5.376,297.444863,0.104587,5.66441421399000,49.0482,/L
2021-Apr-03 00:00,N,,326.16423,-14.26724,-2.068,5.377,87.848092,0.116111,5.65238445815806,49.8405,/L
2021-Apr-04 00:00,N,,326.35231,-14.20638,-2.071,5.378,238.253465,0.127611,5.64021528508964,50.6339,/L
2021-Apr-05 00:00,N,,326.53887,-14.14589,-2.075,5.378,28.660996,0.139085,5.62790851142650,51.4282,/L
2021-Apr-06 00:00,N,,326.72389,-14.08578,-2.079,5.379,179.070695,0.150532,5.61546731833788,52.2235,/L
2021-Apr-07 00:00,N,,326.90734,-14.02608,-2.083,5.380,329.482586,0.161950,5.60289237380213,53.0199,/L
2021-Apr-08 00:00,N,,327.08918,-13.96680,-2.087,5.381,119.896680,0.173338,5.59018660743920,53.8173,/L
2021-Apr-09 00:00,N,,327.26940,-13.90794,-2.091,5.382,270.313004,0.184695,5.57735185623382,54.6158,/L
2021-Apr-10 00:00,N,,327.44797,-13.84952,-2.095,5.382,60.731566,0.196018,5.56439034728385,55.4153,/L
2021-Apr-11 00:00,N,,327.62487,-13.79155,-2.099,5.383,211.152399,0.207306,5.55130476893103,56.2160,/L
2021-Apr-12 00:00,N,,327.80007,-13.73405,-2.103,5.384,1.575509,0.218559,5.53809784691725,57.0178,/L
2021-Apr-13 00:00,C,m,327.97357,-13.67701,-2.108,5.385,152.000905,0.229775,5.52477343234950,57.8208,/L
2021-Apr-14 00:00,C,m,328.14534,-13.62047,-2.112,5.385,302.428601,0.240953,5.51133280127164,58.6249,/L
2021-Apr-15 00:00,C,m,328.31536,-13.56442,-2.117,5.386,92.858607,0.252092,5.49777943093479,59.4301,/L
2021-Apr-16 00:00,C,m,328.48361,-13.50890,-2.121,5.387,243.290944,0.263191,5.48411536163804,60.2366,/L
2021-Apr-17 00:00,C,m,328.65007,-13.45389,-2.126,5.388,33.725614,0.274249,5.47034343248439,61.0442,/L
2021-Apr-18 00:00,C,m,328.81471,-13.39944,-2.130,5.388,184.162647,0.285265,5.45646619301030,61.8531,/L
2021-Apr-19 00:00,C,m,328.97749,-13.34554,-2.135,5.389,334.602046,0.296238,5.44248678195090,62.6632,/L
2021-Apr-20 00:00,C,m,329.13840,-13.29222,-2.140,5.390,125.043819,0.307167,5.42840915697135,63.4746,/L
2021-Apr-21 00:00,C,m,329.29741,-13.23948,-2.145,5.390,275.487972,0.318051,5.41423487805024,64.2872,/L
2021-Apr-22 00:00,C,m,329.45450,-13.18734,-2.150,5.391,65.934515,0.328890,5.39996752654855,65.1012,/L
2021-Apr-23 00:00,C,m,329.60965,-13.13581,-2.155,5.392,216.383464,0.339682,5.38560907902936,65.9165,/L
2021-Apr-24 00:00,C,m,329.76284,-13.08490,-2.160,5.392,6.834819,0.350426,5.37116264995101,66.7332,/L
2021-Apr-25 00:00,C,m,329.91404,-13.03462,-2.165,5.393,157.288606,0.361122,5.35663033673078,67.5513,/L
2021-Apr-26 00:00,C,m,330.06325,-12.98497,-2.170,5.393,307.744827,0.371768,5.34201531342770,68.3708,/L
2021-Apr-27 00:00,C,m,330.21045,-12.93598,-2.176,5.394,98.203492,0.382363,5.32732112196444,69.1919,/L
2021-Apr-28 00:00,C,,330.35564,-12.88764,-2.181,5.394,248.664605,0.392904,5.31254918627028,70.0145,/L
2021-Apr-29 00:00,C,,330.49880,-12.83996,-2.186,5.395,39.128181,0.403392,5.29770259295695,70.8387,/L
2021-Apr-30 00:00,C,,330.63990,-12.79297,-2.192,5.396,189.594239,0.413822,5.28278286171508,71.6646,/L
2021-May-01 00:00,C,,330.77891,-12.74667,-2.198,5.396,340.062786,0.424195,5.26779302335148,72.4921,/L
2021-May-02 00:00,C,,330.91579,-12.70110,-2.203,5.396,130.533856,0.434507,5.25273469158501,73.3214,/L
2021-May-03 00:00,C,,331.05050,-12.65626,-2.209,5.397,281.007458,0.444758,5.23761128455625,74.1525,/L
2021-May-04 00:00,C,,331.18301,-12.61217,-2.215,5.397,71.483613,0.454944,5.22242642031143,74.9855,/L
2021-May-05 00:00,C,,331.31330,-12.56884,-2.221,5.398,221.962324,0.465064,5.20718229436296,75.8203,/L
2021-May-06 00:00,C,,331.44134,-12.52628,-2.227,5.398,12.443612,0.475117,5.19188247013823,76.6570,/L
2021-May-07 00:00,C,,331.56711,-12.48451,-2.233,5.398,162.927495,0.485101,5.17652921043866,77.4957,/L
2021-May-08 00:00,C,,331.69059,-12.44353,-2.239,5.399,313.413980,0.495014,5.16112648278829,78.3363,/L
2021-May-09 00:00,C,,331.81174,-12.40335,-2.245,5.399,103.903096,0.504855,5.14567641196076,79.1789,/L
2021-May-10 00:00,*,,331.93055,-12.36400,-2.251,5.399,254.394849,0.514623,5.13018332320850,80.0235,/L
2021-May-11 00:00,*,,332.04699,-12.32548,-2.257,5.400,44.889257,0.524315,5.11465130948607,80.8701,/L
2021-May-12 00:00,*,m,332.16104,-12.28781,-2.264,5.400,195.386315,0.533932,5.09908355668005,81.7188,/L
2021-May-13 00:00,*,m,332.27269,-12.25100,-2.270,5.400,345.886038,0.543471,5.08348398601583,82.5695,/L
2021-May-14 00:00,*,m,332.38190,-12.21506,-2.276,5.400,136.388436,0.552931,5.06785543189488,83.4223,/L
2021-May-15 00:00,*,m,332.48866,-12.18000,-2.283,5.400,286.893509,0.562311,5.05220235682827,84.2773,/L
2021-May-16 00:00,*,m,332.59293,-12.14585,-2.290,5.400,77.401279,0.571610,5.03652702885438,85.1343,/L
2021-May-17 00:00,*,m,332.69469,-12.11261,-2.296,5.400,227.911746,0.580826,5.02083412685883,85.9935,/L
2021-May-18 00:00,*,m,332.79390,-12.08030,-2.303,5.401,18.424922,0.589959,5.00512767281520,86.8549,/L
2021-May-19 00:00,*,m,332.89056,-12.04892,-2.310,5.401,168.940794,0.599008,4.98941131226999,87.7185,/L
2021-May-20 00:00,*,m,332.98463,-12.01850,-2.317,5.401,319.459374,0.607971,4.97368871624024,88.5843,/L
2021-May-21 00:00,*,m,333.07611,-11.98902,-2.324,5.400,109.980662,0.616846,4.95796278030047,89.4523,/L
2021-May-22 00:00,*,m,333.16498,-11.96051,-2.331,5.400,260.504658,0.625634,4.94223781520594,90.3225,/L
2021-May-23 00:00,*,m,333.25121,-11.93296,-2.338,5.400,51.031377,0.634331,4.92651576277575,91.1951,/L
2021-May-24 00:00,*,m,333.33481,-11.90639,-2.345,5.400,201.560818,0.642938,4.91080104407992,92.0700,/L
2021-May-25 00:00,*,m,333.41575,-11.88081,-2.352,5.400,352.092994,0.651451,4.89509709959511,92.9473,/L
2021-May-26 00:00,*,m,333.49404,-11.85621,-2.359,5.400,142.627891,0.659870,4.87940756559697,93.8269,/L
2021-May-27 00:00,*,,333.56964,-11.83262,-2.366,5.399,293.165526,0.668191,4.86373546769888,94.7091,/L
2021-May-28 00:00,*,,333.64254,-11.81004,-2.374,5.399,83.705898,0.676414,4.84808358281768,95.5938,/L
2021-May-29 00:00,*,,333.71270,-11.78849,-2.381,5.399,234.249017,0.684535,4.83245597426735,96.4811,/L
2021-May-30 00:00,*,,333.78008,-11.76798,-2.388,5.398,24.794898,0.692552,4.81685458541679,97.3709,/L
2021-May-31 00:00,*,,333.84467,-11.74852,-2.396,5.398,175.343547,0.700464,4.80128401851749,98.2635,/L
2021-Jun-01 00:00,*,,333.90641,-11.73014,-2.403,5.398,325.894983,0.708268,4.78574793403213,99.1588,/L
2021-Jun-02 00:00,*,,333.96530,-11.71282,-2.411,5.397,116.449188,0.715961,4.77025091250030,100.0569,/L
2021-Jun-03 00:00,*,,334.02132,-11.69659,-2.419,5.397,267.006180,0.723543,4.75479642114732,100.9577,/L
2021-Jun-04 00:00,*,,334.07446,-11.68143,-2.426,5.396,57.565951,0.731011,4.73938821419812,101.8614,/L
2021-Jun-05 00:00,*,,334.12470,-11.66738,-2.434,5.396,208.128507,0.738364,4.72403096062153,102.7679,/L
2021-Jun-06 00:00,*,,334.17202,-11.65441,-2.442,5.395,358.693849,0.745600,4.70872737209342,103.6772,/L
2021-Jun-07 00:00,*,,334.21642,-11.64256,-2.449,5.394,149.261980,0.752717,4.69348254564265,104.5895,/L
2021-Jun-08 00:00,*,,334.25785,-11.63182,-2.457,5.394,299.832908,0.759715,4.67830050486557,105.5046,/L
2021-Jun-09 00:00,*,,334.29633,-11.62221,-2.465,5.393,90.406606,0.766590,4.66318658712419,106.4227,/L
2021-Jun-10 00:00,*,,334.33183,-11.61372,-2.473,5.392,240.983081,0.773343,4.64814441389680,107.3437,/L
2021-Jun-11 00:00,*,m,334.36435,-11.60637,-2.481,5.391,31.562314,0.779972,4.63317832641892,108.2676,/L
2021-Jun-12 00:00,*,m,334.39386,-11.60016,-2.489,5.391,182.144303,0.786474,4.61829311927750,109.1945,/L
2021-Jun-13 00:00,*,m,334.42035,-11.59510,-2.497,5.390,332.729033,0.792851,4.60349194043128,110.1242,/L
2021-Jun-14 00:00,*,m,334.44381,-11.59119,-2.504,5.389,123.316500,0.799099,4.58877992839390,111.0570,/L
2021-Jun-15 00:00,*,m,334.46421,-11.58845,-2.512,5.388,273.906697,0.805218,4.57416115189443,111.9927,/L
2021-Jun-16 00:00,*,m,334.48156,-11.58686,-2.520,5.387,64.499589,0.811206,4.55964125899135,112.9314,/L
2021-Jun-17 00:00,*,m,334.49585,-11.58643,-2.528,5.386,215.095169,0.817062,4.54522364525982,113.8730,/L
2021-Jun-18 00:00,*,m,334.50709,-11.58716,-2.536,5.385,5.693404,0.822786,4.53091274643104,114.8176,/L
2021-Jun-19 00:00,*,m,334.51527,-11.58905,-2.544,5.384,156.294285,0.828375,4.51671288552393,115.7651,/L
2021-Jun-20 00:00,*,m,334.52041,-11.59208,-2.552,5.383,306.897780,0.833828,4.50262707500170,116.7156,/L
2021-Jun-21 00:00,*,m,334.52250,-11.59625,-2.560,5.382,97.503884,0.839143,4.48865974339499,117.6691,/L
2021-Jun-22 00:00,*,m,334.52156,-11.60158,-2.568,5.381,248.112578,0.844320,4.47481435039843,118.6256,/L
2021-Jun-23 00:00,*,m,334.51760,-11.60804,-2.576,5.380,38.723828,0.849355,4.46109610503086,119.5851,/L
2021-Jun-24 00:00,*,m,334.51060,-11.61565,-2.584,5.379,189.337620,0.854247,4.44750767048091,120.5476,/L
2021-Jun-25 00:00,*,,334.50057,-11.62439,-2.592,5.378,339.953924,0.858994,4.43405317941322,121.5133,/L
2021-Jun-26 00:00,*,,334.48749,-11.63429,-2.600,5.376,130.572730,0.863594,4.42073636063438,122.4820,/L
2021-Jun-27 00:00,*,,334.47136,-11.64532,-2.608,5.375,281.194005,0.868045,4.40756035299424,123.4538,/L
2021-Jun-28 00:00,*,,334.45216,-11.65750,-2.615,5.374,71.817746,0.872345,4.39452938512216,124.4288,/L
2021-Jun-29 00:00,*,,334.42990,-11.67083,-2.623,5.373,222.443931,0.876492,4.38164723196590,125.4070,/L
2021-Jun-30 00:00,*,,334.40458,-11.68529,-2.631,5.372,13.072524,0.880485,4.36891968577591,126.3884,/L
2021-Jul-01 00:00,*,,334.37621,-11.70087,-2.639,5.370,163.703501,0.884322,4.35634996621092,127.3730,/L
2021-Jul-02 00:00,*,,334.34482,-11.71757,-2.646,5.369,314.336818,0.888002,4.34394305303116,128.3607,/L
2021-Jul-03 00:00,*,,334.31040,-11.73538,-2.654,5.368,104.972452,0.891523,4.33170309318330,129.3517,/L
2021-Jul-04 00:00,*,,334.27299,-11.75428,-2.662,5.366,255.610353,0.894885,4.31963409041287,130.3458,/L
2021-Jul-05 00:00,*,,334.23260,-11.77428,-2.669,5.365,46.250499,0.898088,4.30774039373407,131.3431,/L
2021-Jul-06 00:00,*,,334.18923,-11.79537,-2.676,5.364,196.892849,0.901129,4.29602612292980,132.3436,/L
2021-Jul-07 00:00,*,,334.14292,-11.81753,-2.684,5.362,347.537351,0.904009,4.28449722392300,133.3472,/L
2021-Jul-08 00:00,*,,334.09368,-11.84075,-2.691,5.361,138.183958,0.906726,4.27315695388813,134.3539,/L
2021-Jul-09 00:00,*,,334.04154,-11.86502,-2.698,5.360,288.832612,0.909281,4.26201034627294,135.3636,/L
2021-Jul-10 00:00,*,m,333.98652,-11.89034,-2.705,5.358,79.483270,0.911674,4.25106118578947,136.3764,/L
2021-Jul-11 00:00,*,m,333.92866,-11.91667,-2.713,5.357,230.135862,0.913903,4.24031356023956,137.3922,/L
2021-Jul-12 00:00,*,m,333.86797,-11.94402,-2.719,5.356,20.790351,0.915969,4.22977119936899,138.4109,/L
2021-Jul-13 00:00,*,m,333.80448,-11.97237,-2.726,5.354,171.446677,0.917872,4.21943795178735,139.4326,/L
2021-Jul-14 00:00,*,m,333.73823,-12.00169,-2.733,5.353,322.104775,0.919612,4.20931924573307,140.4570,/L
2021-Jul-15 00:00,*,m,333.66926,-12.03197,-2.740,5.352,112.764580,0.921189,4.19941790129098,141.4843,/L
2021-Jul-16 00:00,*,m,333.59763,-12.06318,-2.746,5.350,263.426018,0.922602,4.18973841934413,142.5144,/L
2021-Jul-17 00:00,*,m,333.52337,-12.09530,-2.753,5.349,54.089033,0.923852,4.18028373098884,143.5471,/L
2021-Jul-18 00:00,*,m,333.44656,-12.12830,-2.759,5.348,204.753540,0.924938,4.17105746069065,144.5824,/L
2021-Jul-19 00:00,*,m,333.36723,-12.16216,-2.765,5.347,355.419490,0.925861,4.16206219175436,145.6204,/L
2021-Jul-20 00:00,*,m,333.28545,-12.19686,-2.771,5.345,146.086812,0.926621,4.15330101487300,146.6609,/L
2021-Jul-21 00:00,*,m,333.20124,-12.23237,-2.777,5.344,296.755440,0.927217,4.14477830929998,147.7040,/L
2021-Jul-22 00:00,*,m,333.11466,-12.26869,-2.783,5.343,87.425295,0.927648,4.13649616703171,148.7495,/L
2021-Jul-23 00:00,*,m,333.02577,-12.30577,-2.788,5.342,238.096305,0.927915,4.12845828777017,149.7975,/L
2021-Jul-24 00:00,*,,332.93458,-12.34362,-2.794,5.340,28.768407,0.928018,4.12066678974690,150.8478,/L
2021-Jul-25 00:00,*,,332.84117,-12.38219,-2.799,5.339,179.441511,0.927956,4.11312502983685,151.9006,/L
2021-Jul-26 00:00,*,,332.74556,-12.42147,-2.804,5.338,330.115568,0.927730,4.10583493697831,152.9556,/L
2021-Jul-27 00:00,*,,332.64782,-12.46143,-2.809,5.337,120.790498,0.927341,4.09879953943656,154.0130,/L
2021-Jul-28 00:00,*,,332.54800,-12.50205,-2.814,5.336,271.466233,0.926789,4.09202294517614,155.0727,/L
2021-Jul-29 00:00,*,,332.44617,-12.54328,-2.819,5.335,62.142680,0.926074,4.08550748175464,156.1345,/L
2021-Jul-30 00:00,*,,332.34239,-12.58512,-2.823,5.334,212.819758,0.925199,4.07925685319867,157.1984,/L
2021-Jul-31 00:00,*,,332.23675,-12.62751,-2.828,5.333,3.497386,0.924165,4.07327314601541,158.2644,/L
2021-Aug-01 00:00,*,,332.12931,-12.67044,-2.832,5.332,154.175463,0.922973,4.06755990817622,159.3324,/L
2021-Aug-02 00:00,*,,332.02014,-12.71387,-2.836,5.331,304.853918,0.921625,4.06211869047600,160.4022,/L
2021-Aug-03 00:00,*,,331.90932,-12.75778,-2.839,5.330,95.532655,0.920123,4.05695241645699,161.4738,/L
2021-Aug-04 00:00,*,,331.79690,-12.80214,-2.843,5.329,246.211592,0.918470,4.05206458561705,162.5471,/L
2021-Aug-05 00:00,*,,331.68298,-12.84691,-2.846,5.329,36.890617,0.916668,4.04745731600736,163.6218,/L
2021-Aug-06 00:00,*,,331.56762,-12.89207,-2.850,5.328,187.569635,0.914718,4.04313362628358,164.6979,/L
2021-Aug-07 00:00,*,,331.45092,-12.93757,-2.853,5.327,338.248548,0.912624,4.03909491302109,165.7752,/L
2021-Aug-08 00:00,*,m,331.33295,-12.98340,-2.855,5.326,128.927240,0.910389,4.03534410193354,166.8535,/L
2021-Aug-09 00:00,*,m,331.21380,-13.02951,-2.858,5.326,279.605625,0.908015,4.03188164920623,167.9325,/L
2021-Aug-10 00:00,*,m,331.09355,-13.07586,-2.860,5.325,70.283597,0.905506,4.02870958284919,169.0118,/L
2021-Aug-11 00:00,*,m,330.97229,-13.12243,-2.862,5.325,220.961065,0.902864,4.02582998332133,170.0912,/L
2021-Aug-12 00:00,C,m,330.85011,-13.16917,-2.864,5.324,11.637906,0.900094,4.02324400516820,171.1699,/L
2021-Aug-13 00:00,C,m,330.72712,-13.21604,-2.866,5.324,162.314022,0.897196,4.02095315031723,172.2472,/L
2021-Aug-14 00:00,C,m,330.60343,-13.26300,-2.867,5.323,312.989311,0.894176,4.01895743016185,173.3217,/L
2021-Aug-15 00:00,C,m,330.47913,-13.31001,-2.869,5.323,103.663658,0.891035,4.01725840005099,174.3913,/L
2021-Aug-16 00:00,C,m,330.35432,-13.35704,-2.870,5.323,254.336978,0.887777,4.01585492222336,175.4517,/L
2021-Aug-17 00:00,C,m,330.22910,-13.40406,-2.871,5.323,45.009171,0.884405,4.01474770894698,176.4940,/L
2021-Aug-18 00:00,C,m,330.10353,-13.45103,-2.871,5.322,195.680157,0.880921,4.01393723471799,177.4943,/L
2021-Aug-19 00:00,C,m,329.97771,-13.49793,-2.872,5.322,346.349821,0.877329,4.01342378377892,178.3721,/L
2021-Aug-20 00:00,C,m,329.85173,-13.54472,-2.872,5.322,137.018077,0.873631,4.01320764169684,178.8131,/L
2021-Aug-21 00:00,C,m,329.72566,-13.59137,-2.872,5.322,287.684829,0.869832,4.01328807670433,178.4006,/T
2021-Aug-22 00:00,C,m,329.59959,-13.63785,-2.872,5.322,78.349978,0.865933,4.01366600352609,177.5303,/T
2021-Aug-23 00:00,C,,329.47361,-13.68412,-2.872,5.322,229.013442,0.861939,4.01433970688237,176.5310,/T
2021-Aug-24 00:00,C,,329.34782,-13.73015,-2.871,5.322,19.675127,0.857853,4.01530955275182,175.4875,/T
2021-Aug-25 00:00,C,,329.22228,-13.77592,-2.870,5.322,170.334961,0.853679,4.01657539330600,174.4246,/T
2021-Aug-26 00:00,C,,329.09711,-13.82137,-2.869,5.322,320.992830,0.849421,4.01813750343928,173.3516,/T
2021-Aug-27 00:00,C,,328.97241,-13.86649,-2.868,5.322,111.648651,0.845084,4.01999559219135,172.2728,/T
2021-Aug-28 00:00,C,,328.84827,-13.91123,-2.867,5.322,262.302327,0.840672,4.02214864981377,171.1904,/T
2021-Aug-29 00:00,C,,328.72479,-13.95557,-2.865,5.323,52.953763,0.836189,4.02459703578571,170.1058,/T
2021-Aug-30 00:00,C,,328.60206,-13.99948,-2.863,5.323,203.602872,0.831640,4.02733843800453,169.0197,/T
2021-Aug-31 00:00,N,,328.48018,-14.04292,-2.861,5.323,354.249566,0.827031,4.03037253046319,167.9328,/T
2021-Sep-01 00:00,N,,328.35922,-14.08588,-2.859,5.324,144.893774,0.822365,4.03369812649995,166.8455,/T
2021-Sep-02 00:00,N,,328.23927,-14.12832,-2.856,5.324,295.535388,0.817648,4.03731497204600,165.7579,/T
2021-Sep-03 00:00,N,,328.12043,-14.17021,-2.854,5.324,86.174332,0.812885,4.04122168213875,164.6705,/T
2021-Sep-04 00:00,N,,328.00278,-14.21154,-2.851,5.325,236.810510,0.808081,4.04541653636580,163.5834,/T
2021-Sep-05 00:00,N,,327.88641,-14.25226,-2.848,5.326,27.443838,0.803240,4.04989885892376,162.4968,/T
2021-Sep-06 00:00,N,,327.77142,-14.29235,-2.845,5.326,178.074231,0.798367,4.05466544597233,161.4109,/T
2021-Sep-07 00:00,N,,327.65788,-14.33177,-2.841,5.327,328.701613,0.793469,4.05971487135283,160.3258,/T
2021-Sep-08 00:00,N,m,327.54588,-14.37052,-2.837,5.327,119.325921,0.788549,4.06504456834605,159.2416,/T
2021-Sep-09 00:00,N,m,327.43553,-14.40854,-2.834,5.328,269.947059,0.783613,4.07065329672796,158.1586,/T
2021-Sep-10 00:00,N,m,327.32691,-14.44582,-2.830,5.329,60.564966,0.778664,4.07653810216332,157.0768,/T
2021-Sep-11 00:00,N,m,327.22011,-14.48232,-2.825,5.330,211.179560,0.773707,4.08269605978726,155.9963,/T
2021-Sep-12 00:00,N,m,327.11523,-14.51803,-2.821,5.331,1.790781,0.768747,4.08912489470320,154.9173,/T
2021-Sep-13 00:00,N,m,327.01234,-14.55291,-2.816,5.331,152.398561,0.763788,4.09582015987942,153.8398,/T
2021-Sep-14 00:00,N,m,326.91152,-14.58695,-2.812,5.332,303.002852,0.758833,4.10277901478047,152.7640,/T
2021-Sep-15 00:00,N,m,326.81281,-14.62014,-2.807,5.333,93.603617,0.753887,4.10999754237498,151.6899,/T
2021-Sep-16 00:00,N,m,326.71627,-14.65247,-2.802,5.334,244.200791,0.748954,4.11747375187253,150.6176,/T
2021-Sep-17 00:00,N,m,326.62196,-14.68391,-2.797,5.335,34.794338,0.744036,4.12520374928417,149.5471,/T
2021-Sep-18 00:00,N,m,326.52995,-14.71445,-2.791,5.336,185.384203,0.739138,4.13318432575713,148.4785,/T
2021-Sep-19 00:00,A,m,326.44027,-14.74408,-2.786,5.337,335.970352,0.734264,4.14141271108960,147.4119,/T
2021-Sep-20 00:00,A,m,326.35302,-14.77277,-2.780,5.338,126.552737,0.729418,4.14988457415399,146.3472,/T
2021-Sep-21 00:00,A,m,326.26822,-14.80051,-2.774,5.339,277.131330,0.724604,4.15859693068164,145.2846,/T
2021-Sep-22 00:00,A,m,326.18594,-14.82729,-2.768,5.340,67.706109,0.719826,4.16754580686879,144.2240,/T
2021-Sep-23 00:00,A,m,326.10623,-14.85309,-2.762,5.341,218.277026,0.715088,4.17672944976686,143.1655,/T
2021-Sep-24 00:00,A,,326.02915,-14.87790,-2.756,5.342,8.844055,0.710393,4.18614385292557,142.1091,/T
2021-Sep-25 00:00,A,,325.95476,-14.90170,-2.750,5.343,159.407152,0.705747,4.19578600404179,141.0548,/T
2021-Sep-26 00:00,A,,325.88311,-14.92449,-2.744,5.344,309.966297,0.701154,4.20565278102339,140.0028,/T
2021-Sep-27 00:00,A,,325.81425,-14.94625,-2.737,5.346,100.521444,0.696617,4.21573991385770,138.9530,/T
2021-Sep-28 00:00,A,,325.74822,-14.96698,-2.730,5.347,251.072581,0.692140,4.22604388639605,137.9055,/T
2021-Sep-29 00:00,A,,325.68505,-14.98666,-2.724,5.348,41.619691,0.687728,4.23656022560089,136.8603,/T
2021-Sep-30 00:00,A,,325.62480,-15.00530,-2.717,5.349,192.162745,0.683385,4.24728675178447,135.8174,/T
2021-Oct-01 00:00,A,,325.56748,-15.02289,-2.710,5.350,342.701726,0.679114,4.25821879093581,134.7770,/T
2021-Oct-02 00:00,A,,325.51315,-15.03940,-2.703,5.351,133.236605,0.674919,4.26935293824840,133.7389,/T
2021-Oct-03 00:00,A,,325.46182,-15.05485,-2.696,5.352,283.767375,0.670804,4.28068521023758,132.7033,/T
2021-Oct-04 00:00,A,,325.41356,-15.06921,-2.689,5.353,74.294006,0.666773,4.29221102956255,131.6703,/T
2021-Oct-05 00:00,A,,325.36838,-15.08248,-2.682,5.354,224.816500,0.662828,4.30392598189648,130.6398,/T
2021-Oct-06 00:00,A,,325.32633,-15.09464,-2.674,5.355,15.334855,0.658974,4.31582488445774,129.6119,/T
2021-Oct-07 00:00,A,,325.28742,-15.10570,-2.667,5.356,165.849061,0.655213,4.32790480780528,128.5867,/T
2021-Oct-08 00:00,,,325.25170,-15.11564,-2.660,5.358,316.359120,0.651547,4.34016025010572,127.5642,/T
2021-Oct-09 00:00,,,325.21920,-15.12446,-2.652,5.359,106.865022,0.647980,4.35258717615601,126.5444,/T
2021-Oct-10 00:00,,m,325.18995,-15.13216,-2.645,5.360,257.366783,0.644512,4.36518059239596,125.5274,/T
2021-Oct-11 00:00,,m,325.16397,-15.13872,-2.637,5.361,47.864393,0.641148,4.37793558139444,124.5132,/T
2021-Oct-12 00:00,,m,325.14125,-15.14416,-2.630,5.362,198.357880,0.637887,4.39084690924145,123.5019,/T
2021-Oct-13 00:00,,m,325.12179,-15.14848,-2.622,5.363,348.847263,0.634733,4.40390905205600,122.4934,/T
2021-Oct-14 00:00,,m,325.10559,-15.15169,-2.615,5.363,139.332559,0.631687,4.41711879335678,121.4878,/T
2021-Oct-15 00:00,,m,325.09266,-15.15378,-2.607,5.364,289.813789,0.628750,4.43047065802806,120.4851,/T
2021-Oct-16 00:00,,m,325.08298,-15.15476,-2.599,5.365,80.290963,0.625924,4.44396090595280,119.4852,/T
2021-Oct-17 00:00,,m,325.07657,-15.15462,-2.592,5.366,230.764114,0.623212,4.45758464380512,118.4881,/T
2021-Oct-18 00:00,,m,325.07344,-15.15335,-2.584,5.367,21.233245,0.620614,4.47133771999729,117.4940,/T
2021-Oct-19 00:00,,m,325.07358,-15.15097,-2.576,5.368,171.698397,0.618133,4.48521510175973,116.5026,/T
2021-Oct-20 00:00,,m,325.07701,-15.14747,-2.568,5.369,322.159595,0.615771,4.49921184434981,115.5141,/T
2021-Oct-21 00:00,,m,325.08370,-15.14285,-2.561,5.369,112.616868,0.613529,4.51332502042654,114.5283,/T
2021-Oct-22 00:00,,m,325.09367,-15.13713,-2.553,5.370,263.070239,0.611409,4.52754968424049,113.5454,/T
2021-Oct-23 00:00,,m,325.10691,-15.13029,-2.545,5.371,53.519730,0.609413,4.54188253477432,112.5652,/T
2021-Oct-24 00:00,,m,325.12341,-15.12236,-2.538,5.372,203.965373,0.607543,4.55631882344888,111.5877,/T
2021-Oct-25 00:00,,,325.14319,-15.11331,-2.530,5.372,354.407178,0.605800,4.57085498685831,110.6130,/T
2021-Oct-26 00:00,,,325.16622,-15.10317,-2.522,5.373,144.845187,0.604186,4.58548593059831,109.6410,/T
2021-Oct-27 00:00,,,325.19250,-15.09194,-2.515,5.373,295.279426,0.602703,4.60020696726098,108.6717,/T
2021-Oct-28 00:00,,,325.22199,-15.07963,-2.507,5.374,85.709935,0.601352,4.61501496538949,107.7050,/T
2021-Oct-29 00:00,,,325.25470,-15.06623,-2.499,5.374,236.136734,0.600135,4.62990512559462,106.7411,/T
2021-Oct-30 00:00,,,325.29062,-15.05176,-2.492,5.375,26.559852,0.599052,4.64487404369165,105.7798,/T
2021-Oct-31 00:00,,,325.32972,-15.03620,-2.484,5.375,176.979327,0.598106,4.65991668197411,104.8212,/T
2021-Nov-01 00:00,,,325.37201,-15.01957,-2.477,5.376,327.395172,0.597296,4.67502952557250,103.8653,/T
2021-Nov-02 00:00,,,325.41747,-15.00186,-2.469,5.376,117.807434,0.596625,4.69020695080539,102.9121,/T
2021-Nov-03 00:00,,,325.46610,-14.98308,-2.462,5.377,268.216145,0.596093,4.70544404552846,101.9615,/T
2021-Nov-04 00:00,,,325.51788,-14.96322,-2.454,5.377,58.621356,0.595700,4.72073690973293,101.0136,/T
2021-Nov-05 00:00,,,325.57282,-14.94229,-2.447,5.377,209.023096,0.595447,4.73608047466141,100.0683,/T
2021-Nov-06 00:00,,,325.63088,-14.92029,-2.440,5.377,359.421407,0.595334,4.75147075331185,99.1258,/T
2021-Nov-07 00:00,,,325.69207,-14.89724,-2.432,5.378,149.816338,0.595362,4.76690219769904,98.1860,/T
2021-Nov-08 00:00,,m,325.75634,-14.87313,-2.425,5.378,300.207921,0.595528,4.78237118693995,97.2488,/T
2021-Nov-09 00:00,,m,325.82366,-14.84798,-2.418,5.378,90.596214,0.595835,4.79787179149526,96.3144,/T
2021-Nov-10 00:00,,m,325.89400,-14.82180,-2.411,5.378,240.981264,0.596280,4.81339935358793,95.3827,/T
2021-Nov-11 00:00,,m,325.96731,-14.79460,-2.404,5.378,31.363136,0.596865,4.82894994291954,94.4536,/T
2021-Nov-12 00:00,,m,326.04356,-14.76639,-2.397,5.378,181.741867,0.597588,4.84451931708560,93.5272,/T
2021-Nov-13 00:00,,m,326.12272,-14.73717,-2.390,5.378,332.117510,0.598450,4.86010406978428,92.6034,/T
2021-Nov-14 00:00,,m,326.20476,-14.70695,-2.383,5.378,122.490115,0.599451,4.87569949189236,91.6823,/T
2021-Nov-15 00:00,,m,326.28968,-14.67573,-2.376,5.378,272.859717,0.600590,4.89130296302934,90.7637,/T
2021-Nov-16 00:00,,m,326.37743,-14.64351,-2.369,5.378,63.226371,0.601867,4.90690928545490,89.8476,/T
2021-Nov-17 00:00,,m,326.46801,-14.61030,-2.362,5.378,213.590120,0.603283,4.92251470256667,88.9341,/T
2021-Nov-18 00:00,,m,326.56137,-14.57611,-2.356,5.377,3.951028,0.604837,4.93811554938565,88.0230,/T
2021-Nov-19 00:00,,m,326.65749,-14.54095,-2.349,5.377,154.309128,0.606530,4.95370842516814,87.1143,/T
2021-Nov-20 00:00,,m,326.75634,-14.50483,-2.342,5.377,304.664470,0.608362,4.96929016838826,86.2081,/T
2021-Nov-21 00:00,,m,326.85790,-14.46775,-2.336,5.377,95.017099,0.610333,4.98485650986052,85.3042,/T
2021-Nov-22 00:00,,m,326.96213,-14.42972,-2.330,5.376,245.367051,0.612442,5.00040517332666,84.4026,/T
2021-Nov-23 00:00,,m,327.06901,-14.39075,-2.323,5.376,35.714375,0.614690,5.01593119553678,83.5034,/T
2021-Nov-24 00:00,,,327.17851,-14.35084,-2.317,5.376,186.059111,0.617077,5.03143115239892,82.6064,/T
2021-Nov-25 00:00,,,327.29057,-14.31002,-2.311,5.375,336.401324,0.619603,5.04690118159211,81.7117,/T
2021-Nov-26 00:00,,,327.40518,-14.26827,-2.305,5.375,126.741042,0.622267,5.06233833638948,80.8191,/T
2021-Nov-27 00:00,,,327.52231,-14.22562,-2.298,5.374,277.078317,0.625070,5.07773933507306,79.9288,/T
2021-Nov-28 00:00,,,327.64191,-14.18206,-2.292,5.374,67.413189,0.628011,5.09310012669735,79.0406,/T
2021-Nov-29 00:00,,,327.76398,-14.13760,-2.287,5.373,217.745698,0.631090,5.10841841138328,78.1546,/T
2021-Nov-30 00:00,,,327.88849,-14.09223,-2.281,5.373,8.075886,0.634306,5.12368926092652,77.2707,/T
2021-Dec-01 00:00,,,328.01542,-14.04597,-2.275,5.372,158.403795,0.637658,5.13890920809291,76.3889,/T
2021-Dec-02 00:00,,,328.14474,-13.99881,-2.269,5.372,308.729490,0.641147,5.15407383921494,75.5092,/T
2021-Dec-03 00:00,,,328.27644,-13.95077,-2.264,5.371,99.053002,0.644771,5.16918020914933,74.6316,/T
2021-Dec-04 00:00,,,328.41048,-13.90184,-2.258,5.370,249.374389,0.648528,5.18422445504335,73.7561,/T
2021-Dec-05 00:00,,,328.54683,-13.85205,-2.252,5.370,39.693695,0.652418,5.19920240278831,72.8827,/T
2021-Dec-06 00:00,,,328.68545,-13.80140,-2.247,5.369,190.010970,0.656440,5.21411137714570,72.0114,/T
2021-Dec-07 00:00,,,328.82630,-13.74990,-2.242,5.368,340.326262,0.660592,5.22894653334572,71.1422,/T
2021-Dec-08 00:00,,m,328.96934,-13.69757,-2.236,5.368,130.639622,0.664873,5.24370455232292,70.2752,/T
2021-Dec-09 00:00,,m,329.11450,-13.64441,-2.231,5.367,280.951119,0.669281,5.25838109300157,69.4101,/T
2021-Dec-10 00:00,,m,329.26176,-13.59044,-2.226,5.366,71.260795,0.673816,5.27297404623624,68.5472,/T
2021-Dec-11 00:00,,m,329.41108,-13.53565,-2.221,5.365,221.568708,0.678477,5.28748009836605,67.6863,/T
2021-Dec-12 00:00,,m,329.56243,-13.48006,-2.216,5.364,11.874899,0.683262,5.30189624021251,66.8274,/T
2021-Dec-13 00:00,,m,329.71579,-13.42367,-2.211,5.364,162.179420,0.688171,5.31622057367384,65.9705,/T
2021-Dec-14 00:00,,m,329.87113,-13.36649,-2.206,5.363,312.482309,0.693204,5.33044948158780,65.1155,/T
2021-Dec-15 00:00,,m,330.02842,-13.30852,-2.202,5.362,102.783611,0.698358,5.34458050748155,64.2625,/T
2021-Dec-16 00:00,,m,330.18763,-13.24977,-2.197,5.361,253.083388,0.703634,5.35860988148167,63.4114,/T
2021-Dec-17 00:00,,m,330.34872,-13.19027,-2.192,5.360,43.381672,0.709031,5.37253633116346,62.5621,/T
2021-Dec-18 00:00,,m,330.51166,-13.13000,-2.188,5.359,193.678515,0.714548,5.38635687570489,61.7146,/T
2021-Dec-19 00:00,,m,330.67643,-13.06899,-2.183,5.358,343.973950,0.720184,5.40006919972837,60.8690,/T
2021-Dec-20 00:00,,m,330.84297,-13.00724,-2.179,5.357,134.268024,0.725939,5.41367148364266,60.0251,/T
2021-Dec-21 00:00,,m,331.01128,-12.94477,-2.175,5.356,284.560764,0.731813,5.42716069959110,59.1829,/T
2021-Dec-22 00:00,,m,331.18131,-12.88157,-2.170,5.355,74.852214,0.737803,5.44053448485402,58.3425,/T
2021-Dec-23 00:00,,,331.35304,-12.81765,-2.166,5.354,225.142425,0.743911,5.45378905505101,57.5037,/T
2021-Dec-24 00:00,,,331.52642,-12.75304,-2.162,5.353,15.431430,0.750134,5.46692327390469,56.6666,/T
2021-Dec-25 00:00,,,331.70143,-12.68772,-2.158,5.352,165.719276,0.756472,5.47993399690516,55.8311,/T
2021-Dec-26 00:00,,,331.87804,-12.62171,-2.154,5.351,316.005993,0.762924,5.49281911709567,54.9971,/T
2021-Dec-27 00:00,,,332.05623,-12.55501,-2.150,5.350,106.291627,0.769490,5.50557644498438,54.1648,/T
2021-Dec-28 00:00,,,332.23598,-12.48763,-2.146,5.349,256.576205,0.776167,5.51820323732180,53.3339,/T
2021-Dec-29 00:00,,,332.41728,-12.41957,-2.143,5.348,46.859768,0.782955,5.53069687294186,52.5047,/T
2021-Dec-30 00:00,,,332.60010,-12.35082,-2.139,5.347,197.142365,0.789853,5.54305338602232,51.6769,/T
2021-Dec-31 00:00,,,332.78441,-12.28142,-2.135,5.346,347.424036,0.796860,5.55527145613413,50.8506,/T
2022-Jan-01 00:00,,,332.97018,-12.21135,-2.132,5.345,137.704827,0.803973,5.56734766689684,50.0259,/T
2022-Jan-02 00:00,,,333.15739,-12.14064,-2.128,5.344,287.984771,0.811191,5.57927998671034,49.2026,/T
2022-Jan-03 00:00,,,333.34598,-12.06930,-2.125,5.343,78.263924,0.818512,5.59106585695988,48.3808,/T
2022-Jan-04 00:00,,,333.53592,-11.99733,-2.122,5.342,228.542310,0.825936,5.60270301086626,47.5606,/T
2022-Jan-05 00:00,,,333.72718,-11.92476,-2.118,5.341,18.819980,0.833459,5.61418890060951,46.7419,/T
2022-Jan-06 00:00,,m,333.91971,-11.85158,-2.115,5.340,169.096982,0.841082,5.62552005138526,45.9247,/T
2022-Jan-07 00:00,,m,334.11348,-11.77781,-2.112,5.339,319.373360,0.848802,5.63669563388094,45.1089,/T
2022-Jan-08 00:00,,m,334.30846,-11.70346,-2.109,5.338,109.649159,0.856619,5.64771295978642,44.2947,/T
2022-Jan-09 00:00,,m,334.50463,-11.62852,-2.106,5.337,259.924411,0.864531,5.65857100255481,43.4820,/T
2022-Jan-10 00:00,,m,334.70197,-11.55302,-2.103,5.336,50.199166,0.872536,5.66926778236944,42.6707,/T
2022-Jan-11 00:00,,m,334.90045,-11.47695,-2.100,5.335,200.473443,0.880635,5.67980227304925,41.8608,/T
2022-Jan-12 00:00,,m,335.10005,-11.40033,-2.097,5.334,350.747286,0.888825,5.69017251301960,41.0524,/T
2022-Jan-13 00:00,,m,335.30075,-11.32316,-2.095,5.333,141.020732,0.897107,5.70037585131184,40.2453,/T
2022-Jan-14 00:00,,m,335.50251,-11.24545,-2.092,5.332,291.293822,0.905479,5.71041183154910,39.4397,/T
2022-Jan-15 00:00,,m,335.70529,-11.16723,-2.089,5.331,81.566591,0.913940,5.72027833037102,38.6353,/T
2022-Jan-16 00:00,,m,335.90908,-11.08849,-2.087,5.330,231.839066,0.922489,5.72997485883553,37.8323,/T
2022-Jan-17 00:00,,m,336.11384,-11.00925,-2.084,5.329,22.111291,0.931126,5.73949957448094,37.0306,/T
2022-Jan-18 00:00,,m,336.31956,-10.92952,-2.082,5.328,172.383278,0.939849,5.74885214755275,36.2301,/T
2022-Jan-19 00:00,,m,336.52619,-10.84930,-2.079,5.327,322.655064,0.948657,5.75803071525575,35.4309,/T
2022-Jan-20 00:00,,m,336.73372,-10.76860,-2.077,5.326,112.926678,0.957550,5.76703305071790,34.6329,/T
2022-Jan-21 00:00,,,336.94212,-10.68744,-2.075,5.325,263.198159,0.966526,5.77585853515395,33.8361,/T
2022-Jan-22 00:00,,,337.15136,-10.60582,-2.073,5.325,53.469534,0.975585,5.78450523143667,33.0404,/T
2022-Jan-23 00:00,,,337.36143,-10.52374,-2.071,5.324,203.740828,0.984725,5.79297263201043,32.2459,/T
2022-Jan-24 00:00,,,337.57231,-10.44121,-2.068,5.323,354.012080,0.993945,5.80125858603414,31.4524,/T
2022-Jan-25 00:00,,,337.78400,-10.35823,-2.066,5.322,144.283304,1.003244,5.80936286350093,30.6601,/T
2022-Jan-26 00:00,,,337.99646,-10.27481,-2.064,5.321,294.554535,1.012620,5.81728319568135,29.8688,/T
2022-Jan-27 00:00,,,338.20970,-10.19096,-2.062,5.320,84.825798,1.022072,5.82501732629177,29.0786,/T
2022-Jan-28 00:00,,,338.42368,-10.10668,-2.061,5.319,235.097140,1.031600,5.83256398499744,28.2894,/T
2022-Jan-29 00:00,,,338.63839,-10.02199,-2.059,5.319,25.368587,1.041200,5.83992117983333,27.5013,/T
2022-Jan-30 00:00,,,338.85377,-9.93690,-2.057,5.318,175.640174,1.050872,5.84708816356054,26.7142,/T
2022-Jan-31 00:00,,,339.06981,-9.85142,-2.055,5.317,325.911941,1.060613,5.85406262348843,25.9281,/T
2022-Feb-01 00:00,,,339.28646,-9.76557,-2.054,5.316,116.183910,1.070423,5.86084465130284,25.1431,/T
2022-Feb-02 00:00,,,339.50369,-9.67936,-2.052,5.315,266.456119,1.080300,5.86743218434861,24.3592,/T
2022-Feb-03 00:00,,m,339.72149,-9.59279,-2.051,5.315,56.728596,1.090242,5.87382375961774,23.5763,/T
2022-Feb-04 00:00,,m,339.93981,-9.50587,-2.049,5.314,207.001387,1.100248,5.88001840776652,22.7945,/T
2022-Feb-05 00:00,,m,340.15865,-9.41862,-2.048,5.313,357.274520,1.110316,5.88601522526756,22.0137,/T
2022-Feb-06 00:00,,m,340.37799,-9.33104,-2.046,5.313,147.548025,1.120447,5.89181424614406,21.2340,/T
2022-Feb-07 00:00,,m,340.59779,-9.24314,-2.045,5.312,297.821936,1.130638,5.89741406067615,20.4553,/T
2022-Feb-08 00:00,,m,340.81805,-9.15493,-2.044,5.311,88.096271,1.140888,5.90281573209531,19.6777,/T
2022-Feb-09 00:00,,m,341.03875,-9.06642,-2.043,5.311,238.371059,1.151197,5.90801791915484,18.9012,/T
2022-Feb-10 00:00,,m,341.25987,-8.97761,-2.041,5.310,28.646317,1.161564,5.91302006115752,18.1257,/T
2022-Feb-11 00:00,,m,341.48138,-8.88852,-2.040,5.310,178.922088,1.171987,5.91782127795452,17.3512,/T
2022-Feb-12 00:00,,m,341.70326,-8.79917,-2.039,5.309,329.198387,1.182466,5.92242131783910,16.5778,/T
2022-Feb-13 00:00,,m,341.92547,-8.70955,-2.038,5.309,119.475244,1.193000,5.92682030734681,15.8053,/T
2022-Feb-14 00:00,A,m,342.14801,-8.61969,-2.037,5.308,269.752684,1.203588,5.93101713213816,15.0339,/T
2022-Feb-15 00:00,A,m,342.37083,-8.52960,-2.036,5.308,60.030724,1.214229,5.93501304231683,14.2635,/T
2022-Feb-16 00:00,A,m,342.59393,-8.43928,-2.035,5.307,210.309385,1.224922,5.93880690335402,13.4941,/T
2022-Feb-17 00:00,A,m,342.81729,-8.34873,-2.035,5.307,0.588681,1.235666,5.94239854576779,12.7257,/T
2022-Feb-18 00:00,A,m,343.04088,-8.25798,-2.034,5.306,150.868651,1.246460,5.94578682143168,11.9584,/T
2022-Feb-19 00:00,A,,343.26470,-8.16702,-2.033,5.306,301.149305,1.257303,5.94897181586541,11.1921,/T
2022-Feb-20 00:00,A,,343.48872,-8.07586,-2.032,5.306,91.430671,1.268193,5.95195341739651,10.4269,/T
2022-Feb-21 00:00,A,,343.71293,-7.98451,-2.032,5.305,241.712771,1.279131,5.95473058566374,9.6630,/T
2022-Feb-22 00:00,A,,343.93733,-7.89298,-2.031,5.305,31.995623,1.290114,5.95730431461435,8.9002,/T
2022-Feb-23 00:00,A,,344.16190,-7.80126,-2.031,5.305,182.279245,1.301141,5.95967338795477,8.1389,/T
2022-Feb-24 00:00,A,,344.38664,-7.70937,-2.030,5.304,332.563652,1.312210,5.96183759141846,7.3793,/T
2022-Feb-25 00:00,A,,344.61152,-7.61732,-2.030,5.304,122.848882,1.323321,5.96379519201956,6.6217,/T
2022-Feb-26 00:00,A,,344.83651,-7.52512,-2.029,5.304,273.134952,1.334472,5.96554627809168,5.8665,/T
2022-Feb-27 00:00,A,,345.06158,-7.43278,-2.029,5.304,63.421895,1.345661,5.96709029084954,5.1148,/T
2022-Feb-28 00:00,A,,345.28672,-7.34033,-2.029,5.303,213.709733,1.356887,5.96842630736113,4.3679,/T
2022-Mar-01 00:00,A,,345.51187,-7.24776,-2.029,5.303,3.998494,1.368148,5.96955515720621,3.6283,/T
2022-Mar-02 00:00,A,,345.73704,-7.15510,-2.028,5.303,154.288199,1.379444,5.97047604191090,2.9015,/T
2022-Mar-03 00:00,A,,345.96219,-7.06235,-2.028,5.303,304.578866,1.390772,5.97118928739874,2.1993,/T
2022-Mar-04 00:00,A,,346.18732,-6.96953,-2.028,5.303,94.870535,1.402133,5.97169349294080,1.5548,/T
2022-Mar-05 00:00,A,m,346.41239,-6.87667,-2.028,5.303,245.163223,1.413524,5.97198966095405,1.0759,/T
2022-Mar-06 00:00,A,m,346.63731,-6.78373,-2.028,5.303,35.456962,1.424946,5.97207779334483,1.0268,/T
2022-Mar-07 00:00,A,m,346.86218,-6.69066,-2.028,5.303,185.751768,1.436396,5.97195807245675,1.4512,/L
2022-Mar-08 00:00,A,m,347.08699,-6.59757,-2.028,5.303,336.047670,1.447875,5.97163187789458,2.0759,/L
2022-Mar-09 00:00,A,m,347.31168,-6.50445,-2.029,5.303,126.344677,1.459381,5.97109946184019,2.7682,/L
2022-Mar-10 00:00,A,m,347.53623,-6.41132,-2.029,5.303,276.642803,1.470912,5.97036191008083,3.4876,/L
2022-Mar-11 00:00,A,m,347.76063,-6.31818,-2.029,5.303,66.942078,1.482470,5.96941825395869,4.2201,/L
2022-Mar-12 00:00,A,m,347.98484,-6.22504,-2.030,5.303,217.242512,1.494052,5.96827007689552,4.9597,/L
2022-Mar-13 00:00,A,m,348.20885,-6.13192,-2.030,5.303,7.544133,1.505659,5.96691750125114,5.7034,/L
2022-Mar-14 00:00,A,m,348.43263,-6.03882,-2.031,5.303,157.846949,1.517288,5.96536122320024,6.4497,/L
2022-Mar-15 00:00,N,m,348.65616,-5.94576,-2.031,5.303,308.150986,1.528940,5.96360243914905,7.1977,/L
2022-Mar-16 00:00,N,m,348.87944,-5.85274,-2.032,5.303,98.456246,1.540613,5.96164181242045,7.9468,/L
2022-Mar-17 00:00,N,m,349.10244,-5.75977,-2.032,5.303,248.762742,1.552307,5.95948046089551,8.6966,/L
2022-Mar-18 00:00,N,m,349.32515,-5.66686,-2.033,5.303,39.070495,1.564020,5.95711734765667,9.4469,/L
2022-Mar-19 00:00,N,m,349.54756,-5.57402,-2.034,5.303,189.379517,1.575752,5.95455399158976,10.1976,/L
2022-Mar-20 00:00,N,,349.76966,-5.48125,-2.034,5.304,339.689832,1.587502,5.95179016824929,10.9485,/L
2022-Mar-21 00:00,N,,349.99144,-5.38855,-2.035,5.304,130.001446,1.599268,5.94882659471706,11.6997,/L
2022-Mar-22 00:00,N,,350.21289,-5.29594,-2.036,5.304,280.314390,1.611050,5.94566380711386,12.4510,/L
2022-Mar-23 00:00,N,,350.43401,-5.20342,-2.037,5.304,70.628665,1.622846,5.94230250036053,13.2024,/L
2022-Mar-24 00:00,N,,350.65476,-5.11100,-2.038,5.305,220.944288,1.634655,5.93874342810328,13.9539,/L
2022-Mar-25 00:00,N,,350.87514,-5.01870,-2.039,5.305,11.261281,1.646475,5.93498536797864,14.7055,/L
2022-Mar-26 00:00,N,,351.09511,-4.92652,-2.040,5.305,161.579663,1.658306,5.93102959899763,15.4572,/L
2022-Mar-27 00:00,N,,351.31465,-4.83448,-2.041,5.306,311.899463,1.670146,5.92687571283075,16.2090,/L
2022-Mar-28 00:00,N,,351.53373,-4.74260,-2.042,5.306,102.220691,1.681994,5.92252470842111,16.9608,/L
2022-Mar-29 00:00,N,,351.75232,-4.65089,-2.043,5.306,252.543384,1.693849,5.91797695571385,17.7128,/L
2022-Mar-30 00:00,N,,351.97041,-4.55935,-2.045,5.307,42.867547,1.705710,5.91323383971515,18.4648,/L
2022-Mar-31 00:00,N,,352.18797,-4.46799,-2.046,5.307,193.193200,1.717575,5.90829648277101,19.2169,/L
2022-Apr-01 00:00,N,,352.40501,-4.37683,-2.047,5.308,343.520362,1.729444,5.90316442063461,19.9691,/L
2022-Apr-02 00:00,N,,352.62150,-4.28587,-2.049,5.308,133.849055,1.741316,5.89783943049481,20.7213,/L
2022-Apr-03 00:00,N,m,352.83743,-4.19512,-2.050,5.309,284.179303,1.753191,5.89232174634146,21.4736,/L
2022-Apr-04 00:00,N,m,353.05278,-4.10459,-2.051,5.309,74.511116,1.765067,5.88661320847153,22.2259,/L
2022-Apr-05 00:00,N,m,353.26752,-4.01430,-2.053,5.310,224.844526,1.776944,5.88071449283766,22.9784,/L
2022-Apr-06 00:00,N,m,353.48164,-3.92425,-2.055,5.310,15.179534,1.788821,5.87462789064464,23.7309,/L
2022-Apr-07 00:00,N,m,353.69512,-3.83446,-2.056,5.311,165.516158,1.800697,5.86835491663586,24.4835,/L
2022-Apr-08 00:00,N,m,353.90794,-3.74493,-2.058,5.312,315.854407,1.812573,5.86189583876814,25.2362,/L
2022-Apr-09 00:00,N,m,354.12008,-3.65569,-2.060,5.312,106.194301,1.824447,5.85525260628585,25.9890,/L
2022-Apr-10 00:00,N,m,354.33151,-3.56673,-2.061,5.313,256.535858,1.836318,5.84842583935697,26.7420,/L
2022-Apr-11 00:00,N,m,354.54222,-3.47808,-2.063,5.313,46.879085,1.848187,5.84141776397515,27.4951,/L
2022-Apr-12 00:00,N,m,354.75218,-3.38975,-2.065,5.314,197.224007,1.860051,5.83422901535656,28.2484,/L
2022-Apr-13 00:00,C,m,354.96137,-3.30174,-2.067,5.315,347.570625,1.871911,5.82686232803674,29.0019,/L
2022-Apr-14 00:00,C,m,355.16978,-3.21406,-2.069,5.315,137.918951,1.883766,5.81931919147768,29.7556,/L
2022-Apr-15 00:00,C,m,355.37740,-3.12671,-2.071,5.316,288.268988,1.895614,5.81160025312514,30.5096,/L
2022-Apr-16 00:00,C,m,355.58423,-3.03972,-2.073,5.317,78.620756,1.907455,5.80370712182315,31.2638,/L
2022-Apr-17 00:00,C,m,355.79025,-2.95307,-2.075,5.318,228.974266,1.919289,5.79564037670048,32.0184,/L
2022-Apr-18 00:00,C,,355.99545,-2.86677,-2.078,5.318,19.329526,1.931113,5.78740198582155,32.7734,/L
2022-Apr-19 00:00,C,,356.19982,-2.78084,-2.080,5.319,169.686562,1.942928,5.77899200105317,33.5287,/L
2022-Apr-20 00:00,C,,356.40335,-2.69528,-2.082,5.320,320.045376,1.954731,5.77041287988931,34.2845,/L
2022-Apr-21 00:00,C,,356.60601,-2.61010,-2.084,5.321,110.405987,1.966522,5.76166549285223,35.0408,/L
2022-Apr-22 00:00,C,,356.80778,-2.52532,-2.087,5.322,260.768399,1.978299,5.75275042001777,35.7976,/L
2022-Apr-23 00:00,C,,357.00863,-2.44095,-2.089,5.322,51.132643,1.990062,5.74366860814253,36.5550,/L
2022-Apr-24 00:00,C,,357.20853,-2.35700,-2.092,5.323,201.498734,2.001809,5.73442065199189,37.3129,/L
2022-Apr-25 00:00,C,,357.40745,-2.27349,-2.094,5.324,351.866691,2.013540,5.72500849467980,38.0715,/L
2022-Apr-26 00:00,C,,357.60538,-2.19042,-2.097,5.325,142.236544,2.025253,5.71543232596134,38.8307,/L
2022-Apr-27 00:00,C,,357.80228,-2.10782,-2.100,5.326,292.608303,2.036948,5.70569513312598,39.5905,/L
2022-Apr-28 00:00,C,,357.99814,-2.02568,-2.103,5.327,82.981990,2.048624,5.69579828010015,40.3511,/L
2022-Apr-29 00:00,C,,358.19296,-1.94402,-2.105,5.327,233.357607,2.060280,5.68574344092305,41.1123,/L
2022-Apr-30 00:00,C,,358.38671,-1.86285,-2.108,5.328,23.735187,2.071915,5.67553198850987,41.8742,/L
2022-May-01 00:00,C,,358.57937,-1.78217,-2.111,5.329,174.114741,2.083529,5.66516552359579,42.6369,/L
2022-May-02 00:00,C,m,358.77092,-1.70199,-2.114,5.330,324.496285,2.095122,5.65464660166072,43.4003,/L
2022-May-03 00:00,C,m,358.96135,-1.62234,-2.117,5.331,114.879842,2.106693,5.64397607587189,44.1644,/L
2022-May-04 00:00,C,m,359.15061,-1.54322,-2.120,5.332,265.265423,2.118240,5.63315750272701,44.9293,/L
2022-May-05 00:00,C,m,359.33868,-1.46465,-2.124,5.333,55.653040,2.129764,5.62219266356048,45.6950,/L
2022-May-06 00:00,C,m,359.52556,-1.38662,-2.127,5.334,206.042693,2.141264,5.61108397484366,46.4614,/L
2022-May-07 00:00,C,m,359.71122,-1.30917,-2.130,5.334,356.434408,2.152740,5.59983277047071,47.2287,/L
2022-May-08 00:00,C,m,359.89562,-1.23229,-2.134,5.335,146.828191,2.164190,5.58844112007706,47.9969,/L
2022-May-09 00:00,C,m,0.07875,-1.15600,-2.137,5.336,297.224059,2.175614,5.57691155229785,48.7659,/L
2022-May-10 00:00,*,m,0.26058,-1.08032,-2.140,5.337,87.622026,2.187012,5.56524512544998,49.5357,/L
2022-May-11 00:00,*,m,0.44109,-1.00524,-2.144,5.338,238.022105,2.198383,5.55344537316484,50.3065,/L
2022-May-12 00:00,*,m,0.62027,-0.93079,-2.148,5.339,28.424307,2.209726,5.54151413342691,51.0783,/L
2022-May-13 00:00,*,m,0.79810,-0.85696,-2.151,5.340,178.828626,2.221039,5.52945416904839,51.8510,/L
2022-May-14 00:00,*,m,0.97458,-0.78376,-2.155,5.341,329.235088,2.232323,5.51726650334116,52.6248,/L
2022-May-15 00:00,*,m,1.14969,-0.71120,-2.159,5.342,119.643694,2.243577,5.50495336297981,53.3996,/L
2022-May-16 00:00,*,m,1.32341,-0.63929,-2.163,5.342,270.054463,2.254799,5.49251686339547,54.1755,/L
2022-May-17 00:00,*,,1.49574,-0.56802,-2.167,5.343,60.467407,2.265988,5.47995794909008,54.9525,/L
2022-May-18 00:00,*,,1.66664,-0.49742,-2.171,5.344,210.882544,2.277143,5.46727958632825,55.7308,/L
2022-May-19 00:00,*,,1.83608,-0.42749,-2.175,5.345,1.299887,2.288263,5.45448326818958,56.5103,/L
2022-May-20 00:00,*,,2.00404,-0.35825,-2.179,5.346,151.719436,2.299346,5.44157163181209,57.2911,/L
2022-May-21 00:00,*,,2.17048,-0.28972,-2.183,5.347,302.141223,2.310392,5.42854518259550,58.0733,/L
2022-May-22 00:00,*,,2.33538,-0.22190,-2.187,5.348,92.565255,2.321399,5.41540622126958,58.8568,/L
2022-May-23 00:00,*,,2.49870,-0.15481,-2.192,5.348,242.991563,2.332368,5.40215664263904,59.6418,/L
2022-May-24 00:00,*,,2.66043,-0.08846,-2.196,5.349,33.420160,2.343296,5.38879784662677,60.4283,/L
2022-May-25 00:00,*,,2.82053,-0.02286,-2.201,5.350,183.851075,2.354183,5.37533292614339,61.2162,/L
2022-May-26 00:00,*,,2.97899,0.04197,-2.205,5.351,334.284322,2.365028,5.36176405724744,62.0057,/L
2022-May-27 00:00,*,,3.13579,0.10604,-2.210,5.352,124.719907,2.375831,5.34809473459978,62.7967,/L
2022-May-28 00:00,*,,3.29091,0.16933,-2.215,5.352,275.157856,2.386590,5.33432606873146,63.5893,/L
2022-May-29 00:00,*,,3.44433,0.23183,-2.219,5.353,65.598178,2.397306,5.32046130527591,64.3836,/L
2022-May-30 00:00,*,,3.59600,0.29352,-2.224,5.354,216.040899,2.407977,5.30650283819085,65.1794,/L
2022-May-31 00:00,*,m,3.74592,0.35440,-2.229,5.355,6.486028,2.418602,5.29245304093098,65.9769,/L
2022-Jun-01 00:00,*,m,3.89403,0.41445,-2.234,5.355,156.933592,2.429183,5.27831530346933,66.7761,/L
2022-Jun-02 00:00,*,m,4.04032,0.47366,-2.239,5.356,307.383598,2.439716,5.26409253782145,67.5769,/L
2022-Jun-03 00:00,*,m,4.18476,0.53201,-2.244,5.357,97.836048,2.450201,5.24978882701481,68.3795,/L
2022-Jun-04 00:00,*,m,4.32732,0.58949,-2.249,5.357,248.290960,2.460639,5.23540565508492,69.1838,/L
2022-Jun-05 00:00,*,m,4.46797,0.64611,-2.255,5.358,38.748340,2.471027,5.22094672279378,69.9899,/L
2022-Jun-06 00:00,*,m,4.60670,0.70183,-2.260,5.359,189.208208,2.481365,5.20641445073807,70.7978,/L
2022-Jun-07 00:00,*,m,4.74347,0.75665,-2.265,5.359,339.670564,2.491652,5.19181166337121,71.6075,/L
2022-Jun-08 00:00,*,m,4.87826,0.81057,-2.271,5.360,130.135436,2.501888,5.17714145325508,72.4190,/L
2022-Jun-09 00:00,*,m,5.01105,0.86357,-2.277,5.360,280.602824,2.512070,5.16240693903765,73.2324,/L
2022-Jun-10 00:00,*,m,5.14183,0.91564,-2.282,5.361,71.072732,2.522198,5.14761214796284,74.0477,/L
2022-Jun-11 00:00,*,m,5.27058,0.96679,-2.288,5.361,221.545169,2.532271,5.13275848835409,74.8649,/L
2022-Jun-12 00:00,*,m,5.39730,1.01701,-2.294,5.362,12.020142,2.542288,5.11784950863910,75.6842,/L
2022-Jun-13 00:00,*,m,5.52196,1.06629,-2.299,5.362,162.497671,2.552246,5.10288717705788,76.5054,/L
2022-Jun-14 00:00,*,m,5.64454,1.11463,-2.305,5.363,312.977755,2.562146,5.08787425789213,77.3287,/L
2022-Jun-15 00:00,*,,5.76500,1.16200,-2.311,5.363,103.460425,2.571984,5.07281307748897,78.1542,/L
2022-Jun-16 00:00,*,,5.88331,1.20840,-2.317,5.363,253.945689,2.581761,5.05770660113938,78.9818,/L
2022-Jun-17 00:00,*,,5.99943,1.25381,-2.323,5.364,44.433555,2.591473,5.04255848504999,79.8117,/L
2022-Jun-18 00:00,*,,6.11333,1.29822,-2.330,5.364,194.924039,2.601120,5.02737012215253,80.6439,/L
2022-Jun-19 00:00,*,,6.22498,1.34162,-2.336,5.364,345.417156,2.610701,5.01214505288260,81.4785,/L
2022-Jun-20 00:00,*,,6.33436,1.38399,-2.342,5.365,135.912930,2.620213,4.99688535476810,82.3155,/L
2022-Jun-21 00:00,*,,6.44144,1.42533,-2.349,5.365,286.411367,2.629657,4.98159447685750,83.1549,/L
2022-Jun-22 00:00,*,,6.54619,1.46561,-2.355,5.365,76.912502,2.639030,4.96627498999679,83.9968,/L
2022-Jun-23 00:00,*,,6.64859,1.50485,-2.361,5.365,227.416342,2.648333,4.95093081170730,84.8413,/L
2022-Jun-24 00:00,*,,6.74862,1.54302,-2.368,5.365,17.922899,2.657562,4.93556625673554,85.6883,/L
2022-Jun-25 00:00,*,,6.84625,1.58012,-2.375,5.365,168.432177,2.666718,4.92018374243289,86.5379,/L
2022-Jun-26 00:00,*,,6.94146,1.61614,-2.381,5.365,318.944192,2.675798,4.90478744854566,87.3902,/L
2022-Jun-27 00:00,*,,7.03422,1.65106,-2.388,5.365,109.458960,2.684803,4.88938006615145,88.2450,/L
2022-Jun-28 00:00,*,,7.12450,1.68488,-2.395,5.365,259.976480,2.693730,4.87396583093903,89.1026,/L
2022-Jun-29 00:00,*,m,7.21227,1.71757,-2.402,5.365,50.496782,2.702580,4.85854750807607,89.9629,/L
2022-Jun-30 00:00,*,m,7.29749,1.74914,-2.409,5.365,201.019866,2.711349,4.84312967423361,90.8258,/L
2022-Jul-01 00:00,*,m,7.38013,1.77957,-2.416,5.365,351.545739,2.720037,4.82771688145865,91.6916,/L
2022-Jul-02 00:00,*,m,7.46018,1.80885,-2.423,5.365,142.074397,2.728643,4.81231223021430,92.5601,/L
2022-Jul-03 00:00,*,m,7.53761,1.83696,-2.430,5.365,292.605849,2.737164,4.79692007639802,93.4313,/L
2022-Jul-04 00:00,*,m,7.61239,1.86391,-2.437,5.365,83.140103,2.745600,4.78154342679701,94.3054,/L
2022-Jul-05 00:00,*,m,7.68452,1.88969,-2.445,5.365,233.677151,2.753948,4.76618689783190,95.1823,/L
2022-Jul-06 00:00,*,m,7.75396,1.91429,-2.452,5.364,24.217014,2.762208,4.75085317719594,96.0621,/L
2022-Jul-07 00:00,*,m,7.82070,1.93769,-2.459,5.364,174.759684,2.770377,4.73554710737889,96.9447,/L
2022-Jul-08 00:00,*,m,7.88472,1.95991,-2.467,5.364,325.305167,2.778453,4.72027305328614,97.8302,/L
2022-Jul-09 00:00,*,m,7.94603,1.98093,-2.474,5.363,115.853444,2.786434,4.70503438693945,98.7186,/L
2022-Jul-10 00:00,*,m,8.00461,2.00077,-2.482,5.363,266.404524,2.794318,4.68983506041946,99.6100,/L
2022-Jul-11 00:00,*,m,8.06045,2.01940,-2.489,5.362,56.958402,2.802103,4.67467786811800,100.5043,/L
2022-Jul-12 00:00,*,m,8.11352,2.03684,-2.497,5.362,207.515074,2.809788,4.65956709479721,101.4017,/L
2022-Jul-13 00:00,*,m,8.16381,2.05306,-2.504,5.361,358.074555,2.817369,4.64450478664541,102.3021,/L
2022-Jul-14 00:00,*,,8.21127,2.06806,-2.512,5.361,148.636841,2.824845,4.62949542222925,103.2056,/L
2022-Jul-15 00:00,*,,8.25587,2.08182,-2.520,5.360,299.201943,2.832213,4.61454275056278,104.1123,/L
2022-Jul-16 00:00,*,,8.29760,2.09434,-2.527,5.360,89.769844,2.839472,4.59965026081687,105.0223,/L
2022-Jul-17 00:00,*,,8.33643,2.10562,-2.535,5.359,240.340559,2.846618,4.58482160825830,105.9354,/L
2022-Jul-18 00:00,*,,8.37236,2.11564,-2.543,5.358,30.914086,2.853651,4.57005993193011,106.8519,/L
2022-Jul-19 00:00,*,,8.40537,2.12440,-2.551,5.358,181.490425,2.860568,4.55536995774996,107.7718,/L
2022-Jul-20 00:00,*,,8.43545,2.13190,-2.559,5.357,332.069588,2.867368,4.54075430340133,108.6950,/L
2022-Jul-21 00:00,*,,8.46257,2.13813,-2.566,5.356,122.651569,2.874048,4.52621830446834,109.6216,/L
2022-Jul-22 00:00,*,,8.48672,2.14308,-2.574,5.355,273.236374,2.880607,4.51176639744683,110.5517,/L
2022-Jul-23 00:00,*,,8.50790,2.14677,-2.582,5.354,63.823974,2.887043,4.49740332562394,111.4853,/L
2022-Jul-24 00:00,*,,8.52608,2.14917,-2.590,5.354,214.414373,2.893353,4.48313328768438,112.4223,/L
2022-Jul-25 00:00,*,,8.54126,2.15029,-2.598,5.353,5.007554,2.899535,4.46896030678575,113.3628,/L
2022-Jul-26 00:00,*,,8.55342,2.15013,-2.606,5.352,155.603503,2.905588,4.45488959656974,114.3068,/L
2022-Jul-27 00:00,*,,8.56256,2.14867,-2.614,5.351,306.202214,2.911511,4.44092420775686,115.2543,/L
2022-Jul-28 00:00,*,m,8.56865,2.14592,-2.622,5.350,96.803672,2.917300,4.42706976591082,116.2053,/L
2022-Jul-29 00:00,*,m,8.57167,2.14187,-2.630,5.349,247.407865,2.922953,4.41333075369732,117.1598,/L
2022-Jul-30 00:00,*,m,8.57165,2.13653,-2.638,5.348,38.014751,2.928468,4.39971239743608,118.1178,/L
2022-Jul-31 00:00,*,m,8.56857,2.12989,-2.646,5.347,188.624320,2.933843,4.38621869842743,119.0793,/L
2022-Aug-01 00:00,*,m,8.56244,2.12197,-2.654,5.346,339.236538,2.939076,4.37285389859702,120.0443,/L
2022-Aug-02 00:00,*,m,8.55326,2.11276,-2.661,5.344,129.851383,2.944164,4.35962301876140,121.0128,/L
2022-Aug-03 00:00,*,m,8.54104,2.10227,-2.669,5.343,280.468830,2.949105,4.34652907967147,121.9847,/L
2022-Aug-04 00:00,*,m,8.52579,2.09050,-2.677,5.342,71.088852,2.953897,4.33357743636427,122.9600,/L
2022-Aug-05 00:00,*,m,8.50752,2.07746,-2.685,5.341,221.711428,2.958537,4.32077220819504,123.9389,/L
2022-Aug-06 00:00,*,m,8.48625,2.06317,-2.693,5.340,12.336500,2.963022,4.30811862851972,124.9211,/L
2022-Aug-07 00:00,*,m,8.46199,2.04763,-2.700,5.338,162.964050,2.967350,4.29562009448009,125.9068,/L
2022-Aug-08 00:00,*,m,8.43477,2.03086,-2.708,5.337,313.594028,2.971518,4.28328063725225,126.8958,/L
2022-Aug-09 00:00,*,m,8.40457,2.01285,-2.716,5.336,104.226406,2.975523,4.27110458988212,127.8883,/L
2022-Aug-10 00:00,*,m,8.37143,1.99362,-2.723,5.335,254.861147,2.979364,4.25909458284161,128.8842,/L
2022-Aug-11 00:00,*,m,8.33532,1.97316,-2.731,5.333,45.498222,2.983038,4.24725525099789,129.8835,/L
2022-Aug-12 00:00,C,,8.29626,1.95148,-2.738,5.332,196.137602,2.986542,4.23559012696091,130.8863,/L
2022-Aug-13 00:00,C,,8.25426,1.92859,-2.746,5.331,346.779231,2.989874,4.22410429301232,131.8925,/L
2022-Aug-14 00:00,C,,8.20934,1.90450,-2.753,5.330,137.423082,2.993032,4.21280071422813,132.9022,/L
2022-Aug-15 00:00,C,,8.16154,1.87922,-2.760,5.328,288.069103,2.996014,4.20168359488813,133.9153,/L
2022-Aug-16 00:00,C,,8.11087,1.85276,-2.767,5.327,78.717262,2.998818,4.19075719174496,134.9319,/L
2022-Aug-17 00:00,C,,8.05737,1.82514,-2.774,5.326,229.367508,3.001443,4.18002465287269,135.9520,/L
2022-Aug-18 00:00,C,,8.00105,1.79637,-2.781,5.324,20.019808,3.003888,4.16949079756423,136.9754,/L
2022-Aug-19 00:00,C,,7.94194,1.76646,-2.788,5.323,170.674115,3.006150,4.15915958799690,138.0023,/L
2022-Aug-20 00:00,C,,7.88008,1.73543,-2.795,5.322,321.330359,3.008228,4.14903672832203,139.0326,/L
2022-Aug-21 00:00,C,,7.81548,1.70329,-2.802,5.320,111.988493,3.010120,4.13912542726578,140.0663,/L
2022-Aug-22 00:00,C,,7.74819,1.67006,-2.808,5.319,262.648445,3.011825,4.12943037390240,141.1033,/L
2022-Aug-23 00:00,C,,7.67824,1.63576,-2.815,5.318,53.310163,3.013342,4.11995576544095,142.1435,/L
2022-Aug-24 00:00,C,,7.60567,1.60040,-2.821,5.316,203.973571,3.014669,4.11070506486950,143.1870,/L
2022-Aug-25 00:00,C,,7.53050,1.56399,-2.828,5.315,354.638617,3.015806,4.10168275905268,144.2336,/L
2022-Aug-26 00:00,C,,7.45278,1.52657,-2.834,5.314,145.305233,3.016751,4.09289266344465,145.2833,/L
2022-Aug-27 00:00,C,,7.37256,1.48814,-2.840,5.313,295.973330,3.017502,4.08434030807015,146.3361,/L
2022-Aug-28 00:00,C,m,7.28990,1.44874,-2.845,5.312,86.642835,3.018059,4.07602844950789,147.3918,/L
2022-Aug-29 00:00,C,m,7.20486,1.40840,-2.851,5.310,237.313659,3.018420,4.06796145102324,148.4505,/L
2022-Aug-30 00:00,C,m,7.11748,1.36714,-2.857,5.309,27.985729,3.018585,4.06014267343628,149.5119,/L
2022-Aug-31 00:00,N,m,7.02786,1.32501,-2.862,5.308,178.658947,3.018552,4.05257513354559,150.5760,/L
2022-Sep-01 00:00,N,m,6.93605,1.28201,-2.867,5.307,329.333248,3.018323,4.04526215867477,151.6428,/L
2022-Sep-02 00:00,N,m,6.84210,1.23819,-2.872,5.306,120.008545,3.017895,4.03820666589363,152.7121,/L
2022-Sep-03 00:00,N,m,6.74611,1.19358,-2.877,5.305,270.684740,3.017267,4.03141315201553,153.7839,/L
2022-Sep-04 00:00,N,m,6.64812,1.14821,-2.882,5.304,61.361747,3.016440,4.02488325651115,154.8580,/L
2022-Sep-05 00:00,N,m,6.54822,1.10211,-2.887,5.303,212.039467,3.015413,4.01862031637048,155.9343,/L
2022-Sep-06 00:00,N,m,6.44646,1.05532,-2.891,5.302,2.717822,3.014186,4.01262634343449,157.0128,/L
2022-Sep-07 00:00,N,m,6.34291,1.00786,-2.895,5.301,153.396707,3.012760,4.00690354765030,158.0934,/L
2022-Sep-08 00:00,N,m,6.23762,0.95976,-2.899,5.300,304.076057,3.011134,4.00145391417665,159.1758,/L
2022-Sep-09 00:00,N,m,6.13065,0.91105,-2.903,5.299,94.755780,3.009310,3.99627956051572,160.2602,/L
2022-Sep-10 00:00,N,m,6.02208,0.86175,-2.906,5.298,245.435784,3.007287,3.99138418078686,161.3463,/L
2022-Sep-11 00:00,N,m,5.91199,0.81191,-2.910,5.297,36.115974,3.005068,3.98676891189730,162.4339,/L
2022-Sep-12 00:00,N,,5.80046,0.76156,-2.913,5.297,186.796253,3.002652,3.98243675545262,163.5230,/L
2022-Sep-13 00:00,N,,5.68757,0.71073,-2.916,5.296,337.476538,3.000043,3.97838929118118,164.6134,/L
2022-Sep-14 00:00,N,,5.57342,0.65948,-2.919,5.295,128.156715,2.997241,3.97462884734438,165.7048,/L
2022-Sep-15 00:00,N,,5.45806,0.60782,-2.922,5.295,278.836708,2.994250,3.97115695376304,166.7969,/L
2022-Sep-16 00:00,N,,5.34160,0.55581,-2.924,5.294,69.516415,2.991070,3.96797568557285,167.8894,/L
2022-Sep-17 00:00,N,,5.22409,0.50346,-2.926,5.294,220.195735,2.987705,3.96508835645590,168.9817,/L
2022-Sep-18 00:00,N,,5.10564,0.45082,-2.928,5.293,10.874556,2.984156,3.96249586657127,170.0732,/L
2022-Sep-19 00:00,A,,4.98632,0.39794,-2.930,5.293,161.552770,2.980426,3.96020071761721,171.1628,/L
2022-Sep-20 00:00,A,,4.86623,0.34484,-2.931,5.293,312.230280,2.976519,3.95820372767136,172.2490,/L
2022-Sep-21 00:00,A,,4.74545,0.29157,-2.932,5.292,102.906960,2.972436,3.95650674538332,173.3294,/L
2022-Sep-22 00:00,A,,4.62406,0.23816,-2.934,5.292,253.582727,2.968182,3.95511018011588,174.3998,/L
2022-Sep-23 00:00,A,,4.50217,0.18465,-2.934,5.292,44.257467,2.963760,3.95401536360306,175.4520,/L
2022-Sep-24 00:00,A,,4.37984,0.13109,-2.935,5.292,194.931076,2.959171,3.95322448941341,176.4686,/L
2022-Sep-25 00:00,A,,4.25721,0.07752,-2.935,5.292,345.603432,2.954421,3.95273766980808,177.4062,/L
2022-Sep-26 00:00,A,,4.13435,0.02398,-2.935,5.292,136.274426,2.949512,3.95255630464229,178.1394,/L
2022-Sep-27 00:00,A,,4.01138,-0.02948,-2.935,5.292,286.943950,2.944449,3.95268000615406,178.3635,/L
2022-Sep-28 00:00,A,,3.88842,-0.08280,-2.935,5.292,77.611881,2.939234,3.95310961702292,177.9071,/T
2022-Sep-29 00:00,A,m,3.76555,-0.13596,-2.935,5.292,228.278129,2.933872,3.95384395163779,177.0724,/T
2022-Sep-30 00:00,A,m,3.64288,-0.18889,-2.934,5.292,18.942583,2.928367,3.95488304563087,176.0947,/T
2022-Oct-01 00:00,A,m,3.52050,-0.24157,-2.933,5.292,169.605147,2.922724,3.95622733505945,175.0581,/T
2022-Oct-02 00:00,A,m,3.39851,-0.29394,-2.932,5.292,320.265703,2.916945,3.95787559666435,173.9930,/T
2022-Oct-03 00:00,A,m,3.27700,-0.34597,-2.931,5.292,110.924152,2.911036,3.95982751667878,172.9123,/T
2022-Oct-04 00:00,A,m,3.15607,-0.39763,-2.929,5.292,261.580403,2.905001,3.96208111498561,171.8225,/T
2022-Oct-05 00:00,A,m,3.03579,-0.44886,-2.928,5.293,52.234346,2.898845,3.96463591649197,170.7268,/T
2022-Oct-06 00:00,A,m,2.91624,-0.49964,-2.926,5.293,202.885910,2.892573,3.96748917733256,169.6274,/T
2022-Oct-07 00:00,A,m,2.79752,-0.54994,-2.923,5.293,353.535005,2.886192,3.97063989935136,168.5254,/T
2022-Oct-08 00:00,,m,2.67969,-0.59971,-2.921,5.294,144.181556,2.879705,3.97408730668680,167.4218,/T
2022-Oct-09 00:00,,m,2.56287,-0.64893,-2.918,5.294,294.825462,2.873118,3.97782973541103,166.3171,/T
2022-Oct-10 00:00,,m,2.44714,-0.69754,-2.915,5.295,85.466646,2.866437,3.98186618140791,165.2119,/T
2022-Oct-11 00:00,,m,2.33259,-0.74552,-2.912,5.295,236.105025,2.859668,3.98619433138499,164.1063,/T
2022-Oct-12 00:00,,m,2.21931,-0.79281,-2.909,5.296,26.740511,2.852816,3.99081355127615,163.0008,/T
2022-Oct-13 00:00,,m,2.10737,-0.83941,-2.906,5.297,177.373035,2.845888,3.99572072493007,161.8956,/T
2022-Oct-14 00:00,,,1.99687,-0.88526,-2.902,5.297,328.002518,2.838890,4.00091471709105,160.7907,/T
2022-Oct-15 00:00,,,1.88785,-0.93035,-2.898,5.298,118.628894,2.831828,4.00639416638566,159.6865,/T
2022-Oct-16 00:00,,,1.78042,-0.97463,-2.894,5.299,269.252066,2.824707,4.01215730939005,158.5830,/T
2022-Oct-17 00:00,,,1.67464,-1.01808,-2.890,5.300,59.871966,2.817533,4.01820239876112,157.4803,/T
2022-Oct-18 00:00,,,1.57059,-1.06067,-2.885,5.301,210.488516,2.810313,4.02452653901703,156.3787,/T
2022-Oct-19 00:00,,,1.46835,-1.10236,-2.881,5.302,1.101636,2.803051,4.03112834118236,155.2782,/T
2022-Oct-20 00:00,,,1.36799,-1.14312,-2.876,5.303,151.711267,2.795756,4.03800372052492,154.1790,/T
2022-Oct-21 00:00,,,1.26959,-1.18293,-2.871,5.304,302.317340,2.788432,4.04515064711376,153.0812,/T
2022-Oct-22 00:00,,,1.17320,-1.22176,-2.866,5.305,92.919805,2.781086,4.05256648146114,151.9848,/T
2022-Oct-23 00:00,,,1.07893,-1.25957,-2.860,5.306,243.518578,2.773722,4.06024875486646,150.8900,/T
2022-Oct-24 00:00,,,0.98682,-1.29634,-2.855,5.307,34.113608,2.766346,4.06819444097498,149.7969,/T
2022-Oct-25 00:00,,,0.89697,-1.33203,-2.849,5.308,184.704831,2.758965,4.07639970932492,148.7056,/T
2022-Oct-26 00:00,,,0.80945,-1.36661,-2.844,5.309,335.292190,2.751583,4.08486203096320,147.6162,/T
2022-Oct-27 00:00,,,0.72433,-1.40006,-2.838,5.310,125.875638,2.744207,4.09357617535085,146.5289,/T
2022-Oct-28 00:00,,,0.64167,-1.43234,-2.831,5.311,276.455131,2.736841,4.10253895523004,145.4436,/T
2022-Oct-29 00:00,,m,0.56151,-1.46346,-2.825,5.312,67.030644,2.729490,4.11174629372303,144.3605,/T
2022-Oct-30 00:00,,m,0.48392,-1.49337,-2.819,5.314,217.602115,2.722160,4.12119488604733,143.2797,/T
2022-Oct-31 00:00,,m,0.40892,-1.52206,-2.812,5.315,8.169523,2.714856,4.13088038492579,142.2012,/T
2022-Nov-01 00:00,,m,0.33657,-1.54953,-2.806,5.316,158.732828,2.707583,4.14079817194163,141.1251,/T
2022-Nov-02 00:00,,m,0.26690,-1.57575,-2.799,5.317,309.292006,2.700345,4.15094479631485,140.0516,/T
2022-Nov-03 00:00,,m,0.19996,-1.60071,-2.792,5.318,99.847035,2.693148,4.16131445422059,138.9805,/T
2022-Nov-04 00:00,,m,0.13578,-1.62440,-2.785,5.320,250.397899,2.685998,4.17190344949456,137.9121,/T
2022-Nov-05 00:00,,m,0.07439,-1.64681,-2.778,5.321,40.944601,2.678900,4.18270719259499,136.8462,/T
2022-Nov-06 00:00,,m,0.01585,-1.66791,-2.771,5.322,191.487103,2.671857,4.19372254298976,135.7830,/T
2022-Nov-07 00:00,,m,359.96019,-1.68770,-2.764,5.323,342.025408,2.664876,4.20494493197649,134.7225,/T
2022-Nov-08 00:00,,m,359.90744,-1.70616,-2.757,5.325,132.559493,2.657961,4.21637006085471,133.6646,/T
2022-Nov-09 00:00,,m,359.85764,-1.72329,-2.749,5.326,283.089353,2.651116,4.22799448377583,132.6094,/T
2022-Nov-10 00:00,,m,359.81082,-1.73907,-2.742,5.327,73.614979,2.644347,4.23981273228476,131.5570,/T
2022-Nov-11 00:00,,m,359.76700,-1.75350,-2.734,5.328,224.136371,2.637659,4.25182117054609,130.5073,/T
2022-Nov-12 00:00,,m,359.72618,-1.76657,-2.727,5.329,14.653539,2.631055,4.26401514793880,129.4604,/T
2022-Nov-13 00:00,,,359.68839,-1.77829,-2.719,5.331,165.166464,2.624539,4.27639182677544,128.4162,/T
2022-Nov-14 00:00,,,359.65365,-1.78864,-2.711,5.332,315.675154,2.618116,4.28894642722568,127.3748,/T
2022-Nov-15 00:00,,,359.62198,-1.79762,-2.703,5.333,106.179597,2.611790,4.30167480550072,126.3363,/T
2022-Nov-16 00:00,,,359.59338,-1.80523,-2.696,5.334,256.679802,2.605563,4.31457316738362,125.3005,/T
2022-Nov-17 00:00,,,359.56790,-1.81145,-2.688,5.335,47.175762,2.599440,4.32763606181548,124.2677,/T
2022-Nov-18 00:00,,,359.54554,-1.81629,-2.680,5.336,197.667495,2.593424,4.34085941597333,123.2377,/T
2022-Nov-19 00:00,,,359.52630,-1.81975,-2.672,5.337,348.155017,2.587519,4.35423811458412,122.2107,/T
2022-Nov-20 00:00,,,359.51021,-1.82181,-2.664,5.338,138.638324,2.581726,4.36776909787720,121.1866,/T
2022-Nov-21 00:00,,,359.49729,-1.82247,-2.656,5.339,289.117435,2.576049,4.38144696227562,120.1654,/T
2022-Nov-22 00:00,,,359.48756,-1.82172,-2.648,5.340,79.592349,2.570491,4.39526726828113,119.1472,/T
2022-Nov-23 00:00,,,359.48102,-1.81957,-2.640,5.341,230.063092,2.565054,4.40922539553727,118.1321,/T
2022-Nov-24 00:00,,,359.47772,-1.81599,-2.632,5.342,20.529668,2.559740,4.42331553157862,117.1200,/T
2022-Nov-25 00:00,,,359.47762,-1.81101,-2.624,5.343,170.992113,2.554551,4.43753269667183,116.1110,/T
2022-Nov-26 00:00,,,359.48073,-1.80462,-2.616,5.344,321.450461,2.549491,4.45187101357243,115.1051,/T
2022-Nov-27 00:00,,m,359.48704,-1.79683,-2.608,5.345,111.904731,2.544559,4.46632687845274,114.1024,/T
2022-Nov-28 00:00,,m,359.49653,-1.78765,-2.600,5.346,262.354961,2.539759,4.48089426078244,113.1028,/T
2022-Nov-29 00:00,,m,359.50919,-1.77708,-2.592,5.347,52.801176,2.535092,4.49556859040962,112.1064,/T
2022-Nov-30 00:00,,m,359.52500,-1.76514,-2.583,5.348,203.243421,2.530559,4.51034488067832,111.1132,/T
2022-Dec-01 00:00,,m,359.54397,-1.75183,-2.575,5.348,353.681718,2.526163,4.52521777588179,110.1232,/T
2022-Dec-02 00:00,,m,359.56607,-1.73715,-2.567,5.349,144.116124,2.521905,4.54018238831543,109.1363,/T
2022-Dec-03 00:00,,m,359.59131,-1.72111,-2.559,5.350,294.546683,2.517787,4.55523337044598,108.1527,/T
2022-Dec-04 00:00,,m,359.61966,-1.70372,-2.552,5.350,84.973430,2.513810,4.57036778919011,107.1721,/T
2022-Dec-05 00:00,,m,359.65112,-1.68499,-2.544,5.351,235.396409,2.509976,4.58558030463489,106.1947,/T
2022-Dec-06 00:00,,m,359.68569,-1.66492,-2.536,5.351,25.815649,2.506285,4.60086724963055,105.2203,/T
2022-Dec-07 00:00,,m,359.72332,-1.64352,-2.528,5.352,176.231201,2.502740,4.61622407967656,104.2491,/T
2022-Dec-08 00:00,,m,359.76404,-1.62080,-2.520,5.353,326.643088,2.499341,4.63164640439278,103.2809,/T
2022-Dec-09 00:00,,m,359.80779,-1.59677,-2.512,5.353,117.051365,2.496090,4.64712956455114,102.3157,/T
2022-Dec-10 00:00,,m,359.85457,-1.57144,-2.504,5.353,267.456077,2.492987,4.66266867556024,101.3535,/T
2022-Dec-11 00:00,,m,359.90434,-1.54483,-2.497,5.354,57.857264,2.490033,4.67826103416220,100.3943,/T
2022-Dec-12 00:00,,,359.95708,-1.51695,-2.489,5.354,208.254966,2.487230,4.69390157729168,99.4381,/T
2022-Dec-13 00:00,,,0.01278,-1.48780,-2.481,5.355,358.649218,2.484576,4.70958693262672,98.4848,/T
2022-Dec-14 00:00,,,0.07141,-1.45740,-2.474,5.355,149.040071,2.482072,4.72531246981064,97.5344,/T
2022-Dec-15 00:00,,,0.13297,-1.42574,-2.466,5.355,299.427548,2.479720,4.74107425771673,96.5868,/T
2022-Dec-16 00:00,,,0.19742,-1.39286,-2.459,5.355,89.811709,2.477518,4.75686742613087,95.6422,/T
2022-Dec-17 00:00,,,0.26477,-1.35874,-2.451,5.356,240.192596,2.475468,4.77268724636134,94.7005,/T
2022-Dec-18 00:00,,,0.33496,-1.32341,-2.444,5.356,30.570258,2.473568,4.78853086127238,93.7615,/T
2022-Dec-19 00:00,,,0.40801,-1.28687,-2.437,5.356,180.944734,2.471819,4.80439330929957,92.8254,/T
2022-Dec-20 00:00,,,0.48390,-1.24912,-2.429,5.356,331.316061,2.470219,4.82027120125057,91.8922,/T
2022-Dec-21 00:00,,,0.56261,-1.21017,-2.422,5.356,121.684294,2.468770,4.83615959354560,90.9617,/T
2022-Dec-22 00:00,,,0.64412,-1.17003,-2.415,5.356,272.049460,2.467468,4.85205467069362,90.0341,/T
2022-Dec-23 00:00,,,0.72841,-1.12872,-2.408,5.356,62.411622,2.466315,4.86795099933040,89.1093,/T
2022-Dec-24 00:00,,,0.81545,-1.08624,-2.401,5.356,212.770829,2.465310,4.88384365109172,88.1873,/T
2022-Dec-25 00:00,,,0.90518,-1.04262,-2.394,5.356,3.127142,2.464452,4.89972917518235,87.2682,/T
2022-Dec-26 00:00,,m,0.99758,-0.99788,-2.387,5.356,153.480607,2.463739,4.91560254036674,86.3519,/T
2022-Dec-27 00:00,,m,1.09260,-0.95202,-2.380,5.355,303.831276,2.463172,4.93146022463694,85.4384,/T
2022-Dec-28 00:00,,m,1.19022,-0.90508,-2.374,5.355,94.179212,2.462749,4.94729726038242,84.5278,/T
2022-Dec-29 00:00,,m,1.29043,-0.85704,-2.367,5.355,244.524454,2.462470,4.96311044473399,83.6200,/T
2022-Dec-30 00:00,,m,1.39318,-0.80793,-2.361,5.355,34.867071,2.462334,4.97889467722722,82.7149,/T
2022-Dec-31 00:00,,m,1.49846,-0.75777,-2.354,5.354,185.207117,2.462341,4.99464595608787,81.8126,/T
2023-Jan-01 00:00,,m,1.60623,-0.70656,-2.348,5.354,335.544656,2.462490,5.01036141676037,80.9131,/T
2023-Jan-02 00:00,,m,1.71646,-0.65432,-2.341,5.354,125.879732,2.462781,5.02603726147378,80.0163,/T
2023-Jan-03 00:00,,m,1.82913,-0.60107,-2.335,5.353,276.212397,2.463211,5.04167085648175,79.1221,/T
2023-Jan-04 00:00,,m,1.94420,-0.54681,-2.329,5.353,66.542706,2.463782,5.05725811123818,78.2305,/T
2023-Jan-05 00:00,,m,2.06165,-0.49157,-2.323,5.352,216.870693,2.464490,5.07279686746813,77.3416,/T
2023-Jan-06 00:00,,m,2.18144,-0.43536,-2.316,5.352,7.196418,2.465337,5.08828257518322,76.4552,/T
2023-Jan-07 00:00,,m,2.30353,-0.37819,-2.310,5.351,157.519925,2.466320,5.10371199984905,75.5713,/T
2023-Jan-08 00:00,,m,2.42789,-0.32008,-2.305,5.351,307.841278,2.467439,5.11908240444744,74.6900,/T
2023-Jan-09 00:00,,m,2.55449,-0.26105,-2.299,5.350,98.160508,2.468693,5.13439067759588,73.8111,/T
2023-Jan-10 00:00,,,2.68329,-0.20111,-2.293,5.350,248.477667,2.470079,5.14963431823237,72.9346,/T
2023-Jan-11 00:00,,,2.81428,-0.14027,-2.287,5.349,38.792799,2.471598,5.16480946641736,72.0605,/T
2023-Jan-12 00:00,,,2.94744,-0.07854,-2.282,5.349,189.105939,2.473247,5.17991421962668,71.1888,/T
2023-Jan-13 00:00,,,3.08273,-0.01594,-2.276,5.348,339.417139,2.475025,5.19494400414877,70.3194,/T
2023-Jan-14 00:00,,,3.22014,0.04753,-2.271,5.347,129.726442,2.476931,5.20989574925744,69.4523,/T
2023-Jan-15 00:00,,,3.35964,0.11185,-2.265,5.347,280.033908,2.478963,5.22476632075021,68.5875,/T
2023-Jan-16 00:00,,,3.50121,0.17701,-2.260,5.346,70.339569,2.481120,5.23955288862705,67.7250,/T
2023-Jan-17 00:00,,,3.64482,0.24301,-2.255,5.345,220.643476,2.483400,5.25425267760994,66.8647,/T
2023-Jan-18 00:00,,,3.79046,0.30983,-2.249,5.344,10.945672,2.485801,5.26886183734867,66.0066,/T
2023-Jan-19 00:00,,,3.93810,0.37746,-2.244,5.344,161.246196,2.488322,5.28337837728992,65.1507,/T
2023-Jan-20 00:00,,,4.08771,0.44590,-2.239,5.343,311.545097,2.490960,5.29779757793220,64.2971,/T
2023-Jan-21 00:00,,,4.23926,0.51511,-2.234,5.342,101.842421,2.493714,5.31211632129997,63.4456,/T
2023-Jan-22 00:00,,,4.39269,0.58508,-2.230,5.341,252.138235,2.496583,5.32633097461093,62.5964,/T
2023-Jan-23 00:00,,,4.54797,0.65579,-2.225,5.340,42.432574,2.499565,5.34043898234369,61.7493,/T
2023-Jan-24 00:00,,m,4.70506,0.72722,-2.220,5.340,192.725497,2.502658,5.35443741651666,60.9045,/T
2023-Jan-25 00:00,,m,4.86394,0.79937,-2.215,5.339,343.017049,2.505860,5.36832286084312,60.0618,/T
2023-Jan-26 00:00,,m,5.02458,0.87221,-2.211,5.338,133.307276,2.509171,5.38209372628009,59.2213,/T
2023-Jan-27 00:00,,m,5.18697,0.94575,-2.206,5.337,283.596226,2.512588,5.39574604218478,58.3830,/T
2023-Jan-28 00:00,,m,5.35109,1.01996,-2.202,5.336,73.883945,2.516111,5.40927754675433,57.5468,/T
2023-Jan-29 00:00,,m,5.51689,1.09482,-2.198,5.335,224.170498,2.519739,5.42268516235909,56.7128,/T
2023-Jan-30 00:00,,m,5.68435,1.17034,-2.193,5.334,14.455916,2.523469,5.43596754216026,55.8808,/T
2023-Jan-31 00:00,,m,5.85343,1.24649,-2.189,5.333,164.740250,2.527301,5.44912238929769,55.0510,/T
2023-Feb-01 00:00,,m,6.02412,1.32325,-2.185,5.333,315.023539,2.531234,5.46214731245787,54.2231,/T
2023-Feb-02 00:00,,m,6.19637,1.40061,-2.181,5.332,105.305822,2.535264,5.47504128355038,53.3973,/T
2023-Feb-03 00:00,,m,6.37016,1.47856,-2.177,5.331,255.587138,2.539392,5.48780114362717,52.5735,/T
2023-Feb-04 00:00,,m,6.54546,1.55709,-2.173,5.330,45.867525,2.543616,5.50042516323635,51.7516,/T
2023-Feb-05 00:00,,m,6.72224,1.63617,-2.169,5.329,196.147039,2.547934,5.51291045361619,50.9316,/T
2023-Feb-06 00:00,,m,6.90046,1.71579,-2.165,5.328,346.425706,2.552345,5.52525630764122,50.1135,/T
2023-Feb-07 00:00,,m,7.08010,1.79594,-2.162,5.327,136.703572,2.556847,5.53746053719071,49.2972,/T
2023-Feb-08 00:00,,,7.26114,1.87660,-2.158,5.326,286.980666,2.561438,5.54952129130421,48.4828,/T
2023-Feb-09 00:00,,,7.44355,1.95777,-2.155,5.325,77.257025,2.566116,5.56143754699191,47.6701,/T
2023-Feb-10 00:00,,,7.62734,2.03945,-2.151,5.324,227.532678,2.570880,5.57320658642502,46.8592,/T
2023-Feb-11 00:00,,,7.81247,2.12161,-2.148,5.323,17.807659,2.575728,5.58482670170405,46.0500,/T
2023-Feb-12 00:00,,,7.99893,2.20425,-2.144,5.322,168.082018,2.580659,5.59629481168877,45.2425,/T
2023-Feb-13 00:00,,,8.18669,2.28736,-2.141,5.321,318.355780,2.585670,5.60761029175756,44.4367,/T
2023-Feb-14 00:00,A,,8.37575,2.37092,-2.138,5.320,108.628988,2.590760,5.61877060365665,43.6325,/T
2023-Feb-15 00:00,A,,8.56607,2.45494,-2.134,5.320,258.901668,2.595927,5.62977394694293,42.8300,/T
2023-Feb-16 00:00,A,,8.75763,2.53939,-2.131,5.319,49.173862,2.601169,5.64061877241226,42.0290,/T
2023-Feb-17 00:00,A,,8.95042,2.62427,-2.128,5.318,199.445595,2.606484,5.65130244354561,41.2297,/T
2023-Feb-18 00:00,A,,9.14439,2.70956,-2.125,5.317,349.716908,2.611871,5.66182287957170,40.4319,/T
2023-Feb-19 00:00,A,,9.33950,2.79524,-2.122,5.316,139.987851,2.617328,5.67217669703751,39.6358,/T
2023-Feb-20 00:00,A,,9.53574,2.88129,-2.120,5.315,290.258457,2.622854,5.68236324819146,38.8412,/T
2023-Feb-21 00:00,A,,9.73305,2.96770,-2.117,5.314,80.528774,2.628447,5.69237992885244,38.0482,/T
2023-Feb-22 00:00,A,m,9.93144,3.05446,-2.114,5.313,230.798832,2.634105,5.70222546915127,37.2568,/T
2023-Feb-23 00:00,A,m,10.13088,3.14155,-2.111,5.312,21.068680,2.639828,5.71189852971287,36.4669,/T
2023-Feb-24 00:00,A,m,10.33135,3.22898,-2.109,5.312,171.338338,2.645614,5.72139759000324,35.6787,/T
2023-Feb-25 00:00,A,m,10.53284,3.31672,-2.106,5.311,321.607851,2.651461,5.73072128819284,34.8920,/T
2023-Feb-26 00:00,A,m,10.73532,3.40476,-2.104,5.310,111.877259,2.657370,5.73986720256597,34.1068,/T
2023-Feb-27 00:00,A,m,10.93876,3.49309,-2.101,5.309,262.146595,2.663338,5.74883562634108,33.3232,/T
2023-Feb-28 00:00,A,m,11.14313,3.58170,-2.099,5.308,52.415895,2.669364,5.75762479924881,32.5411,/T
2023-Mar-01 00:00,A,m,11.34842,3.67057,-2.097,5.307,202.685183,2.675446,5.76623445208847,31.7605,/T
2023-Mar-02 00:00,A,m,11.55458,3.75968,-2.094,5.307,352.954497,2.681584,5.77466359202731,30.9814,/T
2023-Mar-03 00:00,A,m,11.76160,3.84904,-2.092,5.306,143.223851,2.687776,5.78291161219292,30.2037,/T
2023-Mar-04 00:00,A,m,11.96946,3.93862,-2.090,5.305,293.493279,2.694021,5.79097733727228,29.4274,/T
2023-Mar-05 00:00,A,m,12.17813,4.02841,-2.088,5.304,83.762815,2.700317,5.79885870675318,28.6525,/T
2023-Mar-06 00:00,A,m,12.38759,4.11840,-2.086,5.304,234.032487,2.706663,5.80655608149514,27.8789,/T
2023-Mar-07 00:00,A,m,12.59782,4.20858,-2.084,5.303,24.302324,2.713058,5.81406787817284,27.1067,/T
2023-Mar-08 00:00,A,m,12.80880,4.29894,-2.082,5.302,174.572347,2.719500,5.82139411297325,26.3358,/T
2023-Mar-09 00:00,A,,13.02052,4.38946,-2.080,5.302,324.842591,2.725987,5.82853363343155,25.5662,/T
2023-Mar-10 00:00,A,,13.23296,4.48015,-2.078,5.301,115.113063,2.732518,5.83548631803773,24.7978,/T
2023-Mar-11 00:00,A,,13.44612,4.57100,-2.077,5.300,265.383797,2.739091,5.84225084873932,24.0306,/T
2023-Mar-12 00:00,A,,13.65999,4.66199,-2.075,5.300,55.654816,2.745706,5.84882533409396,23.2646,/T
2023-Mar-13 00:00,A,,13.87453,4.75312,-2.073,5.299,205.926153,2.752359,5.85520984887244,22.4998,/T
2023-Mar-14 00:00,A,,14.08975,4.84438,-2.072,5.298,356.197831,2.759051,5.86140279734267,21.7361,/T
2023-Mar-15 00:00,N,,14.30561,4.93576,-2.070,5.298,146.469872,2.765779,5.86740410991284,20.9735,/T
2023-Mar-16 00:00,N,,14.52209,5.02725,-2.069,5.297,296.742309,2.772542,5.87321220340197,20.2120,/T
2023-Mar-17 00:00,N,,14.73918,5.11884,-2.067,5.297,87.015153,2.779338,5.87882707073612,19.4517,/T
2023-Mar-18 00:00,N,,14.95684,5.21052,-2.066,5.296,237.288437,2.786166,5.88424697210585,18.6924,/T
2023-Mar-19 00:00,N,,15.17505,5.30226,-2.064,5.296,27.562188,2.793025,5.88947002872239,17.9342,/T
2023-Mar-20 00:00,N,,15.39378,5.39406,-2.063,5.295,177.836444,2.799914,5.89449586480078,17.1772,/T
2023-Mar-21 00:00,N,,15.61301,5.48590,-2.062,5.295,328.111233,2.806832,5.89932304861040,16.4212,/T
2023-Mar-22 00:00,N,,15.83273,5.57778,-2.061,5.294,118.386581,2.813777,5.90395167309500,15.6664,/T
2023-Mar-23 00:00,N,m,16.05293,5.66968,-2.059,5.294,268.662526,2.820750,5.90838036530526,14.9127,/T
2023-Mar-24 00:00,N,m,16.27358,5.76160,-2.058,5.294,58.939081,2.827748,5.91260995703461,14.1602,/T
2023-Mar-25 00:00,N,m,16.49468,5.85353,-2.057,5.293,209.216279,2.834771,5.91663929264527,13.4088,/T
2023-Mar-26 00:00,N,m,16.71621,5.94546,-2.056,5.293,359.494142,2.841819,5.92046759537566,12.6587,/T
2023-Mar-27 00:00,N,m,16.93814,6.03738,-2.055,5.293,149.772708,2.848890,5.92409500811269,11.9099,/T
2023-Mar-28 00:00,N,m,17.16043,6.12926,-2.054,5.292,300.051995,2.855984,5.92752120624949,11.1623,/T
2023-Mar-29 00:00,N,m,17.38307,6.22111,-2.053,5.292,90.332026,2.863099,5.93074700447345,10.4161,/T
2023-Mar-30 00:00,N,m,17.60603,6.31290,-2.053,5.292,240.612827,2.870235,5.93377165309521,9.6714,/T
2023-Mar-31 00:00,N,m,17.82928,6.40464,-2.052,5.292,30.894409,2.877390,5.93659673626818,8.9282,/T
2023-Apr-01 00:00,N,m,18.05283,6.49630,-2.051,5.291,181.176792,2.884563,5.93922145291491,8.1867,/T
2023-Apr-02 00:00,N,m,18.27664,6.58788,-2.051,5.291,331.459991,2.891754,5.94164562223769,7.4472,/T
2023-Apr-03 00:00,N,m,18.50069,6.67937,-2.050,5.291,121.744040,2.898961,5.94386920980858,6.7100,/T
2023-Apr-04 00:00,N,m,18.72498,6.77075,-2.049,5.291,272.028948,2.906183,5.94589230124346,5.9757,/T
2023-Apr-05 00:00,N,m,18.94949,6.86203,-2.049,5.291,62.314737,2.913420,5.94771562297737,5.2450,/T
2023-Apr-06 00:00,N,m,19.17420,6.95320,-2.048,5.291,212.601426,2.920669,5.94933843999043,4.5195,/T
2023-Apr-07 00:00,N,,19.39912,7.04424,-2.048,5.291,2.889025,2.927930,5.95076235174461,3.8015,/T
2023-Apr-08 00:00,N,,19.62422,7.13515,-2.047,5.291,153.177551,2.935201,5.95198642164550,3.0958,/T
2023-Apr-09 00:00,N,,19.84952,7.22594,-2.047,5.291,303.467013,2.942482,5.95301054897199,2.4127,/T
2023-Apr-10 00:00,N,,20.07498,7.31658,-2.047,5.291,93.757448,2.949772,5.95383407316635,1.7777,/T
2023-Apr-11 00:00,N,,20.30059,7.40705,-2.047,5.291,244.048863,2.957068,5.95445710138101,1.2641,/T
2023-Apr-12 00:00,N,,20.52627,7.49736,-2.046,5.291,34.341283,2.964371,5.95487986597583,1.0642,/T
2023-Apr-13 00:00,C,,20.75203,7.58757,-2.046,5.291,184.634728,2.971679,5.95510145052153,1.3273,/L
2023-Apr-14 00:00,C,,20.97791,7.67761,-2.046,5.291,334.929214,2.978991,5.95512317322412,1.8664,/L
2023-Apr-15 00:00,C,,21.20386,7.76745,-2.046,5.291,125.224760,2.986306,5.95494397861655,2.5092,/L
2023-Apr-16 00:00,C,,21.42984,7.85709,-2.046,5.291,275.521380,2.993624,5.95456389091397,3.1934,/L
2023-Apr-17 00:00,C,,21.65583,7.94651,-2.046,5.291,65.819113,3.000944,5.95398190135092,3.8970,/L
2023-Apr-18 00:00,C,,21.88183,8.03571,-2.047,5.291,216.117973,3.008265,5.95319854160203,4.6110,/L
2023-Apr-19 00:00,C,,22.10780,8.12468,-2.047,5.291,6.417989,3.015587,5.95221409131435,5.3311,/L
2023-Apr-20 00:00,C,,22.33375,8.21342,-2.047,5.291,156.719181,3.022910,5.95102823802825,6.0550,/L
2023-Apr-21 00:00,C,m,22.55965,8.30192,-2.047,5.291,307.021570,3.030232,5.94964271803688,6.7813,/L
2023-Apr-22 00:00,C,m,22.78549,8.39017,-2.048,5.292,97.325172,3.037554,5.94805727950787,7.5093,/L
2023-Apr-23 00:00,C,m,23.01126,8.47816,-2.048,5.292,247.629998,3.044874,5.94627282320135,8.2384,/L
2023-Apr-24 00:00,C,m,23.23691,8.56589,-2.049,5.292,37.936085,3.052193,5.94428875350394,8.9683,/L
2023-Apr-25 00:00,C,m,23.46243,8.65335,-2.049,5.292,188.243440,3.059511,5.94210652142445,9.6988,/L
2023-Apr-26 00:00,C,m,23.68779,8.74051,-2.050,5.293,338.552090,3.066826,5.93972676547606,10.4296,/L
2023-Apr-27 00:00,C,m,23.91298,8.82738,-2.050,5.293,128.862047,3.074138,5.93714993021767,11.1607,/L
2023-Apr-28 00:00,C,m,24.13795,8.91393,-2.051,5.293,279.173330,3.081446,5.93437796400706,11.8920,/L
2023-Apr-29 00:00,C,m,24.36270,9.00017,-2.051,5.294,69.485947,3.088750,5.93141120854791,12.6235,/L
2023-Apr-30 00:00,C,m,24.58722,9.08609,-2.052,5.294,219.799906,3.096048,5.92825096987869,13.3550,/L
2023-May-01 00:00,C,m,24.81148,9.17168,-2.053,5.294,10.115235,3.103341,5.92489667987866,14.0866,/L
2023-May-02 00:00,C,m,25.03548,9.25692,-2.054,5.295,160.431939,3.110628,5.92135016185067,14.8184,/L
2023-May-03 00:00,C,m,25.25920,9.34183,-2.055,5.295,310.750042,3.117907,5.91761195649064,15.5501,/L
2023-May-04 00:00,C,m,25.48262,9.42638,-2.055,5.296,101.069550,3.125178,5.91368285426900,16.2820,/L
2023-May-05 00:00,C,m,25.70574,9.51057,-2.056,5.296,251.390481,3.132440,5.90956451802270,17.0140,/L
2023-May-06 00:00,C,,25.92855,9.59442,-2.057,5.297,41.712837,3.139692,5.90525751592279,17.7460,/L
2023-May-07 00:00,C,,26.15104,9.67790,-2.058,5.297,192.036626,3.146933,5.90076303081158,18.4783,/L
2023-May-08 00:00,C,,26.37319,9.76102,-2.060,5.298,342.361870,3.154163,5.89608011565832,19.2106,/L
2023-May-09 00:00,C,,26.59497,9.84377,-2.061,5.298,132.688580,3.161381,5.89121033476359,19.9432,/L
2023-May-10 00:00,*,,26.81637,9.92614,-2.062,5.299,283.016778,3.168587,5.88615359757983,20.6760,/L
2023-May-11 00:00,*,,27.03736,10.00813,-2.063,5.300,73.346472,3.175780,5.88091051118146,21.4091,/L
2023-May-12 00:00,*,,27.25790,10.08971,-2.064,5.300,223.677691,3.182958,5.87548197094330,22.1424,/L
2023-May-13 00:00,*,,27.47798,10.17088,-2.066,5.301,14.010439,3.190123,5.86986855056595,22.8761,/L
2023-May-14 00:00,*,,27.69759,10.25163,-2.067,5.302,164.344733,3.197273,5.86407121570116,23.6100,/L
2023-May-15 00:00,*,,27.91670,10.33196,-2.069,5.302,314.680600,3.204408,5.85808899562569,24.3444,/L
2023-May-16 00:00,*,,28.13530,10.41186,-2.070,5.303,105.018056,3.211530,5.85192363643788,25.0791,/L
2023-May-17 00:00,*,,28.35337,10.49131,-2.072,5.304,255.357131,3.218636,5.84557525897279,25.8141,/L
2023-May-18 00:00,*,,28.57090,10.57032,-2.073,5.304,45.697835,3.225728,5.83904524820746,26.5496,/L
2023-May-19 00:00,*,,28.78786,10.64888,-2.075,5.305,196.040199,3.232806,5.83233479887042,27.2855,/L
2023-May-20 00:00,*,m,29.00423,10.72698,-2.076,5.306,346.384228,3.239868,5.82544559335607,28.0218,/L
2023-May-21 00:00,*,m,29.21998,10.80462,-2.078,5.307,136.729937,3.246914,5.81837930882979,28.7585,/L
2023-May-22 00:00,*,m,29.43510,10.88178,-2.080,5.307,287.077344,3.253946,5.81113585170390,29.4957,/L
2023-May-23 00:00,*,m,29.64955,10.95846,-2.082,5.308,77.426466,3.260963,5.80371759553834,30.2333,/L
2023-May-24 00:00,*,m,29.86330,11.03466,-2.084,5.309,227.777323,3.267964,5.79612519473968,30.9714,/L
2023-May-25 00:00,*,m,30.07633,11.11035,-2.086,5.310,18.129921,3.274949,5.78836073740789,31.7099,/L
2023-May-26 00:00,*,m,30.28861,11.18553,-2.088,5.311,168.484288,3.281918,5.78042544352439,32.4490,/L
2023-May-27 00:00,*,m,30.50012,11.26019,-2.090,5.312,318.840422,3.288870,5.77232161152321,33.1886,/L
2023-May-28 00:00,*,m,30.71085,11.33434,-2.092,5.312,109.198335,3.295804,5.76405098168066,33.9288,/L
2023-May-29 00:00,*,m,30.92079,11.40796,-2.094,5.313,259.558038,3.302722,5.75561377766478,34.6695,/L
2023-May-30 00:00,*,m,31.12991,11.48105,-2.096,5.314,49.919549,3.309621,5.74701227308547,35.4108,/L
2023-May-31 00:00,*,m,31.33819,11.55360,-2.098,5.315,200.282882,3.316503,5.73824716116441,36.1527,/L
2023-Jun-01 00:00,*,m,31.54564,11.62561,-2.101,5.316,350.648044,3.323366,5.72932069213225,36.8953,/L
2023-Jun-02 00:00,*,m,31.75221,11.69708,-2.103,5.317,141.015059,3.330210,5.72023375923393,37.6387,/L
2023-Jun-03 00:00,*,m,31.95791,11.76800,-2.106,5.318,291.383925,3.337033,5.71098891234581,38.3827,/L
2023-Jun-04 00:00,*,,32.16271,11.83838,-2.108,5.319,81.754654,3.343836,5.70158763224436,39.1275,/L
2023-Jun-05 00:00,*,,32.36660,11.90821,-2.111,5.320,232.127252,3.350618,5.69203022821738,39.8732,/L
2023-Jun-06 00:00,*,,32.56954,11.97749,-2.113,5.321,22.501741,3.357379,5.68231845341164,40.6197,/L
2023-Jun-07 00:00,*,,32.77151,12.04620,-2.116,5.322,172.878134,3.364118,5.67245273956398,41.3671,/L
2023-Jun-08 00:00,*,,32.97247,12.11434,-2.119,5.323,323.256444,3.370836,5.66243504465961,42.1156,/L
2023-Jun-09 00:00,*,,33.17239,12.18190,-2.121,5.324,113.636700,3.377532,5.65226566418394,42.8650,/L
2023-Jun-10 00:00,*,,33.37125,12.24886,-2.124,5.325,264.018906,3.384206,5.64194711669775,43.6155,/L
2023-Jun-11 00:00,*,,33.56904,12.31523,-2.127,5.326,54.403083,3.390857,5.63148058113191,44.3670,/L
2023-Jun-12 00:00,*,,33.76573,12.38099,-2.130,5.327,204.789240,3.397487,5.62086670021231,45.1197,/L
2023-Jun-13 00:00,*,,33.96131,12.44615,-2.133,5.328,355.177407,3.404095,5.61010709605058,45.8735,/L
2023-Jun-14 00:00,*,,34.15576,12.51069,-2.136,5.329,145.567604,3.410683,5.59920269393085,46.6286,/L
2023-Jun-15 00:00,*,,34.34905,12.57462,-2.139,5.330,295.959845,3.417250,5.58815595201606,47.3848,/L
2023-Jun-16 00:00,*,,34.54114,12.63792,-2.143,5.330,86.354163,3.423796,5.57696762247780,48.1422,/L
2023-Jun-17 00:00,*,,34.73201,12.70060,-2.146,5.331,236.750564,3.430321,5.56564109315152,48.9009,/L
2023-Jun-18 00:00,*,m,34.92162,12.76264,-2.149,5.332,27.149069,3.436825,5.55417815904257,49.6609,/L
2023-Jun-19 00:00,*,m,35.10996,12.82404,-2.153,5.333,177.549680,3.443309,5.54258056809792,50.4222,/L
2023-Jun-20 00:00,*,m,35.29697,12.88479,-2.156,5.334,327.952428,3.449772,5.53085031380268,51.1847,/L
2023-Jun-21 00:00,*,m,35.48264,12.94488,-2.160,5.335,118.357323,3.456215,5.51898917673138,51.9486,/L
2023-Jun-22 00:00,*,m,35.66692,13.00430,-2.163,5.336,268.764381,3.462636,5.50700011830800,52.7138,/L
2023-Jun-23 00:00,*,m,35.84980,13.06305,-2.167,5.337,59.173625,3.469037,5.49488431234490,53.4805,/L
2023-Jun-24 00:00,*,m,36.03124,13.12112,-2.171,5.338,209.585059,3.475417,5.48264562444803,54.2485,/L
2023-Jun-25 00:00,*,m,36.21122,13.17851,-2.174,5.339,359.998697,3.481774,5.47028607531727,55.0179,/L
2023-Jun-26 00:00,*,m,36.38973,13.23521,-2.178,5.340,150.414538,3.488110,5.45780800384518,55.7888,/L
2023-Jun-27 00:00,*,m,36.56674,13.29122,-2.182,5.341,300.832609,3.494422,5.44521320044839,56.5612,/L
2023-Jun-28 00:00,*,m,36.74224,13.34653,-2.186,5.342,91.252913,3.500713,5.43250374855891,57.3351,/L
2023-Jun-29 00:00,*,m,36.91620,13.40115,-2.190,5.343,241.675466,3.506980,5.41968245825345,58.1105,/L
2023-Jun-30 00:00,*,m,37.08861,13.45508,-2.194,5.344,32.100285,3.513224,5.40675044695130,58.8875,/L
2023-Jul-01 00:00,*,m,37.25943,13.50830,-2.199,5.345,182.527378,3.519444,5.39371140731215,59.6661,/L
2023-Jul-02 00:00,*,m,37.42864,13.56082,-2.203,5.346,332.956758,3.525639,5.38056710568439,60.4464,/L
2023-Jul-03 00:00,*,,37.59623,13.61265,-2.207,5.347,123.388420,3.531809,5.36731993525494,61.2283,/L
2023-Jul-04 00:00,*,,37.76214,13.66376,-2.212,5.347,273.822396,3.537953,5.35397101589171,62.0121,/L
2023-Jul-05 00:00,*,,37.92635,13.71416,-2.216,5.348,64.258690,3.544073,5.34052230495687,62.7977,/L
2023-Jul-06 00:00,*,,38.08882,13.76384,-2.221,5.349,214.697327,3.550167,5.32697604819738,63.5851,/L
2023-Jul-07 00:00,*,,38.24951,13.81278,-2.225,5.350,5.138325,3.556236,5.31333317163627,64.3745,/L
2023-Jul-08 00:00,*,,38.40839,13.86097,-2.230,5.351,155.581707,3.562280,5.29959707163081,65.1658,/L
2023-Jul-09 00:00,*,,38.56545,13.90842,-2.235,5.352,306.027490,3.568298,5.28576954184481,65.9592,/L
2023-Jul-10 00:00,*,,38.72067,13.95512,-2.239,5.352,96.475677,3.574292,5.27185347942608,66.7547,/L
2023-Jul-11 00:00,*,,38.87401,14.00106,-2.244,5.353,246.926305,3.580260,5.25785013888229,67.5523,/L
2023-Jul-12 00:00,*,,39.02545,14.04625,-2.249,5.354,37.379383,3.586205,5.24376230827155,68.3520,/L
2023-Jul-13 00:00,*,,39.17496,14.09067,-2.254,5.355,187.834938,3.592124,5.22959271087075,69.1539,/L
2023-Jul-14 00:00,*,,39.32250,14.13433,-2.259,5.355,338.292986,3.598021,5.21534322468691,69.9581,/L
2023-Jul-15 00:00,*,,39.46802,14.17721,-2.265,5.356,128.753552,3.603892,5.20101780710216,70.7645,/L
2023-Jul-16 00:00,*,,39.61149,14.21932,-2.270,5.357,279.216647,3.609740,5.18661907396416,71.5732,/L
2023-Jul-17 00:00,*,m,39.75288,14.26064,-2.275,5.357,69.682274,3.615562,5.17215083302904,72.3842,/L
2023-Jul-18 00:00,*,m,39.89215,14.30117,-2.281,5.358,220.150461,3.621359,5.15761474250478,73.1975,/L
2023-Jul-19 00:00,*,m,40.02926,14.34090,-2.286,5.359,10.621214,3.627132,5.14301435113599,74.0131,/L
2023-Jul-20 00:00,*,m,40.16419,14.37982,-2.292,5.359,161.094556,3.632879,5.12835262137143,74.8312,/L
2023-Jul-21 00:00,*,m,40.29690,14.41793,-2.297,5.360,311.570496,3.638601,5.11363209578089,75.6516,/L
2023-Jul-22 00:00,*,m,40.42735,14.45522,-2.303,5.360,102.049058,3.644296,5.09885682204913,76.4744,/L
2023-Jul-23 00:00,*,m,40.55552,14.49169,-2.309,5.361,252.530248,3.649965,5.08402989141922,77.2998,/L
2023-Jul-24 00:00,*,m,40.68139,14.52733,-2.314,5.361,43.014064,3.655605,5.06915556399042,78.1276,/L
2023-Jul-25 00:00,*,m,40.80493,14.56215,-2.320,5.362,193.500527,3.661216,5.05423563099737,78.9579,/L
2023-Jul-26 00:00,*,m,40.92613,14.59615,-2.326,5.362,343.989638,3.666799,5.03927401760260,79.7907,/L
2023-Jul-27 00:00,*,m,41.04496,14.62931,-2.332,5.362,134.481419,3.672351,5.02427360042415,80.6261,/L
2023-Jul-28 00:00,*,m,41.16139,14.66164,-2.338,5.363,284.975869,3.677873,5.00923726660689,81.4641,/L
2023-Jul-29 00:00,*,m,41.27539,14.69315,-2.345,5.363,75.473012,3.683363,4.99416870538538,82.3047,/L
2023-Jul-30 00:00,*,m,41.38693,14.72382,-2.351,5.363,225.972849,3.688820,4.97907107222945,83.1480,/L
2023-Jul-31 00:00,*,m,41.49599,14.75366,-2.357,5.364,16.475379,3.694243,4.96394847210939,83.9941,/L
2023-Aug-01 00:00,*,m,41.60252,14.78266,-2.364,5.364,166.980616,3.699633,4.94880233658562,84.8429,/L
2023-Aug-02 00:00,*,,41.70649,14.81081,-2.370,5.364,317.488566,3.704987,4.93363629506968,85.6945,/L
2023-Aug-03 00:00,*,,41.80786,14.83811,-2.376,5.364,107.999254,3.710306,4.91845260027332,86.5490,/L
2023-Aug-04 00:00,*,,41.90661,14.86454,-2.383,5.364,258.512683,3.715590,4.90325405787880,87.4065,/L
2023-Aug-05 00:00,*,,42.00270,14.89011,-2.390,5.365,49.028887,3.720839,4.88804376062714,88.2669,/L
2023-Aug-06 00:00,*,,42.09611,14.91479,-2.396,5.365,199.547872,3.726051,4.87282505848611,89.1304,/L
2023-Aug-07 00:00,*,,42.18682,14.93860,-2.403,5.365,350.069649,3.731227,4.85760227720955,89.9971,/L
2023-Aug-08 00:00,*,,42.27481,14.96154,-2.410,5.365,140.594233,3.736366,4.84237739231543,90.8668,/L
2023-Aug-09 00:00,*,,42.36004,14.98359,-2.417,5.365,291.121636,3.741468,4.82715476900913,91.7398,/L
2023-Aug-10 00:00,*,,42.44247,15.00476,-2.424,5.365,81.651880,3.746533,4.81193736594201,92.6160,/L
2023-Aug-11 00:00,*,,42.52208,15.02504,-2.431,5.364,232.184966,3.751559,4.79672920928394,93.4955,/L
2023-Aug-12 00:00,C,,42.59880,15.04443,-2.438,5.364,22.720924,3.756547,4.78153398053424,94.3782,/L
2023-Aug-13 00:00,C,,42.67262,15.06291,-2.445,5.364,173.259752,3.761495,4.76635616888408,95.2643,/L
2023-Aug-14 00:00,C,,42.74350,15.08048,-2.452,5.364,323.801454,3.766402,4.75120084202573,96.1538,/L
2023-Aug-15 00:00,C,,42.81141,15.09714,-2.459,5.364,114.346030,3.771266,4.73607083484879,97.0466,/L
2023-Aug-16 00:00,C,m,42.87632,15.11289,-2.466,5.363,264.893486,3.776086,4.72097105795978,97.9427,/L
2023-Aug-17 00:00,C,m,42.93821,15.12771,-2.474,5.363,55.443832,3.780862,4.70590484064425,98.8423,/L
2023-Aug-18 00:00,C,m,42.99706,15.14161,-2.481,5.363,205.997058,3.785592,4.69087681360156,99.7453,/L
2023-Aug-19 00:00,C,m,43.05284,15.15458,-2.489,5.362,356.553185,3.790274,4.67589058877799,100.6517,/L
2023-Aug-20 00:00,C,m,43.10553,15.16661,-2.496,5.362,147.112202,3.794907,4.66095108930368,101.5616,/L
2023-Aug-21 00:00,C,m,43.15511,15.17772,-2.503,5.362,297.674108,3.799488,4.64606340188621,102.4749,/L
2023-Aug-22 00:00,C,m,43.20158,15.18789,-2.511,5.361,88.238888,3.804017,4.63123069783529,103.3918,/L
2023-Aug-23 00:00,C,m,43.24493,15.19714,-2.518,5.361,238.806543,3.808490,4.61645783569278,104.3121,/L
2023-Aug-24 00:00,C,m,43.28513,15.20545,-2.526,5.360,29.377073,3.812908,4.60174812514845,105.2359,/L
2023-Aug-25 00:00,C,m,43.32218,15.21284,-2.534,5.359,179.950460,3.817266,4.58710635400110,106.1632,/L
2023-Aug-26 00:00,C,m,43.35605,15.21930,-2.541,5.359,330.526718,3.821565,4.57253574819896,107.0941,/L
2023-Aug-27 00:00,C,m,43.38672,15.22484,-2.549,5.358,121.105828,3.825802,4.55804129392773,108.0285,/L
2023-Aug-28 00:00,C,m,43.41416,15.22944,-2.557,5.357,271.687785,3.829973,4.54362770169721,108.9665,/L
2023-Aug-29 00:00,C,m,43.43837,15.23312,-2.564,5.357,62.272565,3.834079,4.52929816818428,109.9081,/L
2023-Aug-30 00:00,C,m,43.45933,15.23585,-2.572,5.356,212.860167,3.838116,4.51505705574375,110.8534,/L
2023-Aug-31 00:00,N,m,43.47702,15.23765,-2.580,5.355,3.450585,3.842085,4.50090736383499,111.8023,/L
2023-Sep-01 00:00,N,,43.49143,15.23850,-2.588,5.354,154.043804,3.845983,4.48685370352451,112.7550,/L
2023-Sep-02 00:00,N,,43.50256,15.23840,-2.595,5.354,304.639835,3.849809,4.47289886041766,113.7114,/L
2023-Sep-03 00:00,N,,43.51040,15.23735,-2.603,5.353,95.238662,3.853562,4.45904794896868,114.6716,/L
2023-Sep-04 00:00,N,,43.51493,15.23535,-2.611,5.352,245.840280,3.857240,4.44530565206051,115.6357,/L
2023-Sep-05 00:00,N,,43.51618,15.23242,-2.619,5.351,36.444663,3.860842,4.43167587511566,116.6036,/L
2023-Sep-06 00:00,N,,43.51412,15.22854,-2.626,5.350,187.051807,3.864365,4.41816330908986,117.5754,/L
2023-Sep-07 00:00,N,,43.50874,15.22372,-2.634,5.349,337.661695,3.867809,4.40477172539347,118.5511,/L
2023-Sep-08 00:00,N,,43.50003,15.21795,-2.642,5.348,128.274307,3.871171,4.39150653694662,119.5308,/L
2023-Sep-09 00:00,N,,43.48797,15.21124,-2.650,5.347,278.889637,3.874451,4.37837110590038,120.5143,/L
2023-Sep-10 00:00,N,,43.47256,15.20359,-2.657,5.346,69.507657,3.877645,4.36537134749842,121.5017,/L
2023-Sep-11 00:00,N,,43.45378,15.19498,-2.665,5.345,220.128349,3.880750,4.35251235525723,122.4931,/L
2023-Sep-12 00:00,N,,43.43166,15.18543,-2.672,5.344,10.751664,3.883764,4.33979890013900,123.4884,/L
2023-Sep-13 00:00,N,,43.40620,15.17493,-2.680,5.343,161.377585,3.886684,4.32723582397329,124.4875,/L
2023-Sep-14 00:00,N,,43.37740,15.16349,-2.688,5.341,312.006072,3.889509,4.31482734860392,125.4905,/L
2023-Sep-15 00:00,N,,43.34528,15.15111,-2.695,5.340,102.637089,3.892236,4.30257908439264,126.4974,/L
2023-Sep-16 00:00,N,,43.30987,15.13780,-2.703,5.339,253.270608,3.894861,4.29049442105237,127.5081,/L
2023-Sep-17 00:00,N,,43.27116,15.12356,-2.710,5.338,43.906585,3.897383,4.27857933551510,128.5226,/L
2023-Sep-18 00:00,N,m,43.22919,15.10839,-2.717,5.337,194.544984,3.899797,4.26683865284442,129.5408,/L
2023-Sep-19 00:00,A,m,43.18401,15.09232,-2.725,5.336,345.185735,3.902101,4.25527730715295,130.5628,/L
2023-Sep-20 00:00,A,m,43.13562,15.07535,-2.732,5.334,135.828804,3.904292,4.24389956813442,131.5885,/L
2023-Sep-21 00:00,A,m,43.08407,15.05749,-2.739,5.333,286.474132,3.906367,4.23270942959548,132.6178,/L
2023-Sep-22 00:00,A,m,43.02938,15.03876,-2.746,5.332,77.121668,3.908323,4.22171191029643,133.6508,/L
2023-Sep-23 00:00,A,m,42.97158,15.01915,-2.753,5.331,227.771367,3.910160,4.21090979308958,134.6873,/L
2023-Sep-24 00:00,A,m,42.91069,14.99868,-2.760,5.330,18.423173,3.911872,4.20030835755720,135.7274,/L
2023-Sep-25 00:00,A,m,42.84674,14.97736,-2.767,5.328,169.077040,3.913459,4.18991155027120,136.7710,/L
2023-Sep-26 00:00,A,m,42.77976,14.95519,-2.774,5.327,319.732886,3.914916,4.17972389004354,137.8180,/L
2023-Sep-27 00:00,A,m,42.70979,14.93218,-2.780,5.326,110.390668,3.916244,4.16974863921824,138.8686,/L
2023-Sep-28 00:00,A,m,42.63688,14.90834,-2.787,5.325,261.050320,3.917439,4.15998930518482,139.9225,/L
2023-Sep-29 00:00,A,m,42.56106,14.88368,-2.793,5.323,51.711788,3.918499,4.15045017258506,140.9799,/L
2023-Sep-30 00:00,A,m,42.48239,14.85820,-2.799,5.322,202.375017,3.919426,4.14113364392406,142.0406,/L
2023-Oct-01 00:00,A,m,42.40092,14.83192,-2.805,5.321,353.039950,3.920215,4.13204463225307,143.1047,/L
2023-Oct-02 00:00,A,m,42.31669,14.80486,-2.811,5.320,143.706532,3.920866,4.12318688716507,144.1722,/L
2023-Oct-03 00:00,A,,42.22976,14.77703,-2.817,5.319,294.374675,3.921376,4.11456531295560,145.2429,/L
2023-Oct-04 00:00,A,,42.14017,14.74844,-2.823,5.318,85.044322,3.921744,4.10618314574477,146.3170,/L
2023-Oct-05 00:00,A,,42.04797,14.71912,-2.829,5.317,235.715389,3.921970,4.09804438332368,147.3942,/L
2023-Oct-06 00:00,A,,41.95322,14.68907,-2.834,5.315,26.387809,3.922049,4.09015338309051,148.4747,/L
2023-Oct-07 00:00,A,,41.85596,14.65831,-2.840,5.314,177.061501,3.921984,4.08251285722593,149.5582,/L
2023-Oct-08 00:00,,,41.75625,14.62685,-2.845,5.313,327.736392,3.921769,4.07512759291693,150.6448,/L
2023-Oct-09 00:00,,,41.65414,14.59470,-2.850,5.312,118.412402,3.921405,4.06800115156261,151.7343,/L
2023-Oct-10 00:00,,,41.54972,14.56189,-2.854,5.311,269.089425,3.920889,4.06113841343520,152.8266,/L
2023-Oct-11 00:00,,,41.44305,14.52843,-2.859,5.310,59.767381,3.920219,4.05454202249488,153.9218,/L
2023-Oct-12 00:00,,,41.33423,14.49435,-2.864,5.309,210.446167,3.919394,4.04821570021074,155.0196,/L
2023-Oct-13 00:00,,,41.22331,14.45967,-2.868,5.309,1.125697,3.918413,4.04216302534458,156.1200,/L
2023-Oct-14 00:00,,,41.11041,14.42441,-2.872,5.308,151.805868,3.917275,4.03638627546605,157.2228,/L
2023-Oct-15 00:00,,,40.99559,14.38859,-2.876,5.307,302.486594,3.915977,4.03088931876688,158.3279,/L
2023-Oct-16 00:00,,,40.87893,14.35225,-2.880,5.306,93.167776,3.914520,4.02567492465913,159.4353,/L
2023-Oct-17 00:00,,,40.76055,14.31540,-2.883,5.305,243.849293,3.912901,4.02074729834492,160.5446,/L
2023-Oct-18 00:00,,,40.64053,14.27809,-2.887,5.305,34.531047,3.911120,4.01610798858737,161.6559,/L
2023-Oct-19 00:00,,m,40.51898,14.24034,-2.890,5.304,185.212922,3.909175,4.01175985875669,162.7688,/L
2023-Oct-20 00:00,,m,40.39596,14.20218,-2.893,5.303,335.894819,3.907067,4.00770509912859,163.8832,/L
2023-Oct-21 00:00,,m,40.27160,14.16363,-2.895,5.303,126.576622,3.904796,4.00394495893655,164.9989,/L
2023-Oct-22 00:00,,m,40.14595,14.12473,-2.898,5.302,277.258240,3.902362,4.00048167224383,166.1156,/L
2023-Oct-23 00:00,,m,40.01911,14.08549,-2.900,5.302,67.939566,3.899766,3.99731660107940,167.2331,/L
2023-Oct-24 00:00,,m,39.89118,14.04594,-2.902,5.301,218.620480,3.897008,3.99445259560152,168.3509,/L
2023-Oct-25 00:00,,m,39.76226,14.00612,-2.904,5.301,9.300884,3.894088,3.99188967786536,169.4685,/L
2023-Oct-26 00:00,,m,39.63245,13.96604,-2.906,5.301,159.980663,3.891009,3.98962950663947,170.5853,/L
2023-Oct-27 00:00,,m,39.50185,13.92574,-2.907,5.300,310.659726,3.887773,3.98767281156621,171.7003,/L
2023-Oct-28 00:00,,m,39.37059,13.88525,-2.908,5.300,101.337958,3.884381,3.98602005006504,172.8119,/L
2023-Oct-29 00:00,,m,39.23874,13.84459,-2.909,5.300,252.015279,3.880836,3.98467229161876,173.9176,/L
2023-Oct-30 00:00,,m,39.10640,13.80381,-2.910,5.300,42.691586,3.877140,3.98363031245847,175.0125,/L
2023-Oct-31 00:00,,m,38.97367,13.76293,-2.910,5.300,193.366766,3.873295,3.98289652465491,176.0866,/L
2023-Nov-01 00:00,,m,38.84065,13.72198,-2.911,5.300,344.040717,3.869302,3.98247059827267,177.1155,/L
2023-Nov-02 00:00,,,38.70744,13.68100,-2.911,5.300,134.713326,3.865165,3.98235404386572,178.0251,/L
2023-Nov-03 00:00,,,38.57411,13.64001,-2.910,5.300,285.384497,3.860885,3.98254711349692,178.5651,/L
2023-Nov-04 00:00,,,38.44079,13.59905,-2.910,5.300,76.054107,3.856466,3.98305020200241,178.3264,/T
2023-Nov-05 00:00,,,38.30754,13.55814,-2.910,5.300,226.722072,3.851909,3.98386358062496,177.5240,/T
2023-Nov-06 00:00,,,38.17449,13.51731,-2.909,5.300,17.388280,3.847218,3.98498749635410,176.5287,/T
2023-Nov-07 00:00,,,38.04172,13.47659,-2.908,5.300,168.052618,3.842393,3.98642352314831,175.4656,/T
2023-Nov-08 00:00,,,37.90936,13.43603,-2.907,5.301,318.714975,3.837439,3.98817043830666,174.3729,/T
2023-Nov-09 00:00,,,37.77751,13.39566,-2.905,5.301,109.375237,3.832358,3.99022874688239,173.2651,/T
2023-Nov-10 00:00,,,37.64628,13.35551,-2.904,5.301,260.033310,3.827152,3.99259735786501,172.1486,/T
2023-Nov-11 00:00,,,37.51580,13.31562,-2.902,5.302,50.689070,3.821826,3.99527570519871,171.0268,/T
2023-Nov-12 00:00,,,37.38615,13.27602,-2.900,5.302,201.342439,3.816383,3.99826243834186,169.9018,/T
2023-Nov-13 00:00,,,37.25745,13.23676,-2.897,5.303,351.993308,3.810827,4.00155659460512,168.7746,/T
2023-Nov-14 00:00,,,37.12979,13.19786,-2.895,5.303,142.641578,3.805158,4.00515825901268,167.6462,/T
2023-Nov-15 00:00,,,37.00329,13.15936,-2.892,5.304,293.287141,3.799383,4.00906491435883,166.5171,/T
2023-Nov-16 00:00,,,36.87804,13.12131,-2.889,5.304,83.929900,3.793504,4.01327561688083,165.3878,/T
2023-Nov-17 00:00,,m,36.75413,13.08374,-2.886,5.305,234.569771,3.787526,4.01778765474102,164.2586,/T
2023-Nov-18 00:00,,m,36.63166,13.04667,-2.882,5.306,25.206647,3.781453,4.02259921647904,163.1298,/T
2023-Nov-19 00:00,,m,36.51071,13.01012,-2.878,5.307,175.840467,3.775290,4.02770714281855,162.0017,/T
2023-Nov-20 00:00,,m,36.39135,12.97414,-2.875,5.307,326.471143,3.769042,4.03310915766977,160.8745,/T
2023-Nov-21 00:00,,m,36.27368,12.93874,-2.871,5.308,117.098601,3.762713,4.03880379175873,159.7483,/T
2023-Nov-22 00:00,,m,36.15778,12.90396,-2.866,5.309,267.722757,3.756307,4.04478744017714,158.6233,/T
2023-Nov-23 00:00,,m,36.04375,12.86981,-2.862,5.310,58.343539,3.749831,4.05105796484894,157.4996,/T
2023-Nov-24 00:00,,m,35.93168,12.83634,-2.857,5.311,208.960886,3.743289,4.05761158809011,156.3774,/T
2023-Nov-25 00:00,,m,35.82165,12.80357,-2.852,5.312,359.574720,3.736687,4.06444590750680,155.2567,/T
2023-Nov-26 00:00,,m,35.71373,12.77153,-2.847,5.313,150.185001,3.730030,4.07155684077339,154.1377,/T
2023-Nov-27 00:00,,m,35.60799,12.74024,-2.842,5.314,300.791666,3.723325,4.07894177433276,153.0204,/T
2023-Nov-28 00:00,,m,35.50449,12.70973,-2.837,5.315,91.394665,3.716575,4.08659866974788,151.9049,/T
2023-Nov-29 00:00,,m,35.40330,12.68003,-2.831,5.316,241.993929,3.709785,4.09452391336105,150.7913,/T
2023-Nov-30 00:00,,m,35.30448,12.65114,-2.826,5.318,32.589407,3.702960,4.10271504694453,149.6797,/T
2023-Dec-01 00:00,,,35.20809,12.62310,-2.820,5.319,183.181051,3.696105,4.11116806086297,148.5701,/T
2023-Dec-02 00:00,,,35.11419,12.59593,-2.814,5.320,333.768798,3.689225,4.11988048131574,147.4626,/T
2023-Dec-03 00:00,,,35.02283,12.56964,-2.808,5.321,124.352620,3.682325,4.12884768405740,146.3573,/T
2023-Dec-04 00:00,,,34.93407,12.54426,-2.802,5.322,274.932466,3.675409,4.13806680037338,145.2542,/T
2023-Dec-05 00:00,,,34.84797,12.51979,-2.795,5.324,65.508303,3.668480,4.14753506966877,144.1534,/T
2023-Dec-06 00:00,,,34.76459,12.49627,-2.789,5.325,216.080071,3.661544,4.15724862873407,143.0550,/T
2023-Dec-07 00:00,,,34.68399,12.47371,-2.782,5.326,6.647737,3.654603,4.16720424390177,141.9591,/T
2023-Dec-08 00:00,,,34.60623,12.45214,-2.775,5.328,157.211265,3.647663,4.17739726954731,140.8657,/T
2023-Dec-09 00:00,,,34.53137,12.43158,-2.768,5.329,307.770608,3.640727,4.18782461807003,139.7750,/T
2023-Dec-10 00:00,,,34.45946,12.41204,-2.761,5.330,98.325752,3.633800,4.19848071598450,138.6869,/T
2023-Dec-11 00:00,,,34.39056,12.39355,-2.754,5.331,248.876664,3.626886,4.20936196600743,137.6015,/T
2023-Dec-12 00:00,,,34.32468,12.37611,-2.747,5.333,39.423331,3.619987,4.22046444420891,136.5190,/T
2023-Dec-13 00:00,,,34.26190,12.35976,-2.739,5.334,189.965711,3.613108,4.23178366399015,135.4394,/T
2023-Dec-14 00:00,,,34.20223,12.34450,-2.732,5.335,340.503794,3.606253,4.24331518240894,134.3627,/T
2023-Dec-15 00:00,,,34.14572,12.33035,-2.725,5.337,131.037561,3.599426,4.25505341234356,133.2891,/T
2023-Dec-16 00:00,,m,34.09238,12.31731,-2.717,5.338,281.566997,3.592629,4.26699427695409,132.2186,/T
2023-Dec-17 00:00,,m,34.04224,12.30538,-2.709,5.339,72.092109,3.585869,4.27913112656760,131.1512,/T
2023-Dec-18 00:00,,m,33.99531,12.29458,-2.702,5.341,222.612894,3.579149,4.29145955677988,130.0871,/T
2023-Dec-19 00:00,,m,33.95162,12.28491,-2.694,5.342,13.129369,3.572472,4.30397466399405,129.0262,/T
2023-Dec-20 00:00,,m,33.91120,12.27637,-2.686,5.343,163.641521,3.565843,4.31667180246337,127.9686,/T
2023-Dec-21 00:00,,m,33.87406,12.26896,-2.678,5.344,314.149369,3.559264,4.32954602264711,126.9144,/T
2023-Dec-22 00:00,,m,33.84025,12.26271,-2.670,5.346,104.652918,3.552740,4.34259184170802,125.8635,/T
2023-Dec-23 00:00,,m,33.80976,12.25761,-2.662,5.347,255.152179,3.546274,4.35580531526236,124.8159,/T
2023-Dec-24 00:00,,m,33.78261,12.25366,-2.654,5.348,45.647175,3.539871,4.36918010366948,123.7718,/T
2023-Dec-25 00:00,,m,33.75881,12.25088,-2.646,5.349,196.137923,3.533532,4.38271224547342,122.7309,/T
2023-Dec-26 00:00,,m,33.73833,12.24925,-2.638,5.350,346.624455,3.527261,4.39639706605310,121.6935,/T
2023-Dec-27 00:00,,m,33.72120,12.24878,-2.630,5.352,137.106768,3.521061,4.41023073988531,120.6594,/T
2023-Dec-28 00:00,,m,33.70740,12.24946,-2.621,5.353,287.584892,3.514932,4.42420851205689,119.6287,/T
2023-Dec-29 00:00,,m,33.69694,12.25130,-2.613,5.354,78.058839,3.508879,4.43832545697913,118.6013,/T
2023-Dec-30 00:00,,,33.68983,12.25429,-2.605,5.355,228.528629,3.502902,4.45257780156750,117.5773,/T
2023-Dec-31 00:00,,,33.68605,12.25843,-2.597,5.356,18.994288,3.497005,4.46695944777844,116.5567,/T
2024-Jan-01 00:00,,,33.68561,12.26372,-2.589,5.357,169.455843,3.491188,4.48146645711491,115.5395,/T
2024-Jan-02 00:00,,,33.68850,12.27014,-2.580,5.358,319.913332,3.485454,4.49609392862906,114.5256,/T
2024-Jan-03 00:00,,,33.69474,12.27771,-2.572,5.359,110.366762,3.479804,4.51083828558417,113.5150,/T
2024-Jan-04 00:00,,,33.70431,12.28641,-2.564,5.360,260.816171,3.474239,4.52569444297916,112.5078,/T
2024-Jan-05 00:00,,,33.71723,12.29626,-2.556,5.361,51.261578,3.468760,4.54065758979323,111.5040,/T
2024-Jan-06 00:00,,,33.73349,12.30724,-2.548,5.362,201.703016,3.463368,4.55572367273261,110.5036,/T
2024-Jan-07 00:00,,,33.75310,12.31936,-2.539,5.362,352.140512,3.458065,4.57088661830849,109.5066,/T
2024-Jan-08 00:00,,,33.77604,12.33261,-2.531,5.363,142.574107,3.452851,4.58614221305968,108.5129,/T
2024-Jan-09 00:00,,,33.80231,12.34698,-2.523,5.364,293.003846,3.447728,4.60148518113764,107.5226,/T
2024-Jan-10 00:00,,,33.83188,12.36248,-2.515,5.365,83.429746,3.442695,4.61691194828302,106.5357,/T
2024-Jan-11 00:00,,,33.86475,12.37910,-2.507,5.365,233.851854,3.437754,4.63241690079021,105.5523,/T
2024-Jan-12 00:00,,,33.90089,12.39682,-2.499,5.366,24.270199,3.432905,4.64799508861045,104.5723,/T
2024-Jan-13 00:00,,,33.94028,12.41563,-2.491,5.367,174.684828,3.428149,4.66364183540941,103.5958,/T
2024-Jan-14 00:00,,m,33.98292,12.43553,-2.483,5.367,325.095779,3.423487,4.67935089784204,102.6227,/T
2024-Jan-15 00:00,,m,34.02876,12.45650,-2.475,5.368,115.503110,3.418921,4.69511754381276,101.6531,/T
2024-Jan-16 00:00,,m,34.07779,12.47851,-2.467,5.368,265.906880,3.414451,4.71093617263440,100.6870,/T
2024-Jan-17 00:00,,m,34.13001,12.50158,-2.459,5.369,56.307126,3.410078,4.72680337916109,99.7244,/T
2024-Jan-18 00:00,,m,34.18539,12.52567,-2.452,5.369,206.703909,3.405803,4.74271359333564,98.7652,/T
2024-Jan-19 00:00,,m,34.24392,12.55080,-2.444,5.370,357.097269,3.401626,4.75866253792867,97.8095,/T
2024-Jan-20 00:00,,m,34.30557,12.57694,-2.436,5.370,147.487267,3.397547,4.77464594111861,96.8571,/T
2024-Jan-21 00:00,,m,34.37032,12.60410,-2.428,5.370,297.873944,3.393567,4.79065866366685,95.9083,/T
2024-Jan-22 00:00,,m,34.43813,12.63224,-2.421,5.371,88.257365,3.389686,4.80669663486209,94.9627,/T
2024-Jan-23 00:00,,m,34.50896,12.66135,-2.413,5.371,238.637587,3.385905,4.82275512487324,94.0205,/T
2024-Jan-24 00:00,,m,34.58278,12.69143,-2.406,5.371,29.014651,3.382223,4.83883173047180,93.0816,/T
2024-Jan-25 00:00,,m,34.65957,12.72245,-2.398,5.371,179.388613,3.378638,4.85492161915668,92.1460,/T
2024-Jan-26 00:00,,m,34.73929,12.75441,-2.391,5.372,329.759509,3.375152,4.87102147093937,91.2135,/T
2024-Jan-27 00:00,,m,34.82191,12.78728,-2.384,5.372,120.127397,3.371762,4.88712740071823,90.2843,/T
2024-Jan-28 00:00,,,34.90742,12.82105,-2.376,5.372,270.492311,3.368469,4.90323513824893,89.3583,/T
2024-Jan-29 00:00,,,34.99579,12.85572,-2.369,5.372,60.854313,3.365272,4.91934073912991,88.4353,/T
2024-Jan-30 00:00,,,35.08699,12.89126,-2.362,5.372,211.213455,3.362170,4.93543977271632,87.5155,/T
2024-Jan-31 00:00,,,35.18101,12.92766,-2.355,5.372,1.569777,3.359162,4.95153003057606,86.5988,/T
2024-Feb-01 00:00,,,35.27782,12.96492,-2.348,5.372,151.923330,3.356246,4.96760676489578,85.6851,/T
2024-Feb-02 00:00,,,35.37741,13.00302,-2.341,5.372,302.274151,3.353422,4.98366686904482,84.7744,/T
2024-Feb-03 00:00,,,35.47975,13.04196,-2.334,5.372,92.622299,3.350688,4.99970621691010,83.8667,/T
2024-Feb-04 00:00,,,35.58483,13.08172,-2.328,5.372,242.967803,3.348044,5.01572087734026,82.9620,/T
2024-Feb-05 00:00,,,35.69262,13.12229,-2.321,5.371,33.310727,3.345489,5.03170655210563,82.0602,/T
2024-Feb-06 00:00,,,35.80308,13.16365,-2.314,5.371,183.651124,3.343021,5.04765880208811,81.1614,/T
2024-Feb-07 00:00,,,35.91619,13.20581,-2.308,5.371,333.989040,3.340640,5.06357522390647,80.2654,/T
2024-Feb-08 00:00,,,36.03191,13.24872,-2.301,5.371,124.324524,3.338343,5.07945100231420,79.3724,/T
2024-Feb-09 00:00,,,36.15021,13.29240,-2.295,5.370,274.657619,3.336131,5.09528299154395,78.4823,/T
2024-Feb-10 00:00,,,36.27104,13.33680,-2.289,5.370,64.988388,3.334001,5.11106670444349,77.5951,/T
2024-Feb-11 00:00,,,36.39439,13.38192,-2.282,5.370,215.316866,3.331954,5.12679845880477,76.7108,/T
2024-Feb-12 00:00,,m,36.52023,13.42773,-2.276,5.369,5.643123,3.329989,5.14247362388440,75.8294,/T
2024-Feb-13 00:00,,m,36.64853,13.47423,-2.270,5.369,155.967215,3.328106,5.15808798056428,74.9508,/T
2024-Feb-14 00:00,A,m,36.77926,13.52139,-2.264,5.369,306.289202,3.326302,5.17363921779225,74.0752,/T
2024-Feb-15 00:00,A,m,36.91239,13.56920,-2.258,5.368,96.609133,3.324579,5.18912313707419,73.2024,/T
2024-Feb-16 00:00,A,m,37.04792,13.61766,-2.252,5.368,246.927058,3.322934,5.20453728957951,72.3324,/T
2024-Feb-17 00:00,A,m,37.18578,13.66674,-2.246,5.367,37.243038,3.321366,5.21987783447708,71.4652,/T
2024-Feb-18 00:00,A,m,37.32596,13.71644,-2.241,5.367,187.557107,3.319875,5.23514232455000,70.6008,/T
2024-Feb-19 00:00,A,m,37.46841,13.76673,-2.235,5.366,337.869332,3.318460,5.25032678374777,69.7392,/T
2024-Feb-20 00:00,A,m,37.61311,13.81760,-2.229,5.366,128.179761,3.317120,5.26542804495016,68.8802,/T
2024-Feb-21 00:00,A,m,37.75998,13.86903,-2.224,5.365,278.488450,3.315852,5.28044436124479,68.0239,/T
2024-Feb-22 00:00,A,m,37.90903,13.92099,-2.218,5.364,68.795439,3.314656,5.29537249697840,67.1703,/T
2024-Feb-23 00:00,A,m,38.06020,13.97349,-2.213,5.364,219.100773,3.313530,5.31021061932103,66.3192,/T
2024-Feb-24 00:00,A,m,38.21347,14.02649,-2.208,5.363,9.404504,3.312472,5.32495535993079,65.4707,/T
2024-Feb-25 00:00,A,m,38.36883,14.07999,-2.203,5.362,159.706660,3.311481,5.33960504400605,64.6247,/T
2024-Feb-26 00:00,A,m,38.52624,14.13397,-2.198,5.362,310.007298,3.310555,5.35415589540355,63.7811,/T
2024-Feb-27 00:00,A,,38.68569,14.18841,-2.193,5.361,100.306459,3.309693,5.36860527701642,62.9400,/T
2024-Feb-28 00:00,A,,38.84713,14.24331,-2.188,5.360,250.604197,3.308892,5.38295141612343,62.1013,/T
2024-Feb-29 00:00,A,,39.01056,14.29866,-2.183,5.360,40.900543,3.308152,5.39719160022400,61.2649,/T
2024-Mar-01 00:00,A,,39.17595,14.35444,-2.178,5.359,191.195539,3.307469,5.41132406309263,60.4309,/T
2024-Mar-02 00:00,A,,39.34329,14.41063,-2.173,5.358,341.489228,3.306844,5.42534552106349,59.5991,/T
2024-Mar-03 00:00,A,,39.51254,14.46725,-2.168,5.357,131.781637,3.306273,5.43925453520343,58.7696,/T
2024-Mar-04 00:00,A,,39.68369,14.52426,-2.164,5.357,282.072818,3.305755,5.45304713378900,57.9423,/T
2024-Mar-05 00:00,A,,39.85671,14.58166,-2.159,5.356,72.362808,3.305290,5.46672073166537,57.1173,/T
2024-Mar-06 00:00,A,,40.03156,14.63942,-2.155,5.355,222.651662,3.304875,5.48027301988634,56.2944,/T
2024-Mar-07 00:00,A,,40.20820,14.69755,-2.150,5.354,12.939408,3.304509,5.49370139083374,55.4737,/T
2024-Mar-08 00:00,A,,40.38661,14.75602,-2.146,5.354,163.226093,3.304191,5.50700365671400,54.6552,/T
2024-Mar-09 00:00,A,,40.56676,14.81481,-2.142,5.353,313.511759,3.303919,5.52017634173163,53.8388,/T
2024-Mar-10 00:00,A,,40.74861,14.87390,-2.138,5.352,103.796443,3.303692,5.53321791781205,53.0245,/T
2024-Mar-11 00:00,A,,40.93216,14.93329,-2.134,5.351,254.080197,3.303511,5.54612425035345,52.2123,/T
2024-Mar-12 00:00,A,m,41.11739,14.99295,-2.130,5.350,44.363063,3.303373,5.55889296356577,51.4023,/T
2024-Mar-13 00:00,A,m,41.30425,15.05288,-2.126,5.350,194.645104,3.303279,5.57152166208016,50.5944,/T
2024-Mar-14 00:00,N,m,41.49274,15.11306,-2.122,5.349,344.926350,3.303227,5.58400860403852,49.7886,/T
2024-Mar-15 00:00,N,m,41.68282,15.17348,-2.118,5.348,135.206851,3.303216,5.59635212530833,48.9849,/T
2024-Mar-16 00:00,N,m,41.87446,15.23413,-2.114,5.347,285.486647,3.303244,5.60854979301128,48.1832,/T
2024-Mar-17 00:00,N,m,42.06762,15.29500,-2.110,5.346,75.765771,3.303311,5.62060110389950,47.3836,/T
2024-Mar-18 00:00,N,m,42.26227,15.35607,-2.107,5.345,226.044266,3.303416,5.63250297649314,46.5860,/T
2024-Mar-19 00:00,N,m,42.45839,15.41733,-2.103,5.345,16.322168,3.303557,5.64425408591511,45.7903,/T
2024-Mar-20 00:00,N,m,42.65592,15.47875,-2.100,5.344,166.599528,3.303732,5.65585251369941,44.9966,/T
2024-Mar-21 00:00,N,m,42.85485,15.54034,-2.096,5.343,316.876370,3.303941,5.66729753162053,44.2049,/T
2024-Mar-22 00:00,N,m,43.05515,15.60206,-2.093,5.342,107.152734,3.304182,5.67858776068131,43.4150,/T
2024-Mar-23 00:00,N,m,43.25680,15.66391,-2.090,5.341,257.428649,3.304453,5.68972135848297,42.6269,/T
2024-Mar-24 00:00,N,m,43.45978,15.72588,-2.086,5.341,47.704147,3.304752,5.70069803483517,41.8406,/T
2024-Mar-25 00:00,N,m,43.66408,15.78795,-2.083,5.340,197.979256,3.305079,5.71151505763088,41.0561,/T
2024-Mar-26 00:00,N,m,43.86968,15.85013,-2.080,5.339,348.254010,3.305431,5.72217130539396,40.2734,/T
2024-Mar-27 00:00,N,,44.07654,15.91239,-2.077,5.338,138.528455,3.305808,5.73266467593057,39.4923,/T
2024-Mar-28 00:00,N,,44.28467,15.97473,-2.074,5.337,288.802610,3.306208,5.74299483593231,38.7129,/T
2024-Mar-29 00:00,N,,44.49402,16.03713,-2.071,5.337,79.076513,3.306630,5.75316023720204,37.9351,/T
2024-Mar-30 00:00,N,,44.70460,16.09960,-2.068,5.336,229.350186,3.307071,5.76315932770314,37.1588,/T
2024-Mar-31 00:00,N,,44.91637,16.16212,-2.065,5.335,19.623660,3.307530,5.77299167140622,36.3842,/T
2024-Apr-01 00:00,N,,45.12932,16.22469,-2.063,5.334,169.896959,3.308006,5.78265474519954,35.6110,/T
2024-Apr-02 00:00,N,,45.34342,16.28729,-2.060,5.334,320.170114,3.308498,5.79214733918830,34.8394,/T
2024-Apr-03 00:00,N,,45.55864,16.34991,-2.057,5.333,110.443170,3.309005,5.80146698999333,34.0692,/T
2024-Apr-04 00:00,N,,45.77495,16.41254,-2.055,5.332,260.716144,3.309526,5.81061342751503,33.3005,/T
2024-Apr-05 00:00,N,,45.99232,16.47516,-2.052,5.332,50.989077,3.310060,5.81958467212255,32.5331,/T
2024-Apr-06 00:00,N,,46.21073,16.53776,-2.050,5.331,201.261990,3.310605,5.82837920712413,31.7672,/T
2024-Apr-07 00:00,N,,46.43016,16.60033,-2.047,5.330,351.534921,3.311162,5.83699615126531,31.0027,/T
2024-Apr-08 00:00,N,,46.65061,16.66285,-2.045,5.329,141.807893,3.311729,5.84543314709394,30.2395,/T
2024-Apr-09 00:00,N,,46.87205,16.72533,-2.043,5.329,292.080944,3.312306,5.85368887707720,29.4778,/T
2024-Apr-10 00:00,N,m,47.09448,16.78774,-2.041,5.328,82.354121,3.312894,5.86176086601798,28.7174,/T
2024-Apr-11 00:00,N,m,47.31786,16.85008,-2.038,5.328,232.627448,3.313491,5.86964934313314,27.9584,/T
2024-Apr-12 00:00,C,m,47.54216,16.91235,-2.036,5.327,22.900966,3.314096,5.87735271442238,27.2008,/T
2024-Apr-13 00:00,C,m,47.76735,16.97453,-2.034,5.326,173.174697,3.314709,5.88487047113043,26.4445,/T
2024-Apr-14 00:00,C,m,47.99340,17.03661,-2.032,5.326,323.448679,3.315329,5.89220232494281,25.6895,/T
2024-Apr-15 00:00,C,m,48.22028,17.09858,-2.030,5.325,113.722926,3.315955,5.89934721908103,24.9358,/T
2024-Apr-16 00:00,C,m,48.44797,17.16044,-2.028,5.325,263.997471,3.316585,5.90630460480682,24.1835,/T
2024-Apr-17 00:00,C,m,48.67643,17.22215,-2.026,5.324,54.272351,3.317221,5.91307276133511,23.4324,/T
2024-Apr-18 00:00,C,m,48.90565,17.28372,-2.025,5.324,204.547585,3.317859,5.91965266285548,22.6825,/T
2024-Apr-19 00:00,C,m,49.13559,17.34514,-2.023,5.323,354.823203,3.318499,5.92604316508993,21.9338,/T
2024-Apr-20 00:00,C,m,49.36624,17.40639,-2.021,5.323,145.099219,3.319140,5.93224443053857,21.1863,/T
2024-Apr-21 00:00,C,m,49.59759,17.46747,-2.020,5.322,295.375666,3.319780,5.93825619138609,20.4399,/T
2024-Apr-22 00:00,C,m,49.82963,17.52837,-2.018,5.322,85.652548,3.320419,5.94407801897619,19.6947,/T
2024-Apr-23 00:00,C,m,50.06234,17.58909,-2.016,5.321,235.929895,3.321055,5.94970931690978,18.9505,/T
2024-Apr-24 00:00,C,m,50.29571,17.64961,-2.015,5.321,26.207733,3.321688,5.95514843961665,18.2074,/T
2024-Apr-25 00:00,C,,50.52972,17.70994,-2.013,5.321,176.486081,3.322316,5.96039628019379,17.4653,/T
2024-Apr-26 00:00,C,,50.76435,17.77007,-2.012,5.320,326.764965,3.322939,5.96545157678911,16.7242,/T
2024-Apr-27 00:00,C,,50.99959,17.82999,-2.011,5.320,117.044396,3.323555,5.97031454962337,15.9840,/T
2024-Apr-28 00:00,C,,51.23541,17.88970,-2.009,5.320,267.324406,3.324164,5.97498446494612,15.2448,/T
2024-Apr-29 00:00,C,,51.47180,17.94919,-2.008,5.319,57.604996,3.324764,5.97946109657330,14.5065,/T
2024-Apr-30 00:00,C,,51.70872,18.00846,-2.007,5.319,207.886197,3.325355,5.98374340866276,13.7691,/T
2024-May-01 00:00,C,,51.94617,18.06749,-2.006,5.319,358.168033,3.325937,5.98782960992946,13.0326,/T
2024-May-02 00:00,C,,52.18410,18.12628,-2.005,5.319,148.450530,3.326509,5.99172017266268,12.2969,/T
2024-May-03 00:00,C,,52.42249,18.18480,-2.003,5.318,298.733712,3.327070,5.99541364702235,11.5621,/T
2024-May-04 00:00,C,,52.66133,18.24306,-2.002,5.318,89.017595,3.327621,5.99891019025379,10.8282,/T
2024-May-05 00:00,C,,52.90060,18.30104,-2.001,5.318,239.302215,3.328160,6.00220869743273,10.0951,/T
2024-May-06 00:00,C,,53.14030,18.35874,-2.001,5.318,29.587579,3.328689,6.00530931496401,9.3630,/T
2024-May-07 00:00,C,,53.38042,18.41616,-2.000,5.318,179.873721,3.329206,6.00821091679588,8.6319,/T
2024-May-08 00:00,C,,53.62093,18.47328,-1.999,5.318,330.160665,3.329712,6.01091214796455,7.9019,/T
2024-May-09 00:00,C,m,53.86180,18.53011,-1.998,5.318,120.448443,3.330207,6.01341363306124,7.1731,/T
2024-May-10 00:00,*,m,54.10302,18.58664,-1.997,5.318,270.737078,3.330690,6.01571460606799,6.4456,/T
2024-May-11 00:00,*,m,54.34454,18.64287,-1.997,5.318,61.026589,3.331162,6.01781594742189,5.7199,/T
2024-May-12 00:00,*,m,54.58634,18.69877,-1.996,5.318,211.317007,3.331621,6.01971709897102,4.9963,/T
2024-May-13 00:00,*,m,54.82838,18.75436,-1.995,5.318,1.608335,3.332067,6.02141930065572,4.2756,/T
2024-May-14 00:00,*,m,55.07065,18.80961,-1.995,5.318,151.900602,3.332500,6.02292196973286,3.5591,/T
2024-May-15 00:00,*,m,55.31313,18.86452,-1.994,5.318,302.193824,3.332920,6.02422461937951,2.8498,/T
2024-May-16 00:00,*,m,55.55579,18.91908,-1.994,5.318,92.488029,3.333325,6.02532807308478,2.1539,/T
2024-May-17 00:00,*,m,55.79862,18.97327,-1.993,5.318,242.783233,3.333716,6.02623218728529,1.4898,/T
2024-May-18 00:00,*,m,56.04160,19.02707,-1.993,5.318,33.079449,3.334090,6.02693814312859,0.9272,/T
2024-May-19 00:00,*,m,56.28458,19.08048,-1.993,5.318,183.376703,3.334449,6.02744551807304,0.7467,/T
2024-May-20 00:00,*,m,56.52772,19.13366,-1.992,5.318,333.674995,3.334791,6.02775601053486,1.1453,/L
2024-May-21 00:00,*,m,56.77103,19.18645,-1.992,5.318,123.974348,3.335114,6.02786906488323,1.7665,/L
2024-May-22 00:00,*,m,57.01443,19.23884,-1.992,5.318,274.274770,3.335420,6.02778456515775,2.4459,/L
2024-May-23 00:00,*,m,57.25791,19.29084,-1.992,5.319,64.576291,3.335708,6.02750301506768,3.1458,/L
2024-May-24 00:00,*,,57.50144,19.34247,-1.992,5.319,214.878918,3.335976,6.02702452331996,3.8550,/L
2024-May-25 00:00,*,,57.74499,19.39372,-1.992,5.319,5.182666,3.336225,6.02635009047951,4.5690,/L
2024-May-26 00:00,*,,57.98856,19.44459,-1.992,5.319,155.487555,3.336453,6.02547909867735,5.2859,/L
2024-May-27 00:00,*,,58.23212,19.49507,-1.992,5.319,305.793588,3.336661,6.02441316253038,6.0045,/L
2024-May-28 00:00,*,,58.47564,19.54516,-1.993,5.320,96.100783,3.336848,6.02315134139116,6.7244,/L
2024-May-29 00:00,*,,58.71911,19.59485,-1.993,5.320,246.409150,3.337014,6.02169340361516,7.4452,/L
2024-May-30 00:00,*,,58.96250,19.64414,-1.993,5.320,36.718724,3.337160,6.02003905139232,8.1666,/L
2024-May-31 00:00,*,,59.20579,19.69302,-1.993,5.321,187.029513,3.337286,6.01818829385697,8.8886,/L
2024-Jun-01 00:00,*,,59.44896,19.74148,-1.994,5.321,337.341542,3.337391,6.01614163828942,9.6110,/L
2024-Jun-02 00:00,*,,59.69200,19.78952,-1.994,5.321,127.654832,3.337477,6.01389830109554,10.3338,/L
2024-Jun-03 00:00,*,,59.93491,19.83713,-1.994,5.322,277.969397,3.337543,6.01145988190318,11.0569,/L
2024-Jun-04 00:00,*,,60.17765,19.88432,-1.995,5.322,68.285259,3.337590,6.00882556176312,11.7803,/L
2024-Jun-05 00:00,*,,60.42023,19.93108,-1.995,5.322,218.602432,3.337618,6.00599564651800,12.5040,/L
2024-Jun-06 00:00,*,m,60.66259,19.97742,-1.996,5.323,8.920955,3.337627,6.00296993127055,13.2280,/L
2024-Jun-07 00:00,*,m,60.90472,20.02333,-1.997,5.323,159.240837,3.337619,5.99974935692688,13.9522,/L
2024-Jun-08 00:00,*,m,61.14657,20.06881,-1.997,5.324,309.562105,3.337592,5.99633496713521,14.6767,/L
2024-Jun-09 00:00,*,m,61.38811,20.11385,-1.998,5.324,99.884775,3.337548,5.99272692284273,15.4015,/L
2024-Jun-10 00:00,*,m,61.62931,20.15844,-1.999,5.325,250.208861,3.337484,5.98892758408658,16.1265,/L
2024-Jun-11 00:00,*,m,61.87015,20.20258,-2.000,5.326,40.534376,3.337402,5.98493698939968,16.8518,/L
2024-Jun-12 00:00,*,m,62.11062,20.24628,-2.001,5.326,190.861329,3.337302,5.98075629988123,17.5773,/L
2024-Jun-13 00:00,*,m,62.35068,20.28951,-2.001,5.327,341.189750,3.337183,5.97638548788641,18.3032,/L
2024-Jun-14 00:00,*,m,62.59033,20.33229,-2.002,5.327,131.519645,3.337045,5.97182614880683,19.0293,/L
2024-Jun-15 00:00,*,m,62.82953,20.37460,-2.003,5.328,281.851035,3.336888,5.96707933289793,19.7558,/L
2024-Jun-16 00:00,*,m,63.06828,20.41646,-2.004,5.329,72.183930,3.336712,5.96214554300656,20.4826,/L
2024-Jun-17 00:00,*,m,63.30655,20.45784,-2.006,5.329,222.518343,3.336516,5.95702705566156,21.2098,/L
2024-Jun-18 00:00,*,m,63.54434,20.49877,-2.007,5.330,12.854282,3.336300,5.95172411787983,21.9374,/L
2024-Jun-19 00:00,*,m,63.78164,20.53924,-2.008,5.331,163.191754,3.336064,5.94623803300260,22.6655,/L
2024-Jun-20 00:00,*,m,64.01841,20.57925,-2.009,5.331,313.530786,3.335808,5.94056847235639,23.3940,/L
2024-Jun-21 00:00,*,m,64.25464,20.61880,-2.010,5.332,103.871382,3.335532,5.93471720840167,24.1230,/L
2024-Jun-22 00:00,*,,64.49030,20.65789,-2.012,5.333,254.213563,3.335236,5.92868495529223,24.8526,/L
2024-Jun-23 00:00,*,,64.72536,20.69653,-2.013,5.334,44.557337,3.334921,5.92247232054529,25.5828,/L
2024-Jun-24 00:00,*,,64.95980,20.73471,-2.015,5.334,194.902721,3.334585,5.91608114653367,26.3136,/L
2024-Jun-25 00:00,*,,65.19358,20.77243,-2.016,5.335,345.249720,3.334229,5.90951169023511,27.0450,/L
2024-Jun-26 00:00,*,,65.42670,20.80968,-2.018,5.336,135.598343,3.333854,5.90276504503153,27.7772,/L
2024-Jun-27 00:00,*,,65.65912,20.84646,-2.019,5.337,285.948619,3.333460,5.89584038274711,28.5102,/L
2024-Jun-28 00:00,*,,65.89083,20.88276,-2.021,5.338,76.300557,3.333048,5.88873933650952,29.2439,/L
2024-Jun-29 00:00,*,,66.12180,20.91859,-2.023,5.339,226.654186,3.332619,5.88146214287690,29.9785,/L
2024-Jun-30 00:00,*,,66.35203,20.95394,-2.024,5.339,17.009515,3.332174,5.87400951506406,30.7139,/L
2024-Jul-01 00:00,*,,66.58149,20.98882,-2.026,5.340,167.366573,3.331713,5.86638295992259,31.4502,/L
2024-Jul-02 00:00,*,,66.81017,21.02323,-2.028,5.341,317.725367,3.331236,5.85858317442647,32.1875,/L
2024-Jul-03 00:00,*,,67.03803,21.05717,-2.030,5.342,108.085914,3.330744,5.85061155594477,32.9257,/L
2024-Jul-04 00:00,*,,67.26505,21.09064,-2.032,5.343,258.448243,3.330240,5.84246763534254,33.6648,/L
2024-Jul-05 00:00,*,m,67.49118,21.12365,-2.034,5.344,48.812370,3.329722,5.83415370191488,34.4049,/L
2024-Jul-06 00:00,*,m,67.71638,21.15619,-2.036,5.345,199.178320,3.329191,5.82567048289905,35.1460,/L
2024-Jul-07 00:00,*,m,67.94063,21.18825,-2.038,5.346,349.546105,3.328649,5.81701968810840,35.8881,/L
2024-Jul-08 00:00,*,m,68.16387,21.21985,-2.040,5.347,139.915751,3.328094,5.80820323397273,36.6312,/L
2024-Jul-09 00:00,*,m,68.38610,21.25097,-2.043,5.348,290.287262,3.327527,5.79922290184553,37.3754,/L
2024-Jul-10 00:00,*,m,68.60728,21.28161,-2.045,5.349,80.660649,3.326948,5.79008072203525,38.1206,/L
2024-Jul-11 00:00,*,m,68.82740,21.31178,-2.047,5.350,231.035935,3.326358,5.78077684227256,38.8670,/L
2024-Jul-12 00:00,*,m,69.04643,21.34147,-2.050,5.351,21.413132,3.325757,5.77131403658879,39.6144,/L
2024-Jul-13 00:00,*,m,69.26435,21.37069,-2.052,5.352,171.792260,3.325144,5.76169329827199,40.3629,/L
2024-Jul-14 00:00,*,m,69.48113,21.39944,-2.055,5.353,322.173323,3.324520,5.75191686121507,41.1126,/L
2024-Jul-15 00:00,*,m,69.69675,21.42772,-2.057,5.354,112.556349,3.323885,5.74198648339705,41.8636,/L
2024-Jul-16 00:00,*,m,69.91121,21.45554,-2.060,5.355,262.941332,3.323239,5.73190441999244,42.6157,/L
2024-Jul-17 00:00,*,m,70.12447,21.48289,-2.063,5.356,53.328285,3.322582,5.72167264518573,43.3690,/L
2024-Jul-18 00:00,*,m,70.33651,21.50979,-2.065,5.357,203.717222,3.321914,5.71129139890871,44.1237,/L
2024-Jul-19 00:00,*,m,70.54731,21.53624,-2.068,5.358,354.108158,3.321236,5.70076325289454,44.8797,/L
2024-Jul-20 00:00,*,m,70.75683,21.56225,-2.071,5.359,144.501108,3.320549,5.69008898105181,45.6370,/L
2024-Jul-21 00:00,*,,70.96505,21.58780,-2.074,5.360,294.896079,3.319852,5.67927077326722,46.3957,/L
2024-Jul-22 00:00,*,,71.17191,21.61292,-2.077,5.361,85.293098,3.319146,5.66830975932759,47.1559,/L
2024-Jul-23 00:00,*,,71.37740,21.63758,-2.080,5.362,235.692164,3.318431,5.65720819854435,47.9176,/L
2024-Jul-24 00:00,*,,71.58149,21.66180,-2.083,5.363,26.093294,3.317709,5.64596757627810,48.6809,/L
2024-Jul-25 00:00,*,,71.78416,21.68556,-2.087,5.364,176.496502,3.316980,5.63458800345345,49.4457,/L
2024-Jul-26 00:00,*,,71.98539,21.70888,-2.090,5.365,326.901813,3.316246,5.62307158901941,50.2122,/L
2024-Jul-27 00:00,*,,72.18516,21.73174,-2.093,5.366,117.309248,3.315508,5.61141897517402,50.9805,/L
2024-Jul-28 00:00,*,,72.38344,21.75417,-2.097,5.367,267.718824,3.314767,5.59963248288694,51.7504,/L
2024-Jul-29 00:00,*,,72.58019,21.77615,-2.100,5.368,58.130573,3.314024,5.58771314177024,52.5222,/L
2024-Jul-30 00:00,*,,72.77540,21.79770,-2.104,5.369,208.544500,3.313279,5.57566388794257,53.2957,/L
2024-Jul-31 00:00,*,,72.96902,21.81883,-2.107,5.370,358.960628,3.312534,5.56348660210795,54.0712,/L
2024-Aug-01 00:00,*,,73.16102,21.83953,-2.111,5.371,149.378970,3.311789,5.55118233884777,54.8485,/L
2024-Aug-02 00:00,*,,73.35135,21.85981,-2.115,5.372,299.799555,3.311046,5.53875367929229,55.6277,/L
2024-Aug-03 00:00,*,,73.53997,21.87967,-2.118,5.373,90.222401,3.310305,5.52620212087080,56.4088,/L
2024-Aug-04 00:00,*,m,73.72684,21.89911,-2.122,5.374,240.647521,3.309566,5.51353078121560,57.1918,/L
2024-Aug-05 00:00,*,m,73.91193,21.91813,-2.126,5.375,31.074947,3.308831,5.50074116582115,57.9769,/L
2024-Aug-06 00:00,*,m,74.09519,21.93673,-2.130,5.376,181.504681,3.308098,5.48783708466658,58.7639,/L
2024-Aug-07 00:00,*,m,74.27661,21.95491,-2.134,5.377,331.936742,3.307369,5.47482084692370,59.5529,/L
2024-Aug-08 00:00,*,m,74.45617,21.97268,-2.138,5.378,122.371133,3.306644,5.46169433003804,60.3440,/L
2024-Aug-09 00:00,*,m,74.63383,21.99004,-2.143,5.379,272.807885,3.305923,5.44846022550783,61.1372,/L
2024-Aug-10 00:00,*,m,74.80956,22.00700,-2.147,5.380,63.247008,3.305208,5.43512055537555,61.9324,/L
2024-Aug-11 00:00,C,m,74.98334,22.02355,-2.151,5.381,213.688515,3.304497,5.42167872714747,62.7297,/L
2024-Aug-12 00:00,C,m,75.15514,22.03970,-2.156,5.382,4.132430,3.303792,5.40813637331078,63.5292,/L
2024-Aug-13 00:00,C,m,75.32492,22.05547,-2.160,5.382,154.578756,3.303092,5.39449768839553,64.3308,/L
2024-Aug-14 00:00,C,m,75.49267,22.07085,-2.165,5.383,305.027508,3.302397,5.38076505866257,65.1347,/L
2024-Aug-15 00:00,C,m,75.65836,22.08586,-2.169,5.384,95.478684,3.301708,5.36694085362457,65.9407,/L
2024-Aug-16 00:00,C,m,75.82194,22.10050,-2.174,5.385,245.932311,3.301026,5.35302750069471,66.7491,/L
2024-Aug-17 00:00,C,m,75.98340,22.11477,-2.179,5.386,36.388397,3.300351,5.33902723055712,67.5598,/L
2024-Aug-18 00:00,C,m,76.14268,22.12869,-2.184,5.387,186.846953,3.299683,5.32494325878396,68.3728,/L
2024-Aug-19 00:00,C,m,76.29974,22.14224,-2.189,5.387,337.308002,3.299024,5.31077696249261,69.1882,/L
2024-Aug-20 00:00,C,,76.45456,22.15543,-2.194,5.388,127.771550,3.298374,5.29653229783276,70.0061,/L
2024-Aug-21 00:00,C,,76.60710,22.16826,-2.199,5.389,278.237612,3.297733,5.28221121213848,70.8264,/L
2024-Aug-22 00:00,C,,76.75735,22.18073,-2.204,5.390,68.706191,3.297103,5.26781603906777,71.6494,/L
2024-Aug-23 00:00,C,,76.90529,22.19284,-2.209,5.390,219.177321,3.296486,5.25334853296675,72.4750,/L
2024-Aug-24 00:00,C,,77.05089,22.20460,-2.214,5.391,9.651015,3.295883,5.23881096266821,73.3032,/L
2024-Aug-25 00:00,C,,77.19411,22.21602,-2.220,5.392,160.127297,3.295294,5.22420637336458,74.1342,/L
2024-Aug-26 00:00,C,,77.33492,22.22710,-2.225,5.392,310.606193,3.294722,5.20953639102903,74.9679,/L
2024-Aug-27 00:00,C,,77.47327,22.23785,-2.230,5.393,101.087720,3.294166,5.19480538696763,75.8045,/L
2024-Aug-28 00:00,C,,77.60912,22.24828,-2.236,5.393,251.571897,3.293628,5.18001595815098,76.6439,/L
2024-Aug-29 00:00,C,,77.74243,22.25838,-2.242,5.394,42.058728,3.293108,5.16517159312201,77.4863,/L
2024-Aug-30 00:00,C,,77.87315,22.26817,-2.247,5.394,192.548247,3.292607,5.15027466378870,78.3315,/L
2024-Aug-31 00:00,N,,78.00124,22.27764,-2.253,5.395,343.040461,3.292125,5.13532865670046,79.1797,/L
2024-Sep-01 00:00,N,,78.12666,22.28680,-2.259,5.395,133.535394,3.291663,5.12033735160131,80.0308,/L
2024-Sep-02 00:00,N,,78.24937,22.29565,-2.265,5.396,284.033060,3.291222,5.10530335393370,80.8850,/L
2024-Sep-03 00:00,N,,78.36933,22.30418,-2.271,5.396,74.533475,3.290800,5.09023166700092,81.7422,/L
2024-Sep-04 00:00,N,,78.48652,22.31241,-2.277,5.396,225.036648,3.290398,5.07512557978636,82.6024,/L
2024-Sep-05 00:00,N,m,78.60092,22.32033,-2.283,5.397,15.542575,3.290016,5.05998939197293,83.4657,/L
2024-Sep-06 00:00,N,m,78.71249,22.32796,-2.289,5.397,166.051282,3.289654,5.04482563891868,84.3321,/L
2024-Sep-07 00:00,N,m,78.82121,22.33529,-2.295,5.397,316.562768,3.289313,5.02963838322592,85.2016,/L
2024-Sep-08 00:00,N,m,78.92705,22.34234,-2.302,5.398,107.077054,3.288991,5.01443142921476,86.0742,/L
2024-Sep-09 00:00,N,m,79.02999,22.34911,-2.308,5.398,257.594144,3.288691,4.99920775492530,86.9500,/L
2024-Sep-10 00:00,N,m,79.12997,22.35560,-2.315,5.398,48.114051,3.288410,4.98397228684578,87.8290,/L
2024-Sep-11 00:00,N,m,79.22699,22.36183,-2.321,5.398,198.636781,3.288149,4.96872851512123,88.7111,/L
2024-Sep-12 00:00,N,m,79.32102,22.36780,-2.328,5.398,349.162323,3.287908,4.95348102066233,89.5965,/L
2024-Sep-13 00:00,N,m,79.41201,22.37351,-2.334,5.398,139.690697,3.287687,4.93823218029547,90.4851,/L
2024-Sep-14 00:00,N,m,79.49995,22.37897,-2.341,5.398,290.221900,3.287486,4.92298626823092,91.3770,/L
2024-Sep-15 00:00,N,m,79.58478,22.38418,-2.348,5.398,80.755948,3.287305,4.90774680496882,92.2723,/L
2024-Sep-16 00:00,N,m,79.66648,22.38915,-2.354,5.398,231.292840,3.287145,4.89251689298947,93.1708,/L
2024-Sep-17 00:00,N,m,79.74501,22.39386,-2.361,5.398,21.832592,3.287007,4.87730100052197,94.0728,/L
2024-Sep-18 00:00,N,m,79.82036,22.39832,-2.368,5.398,172.375205,3.286889,4.86210254629072,94.9782,/L
2024-Sep-19 00:00,A,m,79.89251,22.40253,-2.375,5.398,322.920672,3.286793,4.84692601075555,95.8871,/L
2024-Sep-20 00:00,A,m,79.96144,22.40649,-2.382,5.398,113.469012,3.286721,4.83177345616275,96.7996,/L
2024-Sep-21 00:00,A,,80.02715,22.41021,-2.389,5.398,264.020226,3.286671,4.81664922217999,97.7156,/L
2024-Sep-22 00:00,A,,80.08959,22.41370,-2.396,5.398,54.574335,3.286646,4.80155666970488,98.6353,/L
2024-Sep-23 00:00,A,,80.14874,22.41696,-2.403,5.397,205.131339,3.286646,4.78649942221128,99.5587,/L
2024-Sep-24 00:00,A,,80.20454,22.42000,-2.411,5.397,355.691260,3.286670,4.77148207733781,100.4858,/L
2024-Sep-25 00:00,A,,80.25696,22.42282,-2.418,5.397,146.254095,3.286719,4.75650889567913,101.4167,/L
2024-Sep-26 00:00,A,,80.30597,22.42542,-2.425,5.396,296.819839,3.286792,4.74158520565395,102.3514,/L
2024-Sep-27 00:00,A,,80.35155,22.42780,-2.432,5.396,87.388500,3.286889,4.72671390395695,103.2898,/L
2024-Sep-28 00:00,A,,80.39366,22.42997,-2.440,5.395,237.960075,3.287010,4.71190030341172,104.2321,/L
2024-Sep-29 00:00,A,,80.43227,22.43191,-2.447,5.395,28.534573,3.287154,4.69714840789192,105.1783,/L
2024-Sep-30 00:00,A,,80.46737,22.43364,-2.455,5.394,179.111982,3.287321,4.68246287441237,106.1283,/L
2024-Oct-01 00:00,A,,80.49892,22.43514,-2.462,5.394,329.692315,3.287510,4.66784862179299,107.0821,/L
2024-Oct-02 00:00,A,,80.52692,22.43644,-2.469,5.393,120.275554,3.287719,4.65331072773980,108.0399,/L
2024-Oct-03 00:00,A,,80.55135,22.43751,-2.477,5.393,270.861684,3.287946,4.63885501995014,109.0015,/L
2024-Oct-04 00:00,A,,80.57222,22.43838,-2.484,5.392,61.450696,3.288193,4.62448488045254,109.9669,/L
2024-Oct-05 00:00,A,,80.58952,22.43904,-2.492,5.391,212.042573,3.288456,4.61020598560154,110.9363,/L
2024-Oct-06 00:00,A,,80.60322,22.43949,-2.499,5.391,2.637310,3.288735,4.59602243416319,111.9095,/L
2024-Oct-07 00:00,,m,80.61334,22.43975,-2.507,5.390,153.234880,3.289030,4.58193928477302,112.8866,/L
2024-Oct-08 00:00,,m,80.61985,22.43980,-2.515,5.389,303.835284,3.289338,4.56796114580944,113.8675,/L
2024-Oct-09 00:00,,m,80.62274,22.43966,-2.522,5.389,94.438490,3.289658,4.55409328595917,114.8523,/L
2024-Oct-10 00:00,,m,80.62202,22.43933,-2.530,5.388,245.044472,3.289989,4.54034132463513,115.8410,/L
2024-Oct-11 00:00,,m,80.61768,22.43881,-2.537,5.387,35.653205,3.290330,4.52670856900372,116.8334,/L
2024-Oct-12 00:00,,m,80.60971,22.43810,-2.545,5.386,186.264664,3.290680,4.51320035236081,117.8298,/L
2024-Oct-13 00:00,,m,80.59811,22.43720,-2.552,5.385,336.878831,3.291037,4.49982031049506,118.8299,/L
2024-Oct-14 00:00,,m,80.58290,22.43610,-2.560,5.384,127.495671,3.291402,4.48657329435318,119.8339,/L
2024-Oct-15 00:00,,m,80.56404,22.43480,-2.567,5.383,278.115177,3.291773,4.47346310240756,120.8417,/L
2024-Oct-16 00:00,,m,80.54157,22.43329,-2.574,5.382,68.737312,3.292150,4.46049475374592,121.8534,/L
2024-Oct-17 00:00,,m,80.51550,22.43158,-2.582,5.381,219.362050,3.292531,4.44767329896911,122.8689,/L
2024-Oct-18 00:00,,m,80.48586,22.42966,-2.589,5.380,9.989353,3.292916,4.43500190865222,123.8883,/L
2024-Oct-19 00:00,,m,80.45266,22.42754,-2.597,5.379,160.619201,3.293305,4.42248559497496,124.9116,/L
2024-Oct-20 00:00,,m,80.41590,22.42523,-2.604,5.378,311.251570,3.293697,4.41012794259792,125.9388,/L
2024-Oct-21 00:00,,,80.37560,22.42271,-2.611,5.377,101.886421,3.294090,4.39793416602971,126.9699,/L
2024-Oct-22 00:00,,,80.33172,22.42000,-2.618,5.376,252.523739,3.294485,4.38590814879116,128.0049,/L
2024-Oct-23 00:00,,,80.28429,22.41709,-2.625,5.375,43.163480,3.294878,4.37405565338549,129.0438,/L
2024-Oct-24 00:00,,,80.23331,22.41398,-2.632,5.374,193.805604,3.295268,4.36238219090268,130.0867,/L
2024-Oct-25 00:00,,,80.17881,22.41067,-2.640,5.373,344.450057,3.295652,4.35089183245613,131.1334,/L
2024-Oct-26 00:00,,,80.12081,22.40715,-2.646,5.372,135.096800,3.296030,4.33958996930607,132.1839,/L
2024-Oct-27 00:00,,,80.05933,22.40342,-2.653,5.371,285.745785,3.296399,4.32848063839743,133.2383,/L
2024-Oct-28 00:00,,,79.99441,22.39947,-2.660,5.370,76.396956,3.296757,4.31756944007994,134.2965,/L
2024-Oct-29 00:00,,,79.92608,22.39531,-2.667,5.369,227.050275,3.297102,4.30686013468253,135.3584,/L
2024-Oct-30 00:00,,,79.85438,22.39093,-2.673,5.368,17.705677,3.297431,4.29635864581949,136.4240,/L
2024-Oct-31 00:00,,,79.77935,22.38633,-2.680,5.366,168.363104,3.297742,4.28607019630147,137.4933,/L
2024-Nov-01 00:00,,,79.70106,22.38152,-2.686,5.365,319.022477,3.298031,4.27599898422955,138.5661,/L
2024-Nov-02 00:00,,,79.61954,22.37650,-2.693,5.364,109.683741,3.298297,4.26614992205882,139.6424,/L
2024-Nov-03 00:00,,,79.53485,22.37126,-2.699,5.363,260.346827,3.298538,4.25652680986955,140.7223,/L
2024-Nov-04 00:00,,,79.44704,22.36582,-2.705,5.362,51.011657,3.298751,4.24713491053691,141.8055,/L
2024-Nov-05 00:00,,,79.35616,22.36016,-2.711,5.361,201.678175,3.298934,4.23797734643360,142.8920,/L
2024-Nov-06 00:00,,m,79.26226,22.35429,-2.717,5.360,352.346297,3.299084,4.22905961519346,143.9818,/L
2024-Nov-07 00:00,,m,79.16539,22.34822,-2.722,5.359,143.015950,3.299199,4.22038612346954,145.0748,/L
2024-Nov-08 00:00,,m,79.06564,22.34194,-2.728,5.358,293.687032,3.299277,4.21196067329523,146.1708,/L
2024-Nov-09 00:00,,m,78.96305,22.33545,-2.733,5.357,84.359474,3.299315,4.20378708366766,147.2699,/L
2024-Nov-10 00:00,,m,78.85770,22.32874,-2.738,5.356,235.033189,3.299313,4.19586834594086,148.3719,/L
2024-Nov-11 00:00,,m,78.74966,22.32182,-2.744,5.355,25.708090,3.299268,4.18820867398425,149.4768,/L
2024-Nov-12 00:00,,m,78.63901,22.31467,-2.749,5.354,176.384105,3.299181,4.18080998625343,150.5845,/L
2024-Nov-13 00:00,,m,78.52582,22.30731,-2.753,5.353,327.061145,3.299047,4.17367670742272,151.6949,/L
2024-Nov-14 00:00,,m,78.41017,22.29972,-2.758,5.352,117.739131,3.298868,4.16681197050948,152.8080,/L
2024-Nov-15 00:00,,m,78.29217,22.29191,-2.762,5.351,268.417956,3.298641,4.16021890032205,153.9237,/L
2024-Nov-16 00:00,,m,78.17190,22.28390,-2.767,5.351,59.097551,3.298365,4.15390017412424,155.0419,/L
2024-Nov-17 00:00,,m,78.04943,22.27567,-2.771,5.350,209.777820,3.298039,4.14785827815986,156.1626,/L
2024-Nov-18 00:00,,m,77.92483,22.26725,-2.775,5.349,0.458678,3.297662,4.14209688570691,157.2857,/L
2024-Nov-19 00:00,,m,77.79817,22.25862,-2.778,5.348,151.140044,3.297234,4.13661762569849,158.4111,/L
2024-Nov-20 00:00,,,77.66951,22.24979,-2.782,5.348,301.821823,3.296751,4.13142480672581,159.5388,/L
2024-Nov-21 00:00,,,77.53894,22.24076,-2.785,5.347,92.503926,3.296211,4.12652140228086,160.6688,/L
2024-Nov-22 00:00,,,77.40656,22.23153,-2.788,5.347,243.186231,3.295613,4.12191085549496,161.8008,/L
2024-Nov-23 00:00,,,77.27246,22.22210,-2.791,5.346,33.868650,3.294955,4.11759549446977,162.9347,/L
2024-Nov-24 00:00,,,77.13675,22.21247,-2.794,5.345,184.551071,3.294235,4.11357778614339,164.0706,/L
2024-Nov-25 00:00,,,76.99953,22.20266,-2.797,5.345,335.233391,3.293451,4.10986087628816,165.2081,/L
2024-Nov-26 00:00,,,76.86091,22.19265,-2.799,5.345,125.915507,3.292602,4.10644585545991,166.3473,/L
2024-Nov-27 00:00,,,76.72099,22.18246,-2.801,5.344,276.597311,3.291685,4.10333618967323,167.4878,/L
2024-Nov-28 00:00,,,76.57987,22.17210,-2.803,5.344,67.278700,3.290700,4.10053382998644,168.6296,/L
2024-Nov-29 00:00,,,76.43771,22.16157,-2.805,5.344,217.959536,3.289643,4.09804147589101,169.7724,/L
2024-Nov-30 00:00,,,76.29458,22.15089,-2.806,5.343,8.639723,3.288514,4.09586006841106,170.9159,/L
2024-Dec-01 00:00,,,76.15064,22.14006,-2.807,5.343,159.319134,3.287312,4.09399106990777,172.0598,/L
2024-Dec-02 00:00,,,76.00597,22.12910,-2.808,5.343,309.997664,3.286035,4.09243616625508,173.2035,/L
2024-Dec-03 00:00,,,75.86069,22.11801,-2.809,5.343,100.675198,3.284684,4.09119521752603,174.3462,/L
2024-Dec-04 00:00,,,75.71491,22.10681,-2.810,5.343,251.351632,3.283257,4.09027014024149,175.4861,/L
2024-Dec-05 00:00,,m,75.56873,22.09549,-2.810,5.343,42.026854,3.281753,4.08966136820924,176.6198,/L
2024-Dec-06 00:00,,m,75.42228,22.08408,-2.810,5.343,192.700732,3.280172,4.08937035575146,177.7365,/L
2024-Dec-07 00:00,,m,75.27567,22.07257,-2.810,5.343,343.373170,3.278514,4.08939630319592,178.7872,/L
2024-Dec-08 00:00,,m,75.12902,22.06098,-2.809,5.343,134.044044,3.276780,4.08973934350567,179.3134,/T
2024-Dec-09 00:00,,m,74.98245,22.04930,-2.809,5.344,284.713259,3.274969,4.09039941872618,178.5419,/T
2024-Dec-10 00:00,,m,74.83609,22.03756,-2.808,5.344,75.380705,3.273084,4.09137505122341,177.4632,/T
2024-Dec-11 00:00,,m,74.69003,22.02575,-2.807,5.344,226.046291,3.271124,4.09266648635447,176.3397,/T
2024-Dec-12 00:00,,m,74.54442,22.01389,-2.806,5.344,16.709919,3.269090,4.09427276040133,175.2029,/T
2024-Dec-13 00:00,,m,74.39936,22.00201,-2.805,5.344,167.371473,3.266983,4.09619425645289,174.0606,/T
2024-Dec-14 00:00,,m,74.25496,21.99010,-2.803,5.345,318.030869,3.264805,4.09842889080381,172.9158,/T
2024-Dec-15 00:00,,m,74.11134,21.97819,-2.802,5.345,108.688001,3.262555,4.10097604209628,171.7698,/T
2024-Dec-16 00:00,,m,73.96858,21.96630,-2.800,5.346,259.342786,3.260236,4.10383464829664,170.6232,/T
2024-Dec-17 00:00,,m,73.82677,21.95442,-2.797,5.346,49.995127,3.257848,4.10700282428838,169.4766,/T
2024-Dec-18 00:00,,m,73.68601,21.94258,-2.795,5.347,200.644947,3.255392,4.11048003359514,168.3303,/T
2024-Dec-19 00:00,,,73.54638,21.93077,-2.792,5.347,351.292156,3.252869,4.11426488476330,167.1844,/T
2024-Dec-20 00:00,,,73.40800,21.91902,-2.789,5.348,141.936649,3.250277,4.11835743795635,166.0391,/T
2024-Dec-21 00:00,,,73.27098,21.90733,-2.786,5.349,292.578345,3.247619,4.12275500979076,164.8947,/T
2024-Dec-22 00:00,,,73.13542,21.89572,-2.783,5.349,83.217144,3.244895,4.12745657118846,163.7513,/T
2024-Dec-23 00:00,,,73.00143,21.88420,-2.779,5.350,233.852973,3.242105,4.13246015742188,162.6089,/T
2024-Dec-24 00:00,,,72.86912,21.87278,-2.776,5.351,24.485735,3.239252,4.13776335587868,161.4678,/T
2024-Dec-25 00:00,,,72.73858,21.86148,-2.772,5.352,175.115367,3.236335,4.14336444124683,160.3281,/T
2024-Dec-26 00:00,,,72.60991,21.85032,-2.767,5.353,325.741784,3.233356,4.14926112921968,159.1898,/T
2024-Dec-27 00:00,,,72.48321,21.83931,-2.763,5.354,116.364896,3.230314,4.15545250336393,158.0532,/T
2024-Dec-28 00:00,,,72.35858,21.82847,-2.759,5.355,266.984628,3.227212,4.16193475383861,156.9182,/T
2024-Dec-29 00:00,,,72.23613,21.81781,-2.754,5.356,57.600898,3.224051,4.16870583416203,155.7851,/T
2024-Dec-30 00:00,,,72.11592,21.80736,-2.749,5.357,208.213644,3.220831,4.17576236823432,154.6540,/T
2024-Dec-31 00:00,,,71.99807,21.79713,-2.744,5.358,358.822784,3.217556,4.18310095875584,153.5249,/T
2025-Jan-01 00:00,,,71.88262,21.78713,-2.739,5.359,149.428273,3.214226,4.19071822516838,152.3980,/T
2025-Jan-02 00:00,,,71.76966,21.77736,-2.733,5.360,300.030046,3.210844,4.19861061870699,151.2734,/T
2025-Jan-03 00:00,,m,71.65926,21.76785,-2.728,5.361,90.628038,3.207410,4.20677579889151,150.1513,/T
2025-Jan-04 00:00,,m,71.55151,21.75861,-2.722,5.363,241.222195,3.203928,4.21520858622162,149.0316,/T
2025-Jan-05 00:00,,m,71.44649,21.74963,-2.716,5.364,31.812461,3.200400,4.22390564233278,147.9145,/T
2025-Jan-06 00:00,,m,71.34426,21.74093,-2.710,5.365,182.398805,3.196829,4.23286213003451,146.8001,/T
2025-Jan-07 00:00,,m,71.24491,21.73253,-2.704,5.366,332.981172,3.193216,4.24207378559674,145.6885,/T
2025-Jan-08 00:00,,m,71.14850,21.72443,-2.698,5.368,123.559551,3.189566,4.25153591327586,144.5798,/T
2025-Jan-09 00:00,,m,71.05508,21.71665,-2.691,5.369,274.133903,3.185880,4.26124433324543,143.4739,/T
2025-Jan-10 00:00,,m,70.96470,21.70920,-2.685,5.370,64.704200,3.182160,4.27119606500564,142.3710,/T
2025-Jan-11 00:00,,m,70.87743,21.70210,-2.678,5.371,215.270410,3.178408,4.28138570467403,141.2712,/T
2025-Jan-12 00:00,,m,70.79329,21.69535,-2.671,5.373,5.832508,3.174627,4.29180978282742,140.1743,/T
2025-Jan-13 00:00,,m,70.71232,21.68897,-2.664,5.374,156.390482,3.170818,4.30246332995709,139.0806,/T
2025-Jan-14 00:00,,m,70.63457,21.68297,-2.657,5.375,306.944298,3.166983,4.31334245830067,137.9900,/T
2025-Jan-15 00:00,,m,70.56005,21.67734,-2.650,5.377,97.493962,3.163125,4.32444229801492,136.9025,/T
2025-Jan-16 00:00,,m,70.48880,21.67210,-2.643,5.378,248.039452,3.159243,4.33575897603291,135.8182,/T
2025-Jan-17 00:00,,,70.42085,21.66724,-2.636,5.379,38.580754,3.155340,4.34728945614698,134.7370,/T
2025-Jan-18 00:00,,,70.35626,21.66278,-2.628,5.381,189.117845,3.151416,4.35902852632188,133.6592,/T
2025-Jan-19 00:00,,,70.29506,21.65872,-2.621,5.382,339.650715,3.147472,4.37097256260231,132.5846,/T
2025-Jan-20 00:00,,,70.23729,21.65507,-2.613,5.383,130.179362,3.143511,4.38311629095337,131.5133,/T
2025-Jan-21 00:00,,,70.18300,21.65185,-2.606,5.385,280.703766,3.139533,4.39545574219030,130.4454,/T
2025-Jan-22 00:00,,,70.13220,21.64904,-2.598,5.386,71.223943,3.135539,4.40798535956091,129.3808,/T
2025-Jan-23 00:00,,,70.08492,21.64667,-2.590,5.387,221.739886,3.131532,4.42070100484028,128.3197,/T
2025-Jan-24 00:00,,,70.04118,21.64475,-2.583,5.389,12.251600,3.127510,4.43359900047931,127.2619,/T
2025-Jan-25 00:00,,,70.00103,21.64327,-2.575,5.390,162.759074,3.123476,4.44667395154626,126.2077,/T
2025-Jan-26 00:00,,,69.96446,21.64224,-2.567,5.391,313.262315,3.119431,4.45992168789610,125.1570,/T
2025-Jan-27 00:00,,,69.93149,21.64168,-2.559,5.392,103.761333,3.115375,4.47333646785797,124.1098,/T
2025-Jan-28 00:00,,,69.90216,21.64158,-2.551,5.394,254.256126,3.111311,4.48691404400600,123.0662,/T
2025-Jan-29 00:00,,,69.87643,21.64194,-2.543,5.395,44.746724,3.107241,4.50064810813207,122.0263,/T
2025-Jan-30 00:00,,,69.85434,21.64277,-2.535,5.396,195.233136,3.103164,4.51453412688170,120.9900,/T
2025-Jan-31 00:00,,,69.83586,21.64405,-2.527,5.397,345.715388,3.099083,4.52856760142166,119.9574,/T
2025-Feb-01 00:00,,m,69.82104,21.64580,-2.519,5.398,136.193484,3.094998,4.54274284531209,118.9285,/T
2025-Feb-02 00:00,,m,69.80986,21.64800,-2.511,5.399,286.667453,3.090913,4.55705493347544,117.9034,/T
2025-Feb-03 00:00,,m,69.80235,21.65066,-2.502,5.401,77.137325,3.086827,4.57149763705649,116.8822,/T
2025-Feb-04 00:00,,m,69.79851,21.65377,-2.494,5.402,227.603121,3.082744,4.58606642037845,115.8647,/T
2025-Feb-05 00:00,,m,69.79834,21.65734,-2.486,5.403,18.064890,3.078664,4.60075454314802,114.8510,/T
2025-Feb-06 00:00,,m,69.80182,21.66137,-2.478,5.404,168.522665,3.074590,4.61555754706027,113.8412,/T
2025-Feb-07 00:00,,m,69.80893,21.66586,-2.470,5.405,318.976493,3.070521,4.63047085196470,112.8352,/T
2025-Feb-08 00:00,,m,69.81968,21.67081,-2.462,5.406,109.426393,3.066458,4.64548951111206,111.8330,/T
2025-Feb-09 00:00,,m,69.83402,21.67622,-2.454,5.406,259.872413,3.062403,4.66060895650086,110.8345,/T
2025-Feb-10 00:00,,m,69.85193,21.68207,-2.446,5.407,50.314589,3.058356,4.67582376130740,109.8399,/T
2025-Feb-11 00:00,,m,69.87340,21.68837,-2.438,5.408,200.752955,3.054317,4.69113021353635,108.8490,/T
2025-Feb-12 00:00,,m,69.89841,21.69511,-2.430,5.409,351.187562,3.050287,4.70652225698094,107.8618,/T
2025-Feb-13 00:00,,m,69.92693,21.70227,-2.422,5.410,141.618448,3.046266,4.72199626528222,106.8783,/T
2025-Feb-14 00:00,A,m,69.95893,21.70986,-2.414,5.411,292.045663,3.042253,4.73754808872882,105.8985,/T
2025-Feb-15 00:00,A,,69.99443,21.71787,-2.406,5.411,82.469225,3.038248,4.75317374111850,104.9223,/T
2025-Feb-16 00:00,A,,70.03339,21.72629,-2.398,5.412,232.889183,3.034251,4.76886888676982,103.9497,/T
2025-Feb-17 00:00,A,,70.07583,21.73512,-2.390,5.413,23.305571,3.030263,4.78462860537219,102.9807,/T
2025-Feb-18 00:00,A,,70.12171,21.74435,-2.382,5.413,173.718426,3.026282,4.80044937947868,102.0154,/T
2025-Feb-19 00:00,A,,70.17104,21.75399,-2.374,5.414,324.127795,3.022309,4.81632524069677,101.0535,/T
2025-Feb-20 00:00,A,,70.22378,21.76403,-2.366,5.414,114.533721,3.018344,4.83225258779243,100.0953,/T
2025-Feb-21 00:00,A,,70.27991,21.77446,-2.358,5.415,264.936256,3.014386,4.84822697451346,99.1405,/T
2025-Feb-22 00:00,A,,70.33942,21.78529,-2.351,5.415,55.335422,3.010435,4.86424468238228,98.1893,/T
2025-Feb-23 00:00,A,,70.40227,21.79649,-2.343,5.416,205.731274,3.006490,4.88030100631272,97.2415,/T
2025-Feb-24 00:00,A,,70.46845,21.80808,-2.335,5.416,356.123848,3.002553,4.89639110187268,96.2972,/T
2025-Feb-25 00:00,A,,70.53793,21.82004,-2.328,5.417,146.513188,2.998622,4.91251120852618,95.3565,/T
2025-Feb-26 00:00,A,,70.61068,21.83235,-2.320,5.417,296.899344,2.994699,4.92865527076755,94.4191,/T
2025-Feb-27 00:00,A,,70.68666,21.84502,-2.313,5.417,87.282366,2.990783,4.94481944871932,93.4853,/T
2025-Feb-28 00:00,A,,70.76583,21.85802,-2.306,5.418,237.662315,2.986875,4.96099889327655,92.5549,/T
2025-Mar-01 00:00,A,,70.84820,21.87134,-2.298,5.418,28.039222,2.982974,4.97719003397816,91.6279,/T
2025-Mar-02 00:00,A,m,70.93372,21.88498,-2.291,5.418,178.413150,2.979080,4.99338778925231,90.7045,/T
2025-Mar-03 00:00,A,m,71.02240,21.89892,-2.284,5.418,328.784143,2.975195,5.00958750969858,89.7844,/T
2025-Mar-04 00:00,A,m,71.11419,21.91316,-2.277,5.418,119.152258,2.971318,5.02578536291164,88.8678,/T
2025-Mar-05 00:00,A,m,71.20909,21.92770,-2.270,5.419,269.517550,2.967450,5.04197571626468,87.9547,/T
2025-Mar-06 00:00,A,m,71.30703,21.94252,-2.262,5.419,59.880080,2.963591,5.05815503778507,87.0450,/T
2025-Mar-07 00:00,A,m,71.40797,21.95762,-2.256,5.419,210.239913,2.959741,5.07431892708635,86.1386,/T
2025-Mar-08 00:00,A,m,71.51188,21.97299,-2.249,5.419,0.597087,2.955899,5.09046484372411,85.2356,/T
2025-Mar-09 00:00,A,m,71.61871,21.98861,-2.242,5.419,150.951664,2.952064,5.10658835401066,84.3359,/T
2025-Mar-10 00:00,A,m,71.72842,22.00449,-2.235,5.419,301.303687,2.948236,5.12268596262750,83.4394,/T
2025-Mar-11 00:00,A,m,71.84097,22.02059,-2.228,5.419,91.653212,2.944413,5.13875452048446,82.5462,/T
2025-Mar-12 00:00,A,m,71.95634,22.03692,-2.222,5.418,242.000286,2.940597,5.15478948725183,81.6562,/T
2025-Mar-13 00:00,A,m,72.07448,22.05346,-2.215,5.418,32.344967,2.936786,5.17078790057927,80.7694,/T
2025-Mar-14 00:00,A,m,72.19536,22.07019,-2.209,5.418,182.687312,2.932979,5.18674593695615,79.8856,/T
2025-Mar-15 00:00,N,m,72.31895,22.08711,-2.202,5.418,333.027357,2.929174,5.20266184587033,79.0049,/T
2025-Mar-16 00:00,N,,72.44524,22.10420,-2.196,5.418,123.365155,2.925371,5.21853155058055,78.1272,/T
2025-Mar-17 00:00,N,,72.57420,22.12147,-2.190,5.418,273.700743,2.921569,5.23435223686556,77.2525,/T
2025-Mar-18 00:00,N,,72.70579,22.13890,-2.184,5.417,64.034175,2.917766,5.25012088181713,76.3807,/T
2025-Mar-19 00:00,N,,72.84000,22.15648,-2.177,5.417,214.365487,2.913963,5.26583355883186,75.5118,/T
2025-Mar-20 00:00,N,,72.97679,22.17421,-2.171,5.417,4.694736,2.910158,5.28148728230764,74.6458,/T
2025-Mar-21 00:00,N,,73.11613,22.19208,-2.165,5.416,155.021972,2.906351,5.29707835665327,73.7826,/T
2025-Mar-22 00:00,N,,73.25797,22.21008,-2.159,5.416,305.347231,2.902540,5.31260523724604,72.9222,/T
2025-Mar-23 00:00,N,,73.40230,22.22820,-2.154,5.416,95.670560,2.898725,5.32806380108650,72.0645,/T
2025-Mar-24 00:00,N,,73.54908,22.24644,-2.148,5.415,245.991995,2.894905,5.34345142462689,71.2095,/T
2025-Mar-25 00:00,N,,73.69827,22.26477,-2.142,5.415,36.311588,2.891080,5.35876475103692,70.3573,/T
2025-Mar-26 00:00,N,,73.84985,22.28319,-2.137,5.414,186.629372,2.887248,5.37400006740040,69.5077,/T
2025-Mar-27 00:00,N,,74.00378,22.30168,-2.131,5.414,336.945407,2.883411,5.38915389170903,68.6609,/T
2025-Mar-28 00:00,N,,74.16002,22.32024,-2.126,5.413,127.259743,2.879568,5.40422231743933,67.8166,/T
2025-Mar-29 00:00,N,,74.31854,22.33884,-2.120,5.413,277.572423,2.875719,5.41920356270444,66.9750,/T
2025-Mar-30 00:00,N,,74.47933,22.35747,-2.115,5.412,67.883497,2.871862,5.43409330867054,66.1360,/T
2025-Mar-31 00:00,N,m,74.64237,22.37613,-2.110,5.412,218.193006,2.867999,5.44888901254621,65.2996,/T
2025-Apr-01 00:00,N,m,74.80763,22.39482,-2.105,5.411,8.501011,2.864129,5.46358716963300,64.4658,/T
2025-Apr-02 00:00,N,m,74.97508,22.41352,-2.099,5.410,158.807548,2.860252,5.47818474597414,63.6346,/T
2025-Apr-03 00:00,N,m,75.14466,22.43222,-2.094,5.410,309.112681,2.856368,5.49267847628093,62.8059,/T
2025-Apr-04 00:00,N,m,75.31633,22.45093,-2.089,5.409,99.416462,2.852477,5.50706528673675,61.9798,/T
2025-Apr-05 00:00,N,m,75.49003,22.46962,-2.085,5.409,249.718935,2.848576,5.52134421650121,61.1562,/T
2025-Apr-06 00:00,N,m,75.66574,22.48829,-2.080,5.408,40.020145,2.844666,5.53551205421338,60.3351,/T
2025-Apr-07 00:00,N,m,75.84340,22.50693,-2.075,5.407,190.320129,2.840745,5.54956740104292,59.5164,/T
2025-Apr-08 00:00,N,m,76.02300,22.52551,-2.070,5.407,340.618939,2.836813,5.56350754233383,58.7001,/T
2025-Apr-09 00:00,N,m,76.20450,22.54404,-2.066,5.406,130.916599,2.832869,5.57733068370377,57.8861,/T
2025-Apr-10 00:00,N,m,76.38786,22.56249,-2.061,5.405,281.213166,2.828912,5.59103397138721,57.0744,/T
2025-Apr-11 00:00,N,m,76.57308,22.58087,-2.057,5.405,71.508679,2.824941,5.60461502939801,56.2650,/T
2025-Apr-12 00:00,N,m,76.76011,22.59916,-2.052,5.404,221.803180,2.820954,5.61807313443811,55.4579,/T
2025-Apr-13 00:00,C,m,76.94893,22.61735,-2.048,5.403,12.096700,2.816952,5.63140556460155,54.6529,/T
2025-Apr-14 00:00,C,,77.13952,22.63544,-2.044,5.403,162.389273,2.812932,5.64461117892863,53.8500,/T
2025-Apr-15 00:00,C,,77.33186,22.65342,-2.040,5.402,312.680943,2.808894,5.65768728897678,53.0492,/T
2025-Apr-16 00:00,C,,77.52592,22.67129,-2.036,5.401,102.971731,2.804838,5.67063255402754,52.2505,/T
2025-Apr-17 00:00,C,,77.72167,22.68904,-2.032,5.400,253.261687,2.800762,5.68344392983942,51.4538,/T
2025-Apr-18 00:00,C,,77.91909,22.70666,-2.028,5.400,43.550845,2.796666,5.69611926167891,50.6591,/T
2025-Apr-19 00:00,C,,78.11812,22.72414,-2.024,5.399,193.839246,2.792549,5.70865759709360,49.8663,/T
2025-Apr-20 00:00,C,,78.31876,22.74148,-2.020,5.398,344.126917,2.788411,5.72105648599118,49.0754,/T
2025-Apr-21 00:00,C,,78.52095,22.75867,-2.016,5.398,134.413893,2.784250,5.73331473606728,48.2863,/T
2025-Apr-22 00:00,C,,78.72468,22.77570,-2.012,5.397,284.700210,2.780067,5.74542955220665,47.4991,/T
2025-Apr-23 00:00,C,,78.92992,22.79255,-2.009,5.396,74.985891,2.775861,5.75739978506814,46.7137,/T
2025-Apr-24 00:00,C,,79.13664,22.80923,-2.005,5.395,225.270982,2.771632,5.76922203806884,45.9301,/T
2025-Apr-25 00:00,C,,79.34482,22.82570,-2.002,5.395,15.555517,2.767381,5.78089414468419,45.1482,/T
2025-Apr-26 00:00,C,,79.55442,22.84198,-1.998,5.394,165.839542,2.763105,5.79241461440498,44.3681,/T
2025-Apr-27 00:00,C,,79.76545,22.85804,-1.995,5.393,316.123084,2.758807,5.80378110631628,43.5897,/T
2025-Apr-28 00:00,C,m,79.97787,22.87388,-1.991,5.392,106.406182,2.754485,5.81499216912899,42.8130,/T
2025-Apr-29 00:00,C,m,80.19167,22.88951,-1.988,5.392,256.688878,2.750141,5.82604500023385,42.0380,/T
2025-Apr-30 00:00,C,m,80.40681,22.90492,-1.985,5.391,46.971199,2.745772,5.83693880444468,41.2647,/T
2025-May-01 00:00,C,m,80.62326,22.92010,-1.982,5.390,197.253193,2.741380,5.84767041522528,40.4931,/T
2025-May-02 00:00,C,m,80.84096,22.93504,-1.979,5.390,347.534895,2.736965,5.85823840584539,39.7231,/T
2025-May-03 00:00,C,m,81.05986,22.94975,-1.976,5.389,137.816355,2.732525,5.86864169122534,38.9548,/T
2025-May-04 00:00,C,m,81.27993,22.96420,-1.973,5.388,288.097592,2.728060,5.87887917135024,38.1881,/T
2025-May-05 00:00,C,m,81.50115,22.97840,-1.970,5.387,78.378645,2.723570,5.88895016195646,37.4230,/T
2025-May-06 00:00,C,m,81.72348,22.99232,-1.967,5.387,228.659545,2.719053,5.89885287094638,36.6594,/T
2025-May-07 00:00,C,m,81.94691,23.00597,-1.964,5.386,18.940314,2.714508,5.90858743960140,35.8974,/T
2025-May-08 00:00,C,m,82.17142,23.01934,-1.962,5.385,169.220987,2.709937,5.91815136525383,35.1368,/T
2025-May-09 00:00,C,m,82.39697,23.03241,-1.959,5.385,319.501590,2.705336,5.92754391782645,34.3776,/T
2025-May-10 00:00,*,m,82.62355,23.04520,-1.956,5.384,109.782167,2.700707,5.93676408714577,33.6199,/T
2025-May-11 00:00,*,m,82.85115,23.05768,-1.954,5.384,260.062729,2.696048,5.94581145318798,32.8635,/T
2025-May-12 00:00,*,m,83.07972,23.06987,-1.951,5.383,50.343308,2.691359,5.95468532841985,32.1084,/T
2025-May-13 00:00,*,,83.30927,23.08175,-1.949,5.382,200.623926,2.686638,5.96338420672913,31.3547,/T
2025-May-14 00:00,*,,83.53976,23.09333,-1.946,5.382,350.904603,2.681886,5.97190827737348,30.6021,/T
2025-May-15 00:00,*,,83.77117,23.10460,-1.944,5.381,141.185367,2.677102,5.98025506769473,29.8508,/T
2025-May-16 00:00,*,,84.00349,23.11556,-1.942,5.381,291.466241,2.672286,5.98842383712069,29.1006,/T
2025-May-17 00:00,*,,84.23666,23.12620,-1.940,5.380,81.747264,2.667438,5.99641309857824,28.3515,/T
2025-May-18 00:00,*,,84.47067,23.13652,-1.937,5.380,232.028447,2.662556,6.00422259837294,27.6036,/T
2025-May-19 00:00,*,,84.70549,23.14651,-1.935,5.379,22.309823,2.657642,6.01185120694377,26.8567,/T
2025-May-20 00:00,*,,84.94110,23.15617,-1.933,5.379,172.591410,2.652695,6.01929741683296,26.1107,/T
2025-May-21 00:00,*,,85.17747,23.16549,-1.931,5.378,322.873232,2.647715,6.02656109814459,25.3658,/T
2025-May-22 00:00,*,,85.41460,23.17445,-1.929,5.378,113.155315,2.642702,6.03363970953153,24.6219,/T
2025-May-23 00:00,*,,85.65245,23.18306,-1.927,5.377,263.437685,2.637656,6.04053231231814,23.8788,/T
2025-May-24 00:00,*,,85.89101,23.19131,-1.925,5.377,53.720385,2.632579,6.04723694329332,23.1367,/T
2025-May-25 00:00,*,,86.13027,23.19920,-1.924,5.376,204.003428,2.627469,6.05375351400428,22.3955,/T
2025-May-26 00:00,*,,86.37020,23.20672,-1.922,5.376,354.286854,2.622327,6.06008062123662,21.6551,/T
2025-May-27 00:00,*,m,86.61079,23.21389,-1.920,5.375,144.570681,2.617154,6.06621710587969,20.9156,/T
2025-May-28 00:00,*,m,86.85200,23.22069,-1.919,5.375,294.854943,2.611950,6.07216291703586,20.1769,/T
2025-May-29 00:00,*,m,87.09380,23.22712,-1.917,5.375,85.139660,2.606714,6.07791619270856,19.4391,/T
2025-May-30 00:00,*,m,87.33614,23.23320,-1.915,5.374,235.424864,2.601446,6.08347653481739,18.7022,/T
2025-May-31 00:00,*,m,87.57898,23.23890,-1.914,5.374,25.710593,2.596147,6.08884247266750,17.9661,/T
2025-Jun-01 00:00,*,m,87.82230,23.24423,-1.912,5.374,175.996861,2.590817,6.09401492648416,17.2307,/T
2025-Jun-02 00:00,*,m,88.06606,23.24917,-1.911,5.373,326.283701,2.585454,6.09899308348074,16.4962,/T
2025-Jun-03 00:00,*,m,88.31025,23.25373,-1.910,5.373,116.571126,2.580058,6.10377680639521,15.7624,/T
2025-Jun-04 00:00,*,m,88.55485,23.25789,-1.908,5.373,266.859164,2.574629,6.10836646192143,15.0293,/T
2025-Jun-05 00:00,*,m,88.79985,23.26167,-1.907,5.373,57.147825,2.569167,6.11276105338235,14.2969,/T
2025-Jun-06 00:00,*,m,89.04523,23.26505,-1.906,5.372,207.437135,2.563672,6.11696048430411,13.5652,/T
2025-Jun-07 00:00,*,m,89.29097,23.26804,-1.905,5.372,357.727125,2.558143,6.12096344963863,12.8341,/T
2025-Jun-08 00:00,*,m,89.53705,23.27064,-1.903,5.372,148.017807,2.552580,6.12477122143174,12.1036,/T
2025-Jun-09 00:00,*,m,89.78344,23.27284,-1.902,5.372,298.309206,2.546983,6.12838299469486,11.3737,/T
2025-Jun-10 00:00,*,m,90.03014,23.27466,-1.901,5.372,88.601331,2.541352,6.13179901961125,10.6443,/T
2025-Jun-11 00:00,*,,90.27711,23.27608,-1.900,5.372,238.894207,2.535685,6.13501947457069,9.9154,/T
2025-Jun-12 00:00,*,,90.52434,23.27711,-1.899,5.372,29.187840,2.529984,6.13804379600820,9.1869,/T
2025-Jun-13 00:00,*,,90.77181,23.27775,-1.899,5.372,179.482252,2.524249,6.14087171856041,8.4588,/T
2025-Jun-14 00:00,*,,91.01948,23.27800,-1.898,5.372,329.777469,2.518479,6.14350181542272,7.7312,/T
2025-Jun-15 00:00,*,,91.26734,23.27786,-1.897,5.372,120.073503,2.512675,6.14593523700779,7.0038,/T
2025-Jun-16 00:00,*,,91.51534,23.27732,-1.896,5.372,270.370378,2.506838,6.14817086971334,6.2768,/T
2025-Jun-17 00:00,*,,91.76349,23.27638,-1.895,5.372,60.668102,2.500966,6.15020891222755,5.5501,/T
2025-Jun-18 00:00,*,,92.01176,23.27504,-1.895,5.372,210.966703,2.495061,6.15204892568851,4.8236,/T
2025-Jun-19 00:00,*,,92.26014,23.27329,-1.894,5.372,1.266185,2.489123,6.15369040945442,4.0974,/T
2025-Jun-20 00:00,*,,92.50862,23.27114,-1.893,5.372,151.566577,2.483153,6.15513255316201,3.3715,/T
2025-Jun-21 00:00,*,,92.75719,23.26857,-1.893,5.372,301.867905,2.477152,6.15637366171375,2.6460,/T
2025-Jun-22 00:00,*,,93.00582,23.26560,-1.892,5.372,92.170192,2.471120,6.15741457376043,1.9213,/T
2025-Jun-23 00:00,*,,93.25452,23.26223,-1.892,5.372,242.473464,2.465058,6.15825406144720,1.1982,/T
2025-Jun-24 00:00,*,,93.50334,23.25840,-1.892,5.372,32.777737,2.458966,6.15889256450244,0.4845,/T
2025-Jun-25 00:00,*,m,93.75142,23.25415,-1.891,5.373,183.083043,2.452844,6.15932963018721,0.2964,/L
2025-Jun-26 00:00,*,m,94.00027,23.24975,-1.891,5.373,333.389391,2.446693,6.15956563428866,0.9975,/L
2025-Jun-27 00:00,*,m,94.24884,23.24483,-1.891,5.373,123.696809,2.440514,6.15960020058729,1.7193,/L
2025-Jun-28 00:00,*,m,94.49726,23.23950,-1.891,5.373,274.005323,2.434306,6.15943253983041,2.4434,/L
2025-Jun-29 00:00,*,m,94.74552,23.23378,-1.891,5.373,64.314955,2.428069,6.15906416694951,3.1684,/L
2025-Jun-30 00:00,*,m,94.99360,23.22766,-1.891,5.373,214.625724,2.421804,6.15849479525761,3.8937,/L
2025-Jul-01 00:00,*,m,95.24149,23.22115,-1.891,5.374,4.937643,2.415510,6.15772578167363,4.6192,/L
2025-Jul-02 00:00,*,m,95.48916,23.21425,-1.891,5.374,155.250736,2.409187,6.15675713282377,5.3448,/L
2025-Jul-03 00:00,*,m,95.73661,23.20696,-1.891,5.374,305.565003,2.402836,6.15559014764853,6.0706,/L
2025-Jul-04 00:00,*,m,95.98383,23.19927,-1.891,5.374,95.880467,2.396456,6.15422462569662,6.7966,/L
2025-Jul-05 00:00,*,m,96.23080,23.19121,-1.891,5.375,246.197145,2.390047,6.15266019468539,7.5227,/L
2025-Jul-06 00:00,*,m,96.47749,23.18276,-1.892,5.375,36.515057,2.383611,6.15089820917657,8.2490,/L
2025-Jul-07 00:00,*,m,96.72389,23.17394,-1.892,5.375,186.834217,2.377147,6.14893856733313,8.9756,/L
2025-Jul-08 00:00,*,m,96.96998,23.16474,-1.892,5.376,337.154635,2.370654,6.14678264307706,9.7024,/L
2025-Jul-09 00:00,*,m,97.21572,23.15518,-1.893,5.376,127.476334,2.364134,6.14443023026910,10.4294,/L
2025-Jul-10 00:00,*,,97.46111,23.14526,-1.893,5.377,277.799312,2.357587,6.14188289120959,11.1568,/L
2025-Jul-11 00:00,*,,97.70612,23.13497,-1.894,5.377,68.123590,2.351013,6.13914017394767,11.8845,/L
2025-Jul-12 00:00,*,,97.95072,23.12433,-1.894,5.378,218.449181,2.344413,6.13620183015596,12.6127,/L
2025-Jul-13 00:00,*,,98.19489,23.11334,-1.895,5.378,8.776109,2.337787,6.13306873345505,13.3412,/L
2025-Jul-14 00:00,*,,98.43860,23.10198,-1.895,5.378,159.104385,2.331136,6.12974082530803,14.0703,/L
2025-Jul-15 00:00,*,,98.68184,23.09028,-1.896,5.379,309.434022,2.324461,6.12621922105765,14.7998,/L
2025-Jul-16 00:00,*,,98.92458,23.07821,-1.897,5.380,99.765044,2.317763,6.12250337969170,15.5299,/L
2025-Jul-17 00:00,*,,99.16683,23.06579,-1.897,5.380,250.097452,2.311041,6.11859484950052,16.2606,/L
2025-Jul-18 00:00,*,,99.40856,23.05302,-1.898,5.381,40.431271,2.304298,6.11449280948213,16.9920,/L
2025-Jul-19 00:00,*,,99.64978,23.03990,-1.899,5.381,190.766514,2.297535,6.11019704490999,17.7239,/L
2025-Jul-20 00:00,*,,99.89045,23.02645,-1.900,5.382,341.103215,2.290751,6.10570789651769,18.4566,/L
2025-Jul-21 00:00,*,,100.13055,23.01266,-1.901,5.383,131.441387,2.283949,6.10102552834098,19.1900,/L
2025-Jul-22 00:00,*,,100.37005,22.99855,-1.902,5.383,281.781053,2.277129,6.09615102503714,19.9241,/L
2025-Jul-23 00:00,*,,100.60890,22.98412,-1.903,5.384,72.122237,2.270291,6.09108408114650,20.6590,/L
2025-Jul-24 00:00,*,m,100.84708,22.96939,-1.904,5.385,222.464950,2.263436,6.08582679820967,21.3946,/L
2025-Jul-25 00:00,*,m,101.08456,22.95435,-1.905,5.385,12.809214,2.256565,6.08037886714542,22.1310,/L
2025-Jul-26 00:00,*,m,101.32130,22.93900,-1.906,5.386,163.155043,2.249678,6.07474100331236,22.8682,/L
2025-Jul-27 00:00,*,m,101.55727,22.92335,-1.908,5.387,313.502472,2.242776,6.06891391439907,23.6062,/L
2025-Jul-28 00:00,*,m,101.79246,22.90740,-1.909,5.387,103.851510,2.235859,6.06289885134455,24.3450,/L
2025-Jul-29 00:00,*,m,102.02683,22.89116,-1.910,5.388,254.202177,2.228927,6.05669748928710,25.0847,/L
2025-Jul-30 00:00,*,m,102.26038,22.87463,-1.912,5.389,44.554490,2.221981,6.05031030082103,25.8252,/L
2025-Jul-31 00:00,*,m,102.49309,22.85782,-1.913,5.390,194.908457,2.215021,6.04374003307061,26.5665,/L
2025-Aug-01 00:00,*,m,102.72494,22.84072,-1.915,5.391,345.264092,2.208047,6.03698690040902,27.3088,/L
2025-Aug-02 00:00,*,m,102.95592,22.82336,-1.916,5.391,135.621404,2.201060,6.03005221061631,28.0521,/L
2025-Aug-03 00:00,*,m,103.18600,22.80574,-1.918,5.392,285.980422,2.194060,6.02293655257638,28.7962,/L
2025-Aug-04 00:00,*,m,103.41516,22.78787,-1.919,5.393,76.341150,2.187049,6.01564163278771,29.5414,/L
2025-Aug-05 00:00,*,m,103.64336,22.76975,-1.921,5.394,226.703608,2.180026,6.00816897982612,30.2876,/L
2025-Aug-06 00:00,*,m,103.87060,22.75140,-1.923,5.395,17.067806,2.172992,6.00051921783879,31.0348,/L
2025-Aug-07 00:00,*,m,104.09684,22.73281,-1.925,5.396,167.433753,2.165948,5.99269496658925,31.7832,/L
2025-Aug-08 00:00,*,m,104.32206,22.71401,-1.927,5.397,317.801459,2.158895,5.98469643727282,32.5326,/L
2025-Aug-09 00:00,*,,104.54624,22.69498,-1.929,5.398,108.170932,2.151834,5.97652493475415,33.2832,/L
2025-Aug-10 00:00,*,,104.76935,22.67574,-1.931,5.399,258.542202,2.144765,5.96818047905585,34.0351,/L
2025-Aug-11 00:00,*,,104.99136,22.65629,-1.933,5.399,48.915273,2.137690,5.95966475861117,34.7882,/L
2025-Aug-12 00:00,C,,105.21226,22.63664,-1.935,5.400,199.290169,2.130610,5.95097873641146,35.5426,/L
2025-Aug-13 00:00,C,,105.43203,22.61677,-1.937,5.401,349.666903,2.123526,5.94212291397207,36.2983,/L
2025-Aug-14 00:00,C,,105.65066,22.59672,-1.939,5.402,140.045491,2.116439,5.93309944554505,37.0555,/L
2025-Aug-15 00:00,C,,105.86813,22.57647,-1.941,5.403,290.425948,2.109351,5.92390850848542,37.8141,/L
2025-Aug-16 00:00,C,,106.08444,22.55604,-1.944,5.404,80.808287,2.102263,5.91455140244568,38.5741,/L
2025-Aug-17 00:00,C,,106.29954,22.53544,-1.946,5.405,231.192544,2.095176,5.90502790049202,39.3357,/L
2025-Aug-18 00:00,C,,106.51340,22.51469,-1.948,5.406,21.578731,2.088092,5.89534008461616,40.0988,/L
2025-Aug-19 00:00,C,,106.72599,22.49380,-1.951,5.407,171.966877,2.081011,5.88548901526185,40.8635,/L
2025-Aug-20 00:00,C,,106.93726,22.47277,-1.954,5.408,322.356996,2.073934,5.87547593289031,41.6298,/L
2025-Aug-21 00:00,C,,107.14718,22.45161,-1.956,5.409,112.749114,2.066863,5.86530336899147,42.3977,/L
2025-Aug-22 00:00,C,,107.35571,22.43033,-1.959,5.410,263.143240,2.059797,5.85497248559011,43.1672,/L
2025-Aug-23 00:00,C,,107.56284,22.40894,-1.962,5.411,53.539389,2.052738,5.84448540298564,43.9384,/L
2025-Aug-24 00:00,C,m,107.76853,22.38744,-1.964,5.412,203.937593,2.045686,5.83384249044933,44.7113,/L
2025-Aug-25 00:00,C,m,107.97275,22.36584,-1.967,5.413,354.337860,2.038643,5.82304671503892,45.4858,/L
2025-Aug-26 00:00,C,m,108.17548,22.34415,-1.970,5.414,144.740219,2.031609,5.81209959310706,46.2621,/L
2025-Aug-27 00:00,C,m,108.37671,22.32237,-1.973,5.415,295.144676,2.024584,5.80100321801223,47.0401,/L
2025-Aug-28 00:00,C,m,108.57640,22.30052,-1.976,5.416,85.551255,2.017570,5.78976032006573,47.8198,/L
2025-Aug-29 00:00,C,m,108.77455,22.27861,-1.979,5.417,235.959960,2.010566,5.77837280111527,48.6013,/L
2025-Aug-30 00:00,C,m,108.97112,22.25664,-1.983,5.418,26.370802,2.003574,5.76684311352820,49.3846,/L
2025-Aug-31 00:00,N,m,109.16609,22.23463,-1.986,5.419,176.783805,1.996595,5.75517182636534,50.1697,/L
2025-Sep-01 00:00,N,m,109.35943,22.21260,-1.989,5.420,327.198981,1.989630,5.74336219548824,50.9567,/L
2025-Sep-02 00:00,N,m,109.55112,22.19055,-1.992,5.421,117.616351,1.982680,5.73141574940945,51.7455,/L
2025-Sep-03 00:00,N,m,109.74111,22.16849,-1.996,5.422,268.035919,1.975745,5.71933498405763,52.5362,/L
2025-Sep-04 00:00,N,m,109.92938,22.14643,-1.999,5.423,58.457711,1.968827,5.70712240394891,53.3289,/L
2025-Sep-05 00:00,N,m,110.11591,22.12439,-2.003,5.424,208.881724,1.961927,5.69478032649915,54.1236,/L
2025-Sep-06 00:00,N,m,110.30066,22.10236,-2.007,5.425,359.307970,1.955045,5.68231113283452,54.9203,/L
2025-Sep-07 00:00,N,m,110.48361,22.08036,-2.010,5.426,149.736469,1.948184,5.66971532436297,55.7191,/L
2025-Sep-08 00:00,N,m,110.66473,22.05839,-2.014,5.427,300.167233,1.941345,5.65699594231641,56.5199,/L
2025-Sep-09 00:00,N,m,110.84401,22.03646,-2.018,5.428,90.600286,1.934530,5.64415412943261,57.3229,/L
2025-Sep-10 00:00,N,,111.02143,22.01458,-2.022,5.429,241.035634,1.927740,5.63119227339565,58.1282,/L
2025-Sep-11 00:00,N,,111.19697,21.99275,-2.026,5.430,31.473309,1.920976,5.61811219767914,58.9357,/L
2025-Sep-12 00:00,N,,111.37060,21.97099,-2.030,5.431,181.913313,1.914240,5.60491629505869,59.7455,/L
2025-Sep-13 00:00,N,,111.54231,21.94930,-2.034,5.432,332.355668,1.907534,5.59160666798397,60.5576,/L
2025-Sep-14 00:00,N,,111.71206,21.92772,-2.038,5.433,122.800397,1.900859,5.57818393752262,61.3722,/L
2025-Sep-15 00:00,N,,111.87981,21.90624,-2.043,5.434,273.247524,1.894217,5.56465123048633,62.1892,/L
2025-Sep-16 00:00,N,,112.04550,21.88489,-2.047,5.435,63.697076,1.887609,5.55101006832836,63.0087,/L
2025-Sep-17 00:00,N,,112.20910,21.86368,-2.051,5.436,214.149066,1.881036,5.53726363652942,63.8307,/L
2025-Sep-18 00:00,N,,112.37056,21.84261,-2.056,5.436,4.603530,1.874499,5.52341423061252,64.6553,/L
2025-Sep-19 00:00,A,,112.52986,21.82170,-2.060,5.437,155.060469,1.868000,5.50946549217785,65.4824,/L
2025-Sep-20 00:00,A,,112.68695,21.80095,-2.065,5.438,305.519904,1.861538,5.49542034657493,66.3120,/L
2025-Sep-21 00:00,A,,112.84182,21.78037,-2.070,5.439,95.981851,1.855115,5.48128057145748,67.1443,/L
2025-Sep-22 00:00,A,,112.99444,21.75998,-2.074,5.440,246.446332,1.848733,5.46704999083477,67.9793,/L
2025-Sep-23 00:00,A,,113.14478,21.73978,-2.079,5.440,36.913366,1.842392,5.45273096536549,68.8168,/L
2025-Sep-24 00:00,A,,113.29281,21.71978,-2.084,5.441,187.382961,1.836092,5.43832748648465,69.6570,/L
2025-Sep-25 00:00,A,,113.43850,21.70000,-2.089,5.442,337.855144,1.829836,5.42384215039630,70.4999,/L
2025-Sep-26 00:00,A,m,113.58183,21.68045,-2.094,5.443,128.329913,1.823623,5.40927935313236,71.3455,/L
2025-Sep-27 00:00,A,m,113.72278,21.66115,-2.099,5.443,278.807284,1.817456,5.39464221968791,72.1939,/L
2025-Sep-28 00:00,A,m,113.86131,21.64210,-2.104,5.444,69.287261,1.811334,5.37993304671387,73.0450,/L
2025-Sep-29 00:00,A,m,113.99740,21.62332,-2.110,5.445,219.769869,1.805259,5.36515556595913,73.8988,/L
2025-Sep-30 00:00,A,m,114.13101,21.60482,-2.115,5.445,10.255117,1.799233,5.35031236349395,74.7554,/L
2025-Oct-01 00:00,A,m,114.26210,21.58661,-2.120,5.446,160.743013,1.793257,5.33540755895305,75.6149,/L
2025-Oct-02 00:00,A,m,114.39064,21.56871,-2.126,5.446,311.233582,1.787332,5.32044360501582,76.4772,/L
2025-Oct-03 00:00,A,m,114.51660,21.55112,-2.131,5.447,101.726820,1.781458,5.30542517735710,77.3424,/L
2025-Oct-04 00:00,A,m,114.63995,21.53386,-2.137,5.447,252.222739,1.775639,5.29035528153180,78.2105,/L
2025-Oct-05 00:00,A,m,114.76067,21.51692,-2.143,5.448,42.721342,1.769874,5.27523649935941,79.0816,/L
2025-Oct-06 00:00,A,m,114.87874,21.50031,-2.148,5.448,193.222652,1.764167,5.26007216659702,79.9556,/L
2025-Oct-07 00:00,A,m,114.99412,21.48404,-2.154,5.449,343.726678,1.758518,5.24486489775413,80.8327,/L
2025-Oct-08 00:00,,m,115.10682,21.46813,-2.160,5.449,134.233431,1.752930,5.22961860561677,81.7129,/L
2025-Oct-09 00:00,,m,115.21679,21.45257,-2.166,5.450,284.742936,1.747404,5.21433543272587,82.5962,/L
2025-Oct-10 00:00,,m,115.32402,21.43740,-2.172,5.450,75.255195,1.741941,5.19902007766587,83.4827,/L
2025-Oct-11 00:00,,,115.42847,21.42261,-2.178,5.450,225.770228,1.736543,5.18367540911855,84.3725,/L
2025-Oct-12 00:00,,,115.53011,21.40822,-2.184,5.450,16.288036,1.731212,5.16830446098954,85.2656,/L
2025-Oct-13 00:00,,,115.62890,21.39426,-2.190,5.451,166.808651,1.725949,5.15291053309004,86.1620,/L
2025-Oct-14 00:00,,,115.72478,21.38072,-2.197,5.451,317.332083,1.720755,5.13749694644783,87.0617,/L
2025-Oct-15 00:00,,,115.81772,21.36763,-2.203,5.451,107.858349,1.715632,5.12206818638497,87.9649,/L
2025-Oct-16 00:00,,,115.90768,21.35498,-2.209,5.451,258.387468,1.710581,5.10662715588410,88.8715,/L
2025-Oct-17 00:00,,,115.99462,21.34279,-2.216,5.451,48.919444,1.705601,5.09117950787270,89.7815,/L
2025-Oct-18 00:00,,,116.07852,21.33107,-2.222,5.452,199.454290,1.700695,5.07572895903412,90.6951,/L
2025-Oct-19 00:00,,,116.15937,21.31981,-2.229,5.452,349.992000,1.695862,5.06027975712970,91.6121,/L
2025-Oct-20 00:00,,,116.23713,21.30904,-2.236,5.452,140.532599,1.691105,5.04483569291681,92.5326,/L
2025-Oct-21 00:00,,,116.31179,21.29876,-2.242,5.452,291.076085,1.686423,5.02940108408962,93.4566,/L
2025-Oct-22 00:00,,,116.38331,21.28898,-2.249,5.452,81.622469,1.681818,5.01398093780701,94.3842,/L
2025-Oct-23 00:00,,,116.45167,21.27970,-2.256,5.452,232.171757,1.677291,4.99857878748809,95.3153,/L
2025-Oct-24 00:00,,,116.51685,21.27095,-2.263,5.451,22.723949,1.672842,4.98320076828284,96.2499,/L
2025-Oct-25 00:00,,,116.57882,21.26273,-2.269,5.451,173.279042,1.668471,4.96785100633246,97.1881,/L
2025-Oct-26 00:00,,m,116.63757,21.25505,-2.276,5.451,323.837022,1.664180,4.95253437871531,98.1299,/L
2025-Oct-27 00:00,,m,116.69307,21.24792,-2.283,5.451,114.397902,1.659970,4.93725459716315,99.0752,/L
2025-Oct-28 00:00,,m,116.74529,21.24134,-2.290,5.451,264.961670,1.655842,4.92201637338566,100.0241,/L
2025-Oct-29 00:00,,m,116.79422,21.23533,-2.297,5.450,55.528329,1.651797,4.90682457790468,100.9766,/L
2025-Oct-30 00:00,,m,116.83982,21.22989,-2.305,5.450,206.097875,1.647836,4.89168283738042,101.9327,/L
2025-Oct-31 00:00,,m,116.88207,21.22502,-2.312,5.450,356.670302,1.643959,4.87659707903302,102.8924,/L
2025-Nov-01 00:00,,m,116.92096,21.22072,-2.319,5.449,147.245599,1.640168,4.86157131486973,103.8557,/L
2025-Nov-02 00:00,,m,116.95648,21.21700,-2.326,5.449,297.823745,1.636463,4.84661045144162,104.8226,/L
2025-Nov-03 00:00,,m,116.98863,21.21385,-2.333,5.449,88.404747,1.632847,4.83171764530367,105.7932,/L
2025-Nov-04 00:00,,m,117.01740,21.21128,-2.340,5.448,238.988588,1.629320,4.81689751484871,106.7675,/L
2025-Nov-05 00:00,,m,117.04278,21.20930,-2.348,5.448,29.575272,1.625884,4.80215436357516,107.7454,/L
2025-Nov-06 00:00,,m,117.06477,21.20789,-2.355,5.447,180.164789,1.622540,4.78749167950645,108.7271,/L
2025-Nov-07 00:00,,m,117.08333,21.20709,-2.362,5.447,330.757138,1.619289,4.77291497330886,109.7126,/L
2025-Nov-08 00:00,,m,117.09847,21.20689,-2.370,5.446,121.352308,1.616131,4.75842829498833,110.7018,/L
2025-Nov-09 00:00,,,117.11015,21.20730,-2.377,5.445,271.950278,1.613067,4.74403688360511,111.6949,/L
2025-Nov-10 00:00,,,117.11835,21.20833,-2.384,5.445,62.551052,1.610099,4.72974404279609,112.6918,/L
2025-Nov-11 00:00,,,117.12305,21.20997,-2.392,5.444,213.154612,1.607226,4.71555515720924,113.6926,/L
2025-Nov-12 00:00,,,117.12421,21.21224,-2.399,5.443,3.760955,1.604448,4.70147502394479,114.6973,/L
2025-Nov-13 00:00,,,117.12185,21.21512,-2.406,5.443,154.370059,1.601767,4.68750816841721,115.7059,/L
2025-Nov-14 00:00,,,117.11594,21.21862,-2.414,5.442,304.981916,1.599181,4.67366067215894,116.7184,/L
2025-Nov-15 00:00,,,117.10649,21.22273,-2.421,5.441,95.596497,1.596691,4.65993751416899,117.7347,/L
2025-Nov-16 00:00,,,117.09351,21.22745,-2.428,5.440,246.213765,1.594295,4.64634472315468,118.7549,/L
2025-Nov-17 00:00,,,117.07700,21.23279,-2.435,5.439,36.833706,1.591996,4.63288598524525,119.7790,/L
2025-Nov-18 00:00,,,117.05698,21.23873,-2.443,5.439,187.456284,1.589791,4.61956721485995,120.8068,/L
2025-Nov-19 00:00,,,117.03344,21.24528,-2.450,5.438,338.081480,1.587682,4.60639323373449,121.8385,/L
2025-Nov-20 00:00,,,117.00639,21.25244,-2.457,5.437,128.709251,1.585667,4.59336895258974,122.8740,/L
2025-Nov-21 00:00,,,116.97584,21.26021,-2.464,5.436,279.339578,1.583747,4.58050019964042,123.9132,/L
2025-Nov-22 00:00,,,116.94179,21.26858,-2.471,5.435,69.972411,1.581921,4.56779214220454,124.9561,/L
2025-Nov-23 00:00,,,116.90428,21.27756,-2.478,5.434,220.607700,1.580189,4.55525080455397,126.0027,/L
2025-Nov-24 00:00,,,116.86329,21.28712,-2.486,5.433,11.245410,1.578550,4.54287969775887,127.0529,/L
2025-Nov-25 00:00,,m,116.81887,21.29728,-2.492,5.432,161.885491,1.577004,4.53068465241731,128.1068,/L
2025-Nov-26 00:00,,m,116.77100,21.30802,-2.499,5.431,312.527906,1.575552,4.51867004822808,129.1642,/L
2025-Nov-27 00:00,,m,116.71974,21.31933,-2.506,5.430,103.172596,1.574192,4.50684072502022,130.2251,/L
2025-Nov-28 00:00,,m,116.66507,21.33121,-2.513,5.429,253.819527,1.572925,4.49520176628930,131.2895,/L
2025-Nov-29 00:00,,m,116.60704,21.34364,-2.520,5.428,44.468633,1.571749,4.48375806944949,132.3573,/L
2025-Nov-30 00:00,,m,116.54570,21.35661,-2.526,5.427,195.119853,1.570665,4.47251506433204,133.4285,/L
2025-Dec-01 00:00,,m,116.48109,21.37010,-2.533,5.426,345.773133,1.569673,4.46147560793828,134.5031,/L
2025-Dec-02 00:00,,m,116.41325,21.38410,-2.539,5.425,136.428414,1.568771,4.45064479772999,135.5810,/L
2025-Dec-03 00:00,,m,116.34222,21.39860,-2.546,5.424,287.085650,1.567960,4.44002604296241,136.6621,/L
2025-Dec-04 00:00,,m,116.26805,21.41359,-2.552,5.423,77.744771,1.567240,4.42962360666834,137.7465,/L
2025-Dec-05 00:00,,m,116.19077,21.42907,-2.558,5.422,228.405743,1.566609,4.41944147651196,138.8342,/L
2025-Dec-06 00:00,,m,116.11040,21.44504,-2.564,5.421,19.068492,1.566068,4.40948418006416,139.9250,/L
2025-Dec-07 00:00,,m,116.02697,21.46147,-2.570,5.420,169.732956,1.565613,4.39975667286284,141.0190,/L
2025-Dec-08 00:00,,,115.94053,21.47837,-2.576,5.419,320.399071,1.565245,4.39026173524230,142.1162,/L
2025-Dec-09 00:00,,,115.85111,21.49571,-2.582,5.418,111.066774,1.564962,4.38100445980503,143.2165,/L
2025-Dec-10 00:00,,,115.75873,21.51347,-2.588,5.417,261.736005,1.564763,4.37198835719286,144.3199,/L
2025-Dec-11 00:00,,,115.66348,21.53165,-2.593,5.416,52.406683,1.564645,4.36321821186281,145.4263,/L
2025-Dec-12 00:00,,,115.56538,21.55023,-2.598,5.415,203.078755,1.564607,4.35469800608740,146.5356,/L
2025-Dec-13 00:00,,,115.46452,21.56919,-2.604,5.415,353.752127,1.564647,4.34643276789007,147.6479,/L
2025-Dec-14 00:00,,,115.36095,21.58851,-2.609,5.414,144.426718,1.564762,4.33842746867701,148.7629,/L
2025-Dec-15 00:00,,,115.25476,21.60818,-2.614,5.413,295.102437,1.564952,4.33068501424830,149.8807,/L
2025-Dec-16 00:00,,,115.14602,21.62818,-2.618,5.412,85.779201,1.565213,4.32321014394380,151.0012,/L
2025-Dec-17 00:00,,,115.03479,21.64849,-2.623,5.411,236.456925,1.565543,4.31600588259221,152.1242,/L
2025-Dec-18 00:00,,,114.92116,21.66911,-2.627,5.410,27.135508,1.565942,4.30907658363136,153.2497,/L
2025-Dec-19 00:00,,,114.80520,21.69001,-2.632,5.410,177.814878,1.566406,4.30242518794686,154.3776,/L
2025-Dec-20 00:00,,,114.68697,21.71118,-2.636,5.409,328.494923,1.566934,4.29605609384568,155.5077,/L
2025-Dec-21 00:00,,,114.56658,21.73260,-2.640,5.408,119.175549,1.567523,4.28997318483879,156.6400,/L
2025-Dec-22 00:00,,,114.44410,21.75425,-2.643,5.408,269.856642,1.568171,4.28417858304620,157.7744,/L
2025-Dec-23 00:00,,,114.31961,21.77611,-2.647,5.407,60.538111,1.568877,4.27867577062947,158.9107,/L
2025-Dec-24 00:00,,m,114.19321,21.79816,-2.650,5.406,211.219856,1.569638,4.27346662403891,160.0488,/L
2025-Dec-25 00:00,,m,114.06499,21.82037,-2.653,5.406,1.901767,1.570452,4.26855440202626,161.1887,/L
2025-Dec-26 00:00,,m,113.93504,21.84274,-2.656,5.405,152.583760,1.571319,4.26394052871911,162.3301,/L
2025-Dec-27 00:00,,m,113.80345,21.86523,-2.659,5.405,303.265719,1.572235,4.25962829400001,163.4731,/L
2025-Dec-28 00:00,,m,113.67032,21.88782,-2.662,5.404,93.947544,1.573198,4.25562009139944,164.6174,/L
2025-Dec-29 00:00,,m,113.53580,21.91048,-2.664,5.404,244.629114,1.574207,4.25191698209419,165.7629,/L
2025-Dec-30 00:00,,m,113.39996,21.93321,-2.666,5.404,35.310339,1.575260,4.24852087930403,166.9096,/L
2025-Dec-31 00:00,,m,113.26293,21.95598,-2.668,5.403,185.991115,1.576355,4.24543237914015,168.0573,/L
2026-Jan-01 00:00,,m,113.12481,21.97877,-2.670,5.403,336.671336,1.577490,4.24265349546846,169.2060,/L
2026-Jan-02 00:00,,m,112.98567,22.00159,-2.672,5.403,127.350919,1.578663,4.24018423003315,170.3554,/L
2026-Jan-03 00:00,,m,112.84561,22.02440,-2.673,5.403,278.029755,1.579871,4.23802691814711,171.5056,/L
2026-Jan-04 00:00,,m,112.70472,22.04720,-2.674,5.403,68.707749,1.581111,4.23618284624133,172.6564,/L
2026-Jan-05 00:00,,m,112.56310,22.06996,-2.675,5.402,219.384783,1.582382,4.23465262687970,173.8076,/L
2026-Jan-06 00:00,,,112.42084,22.09268,-2.676,5.402,10.060770,1.583679,4.23343731789778,174.9589,/L
2026-Jan-07 00:00,,,112.27804,22.11531,-2.676,5.403,160.735604,1.585001,4.23253714755361,176.1099,/L
2026-Jan-08 00:00,,,112.13482,22.13786,-2.676,5.403,311.409182,1.586345,4.23195370775106,177.2597,/L
2026-Jan-09 00:00,,,111.99128,22.16029,-2.676,5.403,102.081414,1.587707,4.23168644589507,178.4044,/L
2026-Jan-10 00:00,,,111.84754,22.18260,-2.676,5.403,252.752189,1.589085,4.23173730059235,179.5057,/L
2026-Jan-11 00:00,,,111.70370,22.20476,-2.676,5.403,43.421408,1.590476,4.23210680609682,179.2218,/T
2026-Jan-12 00:00,,,111.55990,22.22677,-2.675,5.403,194.088946,1.591876,4.23279517837566,178.0949,/T
2026-Jan-13 00:00,,,111.41624,22.24860,-2.675,5.403,344.754713,1.593284,4.23380233960362,176.9479,/T
2026-Jan-14 00:00,,,111.27285,22.27025,-2.674,5.404,135.418600,1.594696,4.23512769359220,175.7976,/T
2026-Jan-15 00:00,,,111.12982,22.29170,-2.672,5.404,286.080503,1.596111,4.23677168707948,174.6465,/T
2026-Jan-16 00:00,,,110.98726,22.31294,-2.671,5.404,76.740331,1.597525,4.23873254193169,173.4952,/T
2026-Jan-17 00:00,,,110.84529,22.33396,-2.670,5.405,227.397979,1.598936,4.24101098447319,172.3443,/T
2026-Jan-18 00:00,,,110.70400,22.35475,-2.668,5.405,18.053349,1.600341,4.24360611022493,171.1940,/T
2026-Jan-19 00:00,,,110.56352,22.37528,-2.666,5.405,168.706322,1.601739,4.24651709272009,170.0444,/T
2026-Jan-20 00:00,,,110.42394,22.39555,-2.663,5.406,319.356816,1.603127,4.24974213531957,168.8959,/T
2026-Jan-21 00:00,,m,110.28539,22.41554,-2.661,5.407,110.004727,1.604504,4.25327932608267,167.7485,/T
2026-Jan-22 00:00,,m,110.14796,22.43524,-2.658,5.407,260.649967,1.605867,4.25712742752328,166.6023,/T
2026-Jan-23 00:00,,m,110.01177,22.45464,-2.655,5.408,51.292454,1.607214,4.26128306525059,165.4576,/T
2026-Jan-24 00:00,,m,109.87693,22.47371,-2.652,5.409,201.932104,1.608545,4.26574529405035,164.3144,/T
2026-Jan-25 00:00,,m,109.74353,22.49245,-2.649,5.409,352.568838,1.609857,4.27051149943725,163.1728,/T
2026-Jan-26 00:00,,m,109.61170,22.51085,-2.646,5.410,143.202556,1.611148,4.27557961250266,162.0330,/T
2026-Jan-27 00:00,,m,109.48154,22.52891,-2.642,5.411,293.833201,1.612417,4.28094611398485,160.8951,/T
2026-Jan-28 00:00,,m,109.35315,22.54661,-2.638,5.412,84.460691,1.613663,4.28660798343380,159.7591,/T
2026-Jan-29 00:00,,m,109.22660,22.56396,-2.634,5.413,235.084969,1.614883,4.29256266640185,158.6252,/T
2026-Jan-30 00:00,,m,109.10199,22.58095,-2.630,5.414,25.705973,1.616076,4.29880591392893,157.4935,/T
2026-Jan-31 00:00,,m,108.97937,22.59758,-2.625,5.415,176.323648,1.617241,4.30533591139310,156.3639,/T
2026-Feb-01 00:00,,m,108.85880,22.61385,-2.621,5.416,326.937938,1.618375,4.31214943860592,155.2367,/T
2026-Feb-02 00:00,,m,108.74038,22.62975,-2.616,5.417,117.548766,1.619475,4.31924434042494,154.1117,/T
2026-Feb-03 00:00,,m,108.62417,22.64527,-2.611,5.418,268.156094,1.620540,4.32661664175711,152.9892,/T
2026-Feb-04 00:00,,,108.51025,22.66041,-2.606,5.419,58.759855,1.621568,4.33426340728118,151.8691,/T
2026-Feb-05 00:00,,,108.39871,22.67515,-2.601,5.420,209.360007,1.622557,4.34218176522169,150.7515,/T
2026-Feb-06 00:00,,,108.28963,22.68950,-2.596,5.421,359.956497,1.623505,4.35036745083637,149.6365,/T
2026-Feb-07 00:00,,,108.18307,22.70345,-2.590,5.422,150.549286,1.624409,4.35881819427158,148.5242,/T
2026-Feb-08 00:00,,,108.07911,22.71700,-2.584,5.423,301.138326,1.625269,4.36753036295275,147.4145,/T
2026-Feb-09 00:00,,,107.97783,22.73015,-2.578,5.424,91.723555,1.626082,4.37650148979473,146.3076,/T
2026-Feb-10 00:00,,,107.87930,22.74289,-2.573,5.426,242.304943,1.626846,4.38572675034285,145.2035,/T
2026-Feb-11 00:00,,,107.78359,22.75524,-2.566,5.427,32.882440,1.627561,4.39520267554136,144.1024,/T
2026-Feb-12 00:00,,,107.69075,22.76719,-2.560,5.428,183.456019,1.628225,4.40492537811789,143.0042,/T
2026-Feb-13 00:00,,,107.60084,22.77873,-2.554,5.429,334.025639,1.628837,4.41488998781584,141.9091,/T
2026-Feb-14 00:00,A,,107.51391,22.78988,-2.547,5.431,124.591284,1.629396,4.42509317263802,140.8171,/T
2026-Feb-15 00:00,A,,107.42999,22.80062,-2.541,5.432,275.152922,1.629900,4.43553053503483,139.7283,/T
2026-Feb-16 00:00,A,,107.34916,22.81097,-2.534,5.433,65.710512,1.630348,4.44619897721394,138.6426,/T
2026-Feb-17 00:00,A,,107.27145,22.82090,-2.527,5.435,216.264039,1.630740,4.45709274603662,137.5604,/T
2026-Feb-18 00:00,A,,107.19692,22.83043,-2.520,5.436,6.813474,1.631075,4.46820774731119,136.4814,/T
2026-Feb-19 00:00,A,m,107.12560,22.83954,-2.513,5.437,157.358810,1.631352,4.47953903299084,135.4060,/T
2026-Feb-20 00:00,A,m,107.05757,22.84823,-2.506,5.438,307.900026,1.631572,4.49108112722173,134.3340,/T
2026-Feb-21 00:00,A,m,106.99283,22.85651,-2.499,5.440,98.437129,1.631733,4.50282952700271,133.2656,/T
2026-Feb-22 00:00,A,m,106.93144,22.86437,-2.492,5.441,248.970111,1.631835,4.51477906662671,132.2008,/T
2026-Feb-23 00:00,A,m,106.87345,22.87182,-2.485,5.442,39.498957,1.631878,4.52692594309687,131.1396,/T
2026-Feb-24 00:00,A,m,106.81888,22.87885,-2.477,5.444,190.023677,1.631861,4.53926364503835,130.0822,/T
2026-Feb-25 00:00,A,m,106.76777,22.88548,-2.470,5.445,340.544267,1.631783,4.55178767084343,129.0285,/T
2026-Feb-26 00:00,A,m,106.72010,22.89171,-2.463,5.446,131.060748,1.631645,4.56449248536513,127.9786,/T
2026-Feb-27 00:00,A,m,106.67590,22.89755,-2.455,5.447,281.573122,1.631445,4.57737272630826,126.9324,/T
2026-Feb-28 00:00,A,m,106.63516,22.90299,-2.447,5.449,72.081421,1.631183,4.59042359574070,125.8900,/T
2026-Mar-01 00:00,A,m,106.59788,22.90804,-2.440,5.450,222.585657,1.630858,4.60364029644779,124.8514,/T
2026-Mar-02 00:00,A,m,106.56407,22.91270,-2.432,5.451,13.085837,1.630468,4.61701945184683,123.8165,/T
2026-Mar-03 00:00,A,m,106.53373,22.91696,-2.424,5.452,163.581981,1.630014,4.63055509988553,122.7854,/T
2026-Mar-04 00:00,A,m,106.50690,22.92083,-2.417,5.453,314.074101,1.629493,4.64424342492463,121.7581,/T
2026-Mar-05 00:00,A,,106.48356,22.92430,-2.409,5.454,104.562224,1.628906,4.65807930226293,120.7345,/T
2026-Mar-06 00:00,A,,106.46374,22.92738,-2.401,5.456,255.046359,1.628251,4.67205820678622,119.7146,/T
2026-Mar-07 00:00,A,,106.44744,22.93007,-2.393,5.457,45.526545,1.627527,4.68617543531419,118.6985,/T
2026-Mar-08 00:00,A,,106.43466,22.93237,-2.386,5.458,196.002796,1.626734,4.70042667317639,117.6861,/T
2026-Mar-09 00:00,A,,106.42541,22.93428,-2.378,5.459,346.475128,1.625871,4.71480866870669,116.6775,/T
2026-Mar-10 00:00,A,,106.41970,22.93581,-2.370,5.460,136.943562,1.624938,4.72931560695358,115.6725,/T
2026-Mar-11 00:00,A,,106.41753,22.93697,-2.362,5.461,287.408116,1.623933,4.74394362167038,114.6713,/T
2026-Mar-12 00:00,A,,106.41888,22.93775,-2.354,5.462,77.868826,1.622857,4.75868726716712,113.6738,/T
2026-Mar-13 00:00,A,,106.42376,22.93815,-2.346,5.463,228.325705,1.621710,4.77354205488794,112.6801,/T
2026-Mar-14 00:00,A,,106.43214,22.93818,-2.338,5.464,18.778803,1.620491,4.78850264966550,111.6900,/T
2026-Mar-15 00:00,N,,106.44401,22.93783,-2.331,5.465,169.228141,1.619200,4.80356461862316,110.7037,/T
2026-Mar-16 00:00,N,,106.45936,22.93711,-2.323,5.465,319.673750,1.617837,4.81872428375551,109.7211,/T
2026-Mar-17 00:00,N,,106.47820,22.93601,-2.315,5.466,110.115657,1.616401,4.83397571487541,108.7422,/T
2026-Mar-18 00:00,N,,106.50050,22.93453,-2.307,5.467,260.553894,1.614894,4.84931470084878,107.7671,/T
2026-Mar-19 00:00,N,,106.52626,22.93267,-2.299,5.468,50.988505,1.613315,4.86473539867268,106.7957,/T
2026-Mar-20 00:00,N,m,106.55547,22.93042,-2.292,5.469,201.419518,1.611665,4.88023326614323,105.8281,/T
2026-Mar-21 00:00,N,m,106.58812,22.92778,-2.284,5.469,351.846993,1.609943,4.89580236969341,104.8642,/T
2026-Mar-22 00:00,N,m,106.62420,22.92475,-2.276,5.470,142.270966,1.608151,4.91143824295987,103.9041,/T
2026-Mar-23 00:00,N,m,106.66368,22.92135,-2.269,5.471,292.691484,1.606287,4.92713690738073,102.9478,/T
2026-Mar-24 00:00,N,m,106.70656,22.91756,-2.261,5.471,83.108585,1.604352,4.94289270898500,101.9952,/T
2026-Mar-25 00:00,N,m,106.75279,22.91341,-2.253,5.472,233.522317,1.602346,4.95870149860213,101.0463,/T
2026-Mar-26 00:00,N,m,106.80233,22.90888,-2.246,5.472,23.932734,1.600270,4.97455774522255,100.1012,/T
2026-Mar-27 00:00,N,m,106.85517,22.90398,-2.238,5.473,174.339873,1.598122,4.99045760401206,99.1598,/T
2026-Mar-28 00:00,N,m,106.91124,22.89871,-2.231,5.473,324.743802,1.595902,5.00639550896054,98.2221,/T
2026-Mar-29 00:00,N,m,106.97051,22.89307,-2.224,5.474,115.144563,1.593611,5.02236791111743,97.2880,/T
2026-Mar-30 00:00,N,m,107.03295,22.88706,-2.216,5.474,265.542210,1.591247,5.03837142584832,96.3575,/T
2026-Mar-31 00:00,N,m,107.09855,22.88066,-2.209,5.475,55.936775,1.588810,5.05440156187240,95.4305,/T
2026-Apr-01 00:00,N,m,107.16727,22.87389,-2.202,5.475,206.328311,1.586300,5.07045481344196,94.5071,/T
2026-Apr-02 00:00,N,m,107.23909,22.86674,-2.194,5.475,356.716866,1.583716,5.08652644723634,93.5871,/T
2026-Apr-03 00:00,N,,107.31401,22.85920,-2.187,5.475,147.102477,1.581058,5.10261342336883,92.6706,/T
2026-Apr-04 00:00,N,,107.39198,22.85128,-2.180,5.476,297.485204,1.578326,5.11871055022749,91.7574,/T
2026-Apr-05 00:00,N,,107.47297,22.84298,-2.173,5.476,87.865088,1.575520,5.13481489647141,90.8476,/T
2026-Apr-06 00:00,N,,107.55695,22.83430,-2.166,5.476,238.242181,1.572639,5.15092322836066,89.9411,/T
2026-Apr-07 00:00,N,,107.64391,22.82525,-2.159,5.476,28.616511,1.569682,5.16703173950461,89.0379,/T
2026-Apr-08 00:00,N,,107.73380,22.81582,-2.152,5.476,178.988129,1.566651,5.18313694609770,88.1378,/T
2026-Apr-09 00:00,N,,107.82660,22.80601,-2.145,5.477,329.357078,1.563545,5.19923439759763,87.2410,/T
2026-Apr-10 00:00,N,,107.92228,22.79582,-2.139,5.477,119.723395,1.560363,5.21532122013886,86.3474,/T
2026-Apr-11 00:00,N,,108.02079,22.78526,-2.132,5.477,270.087137,1.557108,5.23139215265240,85.4569,/T
2026-Apr-12 00:00,N,,108.12211,22.77430,-2.125,5.477,60.448345,1.553777,5.24744434032783,84.5695,/T
2026-Apr-13 00:00,C,,108.22619,22.76297,-2.119,5.477,210.807073,1.550373,5.26347424546556,83.6852,/T
2026-Apr-14 00:00,C,,108.33301,22.75124,-2.112,5.477,1.163346,1.546894,5.27947834331837,82.8040,/T
2026-Apr-15 00:00,C,,108.44255,22.73911,-2.106,5.476,151.517221,1.543341,5.29545273893655,81.9258,/T
2026-Apr-16 00:00,C,,108.55478,22.72658,-2.099,5.476,301.868739,1.539715,5.31139294425805,81.0506,/T
2026-Apr-17 00:00,C,,108.66969,22.71364,-2.093,5.476,92.217945,1.536016,5.32729582299550,80.1785,/T
2026-Apr-18 00:00,C,m,108.78724,22.70030,-2.087,5.476,242.564896,1.532244,5.34315584976075,79.3093,/T
2026-Apr-19 00:00,C,m,108.90741,22.68655,-2.081,5.476,32.909644,1.528401,5.35896999551555,78.4432,/T
2026-Apr-20 00:00,C,m,109.03015,22.67239,-2.075,5.476,183.252250,1.524486,5.37473441600633,77.5800,/T
2026-Apr-21 00:00,C,m,109.15543,22.65784,-2.069,5.475,333.592746,1.520499,5.39044606431852,76.7197,/T
2026-Apr-22 00:00,C,m,109.28320,22.64289,-2.063,5.475,123.931198,1.516441,5.40610109050560,75.8624,/T
2026-Apr-23 00:00,C,m,109.41341,22.62754,-2.057,5.475,274.267647,1.512311,5.42169575622156,75.0080,/T
2026-Apr-24 00:00,C,m,109.54601,22.61180,-2.051,5.475,64.602148,1.508109,5.43722756711499,74.1565,/T
2026-Apr-25 00:00,C,m,109.68097,22.59565,-2.045,5.474,214.934752,1.503836,5.45269197651746,73.3079,/T
2026-Apr-26 00:00,C,m,109.81823,22.57909,-2.039,5.474,5.265512,1.499491,5.46808690028669,72.4620,/T
2026-Apr-27 00:00,C,m,109.95775,22.56213,-2.034,5.473,155.594483,1.495074,5.48340933336549,71.6188,/T
2026-Apr-28 00:00,C,m,110.09952,22.54475,-2.028,5.473,305.921693,1.490584,5.49865757034678,70.7784,/T
2026-Apr-29 00:00,C,m,110.24350,22.52696,-2.023,5.473,96.247196,1.486022,5.51382840723758,69.9406,/T
2026-Apr-30 00:00,C,m,110.38968,22.50875,-2.017,5.472,246.571026,1.481387,5.52891911391510,69.1055,/T
2026-May-01 00:00,C,m,110.53801,22.49012,-2.012,5.472,36.893229,1.476680,5.54392764215433,68.2729,/T
2026-May-02 00:00,C,,110.68849,22.47108,-2.007,5.471,187.213846,1.471899,5.55885007813862,67.4428,/T
2026-May-03 00:00,C,,110.84106,22.45162,-2.002,5.471,337.532923,1.467046,5.57368453341500,66.6152,/T
2026-May-04 00:00,C,,110.99569,22.43174,-1.997,5.470,127.850509,1.462120,5.58842808773026,65.7900,/T
2026-May-05 00:00,C,,111.15235,22.41145,-1.991,5.470,278.166627,1.457122,5.60307947584422,64.9672,/T
2026-May-06 00:00,C,,111.31100,22.39074,-1.986,5.469,68.481327,1.452050,5.61763537823625,64.1467,/T
2026-May-07 00:00,C,,111.47163,22.36962,-1.982,5.469,218.794637,1.446907,5.63209338299842,63.3285,/T
2026-May-08 00:00,C,,111.63417,22.34808,-1.977,5.468,9.106603,1.441691,5.64645126506915,62.5125,/T
2026-May-09 00:00,C,,111.79863,22.32612,-1.972,5.467,159.417258,1.436404,5.66070538478282,61.6988,/T
2026-May-10 00:00,*,,111.96493,22.30373,-1.967,5.467,309.726650,1.431046,5.67485364978226,60.8873,/T
2026-May-11 00:00,*,,112.13307,22.28092,-1.963,5.466,100.034825,1.425617,5.68889304665887,60.0778,/T
2026-May-12 00:00,*,,112.30300,22.25767,-1.958,5.466,250.341806,1.420117,5.70282248630804,59.2705,/T
2026-May-13 00:00,*,,112.47471,22.23399,-1.954,5.465,40.647639,1.414547,5.71663843100104,58.4653,/T
2026-May-14 00:00,*,,112.64817,22.20986,-1.949,5.464,190.952354,1.408907,5.73033860740994,57.6621,/T
2026-May-15 00:00,*,,112.82337,22.18530,-1.945,5.464,341.255997,1.403199,5.74392039758617,56.8610,/T
2026-May-16 00:00,*,,113.00029,22.16028,-1.940,5.463,131.558600,1.397422,5.75738030293845,56.0619,/T
2026-May-17 00:00,*,m,113.17889,22.13483,-1.936,5.462,281.860217,1.391577,5.77071578991395,55.2648,/T
2026-May-18 00:00,*,m,113.35914,22.10894,-1.932,5.462,72.160895,1.385664,5.78392372040850,54.4697,/T
2026-May-19 00:00,*,m,113.54099,22.08262,-1.928,5.461,222.460666,1.379684,5.79700313946490,53.6765,/T
2026-May-20 00:00,*,m,113.72440,22.05587,-1.924,5.460,12.759578,1.373637,5.80995063598220,52.8853,/T
2026-May-21 00:00,*,m,113.90932,22.02869,-1.920,5.460,163.057664,1.367523,5.82276456178999,52.0961,/T
2026-May-22 00:00,*,m,114.09571,22.00108,-1.916,5.459,313.354974,1.361342,5.83544267155127,51.3088,/T
2026-May-23 00:00,*,m,114.28355,21.97304,-1.912,5.458,103.651536,1.355093,5.84798262260239,50.5233,/T
2026-May-24 00:00,*,m,114.47279,21.94456,-1.908,5.458,253.947403,1.348778,5.86038247646979,49.7397,/T
2026-May-25 00:00,*,m,114.66340,21.91564,-1.905,5.457,44.242613,1.342396,5.87264009047661,48.9580,/T
2026-May-26 00:00,*,m,114.85536,21.88628,-1.901,5.456,194.537197,1.335947,5.88475544348355,48.1780,/T
2026-May-27 00:00,*,m,115.04865,21.85648,-1.898,5.456,344.831191,1.329430,5.89672597910170,47.3997,/T
2026-May-28 00:00,*,m,115.24324,21.82624,-1.894,5.455,135.124620,1.322847,5.90855093294110,46.6231,/T
2026-May-29 00:00,*,m,115.43912,21.79557,-1.891,5.454,285.417524,1.316196,5.92022842191463,45.8481,/T
2026-May-30 00:00,*,m,115.63625,21.76446,-1.887,5.453,75.709921,1.309480,5.93175693984882,45.0747,/T
2026-May-31 00:00,*,,115.83461,21.73291,-1.884,5.453,226.001858,1.302696,5.94313455053093,44.3029,/T
2026-Jun-01 00:00,*,,116.03417,21.70094,-1.881,5.452,16.293364,1.295847,5.95435942988159,43.5326,/T
2026-Jun-02 00:00,*,,116.23489,21.66853,-1.877,5.451,166.584467,1.288932,5.96543158290431,42.7638,/T
2026-Jun-03 00:00,*,,116.43675,21.63570,-1.874,5.451,316.875193,1.281951,5.97634859350177,41.9964,/T
2026-Jun-04 00:00,*,,116.63972,21.60243,-1.871,5.450,107.165567,1.274905,5.98710975348477,41.2304,/T
2026-Jun-05 00:00,*,,116.84377,21.56874,-1.868,5.449,257.455623,1.267794,5.99771289820763,40.4657,/T
2026-Jun-06 00:00,*,,117.04889,21.53461,-1.865,5.449,47.745376,1.260619,6.00815674798688,39.7023,/T
2026-Jun-07 00:00,*,,117.25503,21.50006,-1.862,5.448,198.034871,1.253381,6.01843887135186,38.9402,/T
2026-Jun-08 00:00,*,,117.46218,21.46507,-1.859,5.447,348.324135,1.246080,6.02855738755372,38.1793,/T
2026-Jun-09 00:00,*,,117.67031,21.42964,-1.857,5.447,138.613200,1.238716,6.03851190441700,37.4196,/T
2026-Jun-10 00:00,*,,117.87941,21.39377,-1.854,5.446,288.902089,1.231291,6.04829998816654,36.6610,/T
2026-Jun-11 00:00,*,,118.08945,21.35747,-1.851,5.445,79.190830,1.223804,6.05792073928108,35.9036,/T
2026-Jun-12 00:00,*,,118.30043,21.32072,-1.848,5.445,229.479459,1.216257,6.06737166965884,35.1474,/T
2026-Jun-13 00:00,*,,118.51234,21.28354,-1.846,5.444,19.767994,1.208650,6.07665165769589,34.3922,/T
2026-Jun-14 00:00,*,,118.72513,21.24592,-1.843,5.444,170.056481,1.200983,6.08575787239360,33.6381,/T
2026-Jun-15 00:00,*,m,118.93879,21.20788,-1.841,5.443,320.344952,1.193258,6.09468857453485,32.8850,/T
2026-Jun-16 00:00,*,m,119.15326,21.16942,-1.839,5.442,110.633445,1.185474,6.10344322098601,32.1330,/T
2026-Jun-17 00:00,*,m,119.36850,21.13055,-1.836,5.442,260.921985,1.177632,6.11201993780581,31.3820,/T
2026-Jun-18 00:00,*,m,119.58448,21.09127,-1.834,5.441,51.210603,1.169732,6.12041823932626,30.6321,/T
2026-Jun-19 00:00,*,m,119.80116,21.05158,-1.832,5.441,201.499334,1.161774,6.12863622609676,29.8832,/T
2026-Jun-20 00:00,*,m,120.01853,21.01147,-1.829,5.440,351.788195,1.153758,6.13667380885779,29.1353,/T
2026-Jun-21 00:00,*,m,120.23656,20.97095,-1.827,5.440,142.077227,1.145685,6.14452876780953,28.3883,/T
2026-Jun-22 00:00,*,m,120.45523,20.93001,-1.825,5.439,292.366455,1.137554,6.15220036052682,27.6423,/T
2026-Jun-23 00:00,*,m,120.67451,20.88867,-1.823,5.439,82.655914,1.129367,6.15968848762730,26.8972,/T
2026-Jun-24 00:00,*,m,120.89439,20.84692,-1.821,5.438,232.945618,1.121122,6.16699226045380,26.1530,/T
2026-Jun-25 00:00,*,m,121.11486,20.80476,-1.819,5.438,23.235594,1.112820,6.17411158528057,25.4096,/T
2026-Jun-26 00:00,*,m,121.33589,20.76221,-1.817,5.437,173.525867,1.104463,6.18104497960655,24.6670,/T
2026-Jun-27 00:00,*,m,121.55746,20.71925,-1.816,5.437,323.816449,1.096049,6.18779281678665,23.9251,/T
2026-Jun-28 00:00,*,m,121.77955,20.67591,-1.814,5.436,114.107374,1.087580,6.19435293550782,23.1840,/T
2026-Jun-29 00:00,*,,122.00214,20.63218,-1.812,5.436,264.398662,1.079056,6.20072488024439,22.4436,/T
2026-Jun-30 00:00,*,,122.22518,20.58806,-1.810,5.435,54.690346,1.070478,6.20690829732250,21.7038,/T
2026-Jul-01 00:00,*,,122.44867,20.54357,-1.809,5.435,204.982433,1.061846,6.21290272404473,20.9646,/T
2026-Jul-02 00:00,*,,122.67257,20.49870,-1.807,5.435,355.274950,1.053161,6.21870790279782,20.2260,/T
2026-Jul-03 00:00,*,,122.89687,20.45345,-1.806,5.434,145.567915,1.044423,6.22432243193034,19.4879,/T
2026-Jul-04 00:00,*,,123.12155,20.40783,-1.804,5.434,295.861342,1.035633,6.22974669503664,18.7503,/T
2026-Jul-05 00:00,*,,123.34658,20.36183,-1.803,5.434,86.155257,1.026792,6.23497835099082,18.0132,/T
2026-Jul-06 00:00,*,,123.57196,20.31546,-1.801,5.433,236.449681,1.017900,6.24001685598832,17.2765,/T
2026-Jul-07 00:00,*,,123.79765,20.26871,-1.800,5.433,26.744648,1.008959,6.24486125153852,16.5402,/T
2026-Jul-08 00:00,*,,124.02366,20.22159,-1.799,5.433,177.040165,0.999969,6.24951115118243,15.8042,/T
2026-Jul-09 00:00,*,,124.24997,20.17410,-1.797,5.433,327.336262,0.990931,6.25396575251327,15.0686,/T
2026-Jul-10 00:00,*,,124.47657,20.12624,-1.796,5.432,117.632958,0.981845,6.25822350496105,14.3333,/T
2026-Jul-11 00:00,*,,124.70344,20.07802,-1.795,5.432,267.930273,0.972712,6.26228448926634,13.5982,/T
2026-Jul-12 00:00,*,,124.93056,20.02944,-1.794,5.432,58.228237,0.963534,6.26614620223167,12.8635,/T
2026-Jul-13 00:00,*,,125.15791,19.98052,-1.793,5.432,208.526874,0.954310,6.26980804884144,12.1290,/T
2026-Jul-14 00:00,*,m,125.38543,19.93127,-1.792,5.432,358.826226,0.945041,6.27326880124818,11.3948,/T
2026-Jul-15 00:00,*,m,125.61309,19.88169,-1.791,5.432,149.126306,0.935728,6.27652868118223,10.6609,/T
2026-Jul-16 00:00,*,m,125.84086,19.83178,-1.790,5.432,299.427146,0.926370,6.27958712550002,9.9273,/T
2026-Jul-17 00:00,*,m,126.06871,19.78155,-1.789,5.431,89.728766,0.916968,6.28244349265785,9.1940,/T
2026-Jul-18 00:00,*,m,126.29662,19.73101,-1.788,5.431,240.031188,0.907523,6.28509859732536,8.4610,/T
2026-Jul-19 00:00,*,m,126.52460,19.68014,-1.788,5.431,30.334434,0.898035,6.28755102030299,7.7283,/T
2026-Jul-20 00:00,*,m,126.75261,19.62896,-1.787,5.431,180.638524,0.888503,6.28980108030247,6.9961,/T
2026-Jul-21 00:00,*,m,126.98063,19.57747,-1.786,5.431,330.943493,0.878930,6.29184811531073,6.2643,/T
2026-Jul-22 00:00,*,m,127.20866,19.52568,-1.786,5.431,121.249347,0.869314,6.29369334645936,5.5330,/T
2026-Jul-23 00:00,*,m,127.43667,19.47360,-1.785,5.431,271.556110,0.859657,6.29533651131325,4.8025,/T
2026-Jul-24 00:00,*,m,127.66465,19.42122,-1.785,5.432,61.863794,0.849959,6.29677758633925,4.0732,/T
2026-Jul-25 00:00,*,m,127.89258,19.36857,-1.784,5.432,212.172418,0.840220,6.29801740851727,3.3457,/T
2026-Jul-26 00:00,*,m,128.12045,19.31564,-1.784,5.432,2.481994,0.830442,6.29905490129510,2.6216,/T
2026-Jul-27 00:00,*,m,128.34824,19.26244,-1.783,5.432,152.792540,0.820625,6.29989031290792,1.9046,/T
2026-Jul-28 00:00,*,m,128.57592,19.20899,-1.783,5.432,303.104088,0.810770,6.30052272296221,1.2080,/T
2026-Jul-29 00:00,*,,128.80348,19.15536,-1.782,5.432,93.416642,0.800878,6.30095349087109,0.6064,/T
2026-Jul-30 00:00,*,,129.03060,19.10145,-1.782,5.432,243.730227,0.790949,6.30118205932215,0.5950,/L
2026-Jul-31 00:00,*,,129.25777,19.04711,-1.782,5.432,34.044850,0.780984,6.30120856969625,1.1913,/L
2026-Aug-01 00:00,*,,129.48476,18.99262,-1.782,5.433,184.360533,0.770985,6.30103350123539,1.8880,/L
2026-Aug-02 00:00,*,,129.71153,18.93790,-1.782,5.433,334.677284,0.760951,6.30065597951648,2.6060,/L
2026-Aug-03 00:00,*,,129.93809,18.88295,-1.782,5.433,124.995124,0.750885,6.30007596708958,3.3318,/L
2026-Aug-04 00:00,*,,130.16440,18.82776,-1.782,5.433,275.314083,0.740786,6.29929224219674,4.0615,/L
2026-Aug-05 00:00,*,,130.39046,18.77234,-1.782,5.433,65.634170,0.730657,6.29830609214837,4.7935,/L
2026-Aug-06 00:00,*,,130.61627,18.71670,-1.782,5.433,215.955410,0.720497,6.29711660781444,5.5271,/L
2026-Aug-07 00:00,*,,130.84180,18.66084,-1.783,5.434,6.277814,0.710308,6.29572398514841,6.2619,/L
2026-Aug-08 00:00,*,,131.06704,18.60477,-1.783,5.434,156.601409,0.700090,6.29412825079933,6.9978,/L
2026-Aug-09 00:00,*,,131.29197,18.54850,-1.783,5.434,306.926204,0.689845,6.29232879341518,7.7346,/L
2026-Aug-10 00:00,*,,131.51656,18.49205,-1.783,5.435,97.252228,0.679572,6.29032535492364,8.4723,/L
2026-Aug-11 00:00,*,,131.74078,18.43542,-1.784,5.435,247.579513,0.669273,6.28811675879700,9.2107,/L
2026-Aug-12 00:00,C,,131.96458,18.37863,-1.784,5.435,37.908075,0.658948,6.28570454931772,9.9499,/L
2026-Aug-13 00:00,C,m,132.18793,18.32167,-1.785,5.436,188.237942,0.648598,6.28308815585970,10.6898,/L
2026-Aug-14 00:00,C,m,132.41083,18.26456,-1.785,5.436,338.569127,0.638223,6.28026857953321,11.4304,/L
2026-Aug-15 00:00,C,m,132.63324,18.20731,-1.786,5.437,128.901659,0.627824,6.27724629030069,12.1717,/L
2026-Aug-16 00:00,C,m,132.85517,18.14990,-1.786,5.437,279.235543,0.617401,6.27402190676394,12.9138,/L
2026-Aug-17 00:00,C,m,133.07660,18.09236,-1.787,5.437,69.570807,0.606954,6.27059580158835,13.6565,/L
2026-Aug-18 00:00,C,m,133.29751,18.03469,-1.788,5.438,219.907471,0.596485,6.26696765434242,14.4000,/L
2026-Aug-19 00:00,C,m,133.51788,17.97690,-1.789,5.438,10.245554,0.585995,6.26313964263527,15.1442,/L
2026-Aug-20 00:00,C,m,133.73768,17.91900,-1.789,5.439,160.585072,0.575483,6.25911180397969,15.8892,/L
2026-Aug-21 00:00,C,m,133.95691,17.86100,-1.790,5.439,310.926035,0.564951,6.25488577449496,16.6350,/L
2026-Aug-22 00:00,C,m,134.17554,17.80292,-1.791,5.440,101.268465,0.554400,6.25046210076155,17.3815,/L
2026-Aug-23 00:00,C,m,134.39356,17.74475,-1.792,5.441,251.612363,0.543830,6.24584203392918,18.1289,/L
2026-Aug-24 00:00,C,m,134.61093,17.68651,-1.793,5.441,41.957749,0.533242,6.24102584624554,18.8772,/L
2026-Aug-25 00:00,C,m,134.82765,17.62821,-1.794,5.442,192.304641,0.522638,6.23601337962875,19.6263,/L
2026-Aug-26 00:00,C,m,135.04368,17.56985,-1.795,5.442,342.653057,0.512019,6.23080659262236,20.3764,/L
2026-Aug-27 00:00,C,m,135.25900,17.51145,-1.797,5.443,133.003010,0.501385,6.22540552298703,21.1274,/L
2026-Aug-28 00:00,C,m,135.47360,17.45301,-1.798,5.444,283.354509,0.490737,6.21981176310070,21.8794,/L
2026-Aug-29 00:00,C,m,135.68746,17.39453,-1.799,5.444,73.707576,0.480078,6.21402545174623,22.6324,/L
2026-Aug-30 00:00,C,,135.90057,17.33601,-1.800,5.445,224.062211,0.469407,6.20804798349323,23.3865,/L
2026-Aug-31 00:00,N,,136.11292,17.27748,-1.802,5.446,14.418438,0.458725,6.20187915139133,24.1417,/L
2026-Sep-01 00:00,N,,136.32451,17.21892,-1.803,5.446,164.776273,0.448035,6.19551869032268,24.8980,/L
2026-Sep-02 00:00,N,,136.53530,17.16035,-1.805,5.447,315.135742,0.437338,6.18896799802638,25.6556,/L
2026-Sep-03 00:00,N,,136.74530,17.10178,-1.806,5.448,105.496860,0.426633,6.18222702772098,26.4143,/L
2026-Sep-04 00:00,N,,136.95447,17.04323,-1.808,5.449,255.859642,0.415923,6.17529720897220,27.1743,/L
2026-Sep-05 00:00,N,,137.16279,16.98470,-1.809,5.449,46.224118,0.405208,6.16817843897568,27.9357,/L
2026-Sep-06 00:00,N,,137.37025,16.92621,-1.811,5.450,196.590292,0.394489,6.16087246482408,28.6983,/L
2026-Sep-07 00:00,N,,137.57679,16.86777,-1.813,5.451,346.958192,0.383767,6.15337908059576,29.4623,/L
2026-Sep-08 00:00,N,,137.78241,16.80940,-1.814,5.452,137.327839,0.373043,6.14569856712771,30.2277,/L
2026-Sep-09 00:00,N,,137.98704,16.75110,-1.816,5.453,287.699265,0.362318,6.13783245628007,30.9944,/L
2026-Sep-10 00:00,N,,138.19068,16.69289,-1.818,5.454,78.072484,0.351592,6.12978154436069,31.7625,/L
2026-Sep-11 00:00,N,,138.39330,16.63477,-1.820,5.454,228.447516,0.340866,6.12154792774208,32.5321,/L
2026-Sep-12 00:00,N,,138.59488,16.57675,-1.822,5.455,18.824386,0.330141,6.11313221728251,33.3031,/L
2026-Sep-13 00:00,N,,138.79541,16.51885,-1.824,5.456,169.203099,0.319418,6.10453720999462,34.0755,/L
2026-Sep-14 00:00,N,m,138.99488,16.46106,-1.826,5.457,319.583678,0.308697,6.09576336818411,34.8494,/L
2026-Sep-15 00:00,N,m,139.19327,16.40340,-1.829,5.458,109.966135,0.297980,6.08681192532411,35.6247,/L
2026-Sep-16 00:00,N,m,139.39054,16.34589,-1.831,5.459,260.350502,0.287267,6.07768464944592,36.4015,/L
2026-Sep-17 00:00,N,m,139.58669,16.28854,-1.833,5.460,50.736785,0.276559,6.06838311617850,37.1798,/L
2026-Sep-18 00:00,N,m,139.78168,16.23136,-1.835,5.461,201.125002,0.265859,6.05890968779077,37.9596,/L
2026-Sep-19 00:00,A,m,139.97549,16.17437,-1.838,5.462,351.515172,0.255166,6.04926527273586,38.7410,/L
2026-Sep-20 00:00,A,m,140.16810,16.11757,-1.840,5.462,141.907298,0.244482,6.03945302698151,39.5239,/L
2026-Sep-21 00:00,A,m,140.35949,16.06098,-1.843,5.463,292.301398,0.233808,6.02947353295253,40.3085,/L
2026-Sep-22 00:00,A,m,140.54963,16.00461,-1.845,5.464,82.697483,0.223145,6.01932838376078,41.0946,/L
2026-Sep-23 00:00,A,m,140.73848,15.94846,-1.848,5.465,233.095581,0.212496,6.00901905930934,41.8824,/L
2026-Sep-24 00:00,A,m,140.92604,15.89256,-1.851,5.466,23.495697,0.201860,5.99854750629903,42.6720,/L
2026-Sep-25 00:00,A,m,141.11228,15.83690,-1.854,5.467,173.897850,0.191240,5.98791593435739,43.4632,/L
2026-Sep-26 00:00,A,m,141.29718,15.78150,-1.856,5.468,324.302054,0.180636,5.97712530695832,44.2562,/L
2026-Sep-27 00:00,A,m,141.48072,15.72636,-1.859,5.469,114.708315,0.170051,5.96617871830793,45.0511,/L
2026-Sep-28 00:00,A,m,141.66291,15.67150,-1.862,5.470,265.116650,0.159485,5.95507661255700,45.8477,/L
2026-Sep-29 00:00,A,m,141.84373,15.61691,-1.865,5.471,55.527069,0.148940,5.94382054384543,46.6463,/L
2026-Sep-30 00:00,A,,142.02315,15.56261,-1.868,5.472,205.939605,0.138418,5.93241133890088,47.4468,/L
2026-Oct-01 00:00,A,,142.20116,15.50862,-1.871,5.473,356.354268,0.127919,5.92085095982318,48.2493,/L
2026-Oct-02 00:00,A,,142.37773,15.45496,-1.875,5.474,146.771083,0.117445,5.90914116353959,49.0538,/L
2026-Oct-03 00:00,A,,142.55281,15.40164,-1.878,5.475,297.190069,0.106997,5.89728293755041,49.8604,/L
2026-Oct-04 00:00,A,,142.72639,15.34867,-1.881,5.476,87.611243,0.096576,5.88527933071359,50.6691,/L
2026-Oct-05 00:00,A,,142.89842,15.29608,-1.885,5.477,238.034626,0.086183,5.87313110935278,51.4800,/L
2026-Oct-06 00:00,A,,143.06888,15.24386,-1.888,5.478,28.460232,0.075819,5.86084038330659,52.2929,/L
2026-Oct-07 00:00,A,,143.23772,15.19205,-1.892,5.479,178.888102,0.065486,5.84840824334374,53.1081,/L
2026-Oct-08 00:00,,,143.40493,15.14064,-1.895,5.479,329.318245,0.055184,5.83583767735396,53.9255,/L
2026-Oct-09 00:00,,,143.57046,15.08966,-1.899,5.480,119.750691,0.044914,5.82313108406685,54.7451,/L
2026-Oct-10 00:00,,,143.73432,15.03911,-1.903,5.481,270.185454,0.034678,5.81029061230721,55.5669,/L
2026-Oct-11 00:00,,,143.89646,14.98901,-1.907,5.482,60.622552,0.024476,5.79732012239840,56.3910,/L
2026-Oct-12 00:00,,,144.05689,14.93936,-1.911,5.483,211.061997,0.014310,5.78422151210047,57.2174,/L
2026-Oct-13 00:00,,,144.21556,14.89019,-1.914,5.484,1.503799,0.004182,5.77099783688642,58.0460,/L
2026-Oct-14 00:00,,,144.37246,14.84150,-1.918,5.485,151.947990,-0.005909,5.75765065334923,58.8769,/L
2026-Oct-15 00:00,,m,144.52756,14.79332,-1.923,5.486,302.394574,-0.015959,5.74418375331392,59.7102,/L
2026-Oct-16 00:00,,m,144.68082,14.74566,-1.927,5.487,92.843575,-0.025968,5.73059974434209,60.5457,/L
2026-Oct-17 00:00,,m,144.83221,14.69853,-1.931,5.487,243.295000,-0.035934,5.71690133294035,61.3836,/L
2026-Oct-18 00:00,,m,144.98171,14.65195,-1.935,5.488,33.748867,-0.045856,5.70309235283785,62.2239,/L
2026-Oct-19 00:00,,m,145.12930,14.60593,-1.940,5.489,184.205179,-0.055732,5.68917510054214,63.0666,/L
2026-Oct-20 00:00,,m,145.27494,14.56048,-1.944,5.490,334.663947,-0.065560,5.67515274710690,63.9117,/L
2026-Oct-21 00:00,,m,145.41861,14.51561,-1.949,5.491,125.125196,-0.075340,5.66102671812908,64.7592,/L
2026-Oct-22 00:00,,m,145.56028,14.47134,-1.953,5.491,275.588932,-0.085068,5.64680097812667,65.6092,/L
2026-Oct-23 00:00,,m,145.69993,14.42768,-1.958,5.492,66.055178,-0.094744,5.63247793263439,66.4617,/L
2026-Oct-24 00:00,,m,145.83754,14.38463,-1.963,5.493,216.523939,-0.104366,5.61806053192545,67.3168,/L
2026-Oct-25 00:00,,m,145.97308,14.34221,-1.967,5.494,6.995235,-0.113931,5.60355227946182,68.1744,/L
2026-Oct-26 00:00,,m,146.10655,14.30042,-1.972,5.494,157.469066,-0.123439,5.58895571820702,69.0346,/L
2026-Oct-27 00:00,,m,146.23793,14.25928,-1.977,5.495,307.945446,-0.132888,5.57427388772594,69.8975,/L
2026-Oct-28 00:00,,m,146.36720,14.21880,-1.982,5.496,98.424401,-0.142275,5.55950799991041,70.7631,/L
2026-Oct-29 00:00,,m,146.49433,14.17900,-1.987,5.496,248.905942,-0.151601,5.54466196241517,71.6315,/L
2026-Oct-30 00:00,,,146.61927,14.13989,-1.992,5.497,39.390095,-0.160862,5.52973794432303,72.5027,/L
2026-Oct-31 00:00,,,146.74200,14.10150,-1.998,5.498,189.876869,-0.170057,5.51473917141147,73.3767,/L
2026-Nov-01 00:00,,,146.86246,14.06385,-2.003,5.498,340.366294,-0.179186,5.49966899631117,74.2536,/L
2026-Nov-02 00:00,,,146.98063,14.02694,-2.008,5.499,130.858372,-0.188247,5.48453065277917,75.1334,/L
2026-Nov-03 00:00,,,147.09648,13.99079,-2.014,5.499,281.353121,-0.197239,5.46932761811076,76.0162,/L
2026-Nov-04 00:00,,,147.20997,13.95541,-2.019,5.500,71.850566,-0.206159,5.45406178643547,76.9020,/L
2026-Nov-05 00:00,,,147.32108,13.92081,-2.025,5.500,222.350723,-0.215008,5.43873783607848,77.7908,/L
2026-Nov-06 00:00,,,147.42977,13.88701,-2.030,5.501,12.853613,-0.223783,5.42335870231373,78.6826,/L
2026-Nov-07 00:00,,,147.53604,13.85402,-2.036,5.501,163.359242,-0.232482,5.40792873558172,79.5774,/L
2026-Nov-08 00:00,,,147.63985,13.82186,-2.042,5.502,313.867638,-0.241106,5.39245186384914,80.4753,/L
2026-Nov-09 00:00,,,147.74117,13.79053,-2.048,5.502,104.378795,-0.249650,5.37693254235803,81.3762,/L
2026-Nov-10 00:00,,,147.83999,13.76005,-2.053,5.502,254.892724,-0.258115,5.36137493029533,82.2802,/L
2026-Nov-11 00:00,,,147.93627,13.73043,-2.059,5.503,45.409439,-0.266499,5.34578173878726,83.1873,/L
2026-Nov-12 00:00,,,148.02999,13.70170,-2.065,5.503,195.928951,-0.274799,5.33015815797638,84.0975,/L
2026-Nov-13 00:00,,,148.12111,13.67386,-2.072,5.503,346.451272,-0.283014,5.31450760834137,85.0108,/L
2026-Nov-14 00:00,,m,148.20960,13.64693,-2.078,5.504,136.976401,-0.291141,5.29883503769528,85.9272,/L
2026-Nov-15 00:00,,m,148.29543,13.62092,-2.084,5.504,287.504356,-0.299180,5.28314440121660,86.8468,/L
2026-Nov-16 00:00,,m,148.37858,13.59584,-2.090,5.504,78.035124,-0.307128,5.26744074085716,87.7695,/L
2026-Nov-17 00:00,,m,148.45902,13.57171,-2.096,5.504,228.568712,-0.314983,5.25172823440850,88.6953,/L
2026-Nov-18 00:00,,m,148.53674,13.54851,-2.103,5.504,19.105121,-0.322743,5.23600985248051,89.6243,/L
2026-Nov-19 00:00,,m,148.61171,13.52628,-2.109,5.504,169.644360,-0.330406,5.22029060178064,90.5565,/L
2026-Nov-20 00:00,,m,148.68392,13.50502,-2.116,5.504,320.186434,-0.337971,5.20457387408541,91.4918,/L
2026-Nov-21 00:00,,m,148.75334,13.48472,-2.122,5.504,110.731337,-0.345435,5.18886460820402,92.4304,/L
2026-Nov-22 00:00,,m,148.81996,13.46541,-2.129,5.504,261.279087,-0.352797,5.17316632010191,93.3722,/L
2026-Nov-23 00:00,,m,148.88377,13.44708,-2.136,5.504,51.829666,-0.360053,5.15748413162788,94.3173,/L
2026-Nov-24 00:00,,m,148.94476,13.42975,-2.142,5.504,202.383080,-0.367204,5.14182181323514,95.2657,/L
2026-Nov-25 00:00,,m,149.00291,13.41341,-2.149,5.504,352.939328,-0.374246,5.12618231017139,96.2174,/L
2026-Nov-26 00:00,,m,149.05820,13.39810,-2.156,5.504,143.498424,-0.381178,5.11057014693606,97.1725,/L
2026-Nov-27 00:00,,m,149.11058,13.38383,-2.163,5.504,294.060371,-0.387999,5.09498868755441,98.1310,/L
2026-Nov-28 00:00,,,149.16003,13.37060,-2.170,5.504,84.625171,-0.394708,5.07944294976329,99.0930,/L
2026-Nov-29 00:00,,,149.20650,13.35843,-2.177,5.504,235.192841,-0.401302,5.06393648322723,100.0584,/L
2026-Nov-30 00:00,,,149.24997,13.34734,-2.183,5.503,25.763368,-0.407780,5.04847511369573,101.0274,/L
2026-Dec-01 00:00,,,149.29042,13.33732,-2.190,5.503,176.336755,-0.414141,5.03306313430588,101.9999,/L
2026-Dec-02 00:00,,,149.32784,13.32837,-2.198,5.503,326.912994,-0.420383,5.01770458802310,102.9760,/L
2026-Dec-03 00:00,,,149.36222,13.32052,-2.205,5.502,117.492097,-0.426505,5.00240460025790,103.9556,/L
2026-Dec-04 00:00,,,149.39353,13.31375,-2.212,5.502,268.074053,-0.432506,4.98716761281669,104.9387,/L
2026-Dec-05 00:00,,,149.42177,13.30808,-2.219,5.502,58.658858,-0.438383,4.97199949071253,105.9255,/L
2026-Dec-06 00:00,,,149.44691,13.30352,-2.226,5.501,209.246511,-0.444136,4.95690441984471,106.9158,/L
2026-Dec-07 00:00,,,149.46896,13.30007,-2.233,5.501,359.836988,-0.449762,4.94188904151060,107.9097,/L
2026-Dec-08 00:00,,,149.48789,13.29774,-2.240,5.500,150.430280,-0.455260,4.92695804604286,108.9071,/L
2026-Dec-09 00:00,,,149.50371,13.29653,-2.247,5.500,301.026360,-0.460628,4.91211615966814,109.9080,/L
2026-Dec-10 00:00,,,149.51638,13.29644,-2.255,5.499,91.625229,-0.465864,4.89736844812877,110.9125,/L
2026-Dec-11 00:00,,,149.52591,13.29748,-2.262,5.498,242.226861,-0.470967,4.88271973643801,111.9205,/L
2026-Dec-12 00:00,,,149.53227,13.29965,-2.269,5.498,32.831239,-0.475935,4.86817591287231,112.9319,/L
2026-Dec-13 00:00,,m,149.53546,13.30295,-2.276,5.497,183.438350,-0.480766,4.85374115872026,113.9469,/L
2026-Dec-14 00:00,,m,149.53547,13.30740,-2.284,5.496,334.048159,-0.485458,4.83942220953315,114.9653,/L
2026-Dec-15 00:00,,m,149.53230,13.31297,-2.291,5.496,124.660643,-0.490010,4.82522364053910,115.9871,/L
2026-Dec-16 00:00,,m,149.52597,13.31966,-2.298,5.495,275.275760,-0.494420,4.81115038225199,117.0123,/L
2026-Dec-17 00:00,,m,149.51646,13.32748,-2.305,5.494,65.893501,-0.498687,4.79720701028818,118.0410,/L
2026-Dec-18 00:00,,m,149.50380,13.33641,-2.312,5.493,216.513825,-0.502808,4.78339836064713,119.0729,/L
2026-Dec-19 00:00,,m,149.48798,13.34645,-2.320,5.493,7.136707,-0.506782,4.76972988636532,120.1083,/L
2026-Dec-20 00:00,,m,149.46903,13.35759,-2.327,5.492,157.762119,-0.510609,4.75620541141871,121.1470,/L
2026-Dec-21 00:00,,m,149.44695,13.36983,-2.334,5.491,308.390019,-0.514286,4.74283121461354,122.1890,/L
2026-Dec-22 00:00,,m,149.42177,13.38316,-2.341,5.490,99.020374,-0.517812,4.72961131118087,123.2343,/L
2026-Dec-23 00:00,,m,149.39349,13.39757,-2.348,5.489,249.653134,-0.521186,4.71655032134134,124.2829,/L
2026-Dec-24 00:00,,m,149.36212,13.41307,-2.355,5.488,40.288283,-0.524408,4.70365190971347,125.3349,/L
2026-Dec-25 00:00,,m,149.32767,13.42965,-2.362,5.487,190.925778,-0.527477,4.69092063025193,126.3901,/L
2026-Dec-26 00:00,,m,149.29011,13.44731,-2.369,5.487,341.565592,-0.530392,4.67836137027761,127.4486,/L
2026-Dec-27 00:00,,,149.24945,13.46604,-2.376,5.486,132.207690,-0.533153,4.66597786180668,128.5104,/L
2026-Dec-28 00:00,,,149.20571,13.48585,-2.382,5.485,282.852032,-0.535759,4.65377635370119,129.5756,/L
2026-Dec-29 00:00,,,149.15890,13.50670,-2.389,5.484,73.498575,-0.538210,4.64176116654490,130.6440,/L
2026-Dec-30 00:00,,,149.10907,13.52859,-2.396,5.483,224.147259,-0.540505,4.62993761304175,131.7156,/L
2026-Dec-31 00:00,,,149.05621,13.55150,-2.402,5.482,14.798056,-0.542644,4.61830963140076,132.7905,/L
2027-Jan-01 00:00,,,149.00039,13.57543,-2.409,5.481,165.450906,-0.544627,4.60688259022854,133.8685,/L
2027-Jan-02 00:00,,,148.94160,13.60035,-2.415,5.480,316.105764,-0.546454,4.59566168476907,134.9497,/L
2027-Jan-03 00:00,,,148.87989,13.62627,-2.422,5.479,106.762571,-0.548123,4.58465118448995,136.0340,/L
2027-Jan-04 00:00,,,148.81529,13.65316,-2.428,5.478,257.421271,-0.549635,4.57385739839416,137.1214,/L
2027-Jan-05 00:00,,,148.74782,13.68100,-2.434,5.477,48.081793,-0.550989,4.56328476705981,138.2116,/L
2027-Jan-06 00:00,,,148.67753,13.70979,-2.440,5.476,198.744060,-0.552185,4.55293864627947,139.3048,/L
2027-Jan-07 00:00,,,148.60446,13.73950,-2.446,5.475,349.408019,-0.553222,4.54282242823202,140.4009,/L
2027-Jan-08 00:00,,,148.52865,13.77010,-2.452,5.474,140.073588,-0.554102,4.53294123536618,141.4996,/L
2027-Jan-09 00:00,,,148.45012,13.80160,-2.458,5.473,290.740708,-0.554823,4.52329946478769,142.6011,/L
2027-Jan-10 00:00,,,148.36894,13.83395,-2.463,5.472,81.409296,-0.555386,4.51390090444595,143.7052,/L
2027-Jan-11 00:00,,m,148.28514,13.86715,-2.469,5.471,232.079286,-0.555791,4.50475088044345,144.8118,/L
2027-Jan-12 00:00,,m,148.19879,13.90116,-2.474,5.471,22.750589,-0.556038,4.49585314573803,145.9208,/L
2027-Jan-13 00:00,,m,148.10994,13.93594,-2.479,5.470,173.423112,-0.556127,4.48721230480511,147.0322,/L
2027-Jan-14 00:00,,m,148.01866,13.97149,-2.484,5.469,324.096788,-0.556059,4.47883064605847,148.1459,/L
2027-Jan-15 00:00,,m,147.92502,14.00776,-2.489,5.468,114.771524,-0.555835,4.47071248591335,149.2617,/L
2027-Jan-16 00:00,,m,147.82907,14.04473,-2.494,5.467,265.447250,-0.555455,4.46286099307394,150.3796,/L
2027-Jan-17 00:00,,m,147.73089,14.08237,-2.499,5.466,56.123871,-0.554921,4.45527913860101,151.4995,/L
2027-Jan-18 00:00,,m,147.63054,14.12066,-2.503,5.466,206.801315,-0.554234,4.44797090417261,152.6214,/L
2027-Jan-19 00:00,,m,147.52810,14.15956,-2.508,5.465,357.479483,-0.553394,4.44093913967495,153.7450,/L
2027-Jan-20 00:00,,m,147.42364,14.19906,-2.512,5.464,148.158279,-0.552403,4.43418743004732,154.8704,/L
2027-Jan-21 00:00,,m,147.31721,14.23912,-2.516,5.463,298.837628,-0.551264,4.42771689701456,155.9975,/L
2027-Jan-22 00:00,,m,147.20887,14.27972,-2.520,5.463,89.517437,-0.549978,4.42153097124377,157.1261,/L
2027-Jan-23 00:00,,m,147.09868,14.32084,-2.523,5.462,240.197631,-0.548548,4.41563173538970,158.2562,/L
2027-Jan-24 00:00,,m,146.98670,14.36245,-2.527,5.461,30.878114,-0.546975,4.41002166821799,159.3878,/L
2027-Jan-25 00:00,,,146.87300,14.40452,-2.530,5.461,181.558813,-0.545262,4.40470388582881,160.5207,/L
2027-Jan-26 00:00,,,146.75767,14.44701,-2.533,5.460,332.239624,-0.543413,4.39968106859681,161.6549,/L
2027-Jan-27 00:00,,,146.64078,14.48990,-2.536,5.460,122.920446,-0.541428,4.39495654716978,162.7902,/L
2027-Jan-28 00:00,,,146.52244,14.53313,-2.539,5.459,273.601191,-0.539311,4.39053121251434,163.9265,/L
2027-Jan-29 00:00,,,146.40273,14.57670,-2.542,5.459,64.281757,-0.537064,4.38640832712122,165.0636,/L
2027-Jan-30 00:00,,,146.28173,14.62055,-2.544,5.459,214.962056,-0.534690,4.38258949870043,166.2013,/L
2027-Jan-31 00:00,,,146.15952,14.66467,-2.546,5.458,5.641978,-0.532192,4.37907699901199,167.3395,/L
2027-Feb-01 00:00,,,146.03619,14.70903,-2.548,5.458,156.321439,-0.529571,4.37587301792397,168.4778,/L
2027-Feb-02 00:00,,,145.91183,14.75358,-2.550,5.458,307.000320,-0.526831,4.37297973069446,169.6160,/L
2027-Feb-03 00:00,,,145.78652,14.79831,-2.551,5.458,97.678515,-0.523975,4.37039954556684,170.7535,/L
2027-Feb-04 00:00,,,145.66036,14.84316,-2.553,5.457,248.355917,-0.521006,4.36813241736145,171.8897,/L
2027-Feb-05 00:00,,,145.53345,14.88811,-2.554,5.457,39.032422,-0.517925,4.36618051458609,173.0235,/L
2027-Feb-06 00:00,,,145.40587,14.93313,-2.555,5.457,189.707933,-0.514737,4.36454415202159,174.1532,/L
2027-Feb-07 00:00,,,145.27772,14.97817,-2.555,5.457,340.382334,-0.511445,4.36322456735525,175.2755,/L
2027-Feb-08 00:00,,,145.14908,15.02321,-2.556,5.457,131.055540,-0.508052,4.36222229246533,176.3832,/L
2027-Feb-09 00:00,,m,145.02007,15.06820,-2.556,5.457,281.727428,-0.504561,4.36153834896401,177.4571,/L
2027-Feb-10 00:00,,m,144.89079,15.11311,-2.556,5.457,72.397893,-0.500975,4.36117357844374,178.4264,/L
2027-Feb-11 00:00,,m,144.76137,15.15790,-2.556,5.458,223.066829,-0.497298,4.36112652181169,178.9464,/L
2027-Feb-12 00:00,,m,144.63188,15.20253,-2.556,5.458,13.734138,-0.493534,4.36139767908047,178.4621,/T
2027-Feb-13 00:00,,m,144.50245,15.24697,-2.555,5.458,164.399727,-0.489687,4.36198566850244,177.5025,/T
2027-Feb-14 00:00,A,m,144.37317,15.29118,-2.555,5.458,315.063491,-0.485760,4.36289028239725,176.4331,/T
2027-Feb-15 00:00,A,m,144.24414,15.33514,-2.554,5.458,105.725356,-0.481757,4.36411014016332,175.3293,/T
2027-Feb-16 00:00,A,m,144.11545,15.37882,-2.553,5.458,256.385214,-0.477683,4.36564497079825,174.2114,/T
2027-Feb-17 00:00,A,m,143.98719,15.42219,-2.552,5.459,47.042978,-0.473541,4.36749405105802,173.0867,/T
2027-Feb-18 00:00,A,m,143.85946,15.46523,-2.550,5.459,197.698554,-0.469337,4.36965481118243,171.9586,/T
2027-Feb-19 00:00,A,m,143.73232,15.50791,-2.549,5.459,348.351865,-0.465075,4.37212647510506,170.8289,/T
2027-Feb-20 00:00,A,m,143.60586,15.55020,-2.547,5.460,139.002835,-0.460759,4.37490670343863,169.6985,/T
2027-Feb-21 00:00,A,m,143.48017,15.59207,-2.545,5.460,289.651375,-0.456395,4.37799469526641,168.5681,/T
2027-Feb-22 00:00,A,m,143.35532,15.63350,-2.542,5.461,80.297429,-0.451986,4.38138825957198,167.4381,/T
2027-Feb-23 00:00,A,,143.23141,15.67446,-2.540,5.461,230.940901,-0.447538,4.38508697853792,166.3089,/T
2027-Feb-24 00:00,A,,143.10853,15.71492,-2.537,5.462,21.581716,-0.443054,4.38908970893837,165.1806,/T
2027-Feb-25 00:00,A,,142.98680,15.75485,-2.534,5.463,172.219784,-0.438539,4.39339388279139,164.0535,/T
2027-Feb-26 00:00,A,,142.86630,15.79423,-2.531,5.463,322.855038,-0.433998,4.39799822117021,162.9278,/T
2027-Feb-27 00:00,A,,142.74710,15.83303,-2.528,5.464,113.487404,-0.429434,4.40289999669163,161.8036,/T
2027-Feb-28 00:00,A,,142.62931,15.87123,-2.525,5.465,264.116801,-0.424852,4.40809790302135,160.6810,/T
2027-Mar-01 00:00,A,,142.51298,15.90882,-2.521,5.466,54.743175,-0.420257,4.41358876036426,159.5601,/T
2027-Mar-02 00:00,A,,142.39820,15.94577,-2.517,5.466,205.366441,-0.415651,4.41937143076105,158.4412,/T
2027-Mar-03 00:00,A,,142.28505,15.98205,-2.513,5.467,355.986535,-0.411039,4.42544359742977,157.3242,/T
2027-Mar-04 00:00,A,,142.17363,16.01766,-2.509,5.468,146.603375,-0.406424,4.43180190765595,156.2094,/T
2027-Mar-05 00:00,A,,142.06398,16.05255,-2.505,5.469,297.216910,-0.401812,4.43844373156284,155.0968,/T
2027-Mar-06 00:00,A,,141.95620,16.08672,-2.500,5.470,87.827077,-0.397205,4.44536532766396,153.9865,/T
2027-Mar-07 00:00,A,,141.85036,16.12014,-2.496,5.471,238.433814,-0.392608,4.45256431351260,152.8786,/T
2027-Mar-08 00:00,A,,141.74653,16.15280,-2.491,5.472,29.037081,-0.388024,4.46003624994576,151.7733,/T
2027-Mar-09 00:00,A,,141.64477,16.18466,-2.486,5.473,179.636815,-0.383457,4.46777905056774,150.6706,/T
2027-Mar-10 00:00,A,m,141.54518,16.21572,-2.481,5.474,330.232968,-0.378911,4.47578915986854,149.5706,/T
2027-Mar-11 00:00,A,m,141.44783,16.24595,-2.475,5.475,120.825477,-0.374389,4.48406245496081,148.4734,/T
2027-Mar-12 00:00,A,m,141.35278,16.27533,-2.470,5.476,271.414311,-0.369895,4.49259492416861,147.3791,/T
2027-Mar-13 00:00,A,m,141.26011,16.30385,-2.465,5.477,61.999428,-0.365434,4.50138186362124,146.2878,/T
2027-Mar-14 00:00,A,m,141.16989,16.33150,-2.459,5.479,212.580793,-0.361007,4.51041975989287,145.1996,/T
2027-Mar-15 00:00,N,m,141.08214,16.35827,-2.453,5.480,3.158384,-0.356620,4.51970302314066,144.1144,/T
2027-Mar-16 00:00,N,m,140.99693,16.38415,-2.447,5.481,153.732169,-0.352277,4.52922866721524,143.0325,/T
2027-Mar-17 00:00,N,m,140.91429,16.40914,-2.441,5.482,304.302126,-0.347980,4.53899215022968,141.9538,/T
2027-Mar-18 00:00,N,m,140.83427,16.43322,-2.435,5.483,94.868218,-0.343733,4.54898898968530,140.8784,/T
2027-Mar-19 00:00,N,m,140.75689,16.45640,-2.429,5.484,245.430442,-0.339541,4.55921437348678,139.8064,/T
2027-Mar-20 00:00,N,m,140.68220,16.47865,-2.423,5.486,35.988780,-0.335407,4.56966348648161,138.7377,/T
2027-Mar-21 00:00,N,m,140.61023,16.49998,-2.416,5.487,186.543220,-0.331334,4.58033263032622,137.6723,/T
2027-Mar-22 00:00,N,m,140.54102,16.52037,-2.410,5.488,337.093763,-0.327326,4.59121629569689,136.6104,/T
2027-Mar-23 00:00,N,m,140.47459,16.53982,-2.403,5.489,127.640396,-0.323386,4.60231175425824,135.5519,/T
2027-Mar-24 00:00,N,,140.41100,16.55833,-2.396,5.490,278.183113,-0.319517,4.61361471903950,134.4967,/T
2027-Mar-25 00:00,N,,140.35029,16.57588,-2.389,5.492,68.721887,-0.315722,4.62512142237297,133.4450,/T
2027-Mar-26 00:00,N,,140.29249,16.59247,-2.383,5.493,219.256727,-0.312004,4.63682710667553,132.3968,/T
2027-Mar-27 00:00,N,,140.23762,16.60809,-2.376,5.494,9.787619,-0.308365,4.64872741926900,131.3520,/T
2027-Mar-28 00:00,N,,140.18571,16.62276,-2.369,5.495,160.314565,-0.304807,4.66081861507272,130.3106,/T
2027-Mar-29 00:00,N,,140.13679,16.63646,-2.362,5.496,310.837564,-0.301334,4.67309517927923,129.2728,/T
2027-Mar-30 00:00,N,,140.09085,16.64920,-2.354,5.498,101.356619,-0.297947,4.68555408936210,128.2385,/T
2027-Mar-31 00:00,N,,140.04793,16.66097,-2.347,5.499,251.871730,-0.294649,4.69819065340277,127.2077,/T
2027-Apr-01 00:00,N,,140.00805,16.67176,-2.340,5.500,42.382882,-0.291441,4.71100096434225,126.1805,/T
2027-Apr-02 00:00,N,,139.97122,16.68158,-2.333,5.501,192.890095,-0.288325,4.72397949313111,125.1569,/T
2027-Apr-03 00:00,N,,139.93747,16.69041,-2.325,5.502,343.393366,-0.285303,4.73712158579387,124.1369,/T
2027-Apr-04 00:00,N,,139.90680,16.69827,-2.318,5.503,133.892713,-0.282377,4.75042276382689,123.1206,/T
2027-Apr-05 00:00,N,,139.87924,16.70513,-2.311,5.504,284.388147,-0.279549,4.76387710122624,122.1079,/T
2027-Apr-06 00:00,N,,139.85479,16.71101,-2.303,5.505,74.879689,-0.276820,4.77748088822839,121.0988,/T
2027-Apr-07 00:00,N,,139.83347,16.71590,-2.296,5.506,225.367354,-0.274192,4.79122890986109,120.0935,/T
2027-Apr-08 00:00,N,m,139.81530,16.71979,-2.288,5.507,15.851144,-0.271666,4.80511702385755,119.0918,/T
2027-Apr-09 00:00,N,m,139.80029,16.72269,-2.281,5.508,166.331094,-0.269244,4.81913901151015,118.0940,/T
2027-Apr-10 00:00,N,m,139.78845,16.72460,-2.273,5.509,316.807219,-0.266928,4.83329003226864,117.0999,/T
2027-Apr-11 00:00,N,m,139.77977,16.72552,-2.266,5.510,107.279556,-0.264719,4.84756504480900,116.1095,/T
2027-Apr-12 00:00,N,m,139.77424,16.72546,-2.258,5.511,257.748130,-0.262618,4.86195807091388,115.1230,/T
2027-Apr-13 00:00,C,m,139.77185,16.72443,-2.251,5.512,48.212984,-0.260627,4.87646504552988,114.1402,/T
2027-Apr-14 00:00,C,m,139.77258,16.72244,-2.243,5.513,198.674148,-0.258748,4.89108081916850,113.1613,/T
2027-Apr-15 00:00,C,m,139.77641,16.71949,-2.236,5.514,349.131642,-0.256982,4.90580162433965,112.1861,/T
2027-Apr-16 00:00,C,m,139.78333,16.71558,-2.228,5.515,139.585514,-0.255330,4.92062140719490,111.2146,/T
2027-Apr-17 00:00,C,m,139.79334,16.71071,-2.221,5.516,290.035790,-0.253794,4.93553600779771,110.2469,/T
2027-Apr-18 00:00,C,m,139.80640,16.70490,-2.213,5.516,80.482519,-0.252374,4.95054074825276,109.2829,/T
2027-Apr-19 00:00,C,m,139.82254,16.69813,-2.206,5.517,230.925731,-0.251073,4.96563057648350,108.3226,/T
2027-Apr-20 00:00,C,m,139.84171,16.69042,-2.199,5.518,21.365476,-0.249891,4.98080185691646,107.3659,/T
2027-Apr-21 00:00,C,m,139.86392,16.68177,-2.191,5.519,171.801788,-0.248828,4.99605026447752,106.4129,/T
2027-Apr-22 00:00,C,,139.88917,16.67218,-2.184,5.519,322.234690,-0.247886,5.01137284622548,105.4633,/T
2027-Apr-23 00:00,C,,139.91743,16.66166,-2.176,5.520,112.664227,-0.247065,5.02676406966582,104.5173,/T
2027-Apr-24 00:00,C,,139.94868,16.65022,-2.169,5.520,263.090426,-0.246365,5.04222045296314,103.5749,/T
2027-Apr-25 00:00,C,,139.98292,16.63786,-2.162,5.521,53.513335,-0.245786,5.05773749641672,102.6358,/T
2027-Apr-26 00:00,C,,140.02011,16.62459,-2.154,5.522,203.932982,-0.245330,5.07331072074118,101.7003,/T
2027-Apr-27 00:00,C,,140.06022,16.61042,-2.147,5.522,354.349421,-0.244996,5.08893633988043,100.7681,/T
2027-Apr-28 00:00,C,,140.10324,16.59536,-2.140,5.523,144.762683,-0.244784,5.10461028217531,99.8393,/T
2027-Apr-29 00:00,C,,140.14915,16.57939,-2.133,5.523,295.172795,-0.244694,5.12032968788541,98.9138,/T
2027-Apr-30 00:00,C,,140.19793,16.56254,-2.126,5.523,85.579800,-0.244726,5.13608901232283,97.9917,/T
2027-May-01 00:00,C,,140.24956,16.54479,-2.118,5.524,235.983732,-0.244881,5.15188483059640,97.0729,/T
2027-May-02 00:00,C,,140.30403,16.52615,-2.111,5.524,26.384638,-0.245158,5.16771235210566,96.1574,/T
2027-May-03 00:00,C,,140.36131,16.50662,-2.104,5.524,176.782548,-0.245557,5.18356725842638,95.2452,/T
2027-May-04 00:00,C,,140.42139,16.48622,-2.097,5.525,327.177523,-0.246078,5.19944521806099,94.3362,/T
2027-May-05 00:00,C,,140.48425,16.46493,-2.091,5.525,117.569597,-0.246721,5.21534212216816,93.4305,/T
2027-May-06 00:00,C,,140.54988,16.44277,-2.084,5.525,267.958806,-0.247486,5.23125483281425,92.5280,/T
2027-May-07 00:00,C,m,140.61826,16.41973,-2.077,5.525,58.345197,-0.248373,5.24717763093346,91.6287,/T
2027-May-08 00:00,C,m,140.68937,16.39583,-2.070,5.526,208.728812,-0.249382,5.26310688824421,90.7326,/T
2027-May-09 00:00,C,m,140.76317,16.37108,-2.063,5.526,359.109708,-0.250512,5.27903747724341,89.8398,/T
2027-May-10 00:00,*,m,140.83963,16.34548,-2.057,5.526,149.487924,-0.251765,5.29496529647472,88.9501,/T
2027-May-11 00:00,*,m,140.91870,16.31906,-2.050,5.526,299.863529,-0.253139,5.31088573508531,88.0637,/T
2027-May-12 00:00,*,m,141.00034,16.29181,-2.044,5.526,90.236566,-0.254636,5.32679517290905,87.1803,/T
2027-May-13 00:00,*,m,141.08451,16.26375,-2.037,5.526,240.607084,-0.256254,5.34269086900166,86.3001,/T
2027-May-14 00:00,*,m,141.17119,16.23487,-2.031,5.526,30.975128,-0.257995,5.35856798056891,85.4229,/T
2027-May-15 00:00,*,m,141.26035,16.20519,-2.024,5.526,181.340747,-0.259858,5.37442370303990,84.5488,/T
2027-May-16 00:00,*,m,141.35195,16.17470,-2.018,5.526,331.703995,-0.261842,5.39025377294534,83.6777,/T
2027-May-17 00:00,*,m,141.44598,16.14341,-2.012,5.526,122.064908,-0.263948,5.40605534398234,82.8096,/T
2027-May-18 00:00,*,m,141.54241,16.11134,-2.006,5.526,272.423551,-0.266176,5.42182443193265,81.9443,/T
2027-May-19 00:00,*,m,141.64121,16.07848,-2.000,5.526,62.779961,-0.268524,5.43755851309840,81.0819,/T
2027-May-20 00:00,*,m,141.74235,16.04485,-1.994,5.525,213.134180,-0.270992,5.45325545712088,80.2223,/T
2027-May-21 00:00,*,,141.84581,16.01044,-1.988,5.525,3.486244,-0.273580,5.46891131380764,79.3654,/T
2027-May-22 00:00,*,,141.95156,15.97528,-1.982,5.525,153.836196,-0.276287,5.48452364883484,78.5112,/T
2027-May-23 00:00,*,,142.05956,15.93935,-1.976,5.525,304.184081,-0.279113,5.50008850102870,77.6597,/T
2027-May-24 00:00,*,,142.16978,15.90268,-1.970,5.524,94.529932,-0.282056,5.51560343214873,76.8108,/T
2027-May-25 00:00,*,,142.28218,15.86527,-1.964,5.524,244.873806,-0.285116,5.53106426221106,75.9645,/T
2027-May-26 00:00,*,,142.39675,15.82713,-1.959,5.524,35.215737,-0.288291,5.54646868513695,75.1207,/T
2027-May-27 00:00,*,,142.51343,15.78825,-1.953,5.523,185.555771,-0.291582,5.56181435560521,74.2794,/T
2027-May-28 00:00,*,,142.63221,15.74864,-1.948,5.523,335.893935,-0.294988,5.57709762995388,73.4405,/T
2027-May-29 00:00,*,,142.75307,15.70831,-1.942,5.523,126.230274,-0.298507,5.59231587018664,72.6040,/T
2027-May-30 00:00,*,,142.87598,15.66726,-1.937,5.522,276.564832,-0.302138,5.60746512791784,71.7699,/T
2027-May-31 00:00,*,,143.00093,15.62548,-1.931,5.522,66.897641,-0.305882,5.62254306722440,70.9381,/T
2027-Jun-01 00:00,*,,143.12787,15.58299,-1.926,5.521,217.228758,-0.309737,5.63754523251266,70.1087,/T
2027-Jun-02 00:00,*,,143.25680,15.53978,-1.921,5.521,7.558217,-0.313702,5.65246939274081,69.2815,/T
2027-Jun-03 00:00,*,,143.38769,15.49587,-1.916,5.520,157.886066,-0.317777,5.66731286967486,68.4566,/T
2027-Jun-04 00:00,*,,143.52052,15.45126,-1.911,5.520,308.212333,-0.321961,5.68207227175898,67.6340,/T
2027-Jun-05 00:00,*,m,143.65526,15.40596,-1.906,5.519,98.537067,-0.326253,5.69674459545949,66.8136,/T
2027-Jun-06 00:00,*,m,143.79187,15.35997,-1.901,5.519,248.860313,-0.330653,5.71132589044073,65.9954,/T
2027-Jun-07 00:00,*,m,143.93031,15.31332,-1.896,5.518,39.182110,-0.335161,5.72581383538327,65.1794,/T
2027-Jun-08 00:00,*,m,144.07054,15.26600,-1.891,5.518,189.502516,-0.339776,5.74020391471626,64.3656,/T
2027-Jun-09 00:00,*,m,144.21252,15.21803,-1.887,5.517,339.821573,-0.344498,5.75449423541099,63.5539,/T
2027-Jun-10 00:00,*,m,144.35620,15.16942,-1.882,5.517,130.139333,-0.349326,5.76868232690113,62.7444,/T
2027-Jun-11 00:00,*,m,144.50157,15.12016,-1.877,5.516,280.455822,-0.354259,5.78276583447896,61.9370,/T
2027-Jun-12 00:00,*,m,144.64860,15.07026,-1.873,5.515,70.771094,-0.359298,5.79674228705172,61.1316,/T
2027-Jun-13 00:00,*,m,144.79727,15.01973,-1.868,5.515,221.085186,-0.364440,5.81060880837557,60.3283,/T
2027-Jun-14 00:00,*,m,144.94755,14.96856,-1.864,5.514,11.398134,-0.369687,5.82436399215654,59.5269,/T
2027-Jun-15 00:00,*,m,145.09942,14.91678,-1.860,5.514,161.709987,-0.375036,5.83800419436282,58.7275,/T
2027-Jun-16 00:00,*,m,145.25285,14.86438,-1.855,5.513,312.020782,-0.380487,5.85152837423057,57.9299,/T
2027-Jun-17 00:00,*,m,145.40780,14.81138,-1.851,5.512,102.330562,-0.386040,5.86493456871095,57.1342,/T
2027-Jun-18 00:00,*,m,145.56426,14.75778,-1.847,5.512,252.639345,-0.391692,5.87822141957954,56.3403,/T
2027-Jun-19 00:00,*,,145.72218,14.70359,-1.843,5.511,42.947174,-0.397443,5.89138665223823,55.5482,/T
2027-Jun-20 00:00,*,,145.88156,14.64881,-1.839,5.510,193.254077,-0.403292,5.90442795288566,54.7577,/T
2027-Jun-21 00:00,*,,146.04234,14.59346,-1.835,5.509,343.560088,-0.409238,5.91734402971657,53.9689,/T
2027-Jun-22 00:00,*,,146.20452,14.53753,-1.831,5.509,133.865244,-0.415280,5.93013140256248,53.1817,/T
2027-Jun-23 00:00,*,,146.36805,14.48103,-1.827,5.508,284.169578,-0.421417,5.94278897156447,52.3960,/T
2027-Jun-24 00:00,*,,146.53291,14.42397,-1.824,5.507,74.473131,-0.427648,5.95531451993544,51.6119,/T
2027-Jun-25 00:00,*,,146.69909,14.36635,-1.820,5.507,224.775917,-0.433971,5.96770692479575,50.8292,/T
2027-Jun-26 00:00,*,,146.86655,14.30818,-1.816,5.506,15.077978,-0.440386,5.97996349023562,50.0480,/T
2027-Jun-27 00:00,*,,147.03530,14.24945,-1.813,5.505,165.379339,-0.446891,5.99208197062570,49.2683,/T
2027-Jun-28 00:00,*,,147.20530,14.19016,-1.809,5.505,315.680035,-0.453486,6.00406071046976,48.4898,/T
2027-Jun-29 00:00,*,,147.37654,14.13033,-1.806,5.504,105.980099,-0.460170,6.01589618774517,47.7128,/T
2027-Jun-30 00:00,*,,147.54900,14.06995,-1.803,5.503,256.279571,-0.466942,6.02758695337797,46.9370,/T
2027-Jul-01 00:00,*,,147.72266,14.00904,-1.799,5.502,46.578490,-0.473801,6.03913046408411,46.1625,/T
2027-Jul-02 00:00,*,,147.89750,13.94760,-1.796,5.502,196.876875,-0.480746,6.05052572250703,45.3893,/T
2027-Jul-03 00:00,*,,148.07348,13.88563,-1.793,5.501,347.174771,-0.487777,6.06176967705310,44.6174,/T
2027-Jul-04 00:00,*,m,148.25059,13.82316,-1.790,5.500,137.472203,-0.494893,6.07286027449751,43.8467,/T
2027-Jul-05 00:00,*,m,148.42877,13.76019,-1.787,5.500,287.769215,-0.502093,6.08379568067467,43.0772,/T
2027-Jul-06 00:00,*,m,148.60800,13.69673,-1.784,5.499,78.065839,-0.509377,6.09457280253425,42.3089,/T
2027-Jul-07 00:00,*,m,148.78823,13.63279,-1.781,5.498,228.362119,-0.516744,6.10519032169398,41.5418,/T
2027-Jul-08 00:00,*,m,148.96944,13.56838,-1.778,5.497,18.658097,-0.524194,6.11564615735434,40.7759,/T
2027-Jul-09 00:00,*,m,149.15162,13.50349,-1.775,5.497,168.953792,-0.531726,6.12594022380940,40.0111,/T
2027-Jul-10 00:00,*,m,149.33474,13.43814,-1.772,5.496,319.249245,-0.539340,6.13607012105841,39.2474,/T
2027-Jul-11 00:00,*,m,149.51879,13.37232,-1.770,5.495,109.544479,-0.547034,6.14603490385739,38.4849,/T
2027-Jul-12 00:00,*,m,149.70375,13.30604,-1.767,5.495,259.839530,-0.554807,6.15583334075241,37.7234,/T
2027-Jul-13 00:00,*,m,149.88961,13.23932,-1.764,5.494,50.134421,-0.562659,6.16546342079390,36.9630,/T
2027-Jul-14 00:00,*,m,150.07633,13.17215,-1.762,5.493,200.429191,-0.570588,6.17492418391842,36.2036,/T
2027-Jul-15 00:00,*,m,150.26388,13.10456,-1.759,5.493,350.723871,-0.578595,6.18421404841410,35.4450,/T
2027-Jul-16 00:00,*,m,150.45225,13.03654,-1.757,5.492,141.018478,-0.586676,6.19333342457172,34.6874,/T
2027-Jul-17 00:00,*,m,150.64141,12.96810,-1.754,5.491,291.313044,-0.594832,6.20228010228720,33.9307,/T
2027-Jul-18 00:00,*,,150.83134,12.89926,-1.752,5.491,81.607584,-0.603062,6.21105353028852,33.1748,/T
2027-Jul-19 00:00,*,,151.02200,12.83001,-1.750,5.490,231.902133,-0.611363,6.21965235481542,32.4197,/T
2027-Jul-20 00:00,*,,151.21340,12.76036,-1.748,5.490,22.196706,-0.619736,6.22807500022413,31.6653,/T
2027-Jul-21 00:00,*,,151.40549,12.69032,-1.746,5.489,172.491340,-0.628178,6.23632021331684,30.9117,/T
2027-Jul-22 00:00,*,,151.59826,12.61989,-1.743,5.488,322.786062,-0.636690,6.24438646328526,30.1587,/T
2027-Jul-23 00:00,*,,151.79169,12.54909,-1.741,5.488,113.080889,-0.645269,6.25227413240347,29.4063,/T
2027-Jul-24 00:00,*,,151.98577,12.47790,-1.739,5.487,263.375846,-0.653915,6.25998093887295,28.6545,/T
2027-Jul-25 00:00,*,,152.18049,12.40633,-1.737,5.487,53.670951,-0.662627,6.26750635442255,27.9033,/T
2027-Jul-26 00:00,*,,152.37583,12.33439,-1.735,5.486,203.966236,-0.671403,6.27484862454785,27.1526,/T
2027-Jul-27 00:00,*,,152.57180,12.26208,-1.734,5.486,354.261714,-0.680243,6.28200632825142,26.4024,/T
2027-Jul-28 00:00,*,,152.76836,12.18941,-1.732,5.485,144.557424,-0.689147,6.28897760808205,25.6526,/T
2027-Jul-29 00:00,*,,152.96550,12.11638,-1.730,5.485,294.853393,-0.698113,6.29576075635213,24.9033,/T
2027-Jul-30 00:00,*,,153.16319,12.04301,-1.728,5.484,85.149646,-0.707140,6.30235577956165,24.1544,/T
2027-Jul-31 00:00,*,,153.36143,11.96930,-1.727,5.484,235.446207,-0.716228,6.30876024456467,23.4060,/T
2027-Aug-01 00:00,*,,153.56017,11.89527,-1.725,5.483,25.743102,-0.725376,6.31497351508222,22.6579,/T
2027-Aug-02 00:00,*,,153.75938,11.82093,-1.724,5.483,176.040366,-0.734584,6.32099358343674,21.9102,/T
2027-Aug-03 00:00,*,m,153.95904,11.74628,-1.722,5.482,326.338017,-0.743850,6.32681948986943,21.1629,/T
2027-Aug-04 00:00,*,m,154.15912,11.67133,-1.721,5.482,116.636100,-0.753176,6.33244935104175,20.4159,/T
2027-Aug-05 00:00,*,m,154.35959,11.59609,-1.719,5.482,266.934642,-0.762560,6.33788213607688,19.6694,/T
2027-Aug-06 00:00,*,m,154.56044,11.52057,-1.718,5.481,57.233673,-0.772000,6.34311840504872,18.9231,/T
2027-Aug-07 00:00,*,m,154.76167,11.44477,-1.717,5.481,207.533214,-0.781497,6.34815681178887,18.1773,/T
2027-Aug-08 00:00,*,m,154.96325,11.36870,-1.715,5.481,357.833286,-0.791050,6.35299768804984,17.4317,/T
2027-Aug-09 00:00,*,m,155.16517,11.29236,-1.714,5.480,148.133918,-0.800657,6.35763985500433,16.6865,/T
2027-Aug-10 00:00,*,m,155.36741,11.21577,-1.713,5.480,298.435120,-0.810318,6.36208352766306,15.9417,/T
2027-Aug-11 00:00,*,m,155.56996,11.13893,-1.712,5.480,88.736928,-0.820031,6.36632722292044,15.1971,/T
2027-Aug-12 00:00,C,m,155.77279,11.06185,-1.711,5.479,239.039360,-0.829796,6.37037058410601,14.4527,/T
2027-Aug-13 00:00,C,m,155.97586,10.98454,-1.710,5.479,29.342442,-0.839610,6.37421424056904,13.7087,/T
2027-Aug-14 00:00,C,m,156.17917,10.90702,-1.709,5.479,179.646185,-0.849475,6.37785729817681,12.9649,/T
2027-Aug-15 00:00,C,m,156.38270,10.82928,-1.708,5.479,329.950608,-0.859387,6.38130007306320,12.2213,/T
2027-Aug-16 00:00,C,m,156.58642,10.75133,-1.707,5.479,120.255736,-0.869346,6.38454131268597,11.4781,/T
2027-Aug-17 00:00,C,m,156.79032,10.67319,-1.706,5.478,270.561574,-0.879351,6.38758140853017,10.7351,/T
2027-Aug-18 00:00,C,m,156.99438,10.59485,-1.705,5.478,60.868156,-0.889401,6.39041853347996,9.9924,/T
2027-Aug-19 00:00,C,,157.19860,10.51632,-1.705,5.478,211.175500,-0.899494,6.39305236523798,9.2501,/T
2027-Aug-20 00:00,C,,157.40294,10.43761,-1.704,5.478,1.483631,-0.909631,6.39548308772887,8.5082,/T
2027-Aug-21 00:00,C,,157.60741,10.35872,-1.703,5.478,151.792559,-0.919809,6.39771001344805,7.7669,/T
2027-Aug-22 00:00,C,,157.81199,10.27966,-1.703,5.478,302.102306,-0.930028,6.39973318822659,7.0264,/T
2027-Aug-23 00:00,C,,158.01668,10.20043,-1.702,5.478,92.412893,-0.940286,6.40155125911781,6.2871,/T
2027-Aug-24 00:00,C,,158.22146,10.12103,-1.702,5.478,242.724331,-0.950583,6.40316465187130,5.5494,/T
2027-Aug-25 00:00,C,,158.42631,10.04149,-1.701,5.478,33.036651,-0.960919,6.40457124175464,4.8142,/T
2027-Aug-26 00:00,C,,158.63123,9.96179,-1.701,5.478,183.349872,-0.971292,6.40577068666654,4.0830,/T
2027-Aug-27 00:00,C,,158.83619,9.88197,-1.701,5.478,333.664027,-0.981702,6.40676267090158,3.3587,/T
2027-Aug-28 00:00,C,,159.04116,9.80202,-1.700,5.478,123.979127,-0.992147,6.40754673776217,2.6471,/T
2027-Aug-29 00:00,C,,159.24612,9.72198,-1.700,5.478,274.295197,-1.002628,6.40812264092773,1.9626,/T
2027-Aug-30 00:00,C,,159.45104,9.64185,-1.700,5.478,64.612264,-1.013144,6.40848912083349,1.3480,/T
2027-Aug-31 00:00,N,,159.65587,9.56167,-1.700,5.478,214.930343,-1.023695,6.40864679183417,0.9511,/T
2027-Sep-01 00:00,N,,159.86054,9.48135,-1.700,5.478,5.249467,-1.034279,6.40859374898293,1.0565,/L
2027-Sep-02 00:00,N,,160.06517,9.40091,-1.700,5.478,155.569660,-1.044896,6.40833019746787,1.5666,/L
2027-Sep-03 00:00,N,m,160.26971,9.32042,-1.700,5.478,305.890957,-1.055546,6.40785610746214,2.2183,/L
2027-Sep-04 00:00,N,m,160.47412,9.23988,-1.700,5.479,96.213367,-1.066227,6.40717217148219,2.9185,/L
2027-Sep-05 00:00,N,m,160.67839,9.15930,-1.700,5.479,246.536918,-1.076939,6.40627877195818,3.6397,/L
2027-Sep-06 00:00,N,m,160.88250,9.07868,-1.700,5.479,36.861624,-1.087681,6.40517570357336,4.3718,/L
2027-Sep-07 00:00,N,m,161.08643,8.99804,-1.700,5.479,187.187503,-1.098451,6.40386439266912,5.1103,/L
2027-Sep-08 00:00,N,m,161.29016,8.91737,-1.701,5.479,337.514574,-1.109248,6.40234370936941,5.8530,/L
2027-Sep-09 00:00,N,m,161.49367,8.83669,-1.701,5.479,127.842857,-1.120072,6.40061447584922,6.5987,/L
2027-Sep-10 00:00,N,m,161.69692,8.75602,-1.701,5.480,278.172380,-1.130921,6.39867677231166,7.3468,/L
2027-Sep-11 00:00,N,m,161.89991,8.67536,-1.702,5.480,68.503148,-1.141794,6.39653193196977,8.0967,/L
2027-Sep-12 00:00,N,m,162.10261,8.59472,-1.702,5.480,218.835182,-1.152690,6.39418026704555,8.8482,/L
2027-Sep-13 00:00,N,m,162.30501,8.51411,-1.703,5.480,9.168493,-1.163608,6.39162188179011,9.6010,/L
2027-Sep-14 00:00,N,m,162.50708,8.43354,-1.703,5.481,159.503095,-1.174546,6.38885810573911,10.3552,/L
2027-Sep-15 00:00,N,m,162.70883,8.35301,-1.704,5.481,309.839005,-1.185504,6.38588791372672,11.1106,/L
2027-Sep-16 00:00,N,m,162.91023,8.27252,-1.705,5.481,100.176240,-1.196480,6.38271199363508,11.8671,/L
2027-Sep-17 00:00,N,m,163.11127,8.19210,-1.706,5.482,250.514828,-1.207474,6.37933000095793,12.6247,/L
2027-Sep-18 00:00,N,m,163.31194,8.11173,-1.706,5.482,40.854773,-1.218485,6.37574337153640,13.3835,/L
2027-Sep-19 00:00,A,m,163.51222,8.03144,-1.707,5.483,191.196100,-1.229511,6.37195196005558,14.1433,/L
2027-Sep-20 00:00,A,,163.71212,7.95122,-1.708,5.483,341.538819,-1.240551,6.36795588818375,14.9043,/L
2027-Sep-21 00:00,A,,163.91161,7.87108,-1.709,5.483,131.882949,-1.251606,6.36375606243306,15.6664,/L
2027-Sep-22 00:00,A,,164.11068,7.79103,-1.710,5.484,282.228506,-1.262673,6.35935148506494,16.4296,/L
2027-Sep-23 00:00,A,,164.30931,7.71110,-1.711,5.484,72.575513,-1.273753,6.35474256494149,17.1940,/L
2027-Sep-24 00:00,A,,164.50747,7.63128,-1.712,5.485,222.924003,-1.284845,6.34992862815112,17.9595,/L
2027-Sep-25 00:00,A,,164.70513,7.55160,-1.713,5.485,13.273986,-1.295948,6.34491128645798,18.7263,/L
2027-Sep-26 00:00,A,,164.90226,7.47206,-1.714,5.486,163.625492,-1.307062,6.33969025816734,19.4942,/L
2027-Sep-27 00:00,A,,165.09883,7.39268,-1.716,5.486,313.978534,-1.318186,6.33426612149367,20.2634,/L
2027-Sep-28 00:00,A,,165.29483,7.31348,-1.717,5.487,104.333139,-1.329319,6.32863988134913,21.0338,/L
2027-Sep-29 00:00,A,,165.49025,7.23445,-1.718,5.488,254.689323,-1.340460,6.32281135694753,21.8053,/L
2027-Sep-30 00:00,A,,165.68505,7.15561,-1.720,5.488,45.047112,-1.351610,6.31678144043107,22.5781,/L
2027-Oct-01 00:00,A,,165.87924,7.07696,-1.721,5.489,195.406537,-1.362767,6.31055009291926,23.3522,/L
2027-Oct-02 00:00,A,,166.07278,6.99852,-1.723,5.489,345.767611,-1.373930,6.30411989138191,24.1274,/L
2027-Oct-03 00:00,A,,166.26567,6.92030,-1.724,5.490,136.130358,-1.385099,6.29749127936408,24.9039,/L
2027-Oct-04 00:00,A,m,166.45787,6.84230,-1.726,5.491,286.494787,-1.396271,6.29066592432647,25.6817,/L
2027-Oct-05 00:00,A,m,166.64938,6.76455,-1.727,5.491,76.860923,-1.407447,6.28364531815471,26.4607,/L
2027-Oct-06 00:00,A,m,166.84016,6.68705,-1.729,5.492,227.228769,-1.418624,6.27643029508579,27.2409,/L
2027-Oct-07 00:00,A,m,167.03019,6.60982,-1.731,5.493,17.598349,-1.429801,6.26902203960521,28.0224,/L
2027-Oct-08 00:00,,m,167.21944,6.53287,-1.733,5.494,167.969689,-1.440978,6.26142082688408,28.8052,/L
2027-Oct-09 00:00,,m,167.40790,6.45620,-1.734,5.494,318.342797,-1.452154,6.25362949347984,29.5894,/L
2027-Oct-10 00:00,,m,167.59553,6.37984,-1.736,5.495,108.717694,-1.463326,6.24564856919918,30.3749,/L
2027-Oct-11 00:00,,m,167.78232,6.30378,-1.738,5.496,259.094387,-1.474494,6.23748004477009,31.1617,/L
2027-Oct-12 00:00,,m,167.96825,6.22805,-1.740,5.496,49.472899,-1.485656,6.22912522119445,31.9500,/L
2027-Oct-13 00:00,,m,168.15331,6.15264,-1.742,5.497,199.853230,-1.496812,6.22058540548858,32.7397,/L
2027-Oct-14 00:00,,m,168.33748,6.07757,-1.745,5.498,350.235405,-1.507961,6.21186159688869,33.5309,/L
2027-Oct-15 00:00,,m,168.52075,6.00283,-1.747,5.499,140.619442,-1.519100,6.20295412271410,34.3235,/L
2027-Oct-16 00:00,,m,168.70310,5.92845,-1.749,5.500,291.005357,-1.530230,6.19386570062939,35.1177,/L
2027-Oct-17 00:00,,m,168.88452,5.85443,-1.751,5.500,81.393167,-1.541349,6.18459678255974,35.9134,/L
2027-Oct-18 00:00,,m,169.06499,5.78078,-1.754,5.501,231.782880,-1.552457,6.17514937746664,36.7108,/L
2027-Oct-19 00:00,,m,169.24449,5.70752,-1.756,5.502,22.174522,-1.563552,6.16552434789171,37.5098,/L
2027-Oct-20 00:00,,,169.42300,5.63464,-1.759,5.503,172.568094,-1.574634,6.15572319592105,38.3104,/L
2027-Oct-21 00:00,,,169.60050,5.56217,-1.761,5.504,322.963626,-1.585702,6.14574648011380,39.1128,/L
2027-Oct-22 00:00,,,169.77695,5.49012,-1.764,5.505,113.361140,-1.596755,6.13559447943476,39.9169,/L
2027-Oct-23 00:00,,,169.95232,5.41851,-1.767,5.505,263.760660,-1.607793,6.12526965233448,40.7228,/L
2027-Oct-24 00:00,,,170.12657,5.34735,-1.769,5.506,54.162208,-1.618816,6.11477259255737,41.5305,/L
2027-Oct-25 00:00,,,170.29969,5.27666,-1.772,5.507,204.565798,-1.629822,6.10410560940210,42.3401,/L
2027-Oct-26 00:00,,,170.47165,5.20645,-1.775,5.508,354.971463,-1.640811,6.09326974372578,43.1515,/L
2027-Oct-27 00:00,,,170.64243,5.13672,-1.778,5.509,145.379208,-1.651781,6.08226744250090,43.9647,/L
2027-Oct-28 00:00,,,170.81201,5.06749,-1.781,5.510,295.789063,-1.662733,6.07109978380310,44.7799,/L
2027-Oct-29 00:00,,,170.98038,4.99877,-1.784,5.511,86.201052,-1.673665,6.05976809351098,45.5969,/L
2027-Oct-30 00:00,,,171.14750,4.93058,-1.787,5.512,236.615198,-1.684576,6.04827553147841,46.4158,/L
2027-Oct-31 00:00,,,171.31336,4.86291,-1.790,5.512,27.031517,-1.695464,6.03662386044701,47.2366,/L
2027-Nov-01 00:00,,,171.47791,4.79580,-1.794,5.513,177.450024,-1.706329,6.02481637638829,48.0593,/L
2027-Nov-02 00:00,,,171.64114,4.72926,-1.797,5.514,327.870740,-1.717169,6.01285485144988,48.8839,/L
2027-Nov-03 00:00,,m,171.80301,4.66329,-1.800,5.515,118.293665,-1.727982,6.00074279259872,49.7105,/L
2027-Nov-04 00:00,,m,171.96350,4.59792,-1.804,5.516,268.718823,-1.738767,5.98848167453093,50.5390,/L
2027-Nov-05 00:00,,m,172.12259,4.53314,-1.807,5.517,59.146227,-1.749523,5.97607344152355,51.3694,/L
2027-Nov-06 00:00,,m,172.28023,4.46899,-1.811,5.518,209.575899,-1.760249,5.96352118754049,52.2019,/L
2027-Nov-07 00:00,,m,172.43641,4.40546,-1.814,5.518,0.007849,-1.770942,5.95082705481847,53.0363,/L
2027-Nov-08 00:00,,m,172.59110,4.34258,-1.818,5.519,150.442090,-1.781603,5.93799434781572,53.8727,/L
2027-Nov-09 00:00,,m,172.74428,4.28034,-1.822,5.520,300.878640,-1.792228,5.92502477912298,54.7112,/L
2027-Nov-10 00:00,,m,172.89594,4.21876,-1.826,5.521,91.317499,-1.802818,5.91192208361948,55.5518,/L
2027-Nov-11 00:00,,m,173.04606,4.15786,-1.830,5.522,241.758689,-1.813370,5.89868758483458,56.3944,/L
2027-Nov-12 00:00,,m,173.19462,4.09762,-1.834,5.523,32.202219,-1.823884,5.88532341475457,57.2392,/L
2027-Nov-13 00:00,,m,173.34160,4.03808,-1.838,5.523,182.648118,-1.834358,5.87183225918595,58.0861,/L
2027-Nov-14 00:00,,m,173.48697,3.97923,-1.842,5.524,333.096392,-1.844792,5.85821648747214,58.9353,/L
2027-Nov-15 00:00,,m,173.63072,3.92109,-1.846,5.525,123.547057,-1.855184,5.84447921504889,59.7866,/L
2027-Nov-16 00:00,,m,173.77282,3.86368,-1.850,5.526,274.000133,-1.865533,5.83062208031292,60.6403,/L
2027-Nov-17 00:00,,m,173.91323,3.80700,-1.855,5.527,64.455623,-1.875838,5.81664888736949,61.4962,/L
2027-Nov-18 00:00,,,174.05193,3.75108,-1.859,5.527,214.913552,-1.886099,5.80256084719964,62.3545,/L
2027-Nov-19 00:00,,,174.18888,3.69592,-1.863,5.528,5.373932,-1.896314,5.78836030008979,63.2153,/L
2027-Nov-20 00:00,,,174.32405,3.64156,-1.868,5.529,155.836798,-1.906483,5.77404963751770,64.0784,/L
2027-Nov-21 00:00,,,174.45739,3.58799,-1.872,5.530,306.302159,-1.916606,5.75963173699296,64.9440,/L
2027-Nov-22 00:00,,,174.58889,3.53524,-1.877,5.530,96.770040,-1.926680,5.74510988623549,65.8121,/L
2027-Nov-23 00:00,,,174.71852,3.48332,-1.882,5.531,247.240460,-1.936705,5.73048630290713,66.6827,/L
2027-Nov-24 00:00,,,174.84626,3.43223,-1.887,5.532,37.713430,-1.946680,5.71576548155908,67.5559,/L
2027-Nov-25 00:00,,,174.97208,3.38200,-1.892,5.532,188.188969,-1.956603,5.70094941743123,68.4316,/L
2027-Nov-26 00:00,,,175.09597,3.33261,-1.897,5.533,338.667090,-1.966474,5.68604148138713,69.3099,/L
2027-Nov-27 00:00,,,175.21789,3.28411,-1.902,5.534,129.147826,-1.976290,5.67104459418625,70.1907,/L
2027-Nov-28 00:00,,,175.33781,3.23649,-1.907,5.534,279.631182,-1.986050,5.65596283564902,71.0742,/L
2027-Nov-29 00:00,,,175.45568,3.18978,-1.912,5.535,70.117179,-1.995752,5.64080015183470,71.9602,/L
2027-Nov-30 00:00,,,175.57149,3.14399,-1.917,5.535,220.605826,-2.005395,5.62555971757905,72.8488,/L
2027-Dec-01 00:00,,,175.68520,3.09913,-1.922,5.536,11.097131,-2.014976,5.61024670125903,73.7401,/L
2027-Dec-02 00:00,,m,175.79678,3.05522,-1.928,5.536,161.591102,-2.024494,5.59486382024974,74.6339,/L
2027-Dec-03 00:00,,m,175.90620,3.01226,-1.933,5.537,312.087746,-2.033947,5.57941508795117,75.5304,/L
2027-Dec-04 00:00,,m,176.01343,2.97027,-1.939,5.537,102.587088,-2.043334,5.56390348814178,76.4295,/L
2027-Dec-05 00:00,,m,176.11845,2.92927,-1.944,5.538,253.089127,-2.052652,5.54833365806547,77.3312,/L
2027-Dec-06 00:00,,m,176.22122,2.88926,-1.950,5.538,43.593877,-2.061899,5.53270950222647,78.2356,/L
2027-Dec-07 00:00,,m,176.32174,2.85025,-1.956,5.539,194.101342,-2.071075,5.51703450569291,79.1427,/L
2027-Dec-08 00:00,,m,176.41997,2.81226,-1.961,5.539,344.611528,-2.080177,5.50131374358273,80.0525,/L
2027-Dec-09 00:00,,m,176.51591,2.77528,-1.967,5.539,135.124437,-2.089203,5.48555010294274,80.9650,/L
2027-Dec-10 00:00,,m,176.60954,2.73932,-1.973,5.540,285.640070,-2.098151,5.46974761567163,81.8803,/L
2027-Dec-11 00:00,,m,176.70084,2.70439,-1.979,5.540,76.158451,-2.107022,5.45390888038797,82.7982,/L
2027-Dec-12 00:00,,m,176.78978,2.67051,-1.985,5.540,226.679578,-2.115812,5.43803859346617,83.7190,/L
2027-Dec-13 00:00,,m,176.87633,2.63768,-1.991,5.541,17.203465,-2.124521,5.42214022510011,84.6426,/L
2027-Dec-14 00:00,,m,176.96048,2.60592,-1.997,5.541,167.730115,-2.133147,5.40621726970743,85.5690,/L
2027-Dec-15 00:00,,m,177.04219,2.57524,-2.004,5.541,318.259540,-2.141688,5.39027438090582,86.4984,/L
2027-Dec-16 00:00,,m,177.12142,2.54566,-2.010,5.541,108.791740,-2.150145,5.37431454672912,87.4306,/L
2027-Dec-17 00:00,,,177.19815,2.51718,-2.016,5.541,259.326723,-2.158514,5.35834178508163,88.3659,/L
2027-Dec-18 00:00,,,177.27234,2.48983,-2.023,5.541,49.864514,-2.166797,5.34235861732788,89.3041,/L
2027-Dec-19 00:00,,,177.34396,2.46361,-2.029,5.541,200.405115,-2.174990,5.32637020183062,90.2454,/L
2027-Dec-20 00:00,,,177.41300,2.43854,-2.036,5.541,350.948545,-2.183093,5.31038030247665,91.1897,/L
2027-Dec-21 00:00,,,177.47942,2.41462,-2.042,5.541,141.494805,-2.191103,5.29439334551891,92.1372,/L
2027-Dec-22 00:00,,,177.54322,2.39186,-2.049,5.541,292.043907,-2.199019,5.27841454936308,93.0877,/L
2027-Dec-23 00:00,,,177.60437,2.37027,-2.055,5.541,82.595844,-2.206840,5.26244812772834,94.0414,/L
2027-Dec-24 00:00,,,177.66285,2.34986,-2.062,5.541,233.150618,-2.214561,5.24649901347464,94.9981,/L
2027-Dec-25 00:00,,,177.71864,2.33063,-2.069,5.541,23.708243,-2.222184,5.23057052592485,95.9580,/L
2027-Dec-26 00:00,,,177.77172,2.31261,-2.076,5.541,174.268714,-2.229703,5.21466872317424,96.9211,/L
2027-Dec-27 00:00,,,177.82204,2.29579,-2.082,5.541,324.832037,-2.237118,5.19879790297092,97.8872,/L
2027-Dec-28 00:00,,,177.86959,2.28019,-2.089,5.541,115.398198,-2.244426,5.18296330509524,98.8565,/L
2027-Dec-29 00:00,,,177.91434,2.26583,-2.096,5.540,265.967205,-2.251625,5.16717029764633,99.8289,/L
2027-Dec-30 00:00,,,177.95628,2.25269,-2.103,5.540,56.539035,-2.258712,5.15142376751196,100.8044,/L
2027-Dec-31 00:00,,m,177.99539,2.24080,-2.110,5.540,207.113680,-2.265684,5.13572880220549,101.7830,/L
2028-Jan-01 00:00,,m,178.03165,2.23014,-2.117,5.539,357.691140,-2.272540,5.12008885097405,102.7647,/L
2028-Jan-02 00:00,,m,178.06506,2.22074,-2.124,5.539,148.271404,-2.279278,5.10451005323737,103.7494,/L
2028-Jan-03 00:00,,m,178.09558,2.21260,-2.131,5.539,298.854467,-2.285894,5.08899662426994,104.7373,/L
2028-Jan-04 00:00,,m,178.12323,2.20570,-2.139,5.538,89.440307,-2.292388,5.07355401080628,105.7282,/L
2028-Jan-05 00:00,,m,178.14798,2.20007,-2.146,5.538,240.028923,-2.298756,5.05818723272020,106.7222,/L
2028-Jan-06 00:00,,m,178.16985,2.19569,-2.153,5.537,30.620282,-2.304996,5.04290145350564,107.7193,/L
2028-Jan-07 00:00,,m,178.18883,2.19256,-2.160,5.537,181.214368,-2.311106,5.02770152155531,108.7194,/L
2028-Jan-08 00:00,,m,178.20492,2.19069,-2.167,5.536,331.811170,-2.317085,5.01259076891421,109.7226,/L
2028-Jan-09 00:00,,m,178.21810,2.19007,-2.174,5.535,122.410671,-2.322931,4.99757499829651,110.7288,/L
2028-Jan-10 00:00,,m,178.22837,2.19071,-2.182,5.535,273.012859,-2.328641,4.98265804569355,111.7381,/L
2028-Jan-11 00:00,,m,178.23573,2.19261,-2.189,5.534,63.617705,-2.334215,4.96784513922533,112.7505,/L
2028-Jan-12 00:00,,m,178.24014,2.19578,-2.196,5.534,214.225205,-2.339651,4.95314057775582,113.7660,/L
2028-Jan-13 00:00,,m,178.24162,2.20022,-2.203,5.533,4.835322,-2.344947,4.93854945594908,114.7845,/L
2028-Jan-14 00:00,,,178.24013,2.20593,-2.210,5.532,155.448042,-2.350102,4.92407614353800,115.8062,/L
2028-Jan-15 00:00,,,178.23570,2.21292,-2.218,5.531,306.063346,-2.355114,4.90972391455307,116.8310,/L
2028-Jan-16 00:00,,,178.22830,2.22118,-2.225,5.531,96.681221,-2.359983,4.89549840599106,117.8589,/L
2028-Jan-17 00:00,,,178.21794,2.23070,-2.232,5.530,247.301649,-2.364706,4.88140368122045,118.8900,/L
2028-Jan-18 00:00,,,178.20463,2.24150,-2.239,5.529,37.924601,-2.369281,4.86744551493156,119.9243,/L
2028-Jan-19 00:00,,,178.18837,2.25355,-2.246,5.528,188.550065,-2.373707,4.85362854612343,120.9617,/L
2028-Jan-20 00:00,,,178.16917,2.26686,-2.253,5.527,339.177991,-2.377981,4.83995889455571,122.0022,/L
2028-Jan-21 00:00,,,178.14703,2.28143,-2.261,5.527,129.808353,-2.382100,4.82644151660619,123.0458,/L
2028-Jan-22 00:00,,,178.12197,2.29724,-2.268,5.526,280.441112,-2.386063,4.81308056925986,124.0925,/L
2028-Jan-23 00:00,,,178.09398,2.31429,-2.275,5.525,71.076242,-2.389868,4.79988202872051,125.1422,/L
2028-Jan-24 00:00,,,178.06306,2.33258,-2.282,5.524,221.713701,-2.393512,4.78685044540402,126.1949,/L
2028-Jan-25 00:00,,,178.02924,2.35211,-2.288,5.523,12.353442,-2.396993,4.77399189155411,127.2507,/L
2028-Jan-26 00:00,,,177.99250,2.37286,-2.295,5.522,162.995433,-2.400309,4.76131086150187,128.3093,/L
2028-Jan-27 00:00,,,177.95289,2.39482,-2.302,5.521,313.639606,-2.403457,4.74881365002281,129.3708,/L
2028-Jan-28 00:00,,,177.91042,2.41798,-2.309,5.520,104.285916,-2.406435,4.73650483189964,130.4352,/L
2028-Jan-29 00:00,,m,177.86512,2.44232,-2.316,5.519,254.934304,-2.409243,4.72438844135047,131.5023,/L
2028-Jan-30 00:00,,m,177.81702,2.46784,-2.322,5.518,45.584730,-2.411877,4.71246970349525,132.5721,/L
2028-Jan-31 00:00,,m,177.76613,2.49450,-2.329,5.517,196.237134,-2.414337,4.70075274567220,133.6446,/L
2028-Feb-01 00:00,,m,177.71251,2.52231,-2.335,5.516,346.891458,-2.416620,4.68924301629878,134.7197,/L
2028-Feb-02 00:00,,m,177.65618,2.55123,-2.342,5.515,137.547653,-2.418726,4.67794419193932,135.7974,/L
2028-Feb-03 00:00,,m,177.59718,2.58126,-2.348,5.514,288.205642,-2.420653,4.66686207317280,136.8775,/L
2028-Feb-04 00:00,,m,177.53555,2.61236,-2.354,5.513,78.865367,-2.422399,4.65600038597253,137.9601,/L
2028-Feb-05 00:00,,m,177.47135,2.64451,-2.360,5.512,229.526756,-2.423965,4.64536268065418,139.0451,/L
2028-Feb-06 00:00,,m,177.40459,2.67770,-2.366,5.511,20.189760,-2.425350,4.63495309319925,140.1324,/L
2028-Feb-07 00:00,,m,177.33533,2.71192,-2.372,5.510,170.854308,-2.426553,4.62477513162994,141.2219,/L
2028-Feb-08 00:00,,m,177.26359,2.74714,-2.378,5.509,321.520335,-2.427574,4.61483336169855,142.3137,/L
2028-Feb-09 00:00,,m,177.18941,2.78334,-2.384,5.509,112.187784,-2.428414,4.60513055317901,143.4077,/L
2028-Feb-10 00:00,,m,177.11281,2.82052,-2.389,5.508,262.856576,-2.429070,4.59567184298267,144.5038,/L
2028-Feb-11 00:00,,m,177.03385,2.85865,-2.395,5.507,53.526644,-2.429545,4.58646014105556,145.6019,/L
2028-Feb-12 00:00,,,176.95259,2.89769,-2.400,5.506,204.197909,-2.429838,4.57749866011630,146.7021,/L
2028-Feb-13 00:00,,,176.86905,2.93764,-2.405,5.505,354.870321,-2.429949,4.56879075167381,147.8043,/L
2028-Feb-14 00:00,A,,176.78330,2.97846,-2.410,5.504,145.543802,-2.429879,4.56033985471582,148.9085,/L
2028-Feb-15 00:00,A,,176.69541,3.02013,-2.415,5.503,296.218281,-2.429627,4.55215029245299,150.0145,/L
2028-Feb-16 00:00,A,,176.60541,3.06262,-2.420,5.502,86.893686,-2.429195,4.54422481006204,151.1224,/L
2028-Feb-17 00:00,A,,176.51338,3.10590,-2.424,5.501,237.569931,-2.428579,4.53656863956366,152.2321,/L
2028-Feb-18 00:00,A,,176.41936,3.14995,-2.429,5.501,28.246932,-2.427782,4.52918466226183,153.3434,/L
2028-Feb-19 00:00,A,,176.32342,3.19473,-2.433,5.500,178.924593,-2.426804,4.52207627419809,154.4562,/L
2028-Feb-20 00:00,A,,176.22561,3.24023,-2.437,5.499,329.602845,-2.425643,4.51524627891911,155.5705,/L
2028-Feb-21 00:00,A,,176.12599,3.28640,-2.441,5.498,120.281591,-2.424302,4.50869796352168,156.6862,/L
2028-Feb-22 00:00,A,,176.02463,3.33323,-2.445,5.498,270.960747,-2.422780,4.50243494773763,157.8031,/L
2028-Feb-23 00:00,A,,175.92159,3.38068,-2.449,5.497,61.640222,-2.421078,4.49645935098143,158.9211,/L
2028-Feb-24 00:00,A,,175.81693,3.42871,-2.452,5.497,212.319917,-2.419197,4.49077558812170,160.0401,/L
2028-Feb-25 00:00,A,,175.71074,3.47729,-2.456,5.496,2.999733,-2.417136,4.48538565607592,161.1599,/L
2028-Feb-26 00:00,A,,175.60311,3.52638,-2.459,5.495,153.679561,-2.414899,4.48029220331254,162.2803,/L
2028-Feb-27 00:00,A,m,175.49411,3.57594,-2.462,5.495,304.359322,-2.412486,4.47549665604324,163.4011,/L
2028-Feb-28 00:00,A,m,175.38383,3.62593,-2.464,5.494,95.038905,-2.409899,4.47100137828242,164.5221,/L
2028-Feb-29 00:00,A,m,175.27234,3.67633,-2.467,5.494,245.718222,-2.407140,4.46680855572800,165.6431,/L
2028-Mar-01 00:00,A,m,175.15973,3.72708,-2.469,5.494,36.397172,-2.404212,4.46291910720087,166.7637,/L
2028-Mar-02 00:00,A,m,175.04609,3.77815,-2.472,5.493,187.075655,-2.401115,4.45933596940465,167.8835,/L
2028-Mar-03 00:00,A,m,174.93151,3.82949,-2.474,5.493,337.753567,-2.397854,4.45605977312048,169.0022,/L
2028-Mar-04 00:00,A,m,174.81609,3.88108,-2.475,5.493,128.430797,-2.394430,4.45309189944440,170.1189,/L
2028-Mar-05 00:00,A,m,174.69989,3.93286,-2.477,5.492,279.107267,-2.390848,4.45043202404731,171.2327,/L
2028-Mar-06 00:00,A,m,174.58300,3.98481,-2.478,5.492,69.782870,-2.387111,4.44808125418091,172.3423,/L
2028-Mar-07 00:00,A,m,174.46549,4.03690,-2.479,5.492,220.457525,-2.383222,4.44604011707938,173.4452,/L
2028-Mar-08 00:00,A,m,174.34744,4.08909,-2.480,5.492,11.131134,-2.379186,4.44430831879520,174.5374,/L
2028-Mar-09 00:00,A,m,174.22892,4.14136,-2.481,5.492,161.803611,-2.375005,4.44288735851962,175.6108,/L
2028-Mar-10 00:00,A,m,174.11001,4.19365,-2.482,5.492,312.474860,-2.370684,4.44177687082081,176.6474,/L
2028-Mar-11 00:00,A,m,173.99081,4.24594,-2.482,5.492,103.144780,-2.366227,4.44097746283263,177.5995,/L
2028-Mar-12 00:00,A,,173.87140,4.29818,-2.482,5.492,253.813301,-2.361638,4.44048788013977,178.3173,/L
2028-Mar-13 00:00,A,,173.75187,4.35034,-2.482,5.492,44.480325,-2.356920,4.44030890948611,178.4365,/L
2028-Mar-14 00:00,N,,173.63230,4.40238,-2.482,5.492,195.145776,-2.352078,4.44044050850669,177.8557,/T
2028-Mar-15 00:00,N,,173.51278,4.45427,-2.482,5.492,345.809558,-2.347116,4.44088232913554,176.9523,/T
2028-Mar-16 00:00,N,,173.39339,4.50596,-2.481,5.492,136.471588,-2.342036,4.44163539638233,175.9367,/T
2028-Mar-17 00:00,N,,173.27422,4.55744,-2.481,5.492,287.131765,-2.336842,4.44269919980579,174.8756,/T
2028-Mar-18 00:00,N,,173.15534,4.60864,-2.480,5.493,77.789988,-2.331539,4.44407398619392,173.7928,/T
2028-Mar-19 00:00,N,,173.03683,4.65955,-2.479,5.493,228.446180,-2.326129,4.44575770369014,172.6984,/T
2028-Mar-20 00:00,N,,172.91879,4.71013,-2.477,5.493,19.100245,-2.320618,4.44775044505946,171.5975,/T
2028-Mar-21 00:00,N,,172.80128,4.76035,-2.476,5.494,169.752105,-2.315010,4.45005094049850,170.4928,/T
2028-Mar-22 00:00,N,,172.68440,4.81016,-2.474,5.494,320.401666,-2.309308,4.45265791899310,169.3859,/T
2028-Mar-23 00:00,N,,172.56821,4.85954,-2.472,5.494,111.048855,-2.303518,4.45557089856617,168.2780,/T
2028-Mar-24 00:00,N,,172.45282,4.90844,-2.470,5.495,261.693574,-2.297643,4.45878831724493,167.1696,/T
2028-Mar-25 00:00,N,,172.33831,4.95683,-2.468,5.495,52.335735,-2.291688,4.46230918816304,166.0615,/T
2028-Mar-26 00:00,N,,172.22477,5.00467,-2.466,5.496,202.975266,-2.285658,4.46613010841158,164.9540,/T
2028-Mar-27 00:00,N,m,172.11229,5.05192,-2.463,5.496,353.612084,-2.279559,4.47025000260609,163.8473,/T
2028-Mar-28 00:00,N,m,172.00094,5.09856,-2.460,5.497,144.246127,-2.273394,4.47466615822376,162.7419,/T
2028-Mar-29 00:00,N,m,171.89082,5.14454,-2.457,5.498,294.877310,-2.267170,4.47937628178574,161.6379,/T
2028-Mar-30 00:00,N,m,171.78198,5.18985,-2.454,5.498,85.505579,-2.260891,4.48437832141551,160.5354,/T
2028-Mar-31 00:00,N,m,171.67453,5.23444,-2.450,5.499,236.130850,-2.254563,4.48966970231417,159.4347,/T
2028-Apr-01 00:00,N,m,171.56852,5.27829,-2.447,5.500,26.753054,-2.248191,4.49524816358668,158.3360,/T
2028-Apr-02 00:00,N,m,171.46404,5.32137,-2.443,5.501,177.372136,-2.241781,4.50110904721248,157.2393,/T
2028-Apr-03 00:00,N,m,171.36114,5.36365,-2.439,5.501,327.988037,-2.235339,4.50725008404969,156.1448,/T
2028-Apr-04 00:00,N,m,171.25988,5.40513,-2.435,5.502,118.600712,-2.228869,4.51366724129449,155.0525,/T
2028-Apr-05 00:00,N,m,171.16032,5.44577,-2.431,5.503,269.210102,-2.222379,4.52035736884301,153.9627,/T
2028-Apr-06 00:00,N,m,171.06250,5.48555,-2.426,5.504,59.816179,-2.215873,4.52731713501836,152.8753,/T
2028-Apr-07 00:00,N,m,170.96649,5.52445,-2.422,5.505,210.418882,-2.209356,4.53454345396570,151.7903,/T
2028-Apr-08 00:00,N,m,170.87236,5.56245,-2.417,5.506,1.018169,-2.202834,4.54203342570853,150.7080,/T
2028-Apr-09 00:00,N,m,170.78018,5.59952,-2.412,5.507,151.614004,-2.196312,4.54978211005366,149.6283,/T
2028-Apr-10 00:00,N,,170.68999,5.63564,-2.408,5.508,302.206350,-2.189795,4.55778705343455,148.5513,/T
2028-Apr-11 00:00,N,,170.60185,5.67080,-2.402,5.509,92.795182,-2.183288,4.56604414793442,147.4769,/T
2028-Apr-12 00:00,C,,170.51581,5.70496,-2.397,5.510,243.380454,-2.176793,4.57455058320847,146.4054,/T
2028-Apr-13 00:00,C,,170.43191,5.73813,-2.392,5.511,33.962150,-2.170317,4.58330287629468,145.3365,/T
2028-Apr-14 00:00,C,,170.35019,5.77028,-2.386,5.512,184.540220,-2.163863,4.59229834875632,144.2705,/T
2028-Apr-15 00:00,C,,170.27070,5.80140,-2.381,5.513,335.114631,-2.157434,4.60153401730070,143.2074,/T
2028-Apr-16 00:00,C,,170.19349,5.83147,-2.375,5.514,125.685350,-2.151035,4.61100495129483,142.1472,/T
2028-Apr-17 00:00,C,,170.11859,5.86048,-2.369,5.515,276.252352,-2.144670,4.62070826706105,141.0900,/T
2028-Apr-18 00:00,C,,170.04604,5.88841,-2.363,5.516,66.815616,-2.138342,4.63063931723117,140.0358,/T
2028-Apr-19 00:00,C,,169.97589,5.91525,-2.357,5.517,217.375109,-2.132057,4.64079482147605,138.9846,/T
2028-Apr-20 00:00,C,,169.90817,5.94098,-2.351,5.518,7.930827,-2.125817,4.65117026338857,137.9365,/T
2028-Apr-21 00:00,C,,169.84293,5.96559,-2.345,5.519,158.482735,-2.119627,4.66176244554664,136.8916,/T
2028-Apr-22 00:00,C,,169.78020,5.98906,-2.339,5.521,309.030815,-2.113490,4.67256744676256,135.8499,/T
2028-Apr-23 00:00,C,,169.72004,6.01138,-2.332,5.522,99.575047,-2.107410,4.68357975001776,134.8115,/T
2028-Apr-24 00:00,C,,169.66248,6.03253,-2.326,5.523,250.115427,-2.101392,4.69479550333033,133.7764,/T
2028-Apr-25 00:00,C,m,169.60755,6.05251,-2.319,5.524,40.651949,-2.095439,4.70620930125907,132.7446,/T
2028-Apr-26 00:00,C,m,169.55528,6.07130,-2.313,5.525,191.184600,-2.089555,4.71781723044078,131.7161,/T
2028-Apr-27 00:00,C,m,169.50569,6.08890,-2.306,5.526,341.713396,-2.083744,4.72961380253259,130.6911,/T
2028-Apr-28 00:00,C,m,169.45882,6.10530,-2.299,5.527,132.238322,-2.078009,4.74159539886708,129.6696,/T
2028-Apr-29 00:00,C,m,169.41466,6.12050,-2.292,5.528,282.759384,-2.072355,4.75375735919949,128.6515,/T
2028-Apr-30 00:00,C,m,169.37326,6.13450,-2.286,5.529,73.276577,-2.066784,4.76609393268758,127.6370,/T
2028-May-01 00:00,C,m,169.33461,6.14729,-2.279,5.530,223.789921,-2.061301,4.77860061956536,126.6260,/T
2028-May-02 00:00,C,m,169.29871,6.15888,-2.272,5.531,14.299429,-2.055910,4.79127178842072,125.6186,/T
2028-May-03 00:00,C,m,169.26557,6.16926,-2.265,5.532,164.805111,-2.050613,4.80410340177475,124.6147,/T
2028-May-04 00:00,C,m,169.23520,6.17844,-2.258,5.533,315.306998,-2.045414,4.81708972572289,123.6145,/T
2028-May-05 00:00,C,m,169.20762,6.18641,-2.251,5.534,105.805097,-2.040315,4.83022744031179,122.6178,/T
2028-May-06 00:00,C,m,169.18282,6.19318,-2.244,5.535,256.299431,-2.035319,4.84351199681733,121.6246,/T
2028-May-07 00:00,C,m,169.16083,6.19873,-2.236,5.536,46.790006,-2.030428,4.85693835956455,120.6350,/T
2028-May-08 00:00,C,m,169.14166,6.20306,-2.229,5.537,197.276856,-2.025646,4.87050225637553,119.6489,/T
2028-May-09 00:00,*,,169.12531,6.20618,-2.222,5.538,347.760000,-2.020973,4.88419876717989,118.6663,/T
2028-May-10 00:00,*,,169.11178,6.20810,-2.215,5.539,138.239459,-2.016411,4.89802443836434,117.6872,/T
2028-May-11 00:00,*,,169.10105,6.20881,-2.208,5.540,288.715266,-2.011963,4.91197396222235,116.7115,/T
2028-May-12 00:00,*,,169.09313,6.20832,-2.201,5.541,79.187434,-2.007628,4.92604463055786,115.7392,/T
2028-May-13 00:00,*,,169.08800,6.20664,-2.193,5.542,229.655988,-2.003410,4.94023213943396,114.7704,/T
2028-May-14 00:00,*,,169.08567,6.20377,-2.186,5.543,20.120936,-1.999308,4.95453204386622,113.8049,/T
2028-May-15 00:00,*,,169.08613,6.19970,-2.179,5.543,170.582314,-1.995324,4.96893988398093,112.8428,/T
2028-May-16 00:00,*,,169.08937,6.19445,-2.172,5.544,321.040145,-1.991460,4.98345092988606,111.8840,/T
2028-May-17 00:00,*,,169.09540,6.18801,-2.164,5.545,111.494454,-1.987717,4.99806156719033,110.9286,/T
2028-May-18 00:00,*,,169.10421,6.18039,-2.157,5.546,261.945278,-1.984096,5.01276628370528,109.9766,/T
2028-May-19 00:00,*,,169.11580,6.17159,-2.150,5.546,52.392637,-1.980598,5.02756223504083,109.0278,/T
2028-May-20 00:00,*,,169.13015,6.16161,-2.143,5.547,202.836564,-1.977224,5.04244480878984,108.0824,/T
2028-May-21 00:00,*,,169.14730,6.15045,-2.136,5.548,353.277070,-1.973975,5.05740967738752,107.1403,/T
2028-May-22 00:00,*,,169.16721,6.13811,-2.129,5.548,143.714203,-1.970853,5.07245181626950,106.2015,/T
2028-May-23 00:00,*,,169.18990,6.12460,-2.121,5.549,294.147988,-1.967858,5.08756643989972,105.2660,/T
2028-May-24 00:00,*,m,169.21534,6.10992,-2.114,5.549,84.578464,-1.964992,5.10274949377348,104.3338,/T
2028-May-25 00:00,*,m,169.24353,6.09408,-2.107,5.550,235.005671,-1.962256,5.11799516976603,103.4049,/T
2028-May-26 00:00,*,m,169.27445,6.07710,-2.100,5.550,25.429646,-1.959651,5.13330026932453,102.4792,/T
2028-May-27 00:00,*,m,169.30807,6.05897,-2.093,5.551,175.850429,-1.957178,5.14865984205711,101.5569,/T
2028-May-28 00:00,*,m,169.34438,6.03972,-2.086,5.551,326.268046,-1.954838,5.16406967764024,100.6378,/T
2028-May-29 00:00,*,m,169.38335,6.01934,-2.079,5.551,116.682554,-1.952632,5.17952435615917,99.7220,/T
2028-May-30 00:00,*,m,169.42497,5.99786,-2.072,5.552,267.093992,-1.950561,5.19501938571147,98.8095,/T
2028-May-31 00:00,*,m,169.46919,5.97528,-2.066,5.552,57.502409,-1.948626,5.21055075370475,97.9002,/T
2028-Jun-01 00:00,*,m,169.51602,5.95161,-2.059,5.552,207.907853,-1.946827,5.22611317381655,96.9940,/T
2028-Jun-02 00:00,*,m,169.56541,5.92686,-2.052,5.553,358.310375,-1.945165,5.24170392115272,96.0911,/T
2028-Jun-03 00:00,*,m,169.61737,5.90103,-2.045,5.553,148.710016,-1.943639,5.25731880148436,95.1912,/T
2028-Jun-04 00:00,*,m,169.67188,5.87414,-2.039,5.553,299.106806,-1.942249,5.27295476715284,94.2945,/T
2028-Jun-05 00:00,*,m,169.72892,5.84619,-2.032,5.553,89.500803,-1.940996,5.28860707517613,93.4007,/T
2028-Jun-06 00:00,*,m,169.78846,5.81718,-2.025,5.554,239.892039,-1.939878,5.30427241063009,92.5100,/T
2028-Jun-07 00:00,*,,169.85048,5.78714,-2.019,5.554,30.280564,-1.938896,5.31994741409143,91.6222,/T
2028-Jun-08 00:00,*,,169.91496,5.75608,-2.012,5.554,180.666417,-1.938048,5.33562773943969,90.7373,/T
2028-Jun-09 00:00,*,,169.98185,5.72400,-2.006,5.554,331.049643,-1.937335,5.35131106543026,89.8552,/T
2028-Jun-10 00:00,*,,170.05114,5.69093,-2.000,5.554,121.430281,-1.936754,5.36699370260675,88.9759,/T
2028-Jun-11 00:00,*,,170.12280,5.65685,-1.993,5.554,271.808353,-1.936306,5.38267311744713,88.0994,/T
2028-Jun-12 00:00,*,,170.19681,5.62179,-1.987,5.554,62.183911,-1.935991,5.39834450564343,87.2255,/T
2028-Jun-13 00:00,*,,170.27316,5.58575,-1.981,5.554,212.556986,-1.935806,5.41400479290380,86.3544,/T
2028-Jun-14 00:00,*,,170.35183,5.54874,-1.975,5.554,2.927626,-1.935752,5.42965032038559,85.4859,/T
2028-Jun-15 00:00,*,,170.43279,5.51076,-1.968,5.554,153.295868,-1.935829,5.44527687215521,84.6200,/T
2028-Jun-16 00:00,*,,170.51602,5.47182,-1.962,5.553,303.661762,-1.936035,5.46088172283756,83.7566,/T
2028-Jun-17 00:00,*,,170.60151,5.43194,-1.956,5.553,94.025344,-1.936371,5.47646118587997,82.8958,/T
2028-Jun-18 00:00,*,,170.68925,5.39111,-1.950,5.553,244.386642,-1.936835,5.49201279419430,82.0375,/T
2028-Jun-19 00:00,*,,170.77921,5.34935,-1.945,5.553,34.745706,-1.937427,5.50753154814236,81.1817,/T
2028-Jun-20 00:00,*,,170.87138,5.30665,-1.939,5.553,185.102569,-1.938146,5.52301448369637,80.3284,/T
2028-Jun-21 00:00,*,,170.96574,5.26304,-1.933,5.552,335.457285,-1.938993,5.53845763120222,79.4774,/T
2028-Jun-22 00:00,*,,171.06226,5.21852,-1.927,5.552,125.809889,-1.939967,5.55385695852444,78.6289,/T
2028-Jun-23 00:00,*,m,171.16090,5.17311,-1.922,5.552,276.160436,-1.941068,5.56920929290095,77.7828,/T
2028-Jun-24 00:00,*,m,171.26164,5.12682,-1.916,5.551,66.508966,-1.942295,5.58451101029363,76.9391,/T
2028-Jun-25 00:00,*,m,171.36444,5.07966,-1.911,5.551,216.855515,-1.943648,5.59975965701856,76.0978,/T
2028-Jun-26 00:00,*,m,171.46927,5.03165,-1.905,5.551,7.200134,-1.945127,5.61495021821592,75.2588,/T
2028-Jun-27 00:00,*,m,171.57612,4.98279,-1.900,5.550,157.542864,-1.946731,5.63007998304089,74.4221,/T
2028-Jun-28 00:00,*,m,171.68494,4.93310,-1.895,5.550,307.883762,-1.948460,5.64514505575641,73.5877,/T
2028-Jun-29 00:00,*,m,171.79572,4.88259,-1.889,5.549,98.222866,-1.950313,5.66014214922185,72.7557,/T
2028-Jun-30 00:00,*,m,171.90844,4.83126,-1.884,5.549,248.560237,-1.952289,5.67506833042943,71.9258,/T
2028-Jul-01 00:00,*,m,172.02307,4.77913,-1.879,5.548,38.895912,-1.954387,5.68992093482999,71.0982,/T
2028-Jul-02 00:00,*,m,172.13959,4.72621,-1.874,5.548,189.229928,-1.956605,5.70469836271217,70.2727,/T
2028-Jul-03 00:00,*,m,172.25798,4.67250,-1.869,5.547,339.562330,-1.958943,5.71939657434502,69.4493,/T
2028-Jul-04 00:00,*,m,172.37821,4.61801,-1.864,5.547,129.893154,-1.961399,5.73401380444080,68.6279,/T
2028-Jul-05 00:00,*,m,172.50024,4.56277,-1.859,5.546,280.222448,-1.963972,5.74854682710126,67.8086,/T
2028-Jul-06 00:00,*,m,172.62406,4.50678,-1.855,5.546,70.550242,-1.966660,5.76299337698538,66.9913,/T
2028-Jul-07 00:00,*,,172.74961,4.45005,-1.850,5.545,220.876590,-1.969463,5.77735074352062,66.1758,/T
2028-Jul-08 00:00,*,,172.87688,4.39261,-1.845,5.544,11.201519,-1.972378,5.79161695181763,65.3622,/T
2028-Jul-09 00:00,*,,173.00585,4.33445,-1.841,5.544,161.525063,-1.975403,5.80579064546344,64.5504,/T
2028-Jul-10 00:00,*,,173.13649,4.27558,-1.836,5.543,311.847254,-1.978539,5.81986813952791,63.7403,/T
2028-Jul-11 00:00,*,,173.26878,4.21601,-1.832,5.543,102.168125,-1.981782,5.83384770378748,62.9320,/T
2028-Jul-12 00:00,*,,173.40271,4.15574,-1.827,5.542,252.487719,-1.985134,5.84772596652728,62.1254,/T
2028-Jul-13 00:00,*,,173.53827,4.09479,-1.823,5.541,42.806062,-1.988591,5.86150079972838,61.3204,/T
2028-Jul-14 00:00,*,,173.67542,4.03316,-1.819,5.541,193.123205,-1.992153,5.87516895465526,60.5170,/T
2028-Jul-15 00:00,*,,173.81416,3.97087,-1.814,5.540,343.439177,-1.995819,5.88872847908636,59.7152,/T
2028-Jul-16 00:00,*,,173.95445,3.90791,-1.810,5.539,133.754011,-1.999588,5.90217766080191,58.9149,/T
2028-Jul-17 00:00,*,,174.09631,3.84429,-1.806,5.538,284.067737,-2.003459,5.91551286384993,58.1162,/T
2028-Jul-18 00:00,*,,174.23969,3.78002,-1.802,5.538,74.380392,-2.007431,5.92873205072738,57.3189,/T
2028-Jul-19 00:00,*,,174.38458,3.71512,-1.798,5.537,224.692019,-2.011503,5.94183162543176,56.5230,/T
2028-Jul-20 00:00,*,,174.53096,3.64958,-1.794,5.536,15.002646,-2.015675,5.95480949237510,55.7286,/T
2028-Jul-21 00:00,*,,174.67879,3.58344,-1.791,5.536,165.312329,-2.019946,5.96766193891918,54.9356,/T
2028-Jul-22 00:00,*,m,174.82803,3.51670,-1.787,5.535,315.621097,-2.024315,5.98038712130870,54.1440,/T
2028-Jul-23 00:00,*,m,174.97866,3.44938,-1.783,5.534,105.928992,-2.028782,5.99298312229432,53.3537,/T
2028-Jul-24 00:00,*,m,175.13066,3.38148,-1.780,5.533,256.236045,-2.033345,6.00544674217459,52.5649,/T
2028-Jul-25 00:00,*,m,175.28399,3.31302,-1.776,5.532,46.542299,-2.038004,6.01777601858918,51.7773,/T
2028-Jul-26 00:00,*,m,175.43865,3.24400,-1.773,5.532,196.847796,-2.042758,6.02996781360229,50.9911,/T
2028-Jul-27 00:00,*,m,175.59461,3.17444,-1.769,5.531,347.152567,-2.047605,6.04202074932854,50.2063,/T
2028-Jul-28 00:00,*,m,175.75186,3.10433,-1.766,5.530,137.456664,-2.052546,6.05393158307556,49.4227,/T
2028-Jul-29 00:00,*,m,175.91037,3.03370,-1.762,5.529,287.760119,-2.057578,6.06569944519757,48.6403,/T
2028-Jul-30 00:00,*,m,176.07011,2.96256,-1.759,5.529,78.062968,-2.062699,6.07732305186989,47.8592,/T
2028-Jul-31 00:00,*,m,176.23108,2.89090,-1.756,5.528,228.365231,-2.067908,6.08880041652795,47.0792,/T
2028-Aug-01 00:00,*,m,176.39324,2.81875,-1.753,5.527,18.666950,-2.073204,6.10013009366532,46.3004,/T
2028-Aug-02 00:00,*,m,176.55656,2.74611,-1.750,5.526,168.968153,-2.078586,6.11130969171316,45.5227,/T
2028-Aug-03 00:00,*,m,176.72103,2.67299,-1.747,5.525,319.268868,-2.084050,6.12233838922104,44.7460,/T
2028-Aug-04 00:00,*,m,176.88661,2.59942,-1.744,5.525,109.569137,-2.089598,6.13321315047412,43.9704,/T
2028-Aug-05 00:00,*,m,177.05328,2.52539,-1.741,5.524,259.868984,-2.095226,6.14393345750472,43.1957,/T
2028-Aug-06 00:00,*,,177.22101,2.45092,-1.738,5.523,50.168444,-2.100933,6.15449796710964,42.4219,/T
2028-Aug-07 00:00,*,,177.38980,2.37601,-1.735,5.522,200.467530,-2.106717,6.16490519766374,41.6490,/T
2028-Aug-08 00:00,*,,177.55963,2.30067,-1.733,5.522,350.766280,-2.112578,6.17515347640982,40.8770,/T
2028-Aug-09 00:00,*,,177.73048,2.22490,-1.730,5.521,141.064717,-2.118515,6.18524058914951,40.1057,/T
2028-Aug-10 00:00,*,,177.90235,2.14872,-1.727,5.520,291.362868,-2.124525,6.19516565267941,39.3352,/T
2028-Aug-11 00:00,C,,178.07522,2.07213,-1.725,5.519,81.660768,-2.130609,6.20492549986400,38.5655,/T
2028-Aug-12 00:00,C,,178.24906,1.99513,-1.722,5.519,231.958445,-2.136764,6.21451952877970,37.7964,/T
2028-Aug-13 00:00,C,,178.42387,1.91775,-1.720,5.518,22.255931,-2.142990,6.22394605389854,37.0280,/T
2028-Aug-14 00:00,C,,178.59964,1.83997,-1.718,5.517,172.553239,-2.149286,6.23320383214071,36.2602,/T
2028-Aug-15 00:00,C,,178.77634,1.76181,-1.715,5.516,322.850405,-2.155651,6.24229071175306,35.4931,/T
2028-Aug-16 00:00,C,,178.95395,1.68328,-1.713,5.516,113.147454,-2.162084,6.25120448028070,34.7265,/T
2028-Aug-17 00:00,C,,179.13247,1.60439,-1.711,5.515,263.444416,-2.168584,6.25994390689899,33.9604,/T
2028-Aug-18 00:00,C,,179.31185,1.52515,-1.709,5.514,53.741326,-2.175152,6.26850562145523,33.1949,/T
2028-Aug-19 00:00,C,,179.49207,1.44558,-1.706,5.514,204.038218,-2.181786,6.27688873653091,32.4300,/T
2028-Aug-20 00:00,C,,179.67310,1.36569,-1.704,5.513,354.335128,-2.188485,6.28509124996893,31.6655,/T
2028-Aug-21 00:00,C,,179.85492,1.28549,-1.702,5.512,144.632075,-2.195249,6.29311227203799,30.9015,/T
2028-Aug-22 00:00,C,m,180.03751,1.20499,-1.700,5.512,294.929100,-2.202077,6.30094954451432,30.1380,/T
2028-Aug-23 00:00,C,m,180.22087,1.12419,-1.699,5.511,85.226231,-2.208968,6.30860148608891,29.3750,/T
2028-Aug-24 00:00,C,m,180.40498,1.04311,-1.697,5.511,235.523500,-2.215920,6.31606729060912,28.6125,/T
2028-Aug-25 00:00,C,m,180.58982,0.96174,-1.695,5.510,25.820942,-2.222933,6.32334451756211,27.8505,/T
2028-Aug-26 00:00,C,m,180.77537,0.88011,-1.693,5.509,176.118589,-2.230006,6.33043304370714,27.0889,/T
2028-Aug-27 00:00,C,m,180.96161,0.79823,-1.691,5.509,326.416473,-2.237137,6.33733172039235,26.3277,/T
2028-Aug-28 00:00,C,m,181.14851,0.71610,-1.690,5.508,116.714605,-2.244323,6.34404091462051,25.5669,/T
2028-Aug-29 00:00,C,m,181.33605,0.63373,-1.688,5.508,267.013020,-2.251565,6.35055898234225,24.8065,/T
2028-Aug-30 00:00,C,m,181.52421,0.55114,-1.687,5.507,57.311733,-2.258860,6.35688528707004,24.0464,/T
2028-Aug-31 00:00,N,m,181.71297,0.46833,-1.685,5.507,207.610773,-2.266207,6.36301930047150,23.2867,/T
2028-Sep-01 00:00,N,m,181.90231,0.38531,-1.684,5.506,357.910161,-2.273604,6.36895912884700,22.5272,/T
2028-Sep-02 00:00,N,m,182.09220,0.30210,-1.682,5.506,148.209925,-2.281051,6.37470457146771,21.7680,/T
2028-Sep-03 00:00,N,m,182.28263,0.21871,-1.681,5.505,298.510094,-2.288546,6.38025445416373,21.0090,/T
2028-Sep-04 00:00,N,m,182.47360,0.13513,-1.680,5.505,88.810676,-2.296088,6.38560932109630,20.2501,/T
2028-Sep-05 00:00,N,m,182.66507,0.05138,-1.679,5.504,239.111700,-2.303675,6.39076725908999,19.4915,/T
2028-Sep-06 00:00,N,m,182.85706,-0.03254,-1.677,5.504,29.413179,-2.311307,6.39572774303662,18.7329,/T
2028-Sep-07 00:00,N,,183.04954,-0.11662,-1.676,5.503,179.715145,-2.318982,6.40048985395483,17.9745,/T
2028-Sep-08 00:00,N,,183.24252,-0.20086,-1.675,5.503,330.017612,-2.326700,6.40505185562426,17.2162,/T
2028-Sep-09 00:00,N,,183.43595,-0.28525,-1.674,5.503,120.320615,-2.334460,6.40941311147535,16.4580,/T
2028-Sep-10 00:00,N,,183.62984,-0.36977,-1.673,5.502,270.624178,-2.342261,6.41357232604922,15.6998,/T
2028-Sep-11 00:00,N,,183.82417,-0.45443,-1.672,5.502,60.928314,-2.350102,6.41753006169989,14.9417,/T
2028-Sep-12 00:00,N,,184.01892,-0.53921,-1.671,5.502,211.233051,-2.357983,6.42128421915336,14.1836,/T
2028-Sep-13 00:00,N,,184.21407,-0.62411,-1.670,5.501,1.538405,-2.365901,6.42483437873276,13.4256,/T
2028-Sep-14 00:00,N,,184.40960,-0.70911,-1.670,5.501,151.844408,-2.373859,6.42817927054713,12.6677,/T
2028-Sep-15 00:00,N,,184.60550,-0.79420,-1.669,5.501,302.151076,-2.381853,6.43131739998930,11.9099,/T
2028-Sep-16 00:00,N,,184.80172,-0.87936,-1.668,5.501,92.458447,-2.389885,6.43424769264530,11.1522,/T
2028-Sep-17 00:00,N,,184.99826,-0.96459,-1.668,5.500,242.766550,-2.397954,6.43696886120455,10.3948,/T
2028-Sep-18 00:00,N,,185.19508,-1.04988,-1.667,5.500,33.075403,-2.406059,6.43948152185332,9.6378,/T
2028-Sep-19 00:00,A,,185.39218,-1.13521,-1.666,5.500,183.385038,-2.414198,6.44178374528843,8.8813,/T
2028-Sep-20 00:00,A,,185.58955,-1.22058,-1.666,5.500,333.695473,-2.422372,6.44387559029906,8.1255,/T
2028-Sep-21 00:00,A,,185.78718,-1.30598,-1.665,5.500,124.006745,-2.430579,6.44575607969403,7.3708,/T
2028-Sep-22 00:00,A,m,185.98505,-1.39142,-1.665,5.499,274.318867,-2.438819,6.44742477363907,6.6176,/T
2028-Sep-23 00:00,A,m,186.18314,-1.47687,-1.665,5.499,64.631879,-2.447089,6.44888105805261,5.8666,/T
2028-Sep-24 00:00,A,m,186.38141,-1.56232,-1.664,5.499,214.945803,-2.455389,6.45012464950537,5.1188,/T
2028-Sep-25 00:00,A,m,186.57985,-1.64776,-1.664,5.499,5.260659,-2.463718,6.45115697755553,4.3760,/T
2028-Sep-26 00:00,A,m,186.77844,-1.73318,-1.664,5.499,155.576464,-2.472073,6.45197704277413,3.6416,/T
2028-Sep-27 00:00,A,m,186.97714,-1.81856,-1.664,5.499,305.893236,-2.480454,6.45258568045990,2.9221,/T
2028-Sep-28 00:00,A,m,187.17595,-1.90390,-1.664,5.499,96.211000,-2.488859,6.45298227985395,2.2323,/T
2028-Sep-29 00:00,A,m,187.37485,-1.98919,-1.663,5.499,246.529763,-2.497288,6.45316714319638,1.6114,/T
2028-Sep-30 00:00,A,m,187.57379,-2.07438,-1.663,5.499,36.849560,-2.505739,6.45313955552974,1.1751,/T
2028-Oct-01 00:00,A,m,187.77273,-2.15953,-1.663,5.499,187.170406,-2.514211,6.45289951794706,1.1569,/T
2028-Oct-02 00:00,A,m,187.97173,-2.24466,-1.664,5.499,337.492320,-2.522703,6.45244834018171,1.5720,/L
2028-Oct-03 00:00,A,m,188.17078,-2.32970,-1.664,5.499,127.815316,-2.531214,6.45178520651802,2.1868,/L
2028-Oct-04 00:00,A,m,188.36985,-2.41464,-1.664,5.499,278.139408,-2.539744,6.45091087979938,2.8764,/L
2028-Oct-05 00:00,A,m,188.56892,-2.49949,-1.664,5.499,68.464620,-2.548290,6.44982451211994,3.5984,/L
2028-Oct-06 00:00,A,m,188.76799,-2.58424,-1.665,5.499,218.790960,-2.556854,6.44852655848428,4.3371,/L
2028-Oct-07 00:00,,m,188.96703,-2.66888,-1.665,5.500,9.118458,-2.565433,6.44701579998585,5.0855,/L
2028-Oct-08 00:00,,,189.16603,-2.75340,-1.666,5.500,159.447135,-2.574028,6.44529219048807,5.8402,/L
2028-Oct-09 00:00,,,189.36497,-2.83780,-1.666,5.500,309.777011,-2.582638,6.44335658059489,6.5993,/L
2028-Oct-10 00:00,,,189.56383,-2.92206,-1.667,5.500,100.108102,-2.591263,6.44120823487379,7.3617,/L
2028-Oct-11 00:00,,,189.76258,-3.00618,-1.667,5.500,250.440425,-2.599901,6.43884766524502,8.1268,/L
2028-Oct-12 00:00,,,189.96121,-3.09014,-1.668,5.500,40.774009,-2.608553,6.43627384629243,8.8940,/L
2028-Oct-13 00:00,,,190.15969,-3.17394,-1.669,5.500,191.108863,-2.617218,6.43348740295597,9.6632,/L
2028-Oct-14 00:00,,,190.35799,-3.25755,-1.669,5.501,341.445026,-2.625897,6.43048685936527,10.4340,/L
2028-Oct-15 00:00,,,190.55611,-3.34097,-1.670,5.501,131.782518,-2.634588,6.42727241196123,11.2063,/L
2028-Oct-16 00:00,,,190.75400,-3.42419,-1.671,5.501,282.121370,-2.643290,6.42384481763074,11.9801,/L
2028-Oct-17 00:00,,,190.95166,-3.50719,-1.672,5.502,72.461596,-2.652005,6.42020403454065,12.7552,/L
2028-Oct-18 00:00,,,191.14909,-3.58998,-1.673,5.502,222.803223,-2.660729,6.41635094387401,13.5316,/L
2028-Oct-19 00:00,,,191.34626,-3.67255,-1.674,5.502,13.146275,-2.669464,6.41228522950098,14.3092,/L
2028-Oct-20 00:00,,,191.54315,-3.75488,-1.675,5.503,163.490766,-2.678206,6.40800849231029,15.0880,/L
2028-Oct-21 00:00,,,191.73974,-3.83697,-1.676,5.503,313.836726,-2.686957,6.40351998285387,15.8679,/L
2028-Oct-22 00:00,,m,191.93600,-3.91881,-1.677,5.503,104.184175,-2.695713,6.39882093974413,16.6489,/L
2028-Oct-23 00:00,,m,192.13189,-4.00037,-1.678,5.504,254.533141,-2.704475,6.39391265897911,17.4310,/L
2028-Oct-24 00:00,,m,192.32739,-4.08165,-1.679,5.504,44.883628,-2.713241,6.38879623801932,18.2143,/L
2028-Oct-25 00:00,,m,192.52248,-4.16264,-1.681,5.505,195.235658,-2.722010,6.38347297582625,18.9986,/L
2028-Oct-26 00:00,,m,192.71714,-4.24333,-1.682,5.505,345.589247,-2.730780,6.37794311980190,19.7840,/L
2028-Oct-27 00:00,,m,192.91134,-4.32371,-1.683,5.505,135.944406,-2.739551,6.37220864727047,20.5705,/L
2028-Oct-28 00:00,,m,193.10508,-4.40377,-1.685,5.506,286.301158,-2.748323,6.36626891842961,21.3581,/L
2028-Oct-29 00:00,,m,193.29834,-4.48351,-1.686,5.506,76.659519,-2.757093,6.36012535130963,22.1468,/L
2028-Oct-30 00:00,,m,193.49108,-4.56291,-1.688,5.507,227.019518,-2.765862,6.35377896344253,22.9367,/L
2028-Oct-31 00:00,,m,193.68331,-4.64197,-1.690,5.508,17.381155,-2.774628,6.34723126856221,23.7278,/L
2028-Nov-01 00:00,,m,193.87500,-4.72068,-1.691,5.508,167.744454,-2.783391,6.34048336021301,24.5201,/L
2028-Nov-02 00:00,,m,194.06614,-4.79904,-1.693,5.509,318.109426,-2.792150,6.33353568110913,25.3136,/L
2028-Nov-03 00:00,,m,194.25672,-4.87704,-1.695,5.509,108.476084,-2.800905,6.32639019280030,26.1084,/L
2028-Nov-04 00:00,,m,194.44671,-4.95467,-1.697,5.510,258.844448,-2.809655,6.31904626270366,26.9044,/L
2028-Nov-05 00:00,,m,194.63610,-5.03193,-1.698,5.511,49.214536,-2.818400,6.31150526547103,27.7017,/L
2028-Nov-06 00:00,,,194.82486,-5.10879,-1.700,5.511,199.586377,-2.827140,6.30376780439624,28.5004,/L
2028-Nov-07 00:00,,,195.01296,-5.18525,-1.702,5.512,349.959975,-2.835874,6.29583561354866,29.3004,/L
2028-Nov-08 00:00,,,195.20037,-5.26131,-1.704,5.512,140.335356,-2.844602,6.28770939087311,30.1018,/L
2028-Nov-09 00:00,,,195.38707,-5.33694,-1.706,5.513,290.712532,-2.853323,6.27938966470550,30.9046,/L
2028-Nov-10 00:00,,,195.57304,-5.41214,-1.709,5.514,81.091526,-2.862038,6.27087819224468,31.7089,/L
2028-Nov-11 00:00,,,195.75825,-5.48689,-1.711,5.514,231.472357,-2.870747,6.26217444995789,32.5146,/L
2028-Nov-12 00:00,,,195.94268,-5.56119,-1.713,5.515,21.855050,-2.879449,6.25327984321976,33.3219,/L
2028-Nov-13 00:00,,,196.12630,-5.63502,-1.715,5.516,172.239642,-2.888144,6.24419492213768,34.1306,/L
2028-Nov-14 00:00,,,196.30910,-5.70838,-1.718,5.517,322.626140,-2.896830,6.23492210063252,34.9408,/L
2028-Nov-15 00:00,,,196.49106,-5.78126,-1.720,5.517,113.014576,-2.905509,6.22546240198336,35.7526,/L
2028-Nov-16 00:00,,,196.67215,-5.85364,-1.723,5.518,263.404963,-2.914178,6.21581735087631,36.5658,/L
2028-Nov-17 00:00,,,196.85234,-5.92553,-1.725,5.519,53.797326,-2.922836,6.20598942630142,37.3806,/L
2028-Nov-18 00:00,,,197.03161,-5.99691,-1.728,5.520,204.191679,-2.931483,6.19597934260033,38.1970,/L
2028-Nov-19 00:00,,,197.20992,-6.06776,-1.731,5.520,354.588045,-2.940117,6.18578943834447,39.0148,/L
2028-Nov-20 00:00,,m,197.38723,-6.13808,-1.733,5.521,144.986452,-2.948738,6.17542106815315,39.8341,/L
2028-Nov-21 00:00,,m,197.56351,-6.20785,-1.736,5.522,295.386906,-2.957345,6.16487777308800,40.6550,/L
2028-Nov-22 00:00,,m,197.73873,-6.27705,-1.739,5.523,85.789427,-2.965935,6.15416111814576,41.4775,/L
2028-Nov-23 00:00,,m,197.91287,-6.34569,-1.742,5.523,236.194022,-2.974508,6.14327344579107,42.3015,/L
2028-Nov-24 00:00,,m,198.08591,-6.41375,-1.745,5.524,26.600710,-2.983064,6.13221737606110,43.1270,/L
2028-Nov-25 00:00,,m,198.25783,-6.48123,-1.748,5.525,177.009497,-2.991601,6.12099414253225,43.9542,/L
2028-Nov-26 00:00,,m,198.42861,-6.54812,-1.751,5.526,327.420404,-3.000119,6.10960599902268,44.7829,/L
2028-Nov-27 00:00,,m,198.59823,-6.61441,-1.754,5.527,117.833455,-3.008618,6.09805417540667,45.6133,/L
2028-Nov-28 00:00,,m,198.76666,-6.68009,-1.758,5.527,268.248655,-3.017096,6.08634230557396,46.4453,/L
2028-Nov-29 00:00,,m,198.93389,-6.74515,-1.761,5.528,58.666024,-3.025552,6.07447175050471,47.2790,/L
2028-Nov-30 00:00,,m,199.09989,-6.80960,-1.764,5.529,209.085569,-3.033988,6.06244503925047,48.1144,/L
2028-Dec-01 00:00,,m,199.26464,-6.87342,-1.768,5.530,359.507309,-3.042400,6.05026447943966,48.9516,/L
2028-Dec-02 00:00,,m,199.42812,-6.93661,-1.771,5.531,149.931250,-3.050791,6.03793162415540,49.7905,/L
2028-Dec-03 00:00,,m,199.59030,-6.99915,-1.775,5.531,300.357415,-3.059159,6.02544846944747,50.6311,/L
2028-Dec-04 00:00,,m,199.75115,-7.06103,-1.778,5.532,90.785827,-3.067505,6.01281615693085,51.4736,/L
2028-Dec-05 00:00,,,199.91063,-7.12225,-1.782,5.533,241.216498,-3.075828,6.00003831857122,52.3180,/L
2028-Dec-06 00:00,,,200.06871,-7.18278,-1.786,5.534,31.649450,-3.084128,5.98711621934190,53.1643,/L
2028-Dec-07 00:00,,,200.22536,-7.24263,-1.790,5.535,182.084690,-3.092404,5.97405260770010,54.0125,/L
2028-Dec-08 00:00,,,200.38054,-7.30177,-1.794,5.535,332.522248,-3.100657,5.96084958833864,54.8627,/L
2028-Dec-09 00:00,,,200.53425,-7.36019,-1.798,5.536,122.962126,-3.108886,5.94750924557636,55.7148,/L
2028-Dec-10 00:00,,,200.68645,-7.41790,-1.802,5.537,273.404356,-3.117090,5.93403356581375,56.5690,/L
2028-Dec-11 00:00,,,200.83712,-7.47487,-1.806,5.538,63.848962,-3.125271,5.92042407025075,57.4252,/L
2028-Dec-12 00:00,,,200.98623,-7.53111,-1.810,5.538,214.295963,-3.133426,5.90668480226404,58.2835,/L
2028-Dec-13 00:00,,,201.13374,-7.58660,-1.814,5.539,4.745380,-3.141555,5.89281764343845,59.1439,/L
2028-Dec-14 00:00,,,201.27964,-7.64133,-1.819,5.540,155.197225,-3.149656,5.87882623430543,60.0063,/L
2028-Dec-15 00:00,,,201.42388,-7.69530,-1.823,5.541,305.651524,-3.157730,5.86471326955146,60.8708,/L
2028-Dec-16 00:00,,,201.56644,-7.74849,-1.827,5.541,96.108278,-3.165773,5.85048212856926,61.7374,/L
2028-Dec-17 00:00,,,201.70727,-7.80089,-1.832,5.542,246.567514,-3.173786,5.83613546626000,62.6061,/L
2028-Dec-18 00:00,,,201.84633,-7.85250,-1.836,5.543,37.029250,-3.181768,5.82167579303048,63.4769,/L
2028-Dec-19 00:00,,m,201.98358,-7.90328,-1.841,5.543,187.493502,-3.189716,5.80710781066496,64.3499,/L
2028-Dec-20 00:00,,m,202.11900,-7.95325,-1.846,5.544,337.960280,-3.197631,5.79243420442053,65.2249,/L
2028-Dec-21 00:00,,m,202.25255,-8.00238,-1.851,5.545,128.429592,-3.205509,5.77765929912126,66.1020,/L
2028-Dec-22 00:00,,m,202.38421,-8.05067,-1.856,5.545,278.901456,-3.213351,5.76278604329926,66.9813,/L
2028-Dec-23 00:00,,m,202.51397,-8.09812,-1.861,5.546,69.375865,-3.221156,5.74781851449714,67.8627,/L
2028-Dec-24 00:00,,m,202.64180,-8.14471,-1.866,5.546,219.852842,-3.228922,5.73275934612985,68.7462,/L
2028-Dec-25 00:00,,m,202.76767,-8.19045,-1.871,5.547,10.332397,-3.236649,5.71761132044307,69.6319,/L
2028-Dec-26 00:00,,m,202.89156,-8.23532,-1.876,5.547,160.814545,-3.244336,5.70237894391258,70.5198,/L
2028-Dec-27 00:00,,m,203.01344,-8.27931,-1.881,5.548,311.299292,-3.251982,5.68706505915444,71.4099,/L
2028-Dec-28 00:00,,m,203.13329,-8.32243,-1.886,5.548,101.786644,-3.259586,5.67167396364353,72.3023,/L
2028-Dec-29 00:00,,m,203.25108,-8.36467,-1.892,5.549,252.276617,-3.267149,5.65620836956996,73.1969,/L
2028-Dec-30 00:00,,m,203.36679,-8.40601,-1.897,5.549,42.769204,-3.274668,5.64067254410483,74.0938,/L
2028-Dec-31 00:00,,m,203.48039,-8.44646,-1.903,5.550,193.264425,-3.282144,5.62506875545425,74.9929,/L
2029-Jan-01 00:00,,m,203.59185,-8.48600,-1.908,5.550,343.762290,-3.289577,5.60939978143981,75.8944,/L
2029-Jan-02 00:00,,m,203.70112,-8.52462,-1.914,5.551,134.262821,-3.296966,5.59366962844679,76.7983,/L
2029-Jan-03 00:00,,,203.80817,-8.56230,-1.919,5.551,284.766023,-3.304311,5.57788120322854,77.7047,/L
2029-Jan-04 00:00,,,203.91297,-8.59904,-1.925,5.551,75.271909,-3.311610,5.56203866248209,78.6134,/L
2029-Jan-05 00:00,,,204.01548,-8.63482,-1.931,5.552,225.780496,-3.318865,5.54614465782231,79.5247,/L
2029-Jan-06 00:00,,,204.11571,-8.66965,-1.937,5.552,16.291786,-3.326073,5.53020386645077,80.4385,/L
2029-Jan-07 00:00,,,204.21360,-8.70350,-1.943,5.552,166.805800,-3.333234,5.51421873964555,81.3548,/L
2029-Jan-08 00:00,,,204.30916,-8.73639,-1.949,5.553,317.322548,-3.340347,5.49819275952178,82.2737,/L
2029-Jan-09 00:00,,,204.40233,-8.76829,-1.955,5.553,107.842058,-3.347412,5.48213025428034,83.1952,/L
2029-Jan-10 00:00,,,204.49309,-8.79920,-1.961,5.553,258.364330,-3.354425,5.46603520939032,84.1194,/L
2029-Jan-11 00:00,,,204.58140,-8.82911,-1.967,5.553,48.889377,-3.361387,5.44991256533182,85.0461,/L
2029-Jan-12 00:00,,,204.66724,-8.85802,-1.974,5.553,199.417211,-3.368294,5.43376590089525,85.9756,/L
2029-Jan-13 00:00,,,204.75056,-8.88592,-1.980,5.554,349.947826,-3.375145,5.41760096912664,86.9076,/L
2029-Jan-14 00:00,,,204.83134,-8.91280,-1.986,5.554,140.481232,-3.381938,5.40142098541009,87.8423,/L
2029-Jan-15 00:00,,,204.90955,-8.93864,-1.993,5.554,291.017431,-3.388673,5.38523036265983,88.7796,/L
2029-Jan-16 00:00,,,204.98514,-8.96344,-1.999,5.554,81.556441,-3.395346,5.36903367606430,89.7196,/L
2029-Jan-17 00:00,,m,205.05811,-8.98719,-2.006,5.554,232.098252,-3.401956,5.35283568682003,90.6622,/L
2029-Jan-18 00:00,,m,205.12841,-9.00989,-2.013,5.554,22.642869,-3.408502,5.33664151676554,91.6075,/L
2029-Jan-19 00:00,,m,205.19604,-9.03152,-2.019,5.554,173.190292,-3.414982,5.32045503966373,92.5554,/L
2029-Jan-20 00:00,,m,205.26097,-9.05210,-2.026,5.553,323.740509,-3.421393,5.30428221157088,93.5059,/L
2029-Jan-21 00:00,,m,205.32321,-9.07161,-2.033,5.553,114.293523,-3.427734,5.28812630093754,94.4591,/L
2029-Jan-22 00:00,,m,205.38273,-9.09006,-2.039,5.553,264.849324,-3.434005,5.27199189484596,95.4149,/L
2029-Jan-23 00:00,,m,205.43949,-9.10743,-2.046,5.553,55.407928,-3.440204,5.25588318841636,96.3734,/L
2029-Jan-24 00:00,,m,205.49351,-9.12373,-2.053,5.553,205.969317,-3.446329,5.23980520180902,97.3345,/L
2029-Jan-25 00:00,,m,205.54474,-9.13895,-2.060,5.553,356.533493,-3.452379,5.22376279356111,98.2983,/L
2029-Jan-26 00:00,,m,205.59318,-9.15309,-2.067,5.552,147.100446,-3.458352,5.20775987966086,99.2648,/L
2029-Jan-27 00:00,,m,205.63881,-9.16614,-2.074,5.552,297.670165,-3.464247,5.19180226855515,100.2339,/L
2029-Jan-28 00:00,,m,205.68161,-9.17812,-2.081,5.552,88.242641,-3.470063,5.17589312124954,101.2058,/L
2029-Jan-29 00:00,,m,205.72157,-9.18900,-2.088,5.551,238.817863,-3.475800,5.16003691120595,102.1803,/L
2029-Jan-30 00:00,,m,205.75865,-9.19877,-2.095,5.551,29.395843,-3.481455,5.14423721751318,103.1577,/L
2029-Jan-31 00:00,,m,205.79283,-9.20744,-2.103,5.550,179.976561,-3.487028,5.12849903269309,104.1377,/L
2029-Feb-01 00:00,,,205.82410,-9.21500,-2.110,5.550,330.560020,-3.492518,5.11282670976155,105.1206,/L
2029-Feb-02 00:00,,,205.85245,-9.22144,-2.117,5.549,121.146209,-3.497923,5.09722414484235,106.1063,/L
2029-Feb-03 00:00,,,205.87787,-9.22676,-2.124,5.549,271.735120,-3.503241,5.08169697952436,107.0949,/L
2029-Feb-04 00:00,,,205.90037,-9.23096,-2.132,5.548,62.326742,-3.508471,5.06624864300220,108.0863,/L
2029-Feb-05 00:00,,,205.91992,-9.23405,-2.139,5.548,212.921064,-3.513611,5.05088400501044,109.0806,/L
2029-Feb-06 00:00,,,205.93652,-9.23602,-2.146,5.547,3.518095,-3.518660,5.03560688033574,110.0778,/L
2029-Feb-07 00:00,,,205.95015,-9.23687,-2.153,5.547,154.117810,-3.523613,5.02042317737205,111.0779,/L
2029-Feb-08 00:00,,,205.96078,-9.23659,-2.161,5.546,304.720207,-3.528470,5.00533780655381,112.0809,/L
2029-Feb-09 00:00,,,205.96841,-9.23519,-2.168,5.545,95.325259,-3.533226,4.99035569964853,113.0868,/L
2029-Feb-10 00:00,,,205.97301,-9.23266,-2.175,5.544,245.932951,-3.537880,4.97548310994078,114.0955,/L
2029-Feb-11 00:00,,,205.97460,-9.22900,-2.183,5.544,36.543251,-3.542429,4.96072438082756,115.1072,/L
2029-Feb-12 00:00,,,205.97316,-9.22421,-2.190,5.543,187.156133,-3.546870,4.94608496444482,116.1216,/L
2029-Feb-13 00:00,,,205.96869,-9.21830,-2.197,5.542,337.771588,-3.551201,4.93156885904129,117.1389,/L
2029-Feb-14 00:00,A,,205.96119,-9.21125,-2.205,5.541,128.389576,-3.555419,4.91718238368729,118.1590,/L
2029-Feb-15 00:00,A,m,205.95066,-9.20308,-2.212,5.540,279.010076,-3.559522,4.90293030320907,119.1819,/L
2029-Feb-16 00:00,A,m,205.93712,-9.19379,-2.219,5.540,69.633045,-3.563508,4.88881769315544,120.2074,/L
2029-Feb-17 00:00,A,m,205.92057,-9.18339,-2.226,5.539,220.258457,-3.567373,4.87485035379724,121.2357,/L
2029-Feb-18 00:00,A,m,205.90105,-9.17189,-2.233,5.538,10.886261,-3.571116,4.86103257455950,122.2667,/L
2029-Feb-19 00:00,A,m,205.87857,-9.15929,-2.241,5.537,161.516421,-3.574735,4.84736936598472,123.3003,/L
2029-Feb-20 00:00,A,m,205.85313,-9.14561,-2.248,5.536,312.148911,-3.578229,4.83386411501022,124.3365,/L
2029-Feb-21 00:00,A,m,205.82476,-9.13084,-2.255,5.535,102.783685,-3.581595,4.82052274594473,125.3753,/L
2029-Feb-22 00:00,A,m,205.79346,-9.11500,-2.262,5.534,253.420711,-3.584831,4.80734931968257,126.4166,/L
2029-Feb-23 00:00,A,m,205.75926,-9.09810,-2.269,5.533,44.059935,-3.587937,4.79434860575867,127.4605,/L
2029-Feb-24 00:00,A,m,205.72217,-9.08014,-2.276,5.532,194.701325,-3.590909,4.78152559049852,128.5068,/L
2029-Feb-25 00:00,A,m,205.68221,-9.06113,-2.283,5.531,345.344819,-3.593746,4.76888432419988,129.5557,/L
2029-Feb-26 00:00,A,m,205.63940,-9.04108,-2.290,5.530,135.990372,-3.596448,4.75642917276965,130.6069,/L
2029-Feb-27 00:00,A,m,205.59376,-9.01999,-2.296,5.529,286.637952,-3.599014,4.74416288243908,131.6606,/L
2029-Feb-28 00:00,A,m,205.54530,-8.99787,-2.303,5.528,77.287506,-3.601441,4.73209084046620,132.7167,/L
2029-Mar-01 00:00,A,m,205.49406,-8.97473,-2.310,5.527,227.938997,-3.603728,4.72021643927795,133.7752,/L
2029-Mar-02 00:00,A,,205.44006,-8.95058,-2.316,5.526,18.592367,-3.605875,4.70854420297588,134.8361,/L
2029-Mar-03 00:00,A,,205.38333,-8.92542,-2.323,5.525,169.247579,-3.607878,4.69707849647441,135.8993,/L
2029-Mar-04 00:00,A,,205.32394,-8.89929,-2.329,5.524,319.904565,-3.609737,4.68582352838914,136.9649,/L
2029-Mar-05 00:00,A,,205.26190,-8.87219,-2.336,5.523,110.563277,-3.611448,4.67478353373210,138.0329,/L
2029-Mar-06 00:00,A,,205.19724,-8.84415,-2.342,5.522,261.223666,-3.613011,4.66396140271981,139.1031,/L
2029-Mar-07 00:00,A,,205.13000,-8.81516,-2.348,5.521,51.885676,-3.614423,4.65336271147002,140.1756,/L
2029-Mar-08 00:00,A,,205.06019,-8.78524,-2.354,5.520,202.549252,-3.615682,4.64299104787999,141.2504,/L
2029-Mar-09 00:00,A,,204.98786,-8.75441,-2.360,5.519,353.214319,-3.616785,4.63285136028064,142.3273,/L
2029-Mar-10 00:00,A,,204.91303,-8.72268,-2.366,5.518,143.880827,-3.617731,4.62294788359451,143.4063,/L
2029-Mar-11 00:00,A,,204.83576,-8.69007,-2.371,5.517,294.548685,-3.618516,4.61328518652123,144.4874,/L
2029-Mar-12 00:00,A,,204.75610,-8.65659,-2.377,5.516,85.217827,-3.619140,4.60386722522859,145.5704,/L
2029-Mar-13 00:00,A,,204.67409,-8.62227,-2.382,5.515,235.888182,-3.619601,4.59469668555653,146.6553,/L
2029-Mar-14 00:00,N,,204.58979,-8.58713,-2.388,5.514,26.559679,-3.619898,4.58577859808222,147.7421,/L
2029-Mar-15 00:00,N,,204.50326,-8.55118,-2.393,5.513,177.232244,-3.620030,4.57711598712070,148.8306,/L
2029-Mar-16 00:00,N,,204.41456,-8.51445,-2.398,5.512,327.905787,-3.619994,4.56871328405563,149.9207,/L
2029-Mar-17 00:00,N,m,204.32374,-8.47697,-2.403,5.511,118.580241,-3.619791,4.56057371261316,151.0124,/L
2029-Mar-18 00:00,N,m,204.23089,-8.43876,-2.408,5.510,269.255501,-3.619419,4.55270132814522,152.1056,/L
2029-Mar-19 00:00,N,m,204.13608,-8.39985,-2.412,5.509,59.931488,-3.618877,4.54509900443574,153.2001,/L
2029-Mar-20 00:00,N,m,204.03937,-8.36028,-2.417,5.509,210.608116,-3.618167,4.53776856606571,154.2958,/L
2029-Mar-21 00:00,N,m,203.94082,-8.32005,-2.421,5.508,1.285306,-3.617289,4.53071377784618,155.3928,/L
2029-Mar-22 00:00,N,m,203.84050,-8.27921,-2.425,5.507,151.962972,-3.616241,4.52393656928528,156.4907,/L
2029-Mar-23 00:00,N,m,203.73849,-8.23777,-2.429,5.506,302.641019,-3.615026,4.51744026638501,157.5896,/L
2029-Mar-24 00:00,N,m,203.63484,-8.19576,-2.433,5.506,93.319374,-3.613643,4.51122664219537,158.6894,/L
2029-Mar-25 00:00,N,m,203.52963,-8.15321,-2.437,5.505,243.997926,-3.612092,4.50529879720183,159.7898,/L
2029-Mar-26 00:00,N,m,203.42293,-8.11015,-2.440,5.504,34.676596,-3.610376,4.49965819396268,160.8908,/L
2029-Mar-27 00:00,N,m,203.31481,-8.06660,-2.444,5.504,185.355292,-3.608495,4.49430561267395,161.9921,/L
2029-Mar-28 00:00,N,m,203.20534,-8.02258,-2.447,5.503,336.033940,-3.606451,4.48924338630833,163.0938,/L
2029-Mar-29 00:00,N,m,203.09460,-7.97812,-2.450,5.502,126.712455,-3.604246,4.48447245627349,164.1955,/L
2029-Mar-30 00:00,N,m,202.98266,-7.93326,-2.453,5.502,277.390746,-3.601880,4.47999522846608,165.2972,/L
2029-Mar-31 00:00,N,,202.86961,-7.88802,-2.455,5.501,68.068743,-3.599354,4.47581254144945,166.3985,/L
2029-Apr-01 00:00,N,,202.75553,-7.84244,-2.458,5.501,218.746341,-3.596668,4.47192719215490,167.4992,/L
2029-Apr-02 00:00,N,,202.64049,-7.79655,-2.460,5.501,9.423457,-3.593824,4.46834014972258,168.5988,/L
2029-Apr-03 00:00,N,,202.52458,-7.75038,-2.462,5.500,160.099997,-3.590823,4.46505222225116,169.6968,/L
2029-Apr-04 00:00,N,,202.40786,-7.70396,-2.464,5.500,310.775885,-3.587666,4.46206533599009,170.7923,/L
2029-Apr-05 00:00,N,,202.29039,-7.65732,-2.465,5.500,101.451025,-3.584354,4.45938046725141,171.8843,/L
2029-Apr-06 00:00,N,,202.17226,-7.61049,-2.467,5.499,252.125321,-3.580887,4.45699978258919,172.9707,/L
2029-Apr-07 00:00,N,,202.05354,-7.56349,-2.468,5.499,42.798688,-3.577268,4.45492363601025,174.0484,/L
2029-Apr-08 00:00,N,,201.93431,-7.51637,-2.469,5.499,193.471013,-3.573497,4.45315443879495,175.1114,/L
2029-Apr-09 00:00,N,,201.81467,-7.46915,-2.470,5.499,344.142206,-3.569576,4.45169226105767,176.1473,/L
2029-Apr-10 00:00,N,,201.69472,-7.42187,-2.470,5.499,134.812159,-3.565508,4.45053717914783,177.1268,/L
2029-Apr-11 00:00,N,,201.57453,-7.37457,-2.471,5.499,285.480797,-3.561296,4.44968967635585,177.9670,/L
2029-Apr-12 00:00,N,,201.45420,-7.32729,-2.471,5.499,76.148016,-3.556943,4.44914970392434,178.4265,/L
2029-Apr-13 00:00,C,,201.33381,-7.28005,-2.471,5.499,226.813725,-3.552450,4.44891806656016,178.1888,/T
2029-Apr-14 00:00,C,,201.21346,-7.23289,-2.471,5.499,17.477838,-3.547822,4.44899376728526,177.4421,/T
2029-Apr-15 00:00,C,m,201.09324,-7.18586,-2.471,5.499,168.140248,-3.543061,4.44937803015576,176.4987,/T
2029-Apr-16 00:00,C,m,200.97324,-7.13898,-2.471,5.499,318.800867,-3.538170,4.45006954884911,175.4808,/T
2029-Apr-17 00:00,C,m,200.85357,-7.09231,-2.470,5.499,109.459593,-3.533155,4.45106734539362,174.4297,/T
2029-Apr-18 00:00,C,m,200.73427,-7.04586,-2.469,5.499,260.116360,-3.528018,4.45237026938571,173.3616,/T
2029-Apr-19 00:00,C,m,200.61546,-6.99967,-2.468,5.499,50.771069,-3.522765,4.45397719259199,172.2842,/T
2029-Apr-20 00:00,C,m,200.49720,-6.95377,-2.467,5.500,201.423644,-3.517399,4.45588747511097,171.2013,/T
2029-Apr-21 00:00,C,m,200.37956,-6.90819,-2.466,5.500,352.074003,-3.511926,4.45809882054565,170.1153,/T
2029-Apr-22 00:00,C,m,200.26264,-6.86297,-2.464,5.500,142.722060,-3.506348,4.46061118260908,169.0276,/T
2029-Apr-23 00:00,C,m,200.14651,-6.81813,-2.462,5.500,293.367736,-3.500671,4.46342193064286,167.9391,/T
2029-Apr-24 00:00,C,m,200.03125,-6.77371,-2.460,5.501,84.010946,-3.494900,4.46652905114284,166.8505,/T
2029-Apr-25 00:00,C,m,199.91694,-6.72973,-2.458,5.501,234.651640,-3.489040,4.46992985926300,165.7622,/T
2029-Apr-26 00:00,C,m,199.80365,-6.68622,-2.456,5.502,25.289739,-3.483096,4.47362236365958,164.6746,/T
2029-Apr-27 00:00,C,m,199.69146,-6.64322,-2.453,5.502,175.925188,-3.477070,4.47760479950756,163.5879,/T
2029-Apr-28 00:00,C,m,199.58045,-6.60075,-2.451,5.503,326.557924,-3.470970,4.48187419564531,162.5023,/T
2029-Apr-29 00:00,C,,199.47069,-6.55884,-2.448,5.503,117.187882,-3.464796,4.48642994060613,161.4180,/T
2029-Apr-30 00:00,C,,199.36224,-6.51753,-2.445,5.504,267.814998,-3.458554,4.49126912483435,160.3352,/T
2029-May-01 00:00,C,,199.25518,-6.47684,-2.441,5.505,58.439201,-3.452247,4.49638980775024,159.2539,/T
2029-May-02 00:00,C,,199.14955,-6.43680,-2.438,5.505,209.060453,-3.445880,4.50178897550024,158.1743,/T
2029-May-03 00:00,C,,199.04540,-6.39742,-2.434,5.506,359.678685,-3.439456,4.50746487710072,157.0964,/T
2029-May-04 00:00,C,,198.94280,-6.35873,-2.431,5.507,150.293845,-3.432978,4.51341548804931,156.0204,/T
2029-May-05 00:00,C,,198.84181,-6.32075,-2.427,5.507,300.905875,-3.426452,4.51963778643106,154.9464,/T
2029-May-06 00:00,C,,198.74248,-6.28351,-2.423,5.508,91.514718,-3.419880,4.52613068524996,153.8743,/T
2029-May-07 00:00,C,,198.64490,-6.24704,-2.418,5.509,242.120313,-3.413267,4.53289081026924,152.8044,/T
2029-May-08 00:00,C,,198.54913,-6.21136,-2.414,5.510,32.722597,-3.406618,4.53991565085516,151.7368,/T
2029-May-09 00:00,C,,198.45523,-6.17650,-2.410,5.511,183.321538,-3.399937,4.54720104479708,150.6714,/T
2029-May-10 00:00,*,,198.36327,-6.14248,-2.405,5.512,333.917077,-3.393228,4.55474447816294,149.6083,/T
2029-May-11 00:00,*,,198.27330,-6.10933,-2.400,5.513,124.509181,-3.386497,4.56254266853648,148.5478,/T
2029-May-12 00:00,*,,198.18538,-6.07708,-2.395,5.514,275.097800,-3.379749,4.57059171543599,147.4897,/T
2029-May-13 00:00,*,,198.09957,-6.04573,-2.390,5.514,65.682900,-3.372986,4.57888928929465,146.4343,/T
2029-May-14 00:00,*,m,198.01592,-6.01532,-2.385,5.515,216.264434,-3.366216,4.58743112620059,145.3815,/T
2029-May-15 00:00,*,m,197.93448,-5.98587,-2.380,5.516,6.842358,-3.359442,4.59621382034407,144.3314,/T
2029-May-16 00:00,*,m,197.85531,-5.95740,-2.374,5.517,157.416658,-3.352670,4.60523202029612,143.2842,/T
2029-May-17 00:00,*,m,197.77843,-5.92991,-2.369,5.518,307.987299,-3.345904,4.61448246425420,142.2398,/T
2029-May-18 00:00,*,m,197.70388,-5.90342,-2.363,5.519,98.554267,-3.339150,4.62396077741532,141.1984,/T
2029-May-19 00:00,*,m,197.63170,-5.87795,-2.358,5.520,249.117533,-3.332413,4.63366247523852,140.1599,/T
2029-May-20 00:00,*,m,197.56192,-5.85350,-2.352,5.521,39.677089,-3.325696,4.64358426674566,139.1245,/T
2029-May-21 00:00,*,m,197.49457,-5.83009,-2.346,5.522,190.232908,-3.319004,4.65372147375051,138.0921,/T
2029-May-22 00:00,*,m,197.42969,-5.80773,-2.340,5.523,340.784971,-3.312342,4.66407023704926,137.0628,/T
2029-May-23 00:00,*,m,197.36732,-5.78644,-2.334,5.524,131.333282,-3.305714,4.67462465643076,136.0367,/T
2029-May-24 00:00,*,m,197.30749,-5.76621,-2.328,5.525,281.877829,-3.299124,4.68538132367425,135.0136,/T
2029-May-25 00:00,*,m,197.25021,-5.74707,-2.321,5.527,72.418620,-3.292576,4.69633552253117,133.9938,/T
2029-May-26 00:00,*,m,197.19554,-5.72903,-2.315,5.528,222.955643,-3.286073,4.70748302122210,132.9771,/T
2029-May-27 00:00,*,m,197.14347,-5.71209,-2.308,5.529,13.488912,-3.279618,4.71882040759894,131.9635,/T
2029-May-28 00:00,*,,197.09404,-5.69626,-2.302,5.530,164.018410,-3.273213,4.73034356371034,130.9532,/T
2029-May-29 00:00,*,,197.04725,-5.68155,-2.295,5.531,314.544134,-3.266861,4.74204903752048,129.9459,/T
2029-May-30 00:00,*,,197.00312,-5.66797,-2.289,5.532,105.066095,-3.260565,4.75393129318842,128.9418,/T
2029-May-31 00:00,*,,196.96165,-5.65550,-2.282,5.533,255.584289,-3.254327,4.76598738789292,127.9408,/T
2029-Jun-01 00:00,*,,196.92285,-5.64417,-2.276,5.534,46.098730,-3.248150,4.77821273858423,126.9429,/T
2029-Jun-02 00:00,*,,196.88674,-5.63397,-2.269,5.534,196.609412,-3.242037,4.79060352739284,125.9482,/T
2029-Jun-03 00:00,*,,196.85332,-5.62490,-2.262,5.535,347.116352,-3.235990,4.80315604864592,124.9566,/T
2029-Jun-04 00:00,*,,196.82264,-5.61697,-2.255,5.536,137.619542,-3.230010,4.81586636016877,123.9681,/T
2029-Jun-05 00:00,*,,196.79469,-5.61019,-2.248,5.537,288.118985,-3.224101,4.82873073509571,122.9828,/T
2029-Jun-06 00:00,*,,196.76952,-5.60457,-2.241,5.538,78.614696,-3.218266,4.84174333927916,122.0007,/T
2029-Jun-07 00:00,*,,196.74711,-5.60011,-2.234,5.539,229.106685,-3.212508,4.85490085661003,121.0217,/T
2029-Jun-08 00:00,*,,196.72749,-5.59681,-2.228,5.540,19.594972,-3.206828,4.86819818195180,120.0458,/T
2029-Jun-09 00:00,*,,196.71066,-5.59468,-2.221,5.541,170.079561,-3.201230,4.88163131523381,119.0732,/T
2029-Jun-10 00:00,*,,196.69663,-5.59371,-2.214,5.542,320.560485,-3.195715,4.89519581129758,118.1037,/T
2029-Jun-11 00:00,*,,196.68541,-5.59391,-2.207,5.542,111.037743,-3.190287,4.90888762360200,117.1374,/T
2029-Jun-12 00:00,*,m,196.67701,-5.59528,-2.200,5.543,261.511355,-3.184947,4.92270251890036,116.1743,/T
2029-Jun-13 00:00,*,m,196.67142,-5.59782,-2.192,5.544,51.981341,-3.179699,4.93663434138072,115.2145,/T
2029-Jun-14 00:00,*,m,196.66864,-5.60153,-2.185,5.545,202.447729,-3.174545,4.95067926669764,114.2578,/T
2029-Jun-15 00:00,*,m,196.66865,-5.60639,-2.178,5.545,352.910552,-3.169487,4.96483170766316,113.3044,/T
2029-Jun-16 00:00,*,m,196.67146,-5.61240,-2.171,5.546,143.369829,-3.164528,4.97908748281664,112.3543,/T
2029-Jun-17 00:00,*,m,196.67705,-5.61955,-2.164,5.547,293.825608,-3.159668,4.99344153180369,111.4073,/T
2029-Jun-18 00:00,*,m,196.68541,-5.62784,-2.157,5.547,84.277904,-3.154911,5.00788992795652,110.4636,/T
2029-Jun-19 00:00,*,m,196.69655,-5.63727,-2.150,5.548,234.726753,-3.150257,5.02242827038528,109.5231,/T
2029-Jun-20 00:00,*,m,196.71047,-5.64784,-2.143,5.549,25.172186,-3.145709,5.03705070434047,108.5858,/T
2029-Jun-21 00:00,*,m,196.72716,-5.65952,-2.136,5.549,175.614249,-3.141266,5.05175353861031,107.6517,/T
2029-Jun-22 00:00,*,m,196.74660,-5.67233,-2.129,5.550,326.052982,-3.136931,5.06653164514036,106.7208,/T
2029-Jun-23 00:00,*,m,196.76878,-5.68626,-2.122,5.550,116.488416,-3.132704,5.08138160730223,105.7929,/T
2029-Jun-24 00:00,*,m,196.79369,-5.70130,-2.116,5.551,266.920603,-3.128584,5.09629883505924,104.8681,/T
2029-Jun-25 00:00,*,m,196.82130,-5.71743,-2.109,5.551,57.349565,-3.124573,5.11128052851711,103.9464,/T
2029-Jun-26 00:00,*,,196.85160,-5.73466,-2.102,5.552,207.775337,-3.120668,5.12632301726271,103.0276,/T
2029-Jun-27 00:00,*,,196.88458,-5.75297,-2.095,5.552,358.197949,-3.116873,5.14142153237951,102.1119,/T
2029-Jun-28 00:00,*,,196.92020,-5.77235,-2.088,5.552,148.617441,-3.113185,5.15657288187927,101.1990,/T
2029-Jun-29 00:00,*,,196.95845,-5.79280,-2.081,5.553,299.033851,-3.109605,5.17177256817975,100.2889,/T
2029-Jun-30 00:00,*,,196.99932,-5.81430,-2.075,5.553,89.447205,-3.106134,5.18701763556142,99.3817,/T
2029-Jul-01 00:00,*,,197.04279,-5.83684,-2.068,5.553,239.857553,-3.102771,5.20230345323077,98.4773,/T
2029-Jul-02 00:00,*,,197.08886,-5.86043,-2.061,5.553,30.264914,-3.099516,5.21762748385663,97.5756,/T
2029-Jul-03 00:00,*,,197.13752,-5.88505,-2.055,5.554,180.669325,-3.096369,5.23298580737236,96.6767,/T
2029-Jul-04 00:00,*,,197.18878,-5.91071,-2.048,5.554,331.070812,-3.093332,5.24837377345143,95.7805,/T
2029-Jul-05 00:00,*,,197.24260,-5.93740,-2.042,5.554,121.469423,-3.090404,5.26378767952214,94.8870,/T
2029-Jul-06 00:00,*,,197.29899,-5.96510,-2.035,5.554,271.865194,-3.087585,5.27922292493750,93.9961,/T
2029-Jul-07 00:00,*,,197.35792,-5.99381,-2.029,5.554,62.258161,-3.084877,5.29467635711503,93.1078,/T
2029-Jul-08 00:00,*,,197.41937,-6.02353,-2.022,5.554,212.648374,-3.082279,5.31014300834946,92.2222,/T
2029-Jul-09 00:00,*,,197.48334,-6.05423,-2.016,5.554,3.035860,-3.079791,5.32562037616893,91.3392,/T
2029-Jul-10 00:00,*,,197.54979,-6.08592,-2.010,5.554,153.420662,-3.077414,5.34110429842896,90.4587,/T
2029-Jul-11 00:00,*,,197.61872,-6.11858,-2.003,5.554,303.802807,-3.075147,5.35659036679494,89.5808,/T
2029-Jul-12 00:00,*,m,197.69009,-6.15219,-1.997,5.554,94.182351,-3.072992,5.37207446256342,88.7054,/T
2029-Jul-13 00:00,*,m,197.76388,-6.18676,-1.991,5.554,244.559332,-3.070948,5.38755207541245,87.8326,/T
2029-Jul-14 00:00,*,m,197.84007,-6.22225,-1.985,5.554,34.933795,-3.069016,5.40301991601675,86.9623,/T
2029-Jul-15 00:00,*,m,197.91863,-6.25867,-1.979,5.554,185.305795,-3.067196,5.41847289831561,86.0945,/T
2029-Jul-16 00:00,*,m,197.99955,-6.29598,-1.973,5.553,335.675367,-3.065487,5.43390865118917,85.2291,/T
2029-Jul-17 00:00,*,m,198.08280,-6.33420,-1.967,5.553,126.042562,-3.063889,5.44932306146807,84.3663,/T
2029-Jul-18 00:00,*,m,198.16839,-6.37331,-1.961,5.553,276.407409,-3.062400,5.46471235363571,83.5058,/T
2029-Jul-19 00:00,*,m,198.25627,-6.41329,-1.955,5.553,66.769973,-3.061022,5.48007250178150,82.6478,/T
2029-Jul-20 00:00,*,m,198.34644,-6.45414,-1.950,5.553,217.130292,-3.059752,5.49539979425632,81.7921,/T
2029-Jul-21 00:00,*,m,198.43887,-6.49586,-1.944,5.552,7.488415,-3.058589,5.51069151863213,80.9388,/T
2029-Jul-22 00:00,*,m,198.53352,-6.53841,-1.938,5.552,157.844393,-3.057534,5.52594339605163,80.0877,/T
2029-Jul-23 00:00,*,m,198.63036,-6.58179,-1.933,5.551,308.198264,-3.056583,5.54115391946934,79.2389,/T
2029-Jul-24 00:00,*,m,198.72937,-6.62599,-1.927,5.551,98.550072,-3.055735,5.55631979965448,78.3922,/T
2029-Jul-25 00:00,*,m,198.83051,-6.67099,-1.922,5.551,248.899841,-3.054989,5.57143843522476,77.5477,/T
2029-Jul-26 00:00,*,,198.93376,-6.71678,-1.916,5.550,39.247626,-3.054345,5.58650622088860,76.7052,/T
2029-Jul-27 00:00,*,,199.03911,-6.76334,-1.911,5.550,189.593458,-3.053800,5.60152030826247,75.8648,/T
2029-Jul-28 00:00,*,,199.14652,-6.81067,-1.906,5.549,339.937379,-3.053353,5.61647826041354,75.0263,/T
2029-Jul-29 00:00,*,,199.25599,-6.85876,-1.901,5.549,130.279431,-3.053005,5.63137617969212,74.1898,/T
2029-Jul-30 00:00,*,,199.36749,-6.90759,-1.896,5.548,280.619648,-3.052752,5.64621259751484,73.3551,/T
2029-Jul-31 00:00,*,,199.48101,-6.95715,-1.891,5.548,70.958068,-3.052596,5.66098422863905,72.5223,/T
2029-Aug-01 00:00,*,,199.59654,-7.00745,-1.886,5.547,221.294713,-3.052533,5.67568866776623,71.6914,/T
2029-Aug-02 00:00,*,,199.71407,-7.05848,-1.881,5.547,11.629633,-3.052565,5.69032184131606,70.8622,/T
2029-Aug-03 00:00,*,,199.83358,-7.11021,-1.876,5.546,161.962859,-3.052689,5.70488092837296,70.0347,/T
2029-Aug-04 00:00,*,,199.95504,-7.16265,-1.871,5.545,312.294435,-3.052907,5.71936302734193,69.2090,/T
2029-Aug-05 00:00,*,,200.07845,-7.21578,-1.866,5.545,102.624399,-3.053216,5.73376416524974,68.3849,/T
2029-Aug-06 00:00,*,,200.20376,-7.26959,-1.862,5.544,252.952794,-3.053617,5.74808245521011,67.5625,/T
2029-Aug-07 00:00,*,,200.33095,-7.32406,-1.857,5.543,43.279657,-3.054108,5.76231447105492,66.7418,/T
2029-Aug-08 00:00,*,,200.46001,-7.37919,-1.852,5.543,193.605013,-3.054689,5.77645787295265,65.9226,/T
2029-Aug-09 00:00,*,,200.59091,-7.43496,-1.848,5.542,343.928916,-3.055360,5.79050821183270,65.1051,/T
2029-Aug-10 00:00,*,,200.72363,-7.49135,-1.844,5.541,134.251399,-3.056119,5.80446279395460,64.2891,/T
2029-Aug-11 00:00,*,m,200.85813,-7.54836,-1.839,5.541,284.572513,-3.056966,5.81831843447135,63.4747,/T
2029-Aug-12 00:00,C,m,200.99440,-7.60596,-1.835,5.540,74.892298,-3.057902,5.83207143851924,62.6618,/T
2029-Aug-13 00:00,C,m,201.13241,-7.66415,-1.831,5.539,225.210803,-3.058923,5.84571981319095,61.8505,/T
2029-Aug-14 00:00,C,m,201.27214,-7.72291,-1.827,5.538,15.528067,-3.060030,5.85926056767867,61.0406,/T
2029-Aug-15 00:00,C,m,201.41359,-7.78224,-1.823,5.538,165.844121,-3.061220,5.87269199748182,60.2323,/T
2029-Aug-16 00:00,C,m,201.55674,-7.84213,-1.819,5.537,316.159015,-3.062492,5.88601011280546,59.4254,/T
2029-Aug-17 00:00,C,m,201.70155,-7.90256,-1.815,5.536,106.472785,-3.063845,5.89921313380685,58.6200,/T
2029-Aug-18 00:00,C,m,201.84801,-7.96353,-1.811,5.535,256.785476,-3.065278,5.91229843760155,57.8160,/T
2029-Aug-19 00:00,C,m,201.99607,-8.02502,-1.807,5.534,47.097124,-3.066788,5.92526343308564,57.0133,/T
2029-Aug-20 00:00,C,m,202.14571,-8.08701,-1.803,5.534,197.407774,-3.068374,5.93810659699711,56.2119,/T
2029-Aug-21 00:00,C,m,202.29689,-8.14949,-1.799,5.533,347.717456,-3.070034,5.95082585619645,55.4119,/T
2029-Aug-22 00:00,C,m,202.44960,-8.21245,-1.796,5.532,138.026196,-3.071766,5.96342023199549,54.6130,/T
2029-Aug-23 00:00,C,m,202.60381,-8.27588,-1.792,5.531,288.334033,-3.073569,5.97588619047520,53.8154,/T
2029-Aug-24 00:00,C,m,202.75952,-8.33976,-1.789,5.530,78.640995,-3.075442,5.98822245634396,53.0189,/T
2029-Aug-25 00:00,C,m,202.91669,-8.40409,-1.785,5.529,228.947125,-3.077382,6.00042644301212,52.2235,/T
2029-Aug-26 00:00,C,,203.07532,-8.46886,-1.782,5.529,19.252445,-3.079390,6.01249599798095,51.4291,/T
2029-Aug-27 00:00,C,,203.23539,-8.53405,-1.779,5.528,169.557004,-3.081464,6.02442927957913,50.6358,/T
2029-Aug-28 00:00,C,,203.39688,-8.59965,-1.775,5.527,319.860822,-3.083602,6.03622443165337,49.8434,/T
2029-Aug-29 00:00,C,,203.55978,-8.66567,-1.772,5.526,110.163927,-3.085804,6.04788043710702,49.0520,/T
2029-Aug-30 00:00,C,,203.72407,-8.73209,-1.769,5.525,260.466352,-3.088068,6.05939373270654,48.2615,/T
2029-Aug-31 00:00,N,,203.88976,-8.79891,-1.766,5.524,50.768124,-3.090393,6.07076299117882,47.4718,/T
2029-Sep-01 00:00,N,,204.05680,-8.86611,-1.763,5.523,201.069284,-3.092779,6.08198532824910,46.6830,/T
2029-Sep-02 00:00,N,,204.22518,-8.93368,-1.760,5.523,351.369854,-3.095226,6.09305873409947,45.8950,/T
2029-Sep-03 00:00,N,,204.39488,-9.00161,-1.757,5.522,141.669883,-3.097731,6.10398081186105,45.1078,/T
2029-Sep-04 00:00,N,,204.56587,-9.06989,-1.754,5.521,291.969393,-3.100295,6.11474976639407,44.3213,/T
2029-Sep-05 00:00,N,,204.73814,-9.13850,-1.751,5.520,82.268413,-3.102916,6.12536431484886,43.5355,/T
2029-Sep-06 00:00,N,,204.91165,-9.20744,-1.749,5.519,232.566976,-3.105595,6.13582083978782,42.7505,/T
2029-Sep-07 00:00,N,,205.08640,-9.27670,-1.746,5.518,22.865115,-3.108329,6.14611778323706,41.9662,/T
2029-Sep-08 00:00,N,,205.26236,-9.34625,-1.743,5.517,173.162873,-3.111119,6.15625198474982,41.1826,/T
2029-Sep-09 00:00,N,,205.43951,-9.41608,-1.741,5.517,323.460276,-3.113963,6.16622160669175,40.3996,/T
2029-Sep-10 00:00,N,,205.61784,-9.48619,-1.738,5.516,113.757378,-3.116862,6.17602392359610,39.6174,/T
2029-Sep-11 00:00,N,m,205.79733,-9.55657,-1.736,5.515,264.054207,-3.119812,6.18565761020078,38.8358,/T
2029-Sep-12 00:00,N,m,205.97795,-9.62721,-1.734,5.514,54.350796,-3.122813,6.19512168417444,38.0548,/T
2029-Sep-13 00:00,N,m,206.15971,-9.69810,-1.731,5.513,204.647177,-3.125864,6.20441341409489,37.2745,/T
2029-Sep-14 00:00,N,m,206.34256,-9.76923,-1.729,5.513,354.943385,-3.128962,6.21353194039487,36.4948,/T
2029-Sep-15 00:00,N,m,206.52648,-9.84058,-1.727,5.512,145.239457,-3.132106,6.22247498623399,35.7157,/T
2029-Sep-16 00:00,N,m,206.71144,-9.91215,-1.725,5.511,295.535415,-3.135295,6.23124188019321,34.9372,/T
2029-Sep-17 00:00,N,m,206.89741,-9.98392,-1.723,5.510,85.831306,-3.138527,6.23983048954567,34.1593,/T
2029-Sep-18 00:00,N,m,207.08436,-10.05588,-1.720,5.509,236.127148,-3.141801,6.24824052912922,33.3818,/T
2029-Sep-19 00:00,A,m,207.27228,-10.12801,-1.718,5.509,26.422970,-3.145114,6.25647150275913,32.6048,/T
2029-Sep-20 00:00,A,m,207.46115,-10.20031,-1.717,5.508,176.718790,-3.148466,6.26452149497147,31.8282,/T
2029-Sep-21 00:00,A,m,207.65095,-10.27276,-1.715,5.507,327.014638,-3.151855,6.27238977345981,31.0521,/T
2029-Sep-22 00:00,A,m,207.84168,-10.34537,-1.713,5.506,117.310542,-3.155280,6.28007425169332,30.2763,/T
2029-Sep-23 00:00,A,m,208.03332,-10.41811,-1.711,5.506,267.606520,-3.158741,6.28757441440326,29.5009,/T
2029-Sep-24 00:00,A,m,208.22586,-10.49099,-1.709,5.505,57.902614,-3.162236,6.29488779095965,28.7257,/T
2029-Sep-25 00:00,A,m,208.41928,-10.56400,-1.708,5.504,208.198840,-3.165764,6.30201413261334,27.9509,/T
2029-Sep-26 00:00,A,m,208.61357,-10.63712,-1.706,5.504,358.495228,-3.169325,6.30895256510962,27.1762,/T
2029-Sep-27 00:00,A,,208.80871,-10.71036,-1.705,5.503,148.791791,-3.172917,6.31570137503053,26.4018,/T
2029-Sep-28 00:00,A,,209.00470,-10.78369,-1.703,5.502,299.088561,-3.176539,6.32225941533859,25.6275,/T
2029-Sep-29 00:00,A,,209.20150,-10.85712,-1.702,5.502,89.385566,-3.180193,6.32862455992180,24.8534,/T
2029-Sep-30 00:00,A,,209.39911,-10.93064,-1.700,5.501,239.682825,-3.183876,6.33479622064478,24.0794,/T
2029-Oct-01 00:00,A,,209.59749,-11.00423,-1.699,5.500,29.980379,-3.187588,6.34077164978153,23.3055,/T
2029-Oct-02 00:00,A,,209.79663,-11.07788,-1.698,5.500,180.278249,-3.191329,6.34655062323356,22.5317,/T
2029-Oct-03 00:00,A,,209.99650,-11.15157,-1.696,5.499,330.576466,-3.195097,6.35213198372657,21.7580,/T
2029-Oct-04 00:00,A,,210.19708,-11.22531,-1.695,5.499,120.875043,-3.198893,6.35751436109697,20.9843,/T
2029-Oct-05 00:00,A,,210.39835,-11.29907,-1.694,5.498,271.174017,-3.202716,6.36269626562115,20.2106,/T
2029-Oct-06 00:00,A,,210.60031,-11.37285,-1.693,5.498,61.473414,-3.206564,6.36767570332407,19.4370,/T
2029-Oct-07 00:00,A,,210.80293,-11.44664,-1.692,5.497,211.773263,-3.210438,6.37245205755724,18.6634,/T
2029-Oct-08 00:00,,,211.00620,-11.52042,-1.691,5.497,2.073601,-3.214337,6.37702259627219,17.8899,/T
2029-Oct-09 00:00,,,211.21011,-11.59420,-1.690,5.496,152.374458,-3.218259,6.38138734588604,17.1164,/T
2029-Oct-10 00:00,,,211.41462,-11.66796,-1.689,5.496,302.675869,-3.222203,6.38554534967183,16.3430,/T
2029-Oct-11 00:00,,m,211.61974,-11.74170,-1.688,5.495,92.977846,-3.226169,6.38949622023108,15.5697,/T
2029-Oct-12 00:00,,m,211.82541,-11.81540,-1.687,5.495,243.280427,-3.230153,6.39323891047377,14.7965,/T
2029-Oct-13 00:00,,m,212.03162,-11.88906,-1.687,5.495,33.583635,-3.234157,6.39677250251760,14.0234,/T
2029-Oct-14 00:00,,m,212.23834,-11.96266,-1.686,5.494,183.887494,-3.238176,6.40009717175289,13.2504,/T
2029-Oct-15 00:00,,m,212.44554,-12.03620,-1.685,5.494,334.192036,-3.242213,6.40321109692282,12.4776,/T
2029-Oct-16 00:00,,m,212.65318,-12.10965,-1.685,5.494,124.497284,-3.246263,6.40611503543412,11.7049,/T
2029-Oct-17 00:00,,m,212.86126,-12.18301,-1.684,5.493,274.803266,-3.250327,6.40880853801987,10.9324,/T
2029-Oct-18 00:00,,m,213.06977,-12.25627,-1.683,5.493,65.109986,-3.254404,6.41129210617233,10.1602,/T
2029-Oct-19 00:00,,m,213.27868,-12.32942,-1.683,5.493,215.417477,-3.258491,6.41356477783126,9.3883,/T
2029-Oct-20 00:00,,m,213.48799,-12.40246,-1.683,5.492,5.725752,-3.262590,6.41562612075195,8.6170,/T
2029-Oct-21 00:00,,m,213.69768,-12.47538,-1.682,5.492,156.034835,-3.266698,6.41747625737462,7.8462,/T
2029-Oct-22 00:00,,m,213.90775,-12.54818,-1.682,5.492,306.344748,-3.270816,6.41911353174347,7.0764,/T
2029-Oct-23 00:00,,m,214.11816,-12.62084,-1.682,5.492,96.655515,-3.274943,6.42053850893555,6.3079,/T
2029-Oct-24 00:00,,m,214.32891,-12.69337,-1.681,5.492,246.967161,-3.279078,6.42175054030040,5.5414,/T
2029-Oct-25 00:00,,m,214.53998,-12.76574,-1.681,5.491,37.279690,-3.283220,6.42275030725123,4.7781,/T
2029-Oct-26 00:00,,m,214.75135,-12.83797,-1.681,5.491,187.593133,-3.287370,6.42353644322674,4.0198,/T
2029-Oct-27 00:00,,,214.96301,-12.91003,-1.681,5.491,337.907503,-3.291527,6.42410859047235,3.2704,/T
2029-Oct-28 00:00,,,215.17493,-12.98193,-1.681,5.491,128.222828,-3.295690,6.42446645718823,2.5382,/T
2029-Oct-29 00:00,,,215.38710,-13.05363,-1.681,5.491,278.539126,-3.299861,6.42460842203079,1.8443,/T
2029-Oct-30 00:00,,,215.59948,-13.12513,-1.681,5.491,68.856430,-3.304038,6.42453464393561,1.2550,/T
2029-Oct-31 00:00,,,215.81199,-13.19640,-1.681,5.491,219.174763,-3.308221,6.42424429118136,0.9825,/T
2029-Nov-01 00:00,,,216.02464,-13.26754,-1.682,5.491,9.494138,-3.312409,6.42373818641564,1.2550,/L
2029-Nov-02 00:00,,,216.23750,-13.33847,-1.682,5.491,159.814587,-3.316603,6.42301475242787,1.8458,/L
2029-Nov-03 00:00,,,216.45051,-13.40916,-1.682,5.491,310.136126,-3.320802,6.42207390696816,2.5425,/L
2029-Nov-04 00:00,,,216.66364,-13.47961,-1.683,5.491,100.458789,-3.325006,6.42091523740878,3.2785,/L
2029-Nov-05 00:00,,,216.87688,-13.54981,-1.683,5.491,250.782597,-3.329214,6.41953765932209,4.0329,/L
2029-Nov-06 00:00,,,217.09019,-13.61976,-1.684,5.491,41.107585,-3.333425,6.41794142067071,4.7972,/L
2029-Nov-07 00:00,,,217.30356,-13.68945,-1.684,5.491,191.433783,-3.337639,6.41612626851162,5.5677,/L
2029-Nov-08 00:00,,,217.51696,-13.75889,-1.685,5.491,341.761203,-3.341854,6.41409389225727,6.3422,/L
2029-Nov-09 00:00,,,217.73035,-13.82805,-1.685,5.491,132.089875,-3.346069,6.41184348814969,7.1197,/L
2029-Nov-10 00:00,,m,217.94371,-13.89694,-1.686,5.491,282.419812,-3.350283,6.40937611745985,7.8995,/L
2029-Nov-11 00:00,,m,218.15700,-13.96554,-1.687,5.491,72.751045,-3.354495,6.40669206895241,8.6811,/L
2029-Nov-12 00:00,,m,218.37020,-14.03383,-1.688,5.491,223.083584,-3.358705,6.40379147603884,9.4643,/L
2029-Nov-13 00:00,,m,218.58329,-14.10182,-1.689,5.491,13.417460,-3.362912,6.40067498818805,10.2488,/L
2029-Nov-14 00:00,,m,218.79623,-14.16949,-1.689,5.492,163.752694,-3.367115,6.39734301162128,11.0345,/L
2029-Nov-15 00:00,,m,219.00902,-14.23683,-1.690,5.492,314.089295,-3.371313,6.39379767858965,11.8213,/L
2029-Nov-16 00:00,,m,219.22165,-14.30384,-1.691,5.492,104.427284,-3.375506,6.39003843906801,12.6092,/L
2029-Nov-17 00:00,,m,219.43409,-14.37052,-1.692,5.492,254.766671,-3.379693,6.38606662630857,13.3981,/L
2029-Nov-18 00:00,,m,219.64633,-14.43685,-1.694,5.493,45.107483,-3.383874,6.38188235889184,14.1880,/L
2029-Nov-19 00:00,,m,219.85836,-14.50285,-1.695,5.493,195.449727,-3.388049,6.37748613867359,14.9788,/L
2029-Nov-20 00:00,,m,220.07014,-14.56850,-1.696,5.493,345.793435,-3.392218,6.37287824593669,15.7707,/L
2029-Nov-21 00:00,,m,220.28167,-14.63378,-1.697,5.493,136.138623,-3.396381,6.36805920783522,16.5635,/L
2029-Nov-22 00:00,,m,220.49290,-14.69871,-1.699,5.494,286.485306,-3.400538,6.36303108869275,17.3573,/L
2029-Nov-23 00:00,,m,220.70384,-14.76328,-1.700,5.494,76.833498,-3.404688,6.35779343119304,18.1520,/L
2029-Nov-24 00:00,,m,220.91444,-14.82747,-1.701,5.494,227.183213,-3.408831,6.35234761253648,18.9478,/L
2029-Nov-25 00:00,,,221.12468,-14.89128,-1.703,5.495,17.534477,-3.412967,6.34669352157636,19.7446,/L
2029-Nov-26 00:00,,,221.33455,-14.95470,-1.704,5.495,167.887297,-3.417098,6.34083192479683,20.5424,/L
2029-Nov-27 00:00,,,221.54401,-15.01772,-1.706,5.496,318.241708,-3.421222,6.33476264365459,21.3413,/L
2029-Nov-28 00:00,,,221.75304,-15.08034,-1.707,5.496,108.597728,-3.425341,6.32848625413055,22.1412,/L
2029-Nov-29 00:00,,,221.96160,-15.14255,-1.709,5.497,258.955376,-3.429453,6.32200457022874,22.9422,/L
2029-Nov-30 00:00,,,222.16969,-15.20433,-1.711,5.497,49.314669,-3.433559,6.31531727040616,23.7443,/L
2029-Dec-01 00:00,,,222.37728,-15.26569,-1.713,5.498,199.675627,-3.437659,6.30842572289494,24.5475,/L
2029-Dec-02 00:00,,,222.58435,-15.32661,-1.715,5.498,350.038280,-3.441752,6.30132978687089,25.3518,/L
2029-Dec-03 00:00,,,222.79090,-15.38711,-1.716,5.499,140.402640,-3.445839,6.29403074346199,26.1573,/L
2029-Dec-04 00:00,,,222.99687,-15.44716,-1.718,5.499,290.768746,-3.449919,6.28652846138273,26.9639,/L
2029-Dec-05 00:00,,,223.20226,-15.50677,-1.720,5.500,81.136618,-3.453992,6.27882424159420,27.7716,/L
2029-Dec-06 00:00,,,223.40700,-15.56593,-1.722,5.500,231.506282,-3.458056,6.27092042014196,28.5804,/L
2029-Dec-07 00:00,,,223.61108,-15.62463,-1.725,5.501,21.877752,-3.462112,6.26281787478108,29.3903,/L
2029-Dec-08 00:00,,,223.81444,-15.68287,-1.727,5.501,172.251048,-3.466157,6.25451892469830,30.2014,/L
2029-Dec-09 00:00,,m,224.01706,-15.74063,-1.729,5.502,322.626192,-3.470192,6.24602445262273,31.0135,/L
2029-Dec-10 00:00,,m,224.21891,-15.79791,-1.731,5.503,113.003190,-3.474216,6.23733699734182,31.8268,/L
2029-Dec-11 00:00,,m,224.41995,-15.85469,-1.734,5.503,263.382072,-3.478229,6.22845705409529,32.6411,/L
2029-Dec-12 00:00,,m,224.62018,-15.91098,-1.736,5.504,53.762852,-3.482231,6.21938678863223,33.4566,/L
2029-Dec-13 00:00,,m,224.81956,-15.96677,-1.738,5.505,204.145549,-3.486220,6.21012875646946,34.2733,/L
2029-Dec-14 00:00,,m,225.01808,-16.02206,-1.741,5.505,354.530168,-3.490197,6.20068447792747,35.0910,/L
2029-Dec-15 00:00,,m,225.21572,-16.07684,-1.744,5.506,144.916726,-3.494162,6.19105625724754,35.9100,/L
2029-Dec-16 00:00,,m,225.41245,-16.13111,-1.746,5.507,295.305238,-3.498115,6.18124502218220,36.7301,/L
2029-Dec-17 00:00,,m,225.60825,-16.18487,-1.749,5.507,85.695711,-3.502056,6.17125340910718,37.5514,/L
2029-Dec-18 00:00,,m,225.80311,-16.23812,-1.752,5.508,236.088171,-3.505985,6.16108162903605,38.3740,/L
2029-Dec-19 00:00,,m,225.99699,-16.29085,-1.754,5.509,26.482630,-3.509903,6.15073186137095,39.1978,/L
2029-Dec-20 00:00,,m,226.18985,-16.34306,-1.757,5.509,176.879114,-3.513810,6.14020624599801,40.0228,/L
2029-Dec-21 00:00,,m,226.38167,-16.39474,-1.760,5.510,327.277624,-3.517706,6.12950659210024,40.8492,/L
2029-Dec-22 00:00,,m,226.57242,-16.44589,-1.763,5.511,117.678181,-3.521591,6.11863493470551,41.6769,/L
2029-Dec-23 00:00,,m,226.76207,-16.49650,-1.766,5.512,268.080800,-3.525467,6.10759226103106,42.5060,/L
2029-Dec-24 00:00,,,226.95060,-16.54657,-1.770,5.512,58.485492,-3.529332,6.09638125250757,43.3364,/L
2029-Dec-25 00:00,,,227.13796,-16.59609,-1.773,5.513,208.892281,-3.533188,6.08500202393353,44.1683,/L
2029-Dec-26 00:00,,,227.32414,-16.64506,-1.776,5.514,359.301186,-3.537035,6.07345684690243,45.0016,/L
2029-Dec-27 00:00,,,227.50909,-16.69346,-1.779,5.515,149.712236,-3.540873,6.06174759387952,45.8364,/L
2029-Dec-28 00:00,,,227.69280,-16.74129,-1.783,5.515,300.125433,-3.544703,6.04987655069556,46.6727,/L
2029-Dec-29 00:00,,,227.87524,-16.78855,-1.786,5.516,90.540806,-3.548524,6.03784567258183,47.5105,/L
2029-Dec-30 00:00,,,228.05639,-16.83524,-1.790,5.517,240.958370,-3.552336,6.02565635450462,48.3499,/L
2029-Dec-31 00:00,,,228.23622,-16.88136,-1.793,5.517,31.378142,-3.556140,6.01331159916476,49.1909,/L
2030-Jan-01 00:00,,,228.41470,-16.92691,-1.797,5.518,181.800148,-3.559934,6.00081199052286,50.0334,/L
2030-Jan-02 00:00,,,228.59180,-16.97188,-1.801,5.519,332.224407,-3.563720,5.98816039941540,50.8775,/L
2030-Jan-03 00:00,,,228.76745,-17.01626,-1.804,5.520,122.650953,-3.567496,5.97535911530757,51.7231,/L
2030-Jan-04 00:00,,,228.94162,-17.06006,-1.808,5.520,273.079788,-3.571262,5.96241160935848,52.5704,/L
2030-Jan-05 00:00,,,229.11426,-17.10327,-1.812,5.521,63.510936,-3.575016,5.94932049219406,53.4193,/L
2030-Jan-06 00:00,,,229.28535,-17.14587,-1.816,5.522,213.944409,-3.578760,5.93608830974675,54.2697,/L
2030-Jan-07 00:00,,m,229.45485,-17.18786,-1.820,5.523,4.380220,-3.582491,5.92271886979217,55.1218,/L
2030-Jan-08 00:00,,m,229.62274,-17.22924,-1.824,5.523,154.818383,-3.586211,5.90921369337483,55.9754,/L
2030-Jan-09 00:00,,m,229.78898,-17.27001,-1.828,5.524,305.258915,-3.589920,5.89557629530023,56.8306,/L
2030-Jan-10 00:00,,m,229.95354,-17.31016,-1.833,5.525,95.701840,-3.593616,5.88180925440880,57.6874,/L
2030-Jan-11 00:00,,m,230.11640,-17.34969,-1.837,5.525,246.147155,-3.597301,5.86791674028550,58.5459,/L
2030-Jan-12 00:00,,m,230.27754,-17.38860,-1.841,5.526,36.594879,-3.600973,5.85390137328850,59.4060,/L
2030-Jan-13 00:00,,m,230.43693,-17.42689,-1.846,5.527,187.045015,-3.604634,5.83976607980756,60.2677,/L
2030-Jan-14 00:00,,m,230.59454,-17.46456,-1.850,5.527,337.497578,-3.608283,5.82551454813350,61.1311,/L
2030-Jan-15 00:00,,m,230.75036,-17.50162,-1.855,5.528,127.952573,-3.611921,5.81114849809654,61.9962,/L
2030-Jan-16 00:00,,m,230.90433,-17.53805,-1.860,5.529,278.410019,-3.615548,5.79667127497472,62.8631,/L
2030-Jan-17 00:00,,m,231.05643,-17.57386,-1.864,5.529,68.869936,-3.619165,5.78208517587024,63.7316,/L
2030-Jan-18 00:00,,m,231.20663,-17.60904,-1.869,5.530,219.332322,-3.622772,5.76739449391316,64.6019,/L
2030-Jan-19 00:00,,m,231.35488,-17.64358,-1.874,5.531,9.797198,-3.626369,5.75260150352945,65.4740,/L
2030-Jan-20 00:00,,m,231.50117,-17.67750,-1.879,5.531,160.264565,-3.629956,5.73770922378838,66.3480,/L
2030-Jan-21 00:00,,m,231.64544,-17.71077,-1.884,5.532,310.734442,-3.633534,5.72272095463814,67.2238,/L
2030-Jan-22 00:00,,,231.78769,-17.74340,-1.889,5.532,101.206836,-3.637104,5.70763854716285,68.1014,/L
2030-Jan-23 00:00,,,231.92788,-17.77539,-1.894,5.533,251.681767,-3.640666,5.69246505597308,68.9810,/L
2030-Jan-24 00:00,,,232.06596,-17.80672,-1.899,5.533,42.159262,-3.644221,5.67720260914741,69.8626,/L
2030-Jan-25 00:00,,,232.20193,-17.83739,-1.905,5.534,192.639325,-3.647767,5.66185571315215,70.7462,/L
2030-Jan-26 00:00,,,232.33574,-17.86742,-1.910,5.534,343.121981,-3.651306,5.64642668383899,71.6318,/L
2030-Jan-27 00:00,,,232.46737,-17.89679,-1.915,5.535,133.607235,-3.654836,5.63091912296506,72.5195,/L
2030-Jan-28 00:00,,,232.59679,-17.92550,-1.921,5.535,284.095110,-3.658357,5.61533657985670,73.4093,/L
2030-Jan-29 00:00,,,232.72397,-17.95357,-1.927,5.536,74.585610,-3.661869,5.59968189611462,74.3011,/L
2030-Jan-30 00:00,,,232.84885,-17.98098,-1.932,5.536,225.078761,-3.665372,5.58395867988353,75.1951,/L
2030-Jan-31 00:00,,,232.97138,-18.00773,-1.938,5.536,15.574583,-3.668865,5.56816987786285,76.0912,/L
2030-Feb-01 00:00,,,233.09153,-18.03381,-1.944,5.537,166.073082,-3.672346,5.55232097652988,76.9895,/L
2030-Feb-02 00:00,,,233.20926,-18.05923,-1.949,5.537,316.574272,-3.675816,5.53641513428668,77.8899,/L
2030-Feb-03 00:00,,,233.32453,-18.08397,-1.955,5.537,107.078153,-3.679273,5.52045703667948,78.7925,/L
2030-Feb-04 00:00,,,233.43731,-18.10803,-1.961,5.538,257.584741,-3.682716,5.50445075888544,79.6972,/L
2030-Feb-05 00:00,,m,233.54759,-18.13142,-1.967,5.538,48.094029,-3.686146,5.48840016626334,80.6041,/L
2030-Feb-06 00:00,,m,233.65533,-18.15413,-1.973,5.538,198.606034,-3.689562,5.47230911058323,81.5131,/L
2030-Feb-07 00:00,,m,233.76051,-18.17616,-1.980,5.538,349.120765,-3.692965,5.45618089684129,82.4242,/L
2030-Feb-08 00:00,,m,233.86310,-18.19751,-1.986,5.538,139.638225,-3.696352,5.44002116963355,83.3376,/L
2030-Feb-09 00:00,,m,233.96308,-18.21818,-1.992,5.539,290.158418,-3.699725,5.42383316655273,84.2531,/L
2030-Feb-10 00:00,,m,234.06043,-18.23818,-1.999,5.539,80.681342,-3.703083,5.40762173818775,85.1708,/L
2030-Feb-11 00:00,,m,234.15511,-18.25749,-2.005,5.539,231.207006,-3.706426,5.39139068301087,86.0907,/L
2030-Feb-12 00:00,,m,234.24712,-18.27614,-2.011,5.539,21.735399,-3.709753,5.37514418987993,87.0128,/L
2030-Feb-13 00:00,,m,234.33641,-18.29411,-2.018,5.539,172.266533,-3.713065,5.35888578557181,87.9371,/L
2030-Feb-14 00:00,A,m,234.42296,-18.31140,-2.025,5.539,322.800415,-3.716362,5.34261879042470,88.8637,/L
2030-Feb-15 00:00,A,m,234.50673,-18.32801,-2.031,5.539,113.337046,-3.719644,5.32634864034345,89.7925,/L
2030-Feb-16 00:00,A,m,234.58769,-18.34394,-2.038,5.539,263.876428,-3.722910,5.31007854606231,90.7237,/L
2030-Feb-17 00:00,A,m,234.66583,-18.35919,-2.045,5.539,54.418554,-3.726160,5.29381332279652,91.6571,/L
2030-Feb-18 00:00,A,m,234.74110,-18.37374,-2.051,5.539,204.963434,-3.729394,5.27755639610255,92.5929,/L
2030-Feb-19 00:00,A,m,234.81351,-18.38761,-2.058,5.538,355.511053,-3.732611,5.26131211678688,93.5311,/L
2030-Feb-20 00:00,A,,234.88302,-18.40078,-2.065,5.538,146.061426,-3.735811,5.24508355514222,94.4717,/L
2030-Feb-21 00:00,A,,234.94963,-18.41326,-2.072,5.538,296.614558,-3.738995,5.22887399071726,95.4147,/L
2030-Feb-22 00:00,A,,235.01329,-18.42505,-2.079,5.538,87.170456,-3.742161,5.21268855591239,96.3603,/L
2030-Feb-23 00:00,A,,235.07401,-18.43614,-2.086,5.538,237.729121,-3.745309,5.19653064313858,97.3083,/L
2030-Feb-24 00:00,A,,235.13174,-18.44655,-2.093,5.537,28.290552,-3.748436,5.18040529583055,98.2589,/L
2030-Feb-25 00:00,A,,235.18647,-18.45627,-2.100,5.537,178.854758,-3.751542,5.16431616568093,99.2121,/L
2030-Feb-26 00:00,A,,235.23817,-18.46530,-2.108,5.537,329.421722,-3.754626,5.14826847539094,100.1679,/L
2030-Feb-27 00:00,A,,235.28681,-18.47364,-2.115,5.536,119.991458,-3.757685,5.13226577742888,101.1262,/L
2030-Feb-28 00:00,A,,235.33235,-18.48129,-2.122,5.536,270.563962,-3.760720,5.11631232733103,102.0872,/L
2030-Mar-01 00:00,A,,235.37476,-18.48824,-2.129,5.535,61.139238,-3.763728,5.10041384761469,103.0508,/L
2030-Mar-02 00:00,A,,235.41402,-18.49449,-2.137,5.535,211.717273,-3.766707,5.08457480056489,104.0170,/L
2030-Mar-03 00:00,A,,235.45011,-18.50004,-2.144,5.534,2.298056,-3.769655,5.06880098837587,104.9859,/L
2030-Mar-04 00:00,A,,235.48302,-18.50489,-2.151,5.534,152.881583,-3.772572,5.05309665311050,105.9573,/L
2030-Mar-05 00:00,A,,235.51275,-18.50903,-2.159,5.533,303.467821,-3.775456,5.03746780105098,106.9313,/L
2030-Mar-06 00:00,A,m,235.53930,-18.51247,-2.166,5.533,94.056769,-3.778305,5.02191816168356,107.9080,/L
2030-Mar-07 00:00,A,m,235.56265,-18.51522,-2.174,5.532,244.648406,-3.781119,5.00645234252106,108.8871,/L
2030-Mar-08 00:00,A,m,235.58280,-18.51726,-2.181,5.531,35.242728,-3.783897,4.99107575500643,109.8689,/L
2030-Mar-09 00:00,A,m,235.59975,-18.51862,-2.188,5.530,185.839705,-3.786636,4.97579298709058,110.8532,/L
2030-Mar-10 00:00,A,m,235.61348,-18.51928,-2.196,5.530,336.439318,-3.789336,4.96060949795465,111.8400,/L
2030-Mar-11 00:00,A,m,235.62401,-18.51925,-2.203,5.529,127.041551,-3.791996,4.94552918151920,112.8294,/L
2030-Mar-12 00:00,A,m,235.63132,-18.51854,-2.211,5.528,277.646365,-3.794614,4.93055784919118,113.8212,/L
2030-Mar-13 00:00,A,m,235.63542,-18.51715,-2.218,5.527,68.253747,-3.797189,4.91569871345593,114.8156,/L
2030-Mar-14 00:00,A,m,235.63631,-18.51507,-2.226,5.527,218.863669,-3.799722,4.90095614687895,115.8125,/L
2030-Mar-15 00:00,N,m,235.63396,-18.51230,-2.233,5.526,9.476124,-3.802210,4.88633481610931,116.8120,/L
2030-Mar-16 00:00,N,m,235.62839,-18.50886,-2.241,5.525,160.091074,-3.804652,4.87183920627883,117.8139,/L
2030-Mar-17 00:00,N,m,235.61959,-18.50472,-2.248,5.524,310.708496,-3.807047,4.85747424395836,118.8183,/L
2030-Mar-18 00:00,N,m,235.60758,-18.49990,-2.256,5.523,101.328365,-3.809394,4.84324349020837,119.8253,/L
2030-Mar-19 00:00,N,m,235.59235,-18.49440,-2.263,5.522,251.950642,-3.811691,4.82915248629002,120.8347,/L
2030-Mar-20 00:00,N,m,235.57394,-18.48821,-2.270,5.521,42.575306,-3.813937,4.81520405108460,121.8467,/L
2030-Mar-21 00:00,N,,235.55235,-18.48135,-2.278,5.520,193.202325,-3.816130,4.80140240977748,122.8612,/L
2030-Mar-22 00:00,N,,235.52759,-18.47380,-2.285,5.519,343.831691,-3.818269,4.78775167147381,123.8783,/L
2030-Mar-23 00:00,N,,235.49968,-18.46559,-2.292,5.518,134.463361,-3.820351,4.77425652968917,124.8979,/L
2030-Mar-24 00:00,N,,235.46862,-18.45671,-2.300,5.517,285.097310,-3.822373,4.76092177958307,125.9202,/L
2030-Mar-25 00:00,N,,235.43441,-18.44717,-2.307,5.516,75.733504,-3.824335,4.74775129575699,126.9449,/L
2030-Mar-26 00:00,N,,235.39706,-18.43697,-2.314,5.515,226.371901,-3.826231,4.73475097445000,127.9723,/L
2030-Mar-27 00:00,N,,235.35659,-18.42612,-2.321,5.514,17.012464,-3.828061,4.72192409325643,129.0022,/L
2030-Mar-28 00:00,N,,235.31301,-18.41461,-2.328,5.513,167.655150,-3.829822,4.70927546043969,130.0346,/L
2030-Mar-29 00:00,N,,235.26632,-18.40244,-2.335,5.512,318.299937,-3.831512,4.69680930231448,131.0695,/L
2030-Mar-30 00:00,N,,235.21655,-18.38963,-2.342,5.511,108.946763,-3.833129,4.68453096767936,132.1069,/L
2030-Mar-31 00:00,N,,235.16372,-18.37616,-2.349,5.509,259.595589,-3.834669,4.67244529250304,133.1468,/L
2030-Apr-01 00:00,N,,235.10789,-18.36205,-2.356,5.508,50.246359,-3.836131,4.66055642455267,134.1890,/L
2030-Apr-02 00:00,N,,235.04907,-18.34730,-2.363,5.507,200.899016,-3.837511,4.64887017029691,135.2336,/L
2030-Apr-03 00:00,N,,234.98732,-18.33192,-2.369,5.506,351.553501,-3.838810,4.63738974675081,136.2804,/L
2030-Apr-04 00:00,N,m,234.92268,-18.31592,-2.376,5.505,142.209753,-3.840024,4.62611974364614,137.3295,/L
2030-Apr-05 00:00,N,m,234.85518,-18.29931,-2.382,5.504,292.867733,-3.841153,4.61506369002297,138.3808,/L
2030-Apr-06 00:00,N,m,234.78488,-18.28209,-2.389,5.503,83.527365,-3.842194,4.60422668008186,139.4343,/L
2030-Apr-07 00:00,N,m,234.71180,-18.26428,-2.395,5.502,234.188593,-3.843147,4.59361272381096,140.4898,/L
2030-Apr-08 00:00,N,m,234.63600,-18.24589,-2.401,5.501,24.851346,-3.844008,4.58322547415767,141.5473,/L
2030-Apr-09 00:00,N,m,234.55753,-18.22692,-2.407,5.499,175.515557,-3.844776,4.57306984156492,142.6069,/L
2030-Apr-10 00:00,N,m,234.47644,-18.20738,-2.413,5.498,326.181150,-3.845452,4.56314839262608,143.6683,/L
2030-Apr-11 00:00,N,m,234.39279,-18.18729,-2.419,5.497,116.848055,-3.846032,4.55346486564734,144.7315,/L
2030-Apr-12 00:00,N,m,234.30661,-18.16664,-2.425,5.496,267.516223,-3.846517,4.54402163298069,145.7966,/L
2030-Apr-13 00:00,C,m,234.21796,-18.14545,-2.431,5.495,58.185567,-3.846905,4.53482304884329,146.8633,/L
2030-Apr-14 00:00,C,m,234.12689,-18.12373,-2.436,5.494,208.856029,-3.847194,4.52587193814779,147.9318,/L
2030-Apr-15 00:00,C,m,234.03348,-18.10148,-2.441,5.493,359.527528,-3.847384,4.51717118991144,149.0019,/L
2030-Apr-16 00:00,C,m,233.93777,-18.07871,-2.447,5.492,150.199995,-3.847473,4.50872455695763,150.0736,/L
2030-Apr-17 00:00,C,m,233.83985,-18.05544,-2.452,5.491,300.873350,-3.847460,4.50053392476474,151.1467,/L
2030-Apr-18 00:00,C,m,233.73979,-18.03168,-2.457,5.490,91.547521,-3.847343,4.49260218426735,152.2214,/L
2030-Apr-19 00:00,C,,233.63764,-18.00745,-2.461,5.489,242.222455,-3.847122,4.48493085124417,153.2975,/L
2030-Apr-20 00:00,C,,233.53348,-17.98275,-2.466,5.488,32.898069,-3.846795,4.47752393344578,154.3750,/L
2030-Apr-21 00:00,C,,233.42734,-17.95761,-2.471,5.487,183.574298,-3.846359,4.47038376922154,155.4539,/L
2030-Apr-22 00:00,C,,233.31930,-17.93204,-2.475,5.487,334.251057,-3.845813,4.46351335925508,156.5341,/L
2030-Apr-23 00:00,C,,233.20940,-17.90604,-2.479,5.486,124.928274,-3.845154,4.45691625031114,157.6155,/L
2030-Apr-24 00:00,C,,233.09771,-17.87964,-2.483,5.485,275.605853,-3.844381,4.45059471211153,158.6981,/L
2030-Apr-25 00:00,C,,232.98432,-17.85285,-2.487,5.484,66.283711,-3.843493,4.44455165118933,159.7817,/L
2030-Apr-26 00:00,C,,232.86928,-17.82566,-2.491,5.483,216.961775,-3.842490,4.43878846729140,160.8663,/L
2030-Apr-27 00:00,C,,232.75268,-17.79811,-2.494,5.483,7.639949,-3.841368,4.43330907922274,161.9518,/L
2030-Apr-28 00:00,C,,232.63459,-17.77021,-2.497,5.482,158.318153,-3.840129,4.42811529547650,163.0380,/L
2030-Apr-29 00:00,C,,232.51512,-17.74198,-2.501,5.481,308.996281,-3.838770,4.42320973630045,164.1248,/L
2030-Apr-30 00:00,C,,232.39434,-17.71342,-2.504,5.481,99.674252,-3.837292,4.41859489331948,165.2120,/L
2030-May-01 00:00,C,,232.27236,-17.68458,-2.506,5.480,250.351953,-3.835694,4.41427240043009,166.2995,/L
2030-May-02 00:00,C,,232.14928,-17.65547,-2.509,5.480,41.029295,-3.833977,4.41024398022657,167.3869,/L
2030-May-03 00:00,C,m,232.02516,-17.62610,-2.511,5.479,191.706191,-3.832142,4.40650984676368,168.4740,/L
2030-May-04 00:00,C,m,231.90011,-17.59650,-2.514,5.479,342.382546,-3.830189,4.40307273519982,169.5605,/L
2030-May-05 00:00,C,m,231.77420,-17.56670,-2.516,5.478,133.058271,-3.828117,4.39993313522674,170.6459,/L
2030-May-06 00:00,C,m,231.64754,-17.53670,-2.517,5.478,283.733259,-3.825929,4.39709263469641,171.7294,/L
2030-May-07 00:00,C,m,231.52019,-17.50653,-2.519,5.478,74.407429,-3.823625,4.39455222782849,172.8100,/L
2030-May-08 00:00,C,m,231.39228,-17.47622,-2.520,5.477,225.080666,-3.821205,4.39231265720782,173.8861,/L
2030-May-09 00:00,C,m,231.26387,-17.44578,-2.522,5.477,15.752882,-3.818671,4.39037427083468,174.9545,/L
2030-May-10 00:00,*,m,231.13507,-17.41523,-2.523,5.477,166.423990,-3.816025,4.38873607730995,176.0090,/L
2030-May-11 00:00,*,m,231.00595,-17.38459,-2.524,5.477,317.093902,-3.813269,4.38739950047591,177.0348,/L
2030-May-12 00:00,*,m,230.87661,-17.35387,-2.524,5.477,107.762530,-3.810403,4.38636372813596,177.9877,/L
2030-May-13 00:00,*,m,230.74715,-17.32311,-2.525,5.477,258.429777,-3.807428,4.38562924734575,178.6974,/L
2030-May-14 00:00,*,m,230.61765,-17.29232,-2.525,5.476,49.095569,-3.804347,4.38519554541976,178.6840,/T
2030-May-15 00:00,*,m,230.48823,-17.26153,-2.525,5.476,199.759798,-3.801160,4.38506250077523,177.9623,/T
2030-May-16 00:00,*,m,230.35897,-17.23076,-2.525,5.476,350.422393,-3.797869,4.38522918197867,177.0078,/T
2030-May-17 00:00,*,m,230.22997,-17.20004,-2.525,5.476,141.083273,-3.794476,4.38569371336821,175.9837,/T
2030-May-18 00:00,*,,230.10130,-17.16939,-2.524,5.476,291.742365,-3.790982,4.38645658623338,174.9324,/T
2030-May-19 00:00,*,,229.97303,-17.13883,-2.524,5.476,82.399595,-3.787388,4.38751641960274,173.8684,/T
2030-May-20 00:00,*,,229.84524,-17.10839,-2.523,5.476,233.054875,-3.783695,4.38887343821742,172.7976,/T
2030-May-21 00:00,*,,229.71799,-17.07807,-2.522,5.477,23.708139,-3.779903,4.39052668493647,171.7231,/T
2030-May-22 00:00,*,,229.59137,-17.04792,-2.521,5.477,174.359285,-3.776015,4.39247625104573,170.6465,/T
2030-May-23 00:00,*,,229.46547,-17.01793,-2.519,5.477,325.008243,-3.772031,4.39472093964733,169.5689,/T
2030-May-24 00:00,*,,229.34037,-16.98814,-2.518,5.477,115.654929,-3.767955,4.39725885551103,168.4908,/T
2030-May-25 00:00,*,,229.21616,-16.95856,-2.516,5.478,266.299275,-3.763789,4.40008997143209,167.4127,/T
2030-May-26 00:00,*,,229.09292,-16.92922,-2.514,5.478,56.941199,-3.759534,4.40321247576741,166.3351,/T
2030-May-27 00:00,*,,228.97074,-16.90014,-2.512,5.478,207.580617,-3.755193,4.40662594248855,165.2581,/T
2030-May-28 00:00,*,,228.84971,-16.87135,-2.510,5.479,358.217465,-3.750769,4.41032831810623,164.1819,/T
2030-May-29 00:00,*,,228.72994,-16.84288,-2.507,5.479,148.851645,-3.746264,4.41431893345808,163.1068,/T
2030-May-30 00:00,*,,228.61149,-16.81474,-2.504,5.480,299.483091,-3.741681,4.41859527253441,162.0329,/T
2030-May-31 00:00,*,,228.49445,-16.78697,-2.501,5.480,90.111728,-3.737026,4.42315440622029,160.9604,/T
2030-Jun-01 00:00,*,m,228.37890,-16.75958,-2.498,5.481,240.737501,-3.732299,4.42799478408010,159.8894,/T
2030-Jun-02 00:00,*,m,228.26491,-16.73260,-2.495,5.481,31.360338,-3.727507,4.43311345518424,158.8200,/T
2030-Jun-03 00:00,*,m,228.15255,-16.70604,-2.492,5.482,181.980174,-3.722650,4.43850873351393,157.7523,/T
2030-Jun-04 00:00,*,m,228.04189,-16.67993,-2.488,5.483,332.596957,-3.717733,4.44417718131937,156.6865,/T
2030-Jun-05 00:00,*,m,227.93300,-16.65429,-2.484,5.483,123.210611,-3.712759,4.45011717167460,155.6226,/T
2030-Jun-06 00:00,*,m,227.82596,-16.62914,-2.481,5.484,273.821087,-3.707732,4.45632490302342,154.5607,/T
2030-Jun-07 00:00,*,m,227.72083,-16.60449,-2.477,5.485,64.428327,-3.702657,4.46279658375667,153.5009,/T
2030-Jun-08 00:00,*,m,227.61766,-16.58036,-2.472,5.486,215.032299,-3.697536,4.46952934652606,152.4433,/T
2030-Jun-09 00:00,*,m,227.51652,-16.55676,-2.468,5.486,5.632951,-3.692372,4.47651949273411,151.3880,/T
2030-Jun-10 00:00,*,m,227.41747,-16.53372,-2.463,5.487,156.230241,-3.687170,4.48376443586651,150.3349,/T
2030-Jun-11 00:00,*,m,227.32058,-16.51125,-2.459,5.488,306.824138,-3.681932,4.49125989934526,149.2843,/T
2030-Jun-12 00:00,*,m,227.22590,-16.48937,-2.454,5.489,97.414590,-3.676660,4.49900378588719,148.2361,/T
2030-Jun-13 00:00,*,m,227.13350,-16.46810,-2.449,5.490,248.001568,-3.671359,4.50699166349693,147.1903,/T
2030-Jun-14 00:00,*,m,227.04344,-16.44746,-2.444,5.491,38.585033,-3.666030,4.51521958856120,146.1471,/T
2030-Jun-15 00:00,*,m,226.95573,-16.42746,-2.439,5.492,189.164978,-3.660677,4.52368413234495,145.1063,/T
2030-Jun-16 00:00,*,,226.87041,-16.40812,-2.434,5.493,339.741365,-3.655301,4.53238175744817,144.0681,/T
2030-Jun-17 00:00,*,,226.78752,-16.38946,-2.428,5.494,130.314173,-3.649905,4.54130984998558,143.0325,/T
2030-Jun-18 00:00,*,,226.70709,-16.37147,-2.423,5.495,280.883380,-3.644492,4.55046429518974,141.9994,/T
2030-Jun-19 00:00,*,,226.62915,-16.35416,-2.417,5.495,71.448949,-3.639062,4.55984331691870,140.9689,/T
2030-Jun-20 00:00,*,,226.55374,-16.33756,-2.412,5.496,222.010858,-3.633619,4.56944260822698,139.9410,/T
2030-Jun-21 00:00,*,,226.48093,-16.32168,-2.406,5.497,12.569074,-3.628165,4.57925853402460,138.9157,/T
2030-Jun-22 00:00,*,,226.41074,-16.30651,-2.400,5.498,163.123596,-3.622705,4.58928724963026,137.8931,/T
2030-Jun-23 00:00,*,,226.34322,-16.29209,-2.394,5.499,313.674394,-3.617240,4.59952523042156,136.8732,/T
2030-Jun-24 00:00,*,,226.27841,-16.27841,-2.388,5.500,104.221454,-3.611773,4.60996931206505,135.8560,/T
2030-Jun-25 00:00,*,,226.21634,-16.26549,-2.382,5.501,254.764764,-3.606309,4.62061491215658,134.8415,/T
2030-Jun-26 00:00,*,,226.15705,-16.25335,-2.375,5.502,45.304300,-3.600847,4.63145968500767,133.8298,/T
2030-Jun-27 00:00,*,,226.10057,-16.24200,-2.369,5.503,195.840050,-3.595394,4.64249869614816,132.8210,/T
2030-Jun-28 00:00,*,,226.04695,-16.23144,-2.363,5.504,346.371993,-3.589950,4.65372787923685,131.8149,/T
2030-Jun-29 00:00,*,,225.99619,-16.22169,-2.356,5.505,136.900144,-3.584521,4.66514241148380,130.8118,/T
2030-Jun-30 00:00,*,,225.94832,-16.21275,-2.350,5.506,287.424487,-3.579108,4.67673839096786,129.8115,/T
2030-Jul-01 00:00,*,m,225.90336,-16.20463,-2.343,5.507,77.945025,-3.573714,4.68851182868251,128.8142,/T
2030-Jul-02 00:00,*,m,225.86133,-16.19732,-2.337,5.508,228.461757,-3.568343,4.70045763071942,127.8199,/T
2030-Jul-03 00:00,*,m,225.82224,-16.19085,-2.330,5.509,18.974682,-3.562996,4.71257277818325,126.8285,/T
2030-Jul-04 00:00,*,m,225.78611,-16.18520,-2.323,5.510,169.483802,-3.557676,4.72485181045400,125.8402,/T
2030-Jul-05 00:00,*,m,225.75297,-16.18039,-2.316,5.511,319.989114,-3.552387,4.73729027378165,124.8549,/T
2030-Jul-06 00:00,*,m,225.72282,-16.17641,-2.310,5.512,110.490651,-3.547130,4.74988251955548,123.8726,/T
2030-Jul-07 00:00,*,m,225.69568,-16.17327,-2.303,5.512,260.988414,-3.541908,4.76262444733485,122.8935,/T
2030-Jul-08 00:00,*,m,225.67155,-16.17097,-2.296,5.513,51.482430,-3.536723,4.77551150282782,121.9173,/T
2030-Jul-09 00:00,*,m,225.65046,-16.16950,-2.289,5.514,201.972713,-3.531577,4.78853854224607,120.9443,/T
2030-Jul-10 00:00,*,m,225.63240,-16.16889,-2.282,5.515,352.459284,-3.526470,4.80170234069702,119.9743,/T
2030-Jul-11 00:00,*,m,225.61738,-16.16912,-2.275,5.516,142.942160,-3.521404,4.81499768080488,119.0074,/T
2030-Jul-12 00:00,*,m,225.60541,-16.17021,-2.268,5.516,293.421356,-3.516380,4.82842052541468,118.0436,/T
2030-Jul-13 00:00,*,m,225.59646,-16.17215,-2.261,5.517,83.896915,-3.511400,4.84196542210683,117.0827,/T
2030-Jul-14 00:00,*,m,225.59054,-16.17494,-2.254,5.518,234.368851,-3.506464,4.85562909340739,116.1249,/T
2030-Jul-15 00:00,*,,225.58762,-16.17856,-2.247,5.519,24.837198,-3.501573,4.86940747323486,115.1700,/T
2030-Jul-16 00:00,*,,225.58769,-16.18303,-2.240,5.519,175.301974,-3.496727,4.88329639318566,114.2180,/T
2030-Jul-17 00:00,*,,225.59074,-16.18833,-2.233,5.520,325.763206,-3.491927,4.89729315298332,113.2689,/T
2030-Jul-18 00:00,*,,225.59679,-16.19445,-2.226,5.521,116.220907,-3.487174,4.91139337762163,112.3227,/T
2030-Jul-19 00:00,*,,225.60583,-16.20141,-2.219,5.521,266.675092,-3.482468,4.92559358472095,111.3793,/T
2030-Jul-20 00:00,*,,225.61787,-16.20919,-2.212,5.522,57.125800,-3.477812,4.93988839846041,110.4387,/T
2030-Jul-21 00:00,*,,225.63292,-16.21781,-2.205,5.522,207.573046,-3.473206,4.95427476440875,109.5010,/T
2030-Jul-22 00:00,*,,225.65096,-16.22724,-2.199,5.523,358.016867,-3.468651,4.96874826384409,108.5659,/T
2030-Jul-23 00:00,*,,225.67200,-16.23750,-2.192,5.523,148.457280,-3.464149,4.98330468901825,107.6337,/T
2030-Jul-24 00:00,*,,225.69602,-16.24857,-2.185,5.524,298.894320,-3.459700,4.99794070440877,106.7042,/T
2030-Jul-25 00:00,*,,225.72304,-16.26047,-2.178,5.524,89.328005,-3.455306,5.01265181002081,105.7774,/T
2030-Jul-26 00:00,*,,225.75303,-16.27318,-2.171,5.525,239.758360,-3.450968,5.02743417717603,104.8533,/T
2030-Jul-27 00:00,*,,225.78600,-16.28670,-2.164,5.525,30.185427,-3.446686,5.04228198870351,103.9320,/T
2030-Jul-28 00:00,*,,225.82192,-16.30102,-2.157,5.525,180.609234,-3.442463,5.05719201341616,103.0133,/T
2030-Jul-29 00:00,*,,225.86077,-16.31613,-2.150,5.526,331.029824,-3.438299,5.07215941293348,102.0974,/T
2030-Jul-30 00:00,*,,225.90255,-16.33203,-2.144,5.526,121.447224,-3.434194,5.08718003719316,101.1841,/T
2030-Jul-31 00:00,*,m,225.94722,-16.34871,-2.137,5.526,271.861479,-3.430149,5.10225007750613,100.2736,/T
2030-Aug-01 00:00,*,m,225.99479,-16.36616,-2.130,5.526,62.272614,-3.426165,5.11736520910161,99.3656,/T
2030-Aug-02 00:00,*,m,226.04525,-16.38437,-2.124,5.527,212.680662,-3.422242,5.13252146448156,98.4604,/T
2030-Aug-03 00:00,*,m,226.09858,-16.40333,-2.117,5.527,3.085674,-3.418381,5.14771292514196,97.5578,/T
2030-Aug-04 00:00,*,m,226.15476,-16.42303,-2.110,5.527,153.487687,-3.414581,5.16293634960058,96.6578,/T
2030-Aug-05 00:00,*,m,226.21379,-16.44347,-2.104,5.527,303.886752,-3.410844,5.17818678598350,95.7605,/T
2030-Aug-06 00:00,*,m,226.27564,-16.46465,-2.097,5.527,94.282904,-3.407168,5.19346044082032,94.8657,/T
2030-Aug-07 00:00,*,m,226.34029,-16.48654,-2.091,5.527,244.676201,-3.403553,5.20875340458611,93.9736,/T
2030-Aug-08 00:00,*,m,226.40774,-16.50916,-2.085,5.527,35.066670,-3.399999,5.22406205158197,93.0840,/T
2030-Aug-09 00:00,*,m,226.47794,-16.53248,-2.078,5.527,185.454356,-3.396505,5.23938283798150,92.1969,/T
2030-Aug-10 00:00,*,m,226.55088,-16.55651,-2.072,5.527,335.839306,-3.393070,5.25471055016466,91.3122,/T
2030-Aug-11 00:00,*,m,226.62651,-16.58122,-2.066,5.527,126.221564,-3.389693,5.27004263417074,90.4300,/T
2030-Aug-12 00:00,C,m,226.70481,-16.60660,-2.060,5.527,276.601182,-3.386375,5.28537487766465,89.5502,/T
2030-Aug-13 00:00,C,m,226.78575,-16.63264,-2.053,5.527,66.978189,-3.383113,5.30070454588303,88.6727,/T
2030-Aug-14 00:00,C,m,226.86929,-16.65932,-2.047,5.526,217.352641,-3.379908,5.31602822588949,87.7975,/T
2030-Aug-15 00:00,C,,226.95544,-16.68665,-2.041,5.526,7.724559,-3.376758,5.33134337297560,86.9245,/T
2030-Aug-16 00:00,C,,227.04418,-16.71460,-2.035,5.526,158.093981,-3.373663,5.34664693264186,86.0536,/T
2030-Aug-17 00:00,C,,227.13551,-16.74317,-2.029,5.526,308.460946,-3.370623,5.36193428268394,85.1850,/T
2030-Aug-18 00:00,C,,227.22940,-16.77236,-2.024,5.525,98.825493,-3.367638,5.37720297038627,84.3184,/T
2030-Aug-19 00:00,C,,227.32583,-16.80215,-2.018,5.525,249.187665,-3.364707,5.39244883276240,83.4539,/T
2030-Aug-20 00:00,C,,227.42480,-16.83254,-2.012,5.525,39.547492,-3.361831,5.40766920576400,82.5914,/T
2030-Aug-21 00:00,C,,227.52627,-16.86351,-2.006,5.524,189.905028,-3.359008,5.42286018016862,81.7309,/T
2030-Aug-22 00:00,C,,227.63023,-16.89507,-2.001,5.524,340.260292,-3.356238,5.43801927059737,80.8723,/T
2030-Aug-23 00:00,C,,227.73666,-16.92719,-1.995,5.524,130.613326,-3.353522,5.45314299734545,80.0157,/T
2030-Aug-24 00:00,C,,227.84555,-16.95988,-1.990,5.523,280.964165,-3.350859,5.46822668791002,79.1611,/T
2030-Aug-25 00:00,C,,227.95687,-16.99311,-1.984,5.523,71.312857,-3.348249,5.48326739705891,78.3083,/T
2030-Aug-26 00:00,C,,228.07058,-17.02687,-1.979,5.522,221.659446,-3.345691,5.49826077163272,77.4574,/T
2030-Aug-27 00:00,C,,228.18667,-17.06116,-1.974,5.522,12.003967,-3.343186,5.51320402587711,76.6084,/T
2030-Aug-28 00:00,C,,228.30510,-17.09595,-1.968,5.521,162.346476,-3.340734,5.52809282449910,75.7612,/T
2030-Aug-29 00:00,C,,228.42587,-17.13124,-1.963,5.521,312.687002,-3.338332,5.54292483046124,74.9158,/T
2030-Aug-30 00:00,C,,228.54894,-17.16701,-1.958,5.520,103.025590,-3.335980,5.55769635712620,74.0722,/T
2030-Aug-31 00:00,N,m,228.67431,-17.20326,-1.953,5.519,253.362279,-3.333679,5.57240304351594,73.2304,/T
2030-Sep-01 00:00,N,m,228.80196,-17.23996,-1.948,5.519,43.697123,-3.331426,5.58704176739313,72.3904,/T
2030-Sep-02 00:00,N,m,228.93186,-17.27712,-1.943,5.518,194.030168,-3.329222,5.60160852199643,71.5522,/T
2030-Sep-03 00:00,N,m,229.06398,-17.31472,-1.938,5.517,344.361457,-3.327065,5.61610088918343,70.7157,/T
2030-Sep-04 00:00,N,m,229.19830,-17.35275,-1.933,5.517,134.691047,-3.324954,5.63051483008633,69.8809,/T
2030-Sep-05 00:00,N,m,229.33480,-17.39120,-1.929,5.516,285.018969,-3.322887,5.64484881761740,69.0478,/T
2030-Sep-06 00:00,N,m,229.47342,-17.43007,-1.924,5.515,75.345269,-3.320862,5.65909974522102,68.2163,/T
2030-Sep-07 00:00,N,m,229.61416,-17.46933,-1.920,5.514,225.669979,-3.318878,5.67326437118800,67.3865,/T
2030-Sep-08 00:00,N,m,229.75696,-17.50898,-1.915,5.514,15.993155,-3.316935,5.68734005611381,66.5582,/T
2030-Sep-09 00:00,N,m,229.90181,-17.54899,-1.911,5.513,166.314832,-3.315030,5.70132377809260,65.7315,/T
2030-Sep-10 00:00,N,m,230.04867,-17.58936,-1.906,5.512,316.635049,-3.313163,5.71521380740388,64.9063,/T
2030-Sep-11 00:00,N,m,230.19752,-17.63007,-1.902,5.511,106.953853,-3.311333,5.72900665465794,64.0825,/T
2030-Sep-12 00:00,N,m,230.34835,-17.67111,-1.898,5.511,257.271271,-3.309538,5.74270144142313,63.2601,/T
2030-Sep-13 00:00,N,m,230.50113,-17.71246,-1.893,5.510,47.587342,-3.307777,5.75629535757267,62.4390,/T
2030-Sep-14 00:00,N,m,230.65587,-17.75414,-1.889,5.509,197.902088,-3.306049,5.76978576829239,61.6192,/T
2030-Sep-15 00:00,N,,230.81254,-17.79611,-1.885,5.508,348.215560,-3.304355,5.78316981007213,60.8008,/T
2030-Sep-16 00:00,N,,230.97112,-17.83838,-1.881,5.507,138.527787,-3.302694,5.79644471072260,59.9835,/T
2030-Sep-17 00:00,N,,231.13159,-17.88093,-1.877,5.506,288.838807,-3.301064,5.80960855522597,59.1674,/T
2030-Sep-18 00:00,N,,231.29393,-17.92376,-1.874,5.505,79.148662,-3.299465,5.82265773174423,58.3525,/T
2030-Sep-19 00:00,A,,231.45811,-17.96685,-1.870,5.504,229.457380,-3.297897,5.83559124575039,57.5387,/T
2030-Sep-20 00:00,A,,231.62411,-18.01020,-1.866,5.504,19.764999,-3.296358,5.84840609271435,56.7260,/T
2030-Sep-21 00:00,A,,231.79191,-18.05378,-1.862,5.503,170.071539,-3.294848,5.86109983277212,55.9144,/T
2030-Sep-22 00:00,A,,231.96149,-18.09760,-1.859,5.502,320.377052,-3.293367,5.87366911195416,55.1038,/T
2030-Sep-23 00:00,A,,232.13282,-18.14164,-1.855,5.501,110.681567,-3.291914,5.88611126314625,54.2942,/T
2030-Sep-24 00:00,A,,232.30587,-18.18588,-1.852,5.500,260.985125,-3.290488,5.89842402964176,53.4856,/T
2030-Sep-25 00:00,A,,232.48063,-18.23031,-1.848,5.499,51.287766,-3.289089,5.91060371287323,52.6780,/T
2030-Sep-26 00:00,A,,232.65707,-18.27492,-1.845,5.498,201.589526,-3.287716,5.92264907365270,51.8714,/T
2030-Sep-27 00:00,A,,232.83518,-18.31970,-1.842,5.497,351.890443,-3.286367,5.93455697535174,51.0658,/T
2030-Sep-28 00:00,A,,233.01494,-18.36464,-1.838,5.496,142.190543,-3.285042,5.94632519029803,50.2611,/T
2030-Sep-29 00:00,A,,233.19633,-18.40973,-1.835,5.495,292.489880,-3.283740,5.95795004959349,49.4573,/T
2030-Sep-30 00:00,A,,233.37934,-18.45496,-1.832,5.494,82.788487,-3.282460,5.96942926775843,48.6544,/T
2030-Oct-01 00:00,A,m,233.56393,-18.50032,-1.829,5.493,233.086412,-3.281201,5.98076065058896,47.8525,/T
2030-Oct-02 00:00,A,m,233.75008,-18.54580,-1.826,5.492,23.383694,-3.279960,5.99194113144427,47.0515,/T
2030-Oct-03 00:00,A,m,233.93774,-18.59140,-1.823,5.491,173.680375,-3.278737,6.00296994491984,46.2514,/T
2030-Oct-04 00:00,A,m,234.12688,-18.63710,-1.820,5.490,323.976489,-3.277530,6.01384483833934,45.4521,/T
2030-Oct-05 00:00,A,m,234.31748,-18.68288,-1.818,5.489,114.272059,-3.276338,6.02456474304079,44.6537,/T
2030-Oct-06 00:00,A,m,234.50950,-18.72874,-1.815,5.489,264.567134,-3.275159,6.03512668696332,43.8561,/T
2030-Oct-07 00:00,A,m,234.70293,-18.77466,-1.812,5.488,54.861739,-3.273993,6.04552953229981,43.0593,/T
2030-Oct-08 00:00,,m,234.89772,-18.82063,-1.810,5.487,205.155913,-3.272837,6.05577165281703,42.2632,/T
2030-Oct-09 00:00,,m,235.09388,-18.86664,-1.807,5.486,355.449686,-3.271693,6.06585087949007,41.4678,/T
2030-Oct-10 00:00,,m,235.29138,-18.91267,-1.805,5.485,145.743092,-3.270557,6.07576668313235,40.6731,/T
2030-Oct-11 00:00,,m,235.49020,-18.95873,-1.802,5.484,296.036157,-3.269430,6.08551728118402,39.8790,/T
2030-Oct-12 00:00,,m,235.69034,-19.00480,-1.800,5.483,86.328898,-3.268311,6.09510194671044,39.0855,/T
2030-Oct-13 00:00,,m,235.89178,-19.05088,-1.797,5.482,236.621355,-3.267199,6.10451756175696,38.2926,/T
2030-Oct-14 00:00,,m,236.09450,-19.09696,-1.795,5.481,26.913548,-3.266094,6.11376308487212,37.5002,/T
2030-Oct-15 00:00,,,236.29848,-19.14303,-1.793,5.480,177.205518,-3.264996,6.12283646870504,36.7083,/T
2030-Oct-16 00:00,,,236.50369,-19.18908,-1.791,5.479,327.497287,-3.263903,6.13173559490702,35.9169,/T
2030-Oct-17 00:00,,,236.71011,-19.23511,-1.789,5.478,117.788895,-3.262816,6.14045936990496,35.1259,/T
2030-Oct-18 00:00,,,236.91772,-19.28110,-1.787,5.478,268.080364,-3.261734,6.14900599981751,34.3353,/T
2030-Oct-19 00:00,,,237.12650,-19.32704,-1.785,5.477,58.371716,-3.260655,6.15737468294270,33.5450,/T
2030-Oct-20 00:00,,,237.33642,-19.37293,-1.783,5.476,208.662988,-3.259581,6.16556210576728,32.7552,/T
2030-Oct-21 00:00,,,237.54746,-19.41875,-1.781,5.475,358.954204,-3.258510,6.17356726497525,31.9657,/T
2030-Oct-22 00:00,,,237.75959,-19.46449,-1.779,5.474,149.245405,-3.257442,6.18138783301647,31.1765,/T
2030-Oct-23 00:00,,,237.97281,-19.51014,-1.777,5.473,299.536615,-3.256377,6.18902194144974,30.3876,/T
2030-Oct-24 00:00,,,238.18708,-19.55569,-1.776,5.473,89.827877,-3.255314,6.19646808942495,29.5990,/T
2030-Oct-25 00:00,,,238.40238,-19.60114,-1.774,5.472,240.119214,-3.254251,6.20372471101396,28.8107,/T
2030-Oct-26 00:00,,,238.61871,-19.64647,-1.773,5.471,30.410654,-3.253188,6.21079103811171,28.0227,/T
2030-Oct-27 00:00,,,238.83605,-19.69168,-1.771,5.470,180.702232,-3.252125,6.21766387319411,27.2349,/T
2030-Oct-28 00:00,,,239.05439,-19.73676,-1.770,5.470,330.993979,-3.251059,6.22434243096593,26.4474,/T
2030-Oct-29 00:00,,,239.27367,-19.78171,-1.768,5.469,121.285936,-3.249991,6.23082450617781,25.6602,/T
2030-Oct-30 00:00,,m,239.49389,-19.82652,-1.767,5.468,271.578130,-3.248920,6.23710896540362,24.8733,/T
2030-Oct-31 00:00,,m,239.71499,-19.87118,-1.765,5.467,61.870606,-3.247843,6.24319452280898,24.0866,/T
2030-Nov-01 00:00,,m,239.93694,-19.91569,-1.764,5.467,212.163386,-3.246760,6.24908062362635,23.3003,/T
2030-Nov-02 00:00,,m,240.15971,-19.96002,-1.763,5.466,2.456495,-3.245670,6.25476728368203,22.5141,/T
2030-Nov-03 00:00,,m,240.38328,-20.00417,-1.762,5.465,152.749962,-3.244572,6.26025233406730,21.7282,/T
2030-Nov-04 00:00,,m,240.60762,-20.04813,-1.761,5.465,303.043813,-3.243465,6.26553580724777,20.9425,/T
2030-Nov-05 00:00,,m,240.83272,-20.09189,-1.760,5.464,93.338081,-3.242349,6.27061615247423,20.1570,/T
2030-Nov-06 00:00,,m,241.05857,-20.13544,-1.759,5.464,243.632782,-3.241223,6.27549312767634,19.3717,/T
2030-Nov-07 00:00,,m,241.28512,-20.17878,-1.758,5.463,33.927958,-3.240087,6.28016556075923,18.5865,/T
2030-Nov-08 00:00,,m,241.51238,-20.22190,-1.757,5.463,184.223623,-3.238940,6.28463350869297,17.8015,/T
2030-Nov-09 00:00,,m,241.74033,-20.26479,-1.756,5.462,334.519797,-3.237782,6.28889708385511,17.0165,/T
2030-Nov-10 00:00,,m,241.96895,-20.30746,-1.755,5.461,124.816499,-3.236612,6.29295447173661,16.2316,/T
2030-Nov-11 00:00,,m,242.19822,-20.34989,-1.754,5.461,275.113755,-3.235431,6.29680560045012,15.4468,/T
2030-Nov-12 00:00,,m,242.42812,-20.39209,-1.753,5.460,65.411593,-3.234238,6.30044881753206,14.6620,/T
2030-Nov-13 00:00,,m,242.65862,-20.43404,-1.753,5.460,215.710026,-3.233034,6.30388395390432,13.8773,/T
2030-Nov-14 00:00,,,242.88970,-20.47573,-1.752,5.460,6.009096,-3.231817,6.30710933275217,13.0925,/T
2030-Nov-15 00:00,,,243.12134,-20.51717,-1.752,5.459,156.308815,-3.230589,6.31012505393626,12.3077,/T
2030-Nov-16 00:00,,,243.35349,-20.55834,-1.751,5.459,306.609209,-3.229347,6.31293086018143,11.5229,/T
2030-Nov-17 00:00,,,243.58617,-20.59924,-1.751,5.458,96.910292,-3.228094,6.31552507098570,10.7381,/T
2030-Nov-18 00:00,,,243.81933,-20.63985,-1.750,5.458,247.212096,-3.226828,6.31790724779546,9.9533,/T
2030-Nov-19 00:00,,,244.05296,-20.68018,-1.750,5.458,37.514648,-3.225549,6.32007563332560,9.1686,/T
2030-Nov-20 00:00,,,244.28703,-20.72020,-1.750,5.457,187.817967,-3.224257,6.32203007609915,8.3839,/T
2030-Nov-21 00:00,,,244.52152,-20.75993,-1.749,5.457,338.122095,-3.222953,6.32376856687610,7.5994,/T
2030-Nov-22 00:00,,,244.75642,-20.79934,-1.749,5.457,128.427051,-3.221635,6.32529138353691,6.8151,/T
2030-Nov-23 00:00,,,244.99170,-20.83844,-1.749,5.457,278.732865,-3.220303,6.32659814120424,6.0313,/T
2030-Nov-24 00:00,,,245.22736,-20.87723,-1.749,5.456,69.039554,-3.218956,6.32768770777706,5.2483,/T
2030-Nov-25 00:00,,,245.46336,-20.91570,-1.749,5.456,219.347153,-3.217594,6.32855968423812,4.4666,/T
2030-Nov-26 00:00,,,245.69968,-20.95384,-1.749,5.456,9.655691,-3.216216,6.32921287353653,3.6871,/T
2030-Nov-27 00:00,,,245.93627,-20.99167,-1.749,5.456,159.965191,-3.214822,6.32964778166984,2.9119,/T
2030-Nov-28 00:00,,m,246.17310,-21.02916,-1.749,5.456,310.275693,-3.213411,6.32986298894608,2.1459,/T
2030-Nov-29 00:00,,m,246.41013,-21.06629,-1.749,5.456,100.587215,-3.211982,6.32985977909531,1.4046,/T
2030-Nov-30 00:00,,m,246.64733,-21.10303,-1.749,5.455,250.899785,-3.210535,6.32963852358526,0.7643,/T
2030-Dec-01 00:00,,m,246.88448,-21.13942,-1.749,5.455,41.213411,-3.209069,6.32919944626158,0.6631,/L
2030-Dec-02 00:00,,m,247.12189,-21.17561,-1.750,5.455,191.528124,-3.207583,6.32854272229434,1.2412,/L
2030-Dec-03 00:00,,m,247.35945,-21.21137,-1.750,5.455,341.843941,-3.206079,6.32766805688363,1.9719,/L
2030-Dec-04 00:00,,m,247.59709,-21.24674,-1.751,5.455,132.160881,-3.204555,6.32657646327154,2.7357,/L
2030-Dec-05 00:00,,m,247.83479,-21.28173,-1.751,5.455,282.478972,-3.203013,6.32526680464860,3.5113,/L
2030-Dec-06 00:00,,m,248.07253,-21.31635,-1.752,5.455,72.798231,-3.201452,6.32374059780861,4.2924,/L
2030-Dec-07 00:00,,m,248.31029,-21.35060,-1.752,5.455,223.118682,-3.199871,6.32199812314775,5.0768,/L
2030-Dec-08 00:00,,m,248.54806,-21.38447,-1.753,5.455,13.440327,-3.198272,6.32004002865576,5.8632,/L
2030-Dec-09 00:00,,m,248.78580,-21.41796,-1.754,5.455,163.763196,-3.196655,6.31786616915829,6.6510,/L
2030-Dec-10 00:00,,m,249.02350,-21.45107,-1.754,5.455,314.087302,-3.195020,6.31547644626044,7.4401,/L
2030-Dec-11 00:00,,m,249.26112,-21.48380,-1.755,5.455,104.412667,-3.193366,6.31287172525761,8.2301,/L
2030-Dec-12 00:00,,m,249.49865,-21.51614,-1.756,5.455,254.739315,-3.191696,6.31005086229744,9.0209,/L
2030-Dec-13 00:00,,,249.73604,-21.54810,-1.757,5.455,45.067265,-3.190008,6.30701527586917,9.8126,/L
2030-Dec-14 00:00,,,249.97328,-21.57965,-1.758,5.455,195.396540,-3.188304,6.30376506594909,10.6049,/L
2030-Dec-15 00:00,,,250.21034,-21.61081,-1.759,5.455,345.727144,-3.186582,6.30030120923984,11.3980,/L
2030-Dec-16 00:00,,,250.44719,-21.64157,-1.760,5.455,136.059108,-3.184844,6.29662322003228,12.1918,/L
2030-Dec-17 00:00,,,250.68383,-21.67192,-1.761,5.456,286.392445,-3.183090,6.29273119235061,12.9863,/L
2030-Dec-18 00:00,,,250.92022,-21.70187,-1.762,5.456,76.727180,-3.181319,6.28862574723492,13.7814,/L
2030-Dec-19 00:00,,,251.15635,-21.73140,-1.764,5.456,227.063337,-3.179533,6.28430580902742,14.5773,/L
2030-Dec-20 00:00,,,251.39219,-21.76052,-1.765,5.456,17.400943,-3.177731,6.27977260595051,15.3738,/L
2030-Dec-21 00:00,,,251.62771,-21.78923,-1.766,5.457,167.740023,-3.175914,6.27502616430506,16.1710,/L
2030-Dec-22 00:00,,,251.86290,-21.81753,-1.767,5.457,318.080587,-3.174080,6.27006787617120,16.9689,/L
2030-Dec-23 00:00,,,252.09773,-21.84542,-1.769,5.457,108.422669,-3.172229,6.26489723590433,17.7676,/L
2030-Dec-24 00:00,,,252.33216,-21.87290,-1.770,5.457,258.766286,-3.170363,6.25951498223255,18.5668,/L
2030-Dec-25 00:00,,,252.56614,-21.89998,-1.772,5.458,49.111468,-3.168480,6.25392208944072,19.3668,/L
2030-Dec-26 00:00,,,252.79965,-21.92664,-1.773,5.458,199.458236,-3.166581,6.24811846839588,20.1674,/L
2030-Dec-27 00:00,,m,253.03263,-21.95289,-1.775,5.459,349.806621,-3.164665,6.24210604470320,20.9687,/L
2030-Dec-28 00:00,,m,253.26504,-21.97872,-1.777,5.459,140.156644,-3.162732,6.23588585880372,21.7706,/L
2030-Dec-29 00:00,,m,253.49687,-22.00412,-1.779,5.459,290.508310,-3.160782,6.22946060746064,22.5732,/L
2030-Dec-30 00:00,,m,253.72809,-22.02910,-1.780,5.460,80.861645,-3.158816,6.22283061473278,23.3764,/L
2030-Dec-31 00:00,,m,253.95869,-22.05366,-1.782,5.460,231.216656,-3.156833,6.21599772277232,24.1802,/L
2031-Jan-01 00:00,,m,254.18864,-22.07779,-1.784,5.461,21.573368,-3.154834,6.20896332623504,24.9847,/L
2031-Jan-02 00:00,,m,254.41794,-22.10150,-1.786,5.461,171.931788,-3.152821,6.20172806528660,25.7899,/L
2031-Jan-03 00:00,,m,254.64653,-22.12480,-1.788,5.462,322.291945,-3.150793,6.19429379489927,26.5958,/L
2031-Jan-04 00:00,,m,254.87440,-22.14767,-1.790,5.462,112.653852,-3.148752,6.18666165630266,27.4024,/L
2031-Jan-05 00:00,,m,255.10153,-22.17014,-1.792,5.463,263.017514,-3.146697,6.17883443975674,28.2097,/L
2031-Jan-06 00:00,,m,255.32789,-22.19219,-1.794,5.463,53.382952,-3.144629,6.17081225972112,29.0177,/L
2031-Jan-07 00:00,,m,255.55346,-22.21382,-1.797,5.464,203.750173,-3.142549,6.16259700695240,29.8266,/L
2031-Jan-08 00:00,,m,255.77819,-22.23505,-1.799,5.464,354.119200,-3.140458,6.15418967773537,30.6362,/L
2031-Jan-09 00:00,,m,256.00207,-22.25587,-1.801,5.465,144.490043,-3.138356,6.14559109707103,31.4466,/L
2031-Jan-10 00:00,,m,256.22505,-22.27628,-1.804,5.465,294.862730,-3.136245,6.13680264598136,32.2578,/L
2031-Jan-11 00:00,,m,256.44712,-22.29627,-1.806,5.466,85.237277,-3.134126,6.12782546404560,33.0700,/L
2031-Jan-12 00:00,,,256.66823,-22.31586,-1.809,5.467,235.613694,-3.131997,6.11866232807329,33.8830,/L
2031-Jan-13 00:00,,,256.88838,-22.33503,-1.811,5.467,25.992000,-3.129861,6.10931333451470,34.6969,/L
2031-Jan-14 00:00,,,257.10753,-22.35379,-1.814,5.468,176.372207,-3.127717,6.09978052322217,35.5118,/L
2031-Jan-15 00:00,,,257.32566,-22.37214,-1.816,5.469,326.754341,-3.125567,6.09006471351864,36.3277,/L
2031-Jan-16 00:00,,,257.54275,-22.39009,-1.819,5.469,117.138411,-3.123410,6.08016714826996,37.1445,/L
2031-Jan-17 00:00,,,257.75878,-22.40764,-1.822,5.470,267.524452,-3.121248,6.07008894669496,37.9624,/L
2031-Jan-18 00:00,,,257.97370,-22.42478,-1.825,5.471,57.912481,-3.119081,6.05983154312957,38.7813,/L
2031-Jan-19 00:00,,,258.18749,-22.44153,-1.828,5.471,208.302515,-3.116907,6.04939788780991,39.6012,/L
2031-Jan-20 00:00,,,258.40012,-22.45790,-1.831,5.472,358.694574,-3.114729,6.03878849616778,40.4223,/L
2031-Jan-21 00:00,,,258.61155,-22.47388,-1.834,5.473,149.088673,-3.112546,6.02800590350551,41.2444,/L
2031-Jan-22 00:00,,,258.82173,-22.48949,-1.837,5.473,299.484841,-3.110358,6.01705131487832,42.0675,/L
2031-Jan-23 00:00,,,259.03062,-22.50471,-1.840,5.474,89.883086,-3.108166,6.00592699947902,42.8918,/L
2031-Jan-24 00:00,,,259.23818,-22.51956,-1.843,5.475,240.283445,-3.105970,5.99463452599074,43.7171,/L
2031-Jan-25 00:00,,m,259.44437,-22.53402,-1.847,5.476,30.685931,-3.103771,5.98317638942707,44.5435,/L
2031-Jan-26 00:00,,m,259.64916,-22.54811,-1.850,5.476,181.090559,-3.101568,5.97155632432180,45.3709,/L
2031-Jan-27 00:00,,m,259.85254,-22.56182,-1.853,5.477,331.497340,-3.099363,5.95977593047767,46.1994,/L
2031-Jan-28 00:00,,m,260.05447,-22.57515,-1.857,5.478,121.906286,-3.097156,5.94783852234077,47.0290,/L
2031-Jan-29 00:00,,m,260.25494,-22.58813,-1.861,5.478,272.317414,-3.094948,5.93574583395284,47.8597,/L
2031-Jan-30 00:00,,m,260.45393,-22.60074,-1.864,5.479,62.730727,-3.092741,5.92350089500328,48.6915,/L
2031-Jan-31 00:00,,m,260.65140,-22.61299,-1.868,5.480,213.146254,-3.090535,5.91110523819803,49.5244,/L
2031-Feb-01 00:00,,m,260.84731,-22.62490,-1.872,5.481,3.564003,-3.088331,5.89856167756450,50.3584,/L
2031-Feb-02 00:00,,m,261.04163,-22.63647,-1.875,5.481,153.983988,-3.086130,5.88587377366984,51.1935,/L
2031-Feb-03 00:00,,m,261.23435,-22.64769,-1.879,5.482,304.406213,-3.083933,5.87304337010549,52.0299,/L
2031-Feb-04 00:00,,m,261.42542,-22.65858,-1.883,5.483,94.830691,-3.081741,5.86007362023914,52.8674,/L
2031-Feb-05 00:00,,m,261.61482,-22.66915,-1.887,5.483,245.257437,-3.079555,5.84696611151543,53.7061,/L
2031-Feb-06 00:00,,m,261.80252,-22.67938,-1.891,5.484,35.686452,-3.077375,5.83372397673026,54.5461,/L
2031-Feb-07 00:00,,m,261.98848,-22.68929,-1.896,5.485,186.117765,-3.075204,5.82034832543183,55.3874,/L
2031-Feb-08 00:00,,m,262.17267,-22.69888,-1.900,5.486,336.551386,-3.073041,5.80684196350142,56.2299,/L
2031-Feb-09 00:00,,m,262.35506,-22.70815,-1.904,5.486,126.987333,-3.070889,5.79320801454539,57.0738,/L
2031-Feb-10 00:00,,,262.53563,-22.71711,-1.908,5.487,277.425610,-3.068746,5.77944849404444,57.9191,/L
2031-Feb-11 00:00,,,262.71435,-22.72576,-1.913,5.488,67.866235,-3.066615,5.76556626653182,58.7658,/L
2031-Feb-12 00:00,,,262.89120,-22.73410,-1.917,5.488,218.309225,-3.064495,5.75156286268280,59.6139,/L
2031-Feb-13 00:00,,,263.06616,-22.74215,-1.922,5.489,8.754588,-3.062388,5.73744155175027,60.4635,/L
2031-Feb-14 00:00,A,,263.23919,-22.74990,-1.926,5.490,159.202355,-3.060295,5.72320332119551,61.3146,/L
2031-Feb-15 00:00,A,,263.41025,-22.75737,-1.931,5.490,309.652540,-3.058215,5.70885128822117,62.1672,/L
2031-Feb-16 00:00,A,,263.57931,-22.76457,-1.936,5.491,100.105172,-3.056150,5.69438859939290,63.0214,/L
2031-Feb-17 00:00,A,,263.74633,-22.77150,-1.941,5.491,250.560252,-3.054098,5.67981809757963,63.8772,/L
2031-Feb-18 00:00,A,,263.91126,-22.77816,-1.946,5.492,41.017803,-3.052061,5.66514304113980,64.7347,/L
2031-Feb-19 00:00,A,,264.07406,-22.78458,-1.951,5.493,191.477844,-3.050039,5.65036579292897,65.5937,/L
2031-Feb-20 00:00,A,,264.23469,-22.79074,-1.956,5.493,341.940381,-3.048032,5.63549052973221,66.4543,/L
2031-Feb-21 00:00,A,,264.39312,-22.79665,-1.961,5.494,132.405439,-3.046042,5.62051904200510,67.3166,/L
2031-Feb-22 00:00,A,,264.54930,-22.80231,-1.966,5.494,282.873031,-3.044069,5.60545545007156,68.1806,/L
2031-Feb-23 00:00,A,m,264.70320,-22.80773,-1.971,5.495,73.343179,-3.042113,5.59030349350086,69.0462,/L
2031-Feb-24 00:00,A,m,264.85481,-22.81291,-1.977,5.495,223.815877,-3.040175,5.57506719140658,69.9134,/L
2031-Feb-25 00:00,A,m,265.00410,-22.81786,-1.982,5.496,14.291141,-3.038255,5.55975022028165,70.7823,/L
2031-Feb-26 00:00,A,m,265.15104,-22.82259,-1.988,5.496,164.768976,-3.036356,5.54435559090274,71.6529,/L
2031-Feb-27 00:00,A,m,265.29562,-22.82710,-1.993,5.497,315.249385,-3.034478,5.52888776948414,72.5251,/L
2031-Feb-28 00:00,A,m,265.43780,-22.83141,-1.999,5.497,105.732384,-3.032622,5.51334868027578,73.3990,/L
2031-Mar-01 00:00,A,m,265.57755,-22.83551,-2.004,5.497,256.217980,-3.030790,5.49774246886612,74.2746,/L
2031-Mar-02 00:00,A,m,265.71483,-22.83942,-2.010,5.498,46.706194,-3.028982,5.48207252329142,75.1519,/L
2031-Mar-03 00:00,A,m,265.84961,-22.84315,-2.016,5.498,197.197015,-3.027198,5.46634311374914,76.0310,/L
2031-Mar-04 00:00,A,m,265.98186,-22.84669,-2.022,5.498,347.690460,-3.025440,5.45055755557731,76.9118,/L
2031-Mar-05 00:00,A,m,266.11156,-22.85005,-2.028,5.499,138.186529,-3.023710,5.43471897273887,77.7945,/L
2031-Mar-06 00:00,A,m,266.23867,-22.85325,-2.034,5.499,288.685228,-3.022006,5.41883165675182,78.6789,/L
2031-Mar-07 00:00,A,m,266.36317,-22.85627,-2.040,5.499,79.186566,-3.020332,5.40289754905402,79.5652,/L
2031-Mar-08 00:00,A,m,266.48503,-22.85913,-2.046,5.499,229.690555,-3.018687,5.38692066234675,80.4534,/L
2031-Mar-09 00:00,A,m,266.60421,-22.86183,-2.052,5.500,20.197213,-3.017072,5.37090404589511,81.3435,/L
2031-Mar-10 00:00,A,m,266.72070,-22.86438,-2.058,5.500,170.706530,-3.015487,5.35485216972327,82.2356,/L
2031-Mar-11 00:00,A,,266.83447,-22.86677,-2.065,5.500,321.218526,-3.013933,5.33876798330967,83.1297,/L
2031-Mar-12 00:00,A,,266.94550,-22.86902,-2.071,5.500,111.733199,-3.012410,5.32265473119948,84.0257,/L
2031-Mar-13 00:00,A,,267.05378,-22.87113,-2.078,5.500,262.250563,-3.010919,5.30651646420299,84.9239,/L
2031-Mar-14 00:00,A,,267.15927,-22.87312,-2.084,5.500,52.770625,-3.009460,5.29035529504842,85.8242,/L
2031-Mar-15 00:00,N,,267.26195,-22.87499,-2.091,5.500,203.293400,-3.008033,5.27417521324022,86.7266,/L
2031-Mar-16 00:00,N,,267.36175,-22.87674,-2.097,5.500,353.818912,-3.006639,5.25797931013489,87.6312,/L
2031-Mar-17 00:00,N,,267.45866,-22.87840,-2.104,5.500,144.347155,-3.005276,5.24177269250433,88.5381,/L
2031-Mar-18 00:00,N,,267.55263,-22.87995,-2.111,5.500,294.878150,-3.003946,5.22555864896986,89.4471,/L
2031-Mar-19 00:00,N,,267.64362,-22.88141,-2.118,5.500,85.411892,-3.002648,5.20934136790551,90.3585,/L
2031-Mar-20 00:00,N,,267.73159,-22.88278,-2.125,5.500,235.948395,-3.001382,5.19312550967019,91.2721,/L
2031-Mar-21 00:00,N,,267.81654,-22.88405,-2.132,5.500,26.487656,-3.000150,5.17691433918784,92.1880,/L
2031-Mar-22 00:00,N,,267.89842,-22.88524,-2.139,5.500,177.029688,-2.998950,5.16071258338669,93.1062,/L
2031-Mar-23 00:00,N,,267.97721,-22.88634,-2.146,5.499,327.574503,-2.997784,5.14452408276680,94.0267,/L
2031-Mar-24 00:00,N,m,268.05290,-22.88737,-2.153,5.499,118.122086,-2.996651,5.12835488910766,94.9495,/L
2031-Mar-25 00:00,N,m,268.12547,-22.88832,-2.160,5.499,268.672442,-2.995553,5.11220875932010,95.8747,/L
2031-Mar-26 00:00,N,m,268.19490,-22.88921,-2.167,5.499,59.225558,-2.994489,5.09609056430024,96.8021,/L
2031-Mar-27 00:00,N,m,268.26117,-22.89003,-2.174,5.498,209.781435,-2.993460,5.08000498334041,97.7318,/L
2031-Mar-28 00:00,N,m,268.32428,-22.89081,-2.182,5.498,0.340056,-2.992467,5.06395566939950,98.6639,/L
2031-Mar-29 00:00,N,m,268.38419,-22.89153,-2.189,5.498,150.901426,-2.991510,5.04794704003653,99.5982,/L
2031-Mar-30 00:00,N,m,268.44089,-22.89221,-2.196,5.497,301.465546,-2.990589,5.03198267404472,100.5349,/L
2031-Mar-31 00:00,N,m,268.49434,-22.89284,-2.204,5.497,92.032399,-2.989705,5.01606842234887,101.4739,/L
2031-Apr-01 00:00,N,m,268.54454,-22.89344,-2.211,5.496,242.601983,-2.988858,5.00020762567630,102.4153,/L
2031-Apr-02 00:00,N,m,268.59147,-22.89400,-2.219,5.496,33.174278,-2.988048,4.98440503175192,103.3591,/L
2031-Apr-03 00:00,N,m,268.63512,-22.89452,-2.226,5.495,183.749286,-2.987275,4.96866475969753,104.3052,/L
2031-Apr-04 00:00,N,m,268.67547,-22.89502,-2.234,5.494,334.326982,-2.986539,4.95299052076042,105.2538,/L
2031-Apr-05 00:00,N,m,268.71252,-22.89548,-2.241,5.494,124.907370,-2.985841,4.93738620989950,106.2047,/L
2031-Apr-06 00:00,N,m,268.74625,-22.89590,-2.249,5.493,275.490447,-2.985180,4.92185517268554,107.1581,/L
2031-Apr-07 00:00,N,m,268.77664,-22.89630,-2.256,5.492,66.076198,-2.984556,4.90640303243255,108.1139,/L
2031-Apr-08 00:00,N,m,268.80371,-22.89667,-2.264,5.492,216.664616,-2.983968,4.89103291683175,109.0723,/L
2031-Apr-09 00:00,N,,268.82744,-22.89702,-2.272,5.491,7.255682,-2.983415,4.87574958445980,110.0332,/L
2031-Apr-10 00:00,N,,268.84782,-22.89735,-2.279,5.490,157.849395,-2.982897,4.86055683330616,110.9966,/L
2031-Apr-11 00:00,N,,268.86486,-22.89767,-2.287,5.489,308.445728,-2.982413,4.84545873347483,111.9627,/L
2031-Apr-12 00:00,N,,268.87853,-22.89798,-2.295,5.489,99.044686,-2.981963,4.83045901796432,112.9313,/L
2031-Apr-13 00:00,C,,268.88881,-22.89829,-2.302,5.488,249.646259,-2.981545,4.81556133619992,113.9026,/L
2031-Apr-14 00:00,C,,268.89568,-22.89859,-2.310,5.487,40.250434,-2.981158,4.80077158357070,114.8765,/L
2031-Apr-15 00:00,C,,268.89912,-22.89889,-2.318,5.486,190.857196,-2.980802,4.78609342653822,115.8532,/L
2031-Apr-16 00:00,C,,268.89913,-22.89918,-2.325,5.485,341.466519,-2.980474,4.77153230256989,116.8325,/L
2031-Apr-17 00:00,C,,268.89570,-22.89947,-2.333,5.484,132.078393,-2.980175,4.75709242645990,117.8145,/L
2031-Apr-18 00:00,C,,268.88884,-22.89974,-2.341,5.483,282.692778,-2.979903,4.74277883235254,118.7992,/L
2031-Apr-19 00:00,C,,268.87855,-22.90001,-2.348,5.482,73.309664,-2.979659,4.72859555119900,119.7865,/L
2031-Apr-20 00:00,C,,268.86485,-22.90026,-2.356,5.481,223.929024,-2.979442,4.71454682024884,120.7765,/L
2031-Apr-21 00:00,C,,268.84773,-22.90051,-2.364,5.480,14.550836,-2.979250,4.70063871832124,121.7692,/L
2031-Apr-22 00:00,C,,268.82721,-22.90074,-2.371,5.479,165.175061,-2.979083,4.68687526166822,122.7644,/L
2031-Apr-23 00:00,C,m,268.80331,-22.90097,-2.379,5.478,315.801661,-2.978940,4.67326201770718,123.7623,/L
2031-Apr-24 00:00,C,m,268.77603,-22.90119,-2.386,5.477,106.430609,-2.978821,4.65980299379915,124.7627,/L
2031-Apr-25 00:00,C,m,268.74540,-22.90141,-2.394,5.476,257.061847,-2.978725,4.64650336048725,125.7657,/L
2031-Apr-26 00:00,C,m,268.71143,-22.90161,-2.401,5.474,47.695351,-2.978651,4.63336661075980,126.7712,/L
2031-Apr-27 00:00,C,m,268.67414,-22.90181,-2.409,5.473,198.331080,-2.978599,4.62039673543275,127.7791,/L
2031-Apr-28 00:00,C,m,268.63353,-22.90199,-2.416,5.472,348.968999,-2.978568,4.60759910669474,128.7896,/L
2031-Apr-29 00:00,C,m,268.58963,-22.90216,-2.423,5.471,139.609057,-2.978556,4.59497740292516,129.8025,/L
2031-Apr-30 00:00,C,m,268.54247,-22.90232,-2.431,5.470,290.251207,-2.978562,4.58253660109224,130.8178,/L
2031-May-01 00:00,C,m,268.49207,-22.90245,-2.438,5.469,80.895409,-2.978585,4.57028000097983,131.8355,/L
2031-May-02 00:00,C,m,268.43847,-22.90255,-2.445,5.467,231.541597,-2.978623,4.55821240208012,132.8556,/L
2031-May-03 00:00,C,m,268.38170,-22.90263,-2.452,5.466,22.189738,-2.978677,4.54633643167609,133.8780,/L
2031-May-04 00:00,C,m,268.32180,-22.90267,-2.459,5.465,172.839781,-2.978744,4.53465556215183,134.9028,/L
2031-May-05 00:00,C,m,268.25879,-22.90267,-2.466,5.464,323.491690,-2.978823,4.52317419903301,135.9299,/L
2031-May-06 00:00,C,m,268.19273,-22.90264,-2.473,5.462,114.145405,-2.978912,4.51189560310470,136.9593,/L
2031-May-07 00:00,C,m,268.12365,-22.90256,-2.479,5.461,264.800877,-2.979008,4.50082407016080,137.9910,/L
2031-May-08 00:00,C,,268.05159,-22.90245,-2.486,5.460,55.458061,-2.979111,4.48996235335415,139.0250,/L
2031-May-09 00:00,C,,267.97658,-22.90230,-2.493,5.459,206.116890,-2.979217,4.47931508370305,140.0612,/L
2031-May-10 00:00,*,,267.89866,-22.90211,-2.499,5.458,356.777325,-2.979325,4.46888453680961,141.0998,/L
2031-May-11 00:00,*,,267.81786,-22.90188,-2.505,5.456,147.439308,-2.979433,4.45867432732946,142.1406,/L
2031-May-12 00:00,*,,267.73418,-22.90161,-2.512,5.455,298.102800,-2.979539,4.44868869987028,143.1837,/L
2031-May-13 00:00,*,,267.64768,-22.90129,-2.518,5.454,88.767729,-2.979641,4.43893147875161,144.2290,/L
2031-May-14 00:00,*,,267.55841,-22.90090,-2.524,5.453,239.434034,-2.979736,4.42940718582301,145.2765,/L
2031-May-15 00:00,*,,267.46640,-22.90046,-2.530,5.452,30.101651,-2.979823,4.42011894681688,146.3261,/L
2031-May-16 00:00,*,,267.37175,-22.89994,-2.535,5.451,180.770500,-2.979900,4.41107178728870,147.3779,/L
2031-May-17 00:00,*,,267.27449,-22.89936,-2.541,5.449,331.440515,-2.979966,4.40226800998322,148.4317,/L
2031-May-18 00:00,*,,267.17472,-22.89870,-2.546,5.448,122.111619,-2.980019,4.39371129438535,149.4875,/L
2031-May-19 00:00,*,,267.07247,-22.89796,-2.552,5.447,272.783754,-2.980058,4.38540527228676,150.5452,/L
2031-May-20 00:00,*,,266.96782,-22.89714,-2.557,5.446,63.456827,-2.980082,4.37735357744756,151.6047,/L
2031-May-21 00:00,*,,266.86085,-22.89625,-2.562,5.445,214.130763,-2.980088,4.36955990088466,152.6661,/L
2031-May-22 00:00,*,m,266.75162,-22.89527,-2.567,5.444,4.805477,-2.980077,4.36202665232677,153.7291,/L
2031-May-23 00:00,*,m,266.64020,-22.89421,-2.572,5.443,155.480878,-2.980045,4.35475800943905,154.7938,/L
2031-May-24 00:00,*,m,266.52668,-22.89306,-2.576,5.442,306.156886,-2.979993,4.34775528647304,155.8600,/L
2031-May-25 00:00,*,m,266.41113,-22.89182,-2.581,5.441,96.833412,-2.979919,4.34102126578444,156.9277,/L
2031-May-26 00:00,*,m,266.29360,-22.89049,-2.585,5.440,247.510392,-2.979822,4.33455823117758,157.9967,/L
2031-May-27 00:00,*,m,266.17420,-22.88906,-2.589,5.439,38.187722,-2.979700,4.32836907929367,159.0671,/L
2031-May-28 00:00,*,m,266.05298,-22.88753,-2.593,5.438,188.865323,-2.979551,4.32245627193056,160.1387,/L
2031-May-29 00:00,*,m,265.93005,-22.88590,-2.597,5.438,339.543101,-2.979374,4.31682132692068,161.2115,/L
2031-May-30 00:00,*,m,265.80549,-22.88416,-2.601,5.437,130.220964,-2.979168,4.31146737077212,162.2853,/L
2031-May-31 00:00,*,m,265.67939,-22.88231,-2.604,5.436,280.898822,-2.978931,4.30639473170964,163.3601,/L
2031-Jun-01 00:00,*,m,265.55186,-22.88034,-2.607,5.435,71.576585,-2.978662,4.30160520986566,164.4358,/L
2031-Jun-02 00:00,*,m,265.42296,-22.87826,-2.610,5.435,222.254187,-2.978359,4.29709972322884,165.5123,/L
2031-Jun-03 00:00,*,m,265.29281,-22.87607,-2.613,5.434,12.931523,-2.978020,4.29288037454884,166.5895,/L
2031-Jun-04 00:00,*,m,265.16148,-22.87378,-2.616,5.434,163.608518,-2.977644,4.28894836799942,167.6675,/L
2031-Jun-05 00:00,*,m,265.02908,-22.87137,-2.618,5.433,314.285078,-2.977229,4.28530442430331,168.7460,/L
2031-Jun-06 00:00,*,,264.89566,-22.86887,-2.621,5.432,104.961117,-2.976772,4.28195072435789,169.8249,/L
2031-Jun-07 00:00,*,,264.76134,-22.86626,-2.623,5.432,255.636546,-2.976272,4.27888703285825,170.9043,/L
2031-Jun-08 00:00,*,,264.62617,-22.86356,-2.624,5.432,46.311280,-2.975728,4.27611467887741,171.9839,/L
2031-Jun-09 00:00,*,,264.49023,-22.86075,-2.626,5.431,196.985253,-2.975139,4.27363400899251,173.0635,/L
2031-Jun-10 00:00,*,,264.35361,-22.85784,-2.628,5.431,347.658361,-2.974502,4.27144720114460,174.1427,/L
2031-Jun-11 00:00,*,,264.21639,-22.85482,-2.629,5.431,138.330525,-2.973817,4.26955516237082,175.2211,/L
2031-Jun-12 00:00,*,,264.07869,-22.85170,-2.630,5.430,289.001643,-2.973083,4.26795873994756,176.2974,/L
2031-Jun-13 00:00,*,,263.94059,-22.84847,-2.631,5.430,79.671626,-2.972299,4.26665980476893,177.3685,/L
2031-Jun-14 00:00,*,,263.80223,-22.84514,-2.632,5.430,230.340369,-2.971464,4.26565800963987,178.4235,/L
2031-Jun-15 00:00,*,,263.66370,-22.84172,-2.632,5.430,21.007781,-2.970579,4.26495416530512,179.3732,/L
2031-Jun-16 00:00,*,,263.52509,-22.83820,-2.632,5.430,171.673784,-2.969643,4.26454770491579,179.1956,/T
2031-Jun-17 00:00,*,,263.38652,-22.83460,-2.633,5.430,322.338269,-2.968656,4.26444009495726,178.1979,/T
2031-Jun-18 00:00,*,,263.24806,-22.83091,-2.633,5.429,113.001154,-2.967617,4.26463097351599,177.1377,/T
2031-Jun-19 00:00,*,,263.10983,-22.82715,-2.632,5.429,263.662332,-2.966527,4.26512020897810,176.0655,/T
2031-Jun-20 00:00,*,m,262.97193,-22.82332,-2.632,5.429,54.321718,-2.965385,4.26590817763023,174.9893,/T
2031-Jun-21 00:00,*,m,262.83446,-22.81942,-2.631,5.429,204.979207,-2.964191,4.26699343218267,173.9115,/T
2031-Jun-22 00:00,*,m,262.69753,-22.81546,-2.631,5.429,355.634712,-2.962946,4.26837533148954,172.8332,/T
2031-Jun-23 00:00,*,m,262.56121,-22.81144,-2.630,5.430,146.288162,-2.961651,4.27005177017495,171.7550,/T
2031-Jun-24 00:00,*,m,262.42561,-22.80737,-2.628,5.430,296.939462,-2.960304,4.27202296711236,170.6771,/T
2031-Jun-25 00:00,*,m,262.29082,-22.80324,-2.627,5.430,87.588538,-2.958906,4.27428704586549,169.5998,/T
2031-Jun-26 00:00,*,m,262.15695,-22.79907,-2.625,5.430,238.235296,-2.957457,4.27684279829894,168.5233,/T
2031-Jun-27 00:00,*,m,262.02407,-22.79485,-2.624,5.430,28.879668,-2.955957,4.27968912424325,167.4477,/T
2031-Jun-28 00:00,*,m,261.89232,-22.79061,-2.622,5.431,179.521559,-2.954405,4.28282370429172,166.3732,/T
2031-Jun-29 00:00,*,m,261.76178,-22.78633,-2.619,5.431,330.160903,-2.952803,4.28624468463255,165.2998,/T
2031-Jun-30 00:00,*,m,261.63252,-22.78204,-2.617,5.431,120.797640,-2.951151,4.28994885117624,164.2277,/T
2031-Jul-01 00:00,*,m,261.50466,-22.77773,-2.614,5.432,271.431698,-2.949448,4.29393553405524,163.1568,/T
2031-Jul-02 00:00,*,m,261.37825,-22.77343,-2.612,5.432,62.063017,-2.947694,4.29820187299336,162.0874,/T
2031-Jul-03 00:00,*,m,261.25339,-22.76914,-2.609,5.433,212.691524,-2.945889,4.30274612111882,161.0194,/T
2031-Jul-04 00:00,*,m,261.13014,-22.76487,-2.606,5.433,3.317168,-2.944032,4.30756631287430,159.9530,/T
2031-Jul-05 00:00,*,,261.00859,-22.76063,-2.602,5.434,153.939873,-2.942123,4.31266001423983,158.8881,/T
2031-Jul-06 00:00,*,,260.88878,-22.75643,-2.599,5.435,304.559588,-2.940163,4.31802494107194,157.8248,/T
2031-Jul-07 00:00,*,,260.77079,-22.75226,-2.595,5.435,95.176266,-2.938153,4.32365772668135,156.7631,/T
2031-Jul-08 00:00,*,,260.65468,-22.74814,-2.592,5.436,245.789847,-2.936092,4.32955764010113,155.7031,/T
2031-Jul-09 00:00,*,,260.54052,-22.74407,-2.588,5.437,36.400280,-2.933982,4.33572172914745,154.6448,/T
2031-Jul-10 00:00,*,,260.42841,-22.74005,-2.583,5.437,187.007500,-2.931822,4.34214835860001,153.5883,/T
2031-Jul-11 00:00,*,,260.31841,-22.73610,-2.579,5.438,337.611462,-2.929615,4.34883512203324,152.5336,/T
2031-Jul-12 00:00,*,,260.21062,-22.73222,-2.575,5.439,128.212093,-2.927361,4.35577959585928,151.4808,/T
2031-Jul-13 00:00,*,,260.10511,-22.72842,-2.570,5.440,278.809350,-2.925060,4.36297880745443,150.4300,/T
2031-Jul-14 00:00,*,,260.00195,-22.72472,-2.566,5.441,69.403188,-2.922717,4.37042876527785,149.3811,/T
2031-Jul-15 00:00,*,,259.90118,-22.72112,-2.561,5.442,219.993562,-2.920330,4.37812784088055,148.3344,/T
2031-Jul-16 00:00,*,,259.80288,-22.71763,-2.556,5.442,10.580431,-2.917902,4.38607218707744,147.2897,/T
2031-Jul-17 00:00,*,,259.70711,-22.71427,-2.551,5.443,161.163741,-2.915433,4.39425938541052,146.2472,/T
2031-Jul-18 00:00,*,,259.61391,-22.71102,-2.545,5.444,311.743465,-2.912925,4.40268585378720,145.2070,/T
2031-Jul-19 00:00,*,,259.52336,-22.70792,-2.540,5.445,102.319543,-2.910378,4.41134859305786,144.1691,/T
2031-Jul-20 00:00,*,m,259.43552,-22.70495,-2.535,5.446,252.891950,-2.907794,4.42024353277201,143.1335,/T
2031-Jul-21 00:00,*,m,259.35043,-22.70213,-2.529,5.447,43.460654,-2.905176,4.42936589570676,142.1004,/T
2031-Jul-22 00:00,*,m,259.26813,-22.69946,-2.523,5.448,194.025634,-2.902522,4.43871300008892,141.0698,/T
2031-Jul-23 00:00,*,m,259.18868,-22.69694,-2.517,5.449,344.586864,-2.899835,4.44828018660284,140.0416,/T
2031-Jul-24 00:00,*,m,259.11212,-22.69459,-2.512,5.450,135.144313,-2.897115,4.45806428397168,139.0161,/T
2031-Jul-25 00:00,*,m,259.03851,-22.69241,-2.506,5.451,285.697974,-2.894364,4.46806069279805,137.9932,/T
2031-Jul-26 00:00,*,m,258.96789,-22.69040,-2.499,5.452,76.247809,-2.891581,4.47826598951359,136.9729,/T
2031-Jul-27 00:00,*,m,258.90031,-22.68857,-2.493,5.453,226.793814,-2.888767,4.48867523941365,135.9553,/T
2031-Jul-28 00:00,*,m,258.83582,-22.68693,-2.487,5.454,17.335978,-2.885925,4.49928324027864,134.9404,/T
2031-Jul-29 00:00,*,m,258.77442,-22.68549,-2.481,5.455,167.874307,-2.883053,4.51008660016256,133.9283,/T
2031-Jul-30 00:00,*,m,258.71614,-22.68425,-2.474,5.456,318.408793,-2.880154,4.52108044728582,132.9190,/T
2031-Jul-31 00:00,*,m,258.66102,-22.68323,-2.468,5.457,108.939431,-2.877225,4.53226147451030,131.9124,/T
2031-Aug-01 00:00,*,m,258.60905,-22.68242,-2.461,5.458,259.466232,-2.874269,4.54362493455899,130.9085,/T
2031-Aug-02 00:00,*,m,258.56025,-22.68184,-2.454,5.459,49.989179,-2.871285,4.55516790011746,129.9075,/T
2031-Aug-03 00:00,*,m,258.51464,-22.68148,-2.448,5.459,200.508283,-2.868273,4.56688565660152,128.9091,/T
2031-Aug-04 00:00,*,,258.47223,-22.68134,-2.441,5.460,351.023543,-2.865236,4.57877372052243,127.9135,/T
2031-Aug-05 00:00,*,,258.43303,-22.68142,-2.434,5.461,141.534976,-2.862173,4.59082898780589,126.9206,/T
2031-Aug-06 00:00,*,,258.39707,-22.68172,-2.427,5.462,292.042579,-2.859085,4.60304732986234,125.9305,/T
2031-Aug-07 00:00,*,,258.36437,-22.68225,-2.421,5.463,82.546353,-2.855973,4.61542587068311,124.9430,/T
2031-Aug-08 00:00,*,,258.33495,-22.68301,-2.414,5.464,233.046308,-2.852839,4.62796004627765,123.9582,/T
2031-Aug-09 00:00,*,,258.30885,-22.68401,-2.407,5.465,23.542433,-2.849683,4.64064723334013,122.9761,/T
2031-Aug-10 00:00,*,,258.28607,-22.68525,-2.400,5.466,174.034738,-2.846506,4.65348243755208,121.9966,/T
2031-Aug-11 00:00,*,,258.26664,-22.68672,-2.393,5.466,324.523226,-2.843309,4.66646104553329,121.0200,/T
2031-Aug-12 00:00,C,,258.25056,-22.68845,-2.386,5.467,115.007924,-2.840095,4.67957911470136,120.0460,/T
2031-Aug-13 00:00,C,,258.23783,-22.69041,-2.379,5.468,265.488835,-2.836863,4.69283216021160,119.0747,/T
2031-Aug-14 00:00,C,,258.22846,-22.69263,-2.371,5.469,55.965975,-2.833614,4.70621661226762,118.1061,/T
2031-Aug-15 00:00,C,,258.22244,-22.69509,-2.364,5.470,206.439364,-2.830350,4.71972729552907,117.1403,/T
2031-Aug-16 00:00,C,,258.21980,-22.69780,-2.357,5.470,356.909006,-2.827071,4.73336122851920,116.1772,/T
2031-Aug-17 00:00,C,,258.22052,-22.70075,-2.350,5.471,147.374925,-2.823777,4.74711289304849,115.2169,/T
2031-Aug-18 00:00,C,,258.22463,-22.70395,-2.343,5.472,297.837134,-2.820469,4.76097752159902,114.2593,/T
2031-Aug-19 00:00,C,,258.23209,-22.70738,-2.336,5.472,88.295677,-2.817149,4.77495048823412,113.3045,/T
2031-Aug-20 00:00,C,m,258.24294,-22.71105,-2.329,5.473,238.750567,-2.813815,4.78902729384438,112.3524,/T
2031-Aug-21 00:00,C,m,258.25714,-22.71496,-2.322,5.473,29.201836,-2.810469,4.80320398734611,111.4032,/T
2031-Aug-22 00:00,C,m,258.27471,-22.71910,-2.315,5.474,179.649516,-2.807111,4.81747522991415,110.4567,/T
2031-Aug-23 00:00,C,m,258.29565,-22.72348,-2.307,5.474,330.093625,-2.803739,4.83183795786853,109.5129,/T
2031-Aug-24 00:00,C,m,258.31995,-22.72808,-2.300,5.475,120.534199,-2.800355,4.84628653427629,108.5719,/T
2031-Aug-25 00:00,C,m,258.34762,-22.73292,-2.293,5.475,270.971263,-2.796958,4.86081635990035,107.6338,/T
2031-Aug-26 00:00,C,m,258.37861,-22.73800,-2.286,5.476,61.404873,-2.793548,4.87542248003225,106.6983,/T
2031-Aug-27 00:00,C,m,258.41294,-22.74330,-2.279,5.476,211.835054,-2.790126,4.89010079969233,105.7656,/T
2031-Aug-28 00:00,C,m,258.45055,-22.74884,-2.272,5.477,2.261852,-2.786690,4.90484742058053,104.8356,/T
2031-Aug-29 00:00,C,m,258.49144,-22.75459,-2.265,5.477,152.685304,-2.783240,4.91965748408197,103.9082,/T
2031-Aug-30 00:00,C,m,258.53556,-22.76057,-2.258,5.477,303.105444,-2.779776,4.93452842959994,102.9835,/T
2031-Aug-31 00:00,N,m,258.58290,-22.76676,-2.252,5.477,93.522309,-2.776298,4.94945533434752,102.0614,/T
2031-Sep-01 00:00,N,m,258.63346,-22.77316,-2.245,5.478,243.935927,-2.772806,4.96443453900852,101.1418,/T
2031-Sep-02 00:00,N,m,258.68719,-22.77975,-2.238,5.478,34.346356,-2.769300,4.97946155790936,100.2248,/T
2031-Sep-03 00:00,N,m,258.74411,-22.78653,-2.231,5.478,184.753620,-2.765781,4.99453335473597,99.3102,/T
2031-Sep-04 00:00,N,,258.80418,-22.79350,-2.224,5.478,335.157762,-2.762248,5.00964650988188,98.3981,/T
2031-Sep-05 00:00,N,,258.86741,-22.80066,-2.218,5.478,125.558812,-2.758701,5.02479688072214,97.4883,/T
2031-Sep-06 00:00,N,,258.93377,-22.80799,-2.211,5.478,275.956803,-2.755142,5.03998216373557,96.5809,/T
2031-Sep-07 00:00,N,,259.00327,-22.81550,-2.204,5.478,66.351763,-2.751569,5.05519773431243,95.6758,/T
2031-Sep-08 00:00,N,,259.07588,-22.82319,-2.198,5.478,216.743722,-2.747984,5.07044004245094,94.7730,/T
2031-Sep-09 00:00,N,,259.15157,-22.83105,-2.191,5.478,7.132732,-2.744387,5.08570412511585,93.8725,/T
2031-Sep-10 00:00,N,,259.23034,-22.83907,-2.185,5.478,157.518820,-2.740778,5.10098689453909,92.9743,/T
2031-Sep-11 00:00,N,,259.31214,-22.84724,-2.178,5.478,307.902032,-2.737157,5.11628434864173,92.0782,/T
2031-Sep-12 00:00,N,,259.39696,-22.85557,-2.172,5.478,98.282401,-2.733524,5.13159219618381,91.1844,/T
2031-Sep-13 00:00,N,,259.48477,-22.86403,-2.166,5.478,248.659968,-2.729878,5.14690759958082,90.2928,/T
2031-Sep-14 00:00,N,,259.57557,-22.87263,-2.159,5.478,39.034765,-2.726220,5.16222583413882,89.4034,/T
2031-Sep-15 00:00,N,,259.66934,-22.88135,-2.153,5.478,189.406827,-2.722549,5.17754316414325,88.5162,/T
2031-Sep-16 00:00,N,,259.76604,-22.89019,-2.147,5.477,339.776213,-2.718865,5.19285417521944,87.6311,/T
2031-Sep-17 00:00,N,,259.86566,-22.89914,-2.141,5.477,130.142958,-2.715169,5.20815579390630,86.7482,/T
2031-Sep-18 00:00,N,,259.96817,-22.90818,-2.135,5.477,280.507115,-2.711459,5.22344367400632,85.8675,/T
2031-Sep-19 00:00,A,,260.07356,-22.91733,-2.129,5.477,70.868723,-2.707734,5.23871372210305,84.9888,/T
2031-Sep-20 00:00,A,m,260.18179,-22.92656,-2.123,5.476,221.227834,-2.703995,5.25396288147589,84.1123,/T
2031-Sep-21 00:00,A,m,260.29285,-22.93587,-2.117,5.476,11.584483,-2.700239,5.26918684212970,83.2378,/T
2031-Sep-22 00:00,A,m,260.40672,-22.94527,-2.111,5.475,161.938714,-2.696467,5.28438213956572,82.3654,/T
2031-Sep-23 00:00,A,m,260.52335,-22.95474,-2.106,5.475,312.290587,-2.692678,5.29954357412748,81.4951,/T
2031-Sep-24 00:00,A,m,260.64272,-22.96427,-2.100,5.474,102.640144,-2.688871,5.31466866239562,80.6269,/T
2031-Sep-25 00:00,A,m,260.76477,-22.97387,-2.094,5.474,252.987441,-2.685045,5.32975343506856,79.7606,/T
2031-Sep-26 00:00,A,m,260.88947,-22.98351,-2.089,5.473,43.332516,-2.681200,5.34479472459243,78.8963,/T
2031-Sep-27 00:00,A,m,261.01678,-22.99320,-2.083,5.473,193.675424,-2.677334,5.35978991327007,78.0339,/T
2031-Sep-28 00:00,A,m,261.14667,-23.00291,-2.078,5.472,344.016195,-2.673447,5.37473581376256,77.1735,/T
2031-Sep-29 00:00,A,m,261.27913,-23.01264,-2.073,5.472,134.354870,-2.669539,5.38962973340495,76.3149,/T
2031-Sep-30 00:00,A,m,261.41412,-23.02238,-2.067,5.471,284.691501,-2.665610,5.40446718936654,75.4580,/T
2031-Oct-01 00:00,A,m,261.55163,-23.03212,-2.062,5.470,75.026125,-2.661659,5.41924641651308,74.6030,/T
2031-Oct-02 00:00,A,m,261.69163,-23.04186,-2.057,5.470,225.358789,-2.657687,5.43396384899235,73.7496,/T
2031-Oct-03 00:00,A,m,261.83411,-23.05158,-2.052,5.469,15.689524,-2.653692,5.44861696767222,72.8979,/T
2031-Oct-04 00:00,A,,261.97902,-23.06128,-2.047,5.468,166.018381,-2.649676,5.46320306610756,72.0479,/T
2031-Oct-05 00:00,A,,262.12635,-23.07096,-2.042,5.468,316.345382,-2.645637,5.47771941103581,71.1994,/T
2031-Oct-06 00:00,A,,262.27609,-23.08061,-2.037,5.467,106.670565,-2.641576,5.49216319822414,70.3524,/T
2031-Oct-07 00:00,A,,262.42819,-23.09022,-2.032,5.466,256.993975,-2.637493,5.50652987343525,69.5070,/T
2031-Oct-08 00:00,,,262.58263,-23.09978,-2.027,5.465,47.315652,-2.633388,5.52081744555985,68.6631,/T
2031-Oct-09 00:00,,,262.73937,-23.10929,-2.023,5.465,197.635640,-2.629259,5.53502206833064,67.8207,/T
2031-Oct-10 00:00,,,262.89839,-23.11873,-2.018,5.464,347.953972,-2.625108,5.54914125115132,66.9796,/T
2031-Oct-11 00:00,,,263.05965,-23.12809,-2.014,5.463,138.270700,-2.620932,5.56317179180822,66.1400,/T
2031-Oct-12 00:00,,,263.22314,-23.13737,-2.009,5.462,288.585848,-2.616732,5.57711118167569,65.3018,/T
2031-Oct-13 00:00,,,263.38882,-23.14655,-2.005,5.461,78.899456,-2.612507,5.59095637170770,64.4650,/T
2031-Oct-14 00:00,,,263.55670,-23.15563,-2.000,5.460,229.211567,-2.608258,5.60470283238465,63.6296,/T
2031-Oct-15 00:00,,,263.72672,-23.16460,-1.996,5.459,19.522228,-2.603982,5.61834831268138,62.7955,/T
2031-Oct-16 00:00,,,263.89887,-23.17345,-1.992,5.458,169.831484,-2.599680,5.63188884171593,61.9628,/T
2031-Oct-17 00:00,,,264.07313,-23.18217,-1.988,5.458,320.139371,-2.595350,5.64532200783718,61.1313,/T
2031-Oct-18 00:00,,,264.24945,-23.19076,-1.984,5.457,110.445946,-2.590993,5.65864427491308,60.3013,/T
2031-Oct-19 00:00,,,264.42783,-23.19921,-1.980,5.456,260.751238,-2.586606,5.67185353975953,59.4725,/T
2031-Oct-20 00:00,,m,264.60823,-23.20752,-1.976,5.455,51.055294,-2.582189,5.68494679439754,58.6450,/T
2031-Oct-21 00:00,,m,264.79060,-23.21568,-1.972,5.454,201.358155,-2.577741,5.69792006500997,57.8188,/T
2031-Oct-22 00:00,,m,264.97491,-23.22369,-1.968,5.453,351.659874,-2.573262,5.71077136287397,56.9939,/T
2031-Oct-23 00:00,,m,265.16112,-23.23153,-1.965,5.452,141.960495,-2.568751,5.72349742252421,56.1703,/T
2031-Oct-24 00:00,,m,265.34918,-23.23920,-1.961,5.451,292.260055,-2.564207,5.73609670776688,55.3479,/T
2031-Oct-25 00:00,,m,265.53905,-23.24669,-1.957,5.450,82.558609,-2.559630,5.74856630497647,54.5267,/T
2031-Oct-26 00:00,,m,265.73071,-23.25398,-1.954,5.449,232.856179,-2.555019,5.76090533195488,53.7066,/T
2031-Oct-27 00:00,,m,265.92414,-23.26107,-1.950,5.448,23.152808,-2.550373,5.77311154694675,52.8877,/T
2031-Oct-28 00:00,,m,266.11933,-23.26795,-1.947,5.447,173.448523,-2.545692,5.78518210301408,52.0699,/T
2031-Oct-29 00:00,,m,266.31623,-23.27461,-1.944,5.446,323.743372,-2.540978,5.79711542529123,51.2532,/T
2031-Oct-30 00:00,,m,266.51484,-23.28105,-1.940,5.445,114.037388,-2.536229,5.80890892723709,50.4375,/T
2031-Oct-31 00:00,,m,266.71512,-23.28727,-1.937,5.444,264.330600,-2.531445,5.82056145626137,49.6228,/T
2031-Nov-01 00:00,,m,266.91706,-23.29325,-1.934,5.443,54.623052,-2.526626,5.83207009584664,48.8090,/T
2031-Nov-02 00:00,,m,267.12061,-23.29899,-1.931,5.442,204.914765,-2.521773,5.84343420583476,47.9961,/T
2031-Nov-03 00:00,,,267.32576,-23.30449,-1.928,5.441,355.205773,-2.516884,5.85465130003080,47.1841,/T
2031-Nov-04 00:00,,,267.53249,-23.30974,-1.925,5.440,145.496101,-2.511961,5.86571865114046,46.3730,/T
2031-Nov-05 00:00,,,267.74075,-23.31474,-1.922,5.439,295.785796,-2.507002,5.87663407731655,45.5626,/T
2031-Nov-06 00:00,,,267.95052,-23.31946,-1.919,5.438,86.074888,-2.502008,5.88739491593649,44.7531,/T
2031-Nov-07 00:00,,,268.16177,-23.32392,-1.917,5.437,236.363410,-2.496979,5.89799971460196,43.9444,/T
2031-Nov-08 00:00,,,268.37448,-23.32810,-1.914,5.436,26.651406,-2.491914,5.90844526756120,43.1364,/T
2031-Nov-09 00:00,,,268.58861,-23.33199,-1.911,5.435,176.938901,-2.486812,5.91873094203256,42.3292,/T
2031-Nov-10 00:00,,,268.80414,-23.33558,-1.909,5.434,327.225932,-2.481674,5.92885409297193,41.5227,/T
2031-Nov-11 00:00,,,269.02107,-23.33887,-1.906,5.433,117.512520,-2.476499,5.93881231710232,40.7169,/T
2031-Nov-12 00:00,,,269.23936,-23.34186,-1.904,5.432,267.798719,-2.471286,5.94860307441658,39.9118,/T
2031-Nov-13 00:00,,,269.45898,-23.34453,-1.901,5.431,58.084556,-2.466035,5.95822397102404,39.1074,/T
2031-Nov-14 00:00,,,269.67992,-23.34689,-1.899,5.430,208.370072,-2.460746,5.96767347723124,38.3036,/T
2031-Nov-15 00:00,,,269.90215,-23.34893,-1.897,5.429,358.655308,-2.455417,5.97694846878850,37.5006,/T
2031-Nov-16 00:00,,,270.12562,-23.35064,-1.895,5.428,148.940295,-2.450048,5.98604849564739,36.6982,/T
2031-Nov-17 00:00,,,270.35032,-23.35204,-1.893,5.427,299.225072,-2.444639,5.99497111822589,35.8965,/T
2031-Nov-18 00:00,,m,270.57620,-23.35311,-1.890,5.426,89.509663,-2.439188,6.00371462989823,35.0955,/T
2031-Nov-19 00:00,,m,270.80323,-23.35384,-1.888,5.425,239.794120,-2.433696,6.01227662554004,34.2951,/T
2031-Nov-20 00:00,,m,271.03136,-23.35424,-1.886,5.424,30.078472,-2.428162,6.02065559921874,33.4955,/T
2031-Nov-21 00:00,,m,271.26056,-23.35430,-1.885,5.423,180.362759,-2.422585,6.02885056970208,32.6965,/T
2031-Nov-22 00:00,,m,271.49080,-23.35400,-1.883,5.422,330.647016,-2.416967,6.03685931162132,31.8981,/T
2031-Nov-23 00:00,,m,271.72204,-23.35335,-1.881,5.421,120.931274,-2.411306,6.04468214699943,31.1003,/T
2031-Nov-24 00:00,,m,271.95428,-23.35233,-1.879,5.420,271.215561,-2.405602,6.05231749002371,30.3031,/T
2031-Nov-25 00:00,,m,272.18749,-23.35094,-1.877,5.419,61.499896,-2.399857,6.05976469067436,29.5065,/T
2031-Nov-26 00:00,,m,272.42165,-23.34918,-1.876,5.419,211.784321,-2.394069,6.06702166853165,28.7105,/T
2031-Nov-27 00:00,,m,272.65675,-23.34706,-1.874,5.418,2.068857,-2.388239,6.07408769136933,27.9149,/T
2031-Nov-28 00:00,,m,272.89274,-23.34455,-1.873,5.417,152.353537,-2.382369,6.08096191552443,27.1199,/T
2031-Nov-29 00:00,,m,273.12961,-23.34168,-1.871,5.416,302.638387,-2.376457,6.08764251008293,26.3253,/T
2031-Nov-30 00:00,,m,273.36732,-23.33842,-1.870,5.415,92.923436,-2.370503,6.09412972438121,25.5311,/T
2031-Dec-01 00:00,,m,273.60585,-23.33479,-1.868,5.415,243.208706,-2.364509,6.10042206779168,24.7373,/T
2031-Dec-02 00:00,,,273.84517,-23.33077,-1.867,5.414,33.494212,-2.358474,6.10651904753855,23.9439,/T
2031-Dec-03 00:00,,,274.08526,-23.32636,-1.866,5.413,183.779992,-2.352398,6.11241817568522,23.1509,/T
2031-Dec-04 00:00,,,274.32610,-23.32157,-1.865,5.412,334.066065,-2.346281,6.11811876392905,22.3582,/T
2031-Dec-05 00:00,,,274.56764,-23.31637,-1.863,5.412,124.352468,-2.340124,6.12361950606376,21.5658,/T
2031-Dec-06 00:00,,,274.80988,-23.31078,-1.862,5.411,274.639223,-2.333927,6.12891858989031,20.7736,/T
2031-Dec-07 00:00,,,275.05277,-23.30479,-1.861,5.410,64.926365,-2.327689,6.13401580539774,19.9818,/T
2031-Dec-08 00:00,,,275.29631,-23.29839,-1.860,5.410,215.213915,-2.321410,6.13890966513050,19.1902,/T
2031-Dec-09 00:00,,,275.54048,-23.29158,-1.859,5.409,5.501891,-2.315091,6.14359972810638,18.3988,/T
2031-Dec-10 00:00,,,275.78525,-23.28436,-1.858,5.408,155.790334,-2.308730,6.14808325992678,17.6077,/T
2031-Dec-11 00:00,,,276.03060,-23.27673,-1.858,5.408,306.079267,-2.302329,6.15235973207830,16.8168,/T
2031-Dec-12 00:00,,,276.27651,-23.26868,-1.857,5.407,96.368728,-2.295886,6.15642762275525,16.0261,/T
2031-Dec-13 00:00,,,276.52295,-23.26023,-1.856,5.407,246.658743,-2.289403,6.16028549792774,15.2356,/T
2031-Dec-14 00:00,,,276.76988,-23.25137,-1.855,5.406,36.949353,-2.282877,6.16393301765558,14.4454,/T
2031-Dec-15 00:00,,,277.01728,-23.24211,-1.855,5.406,187.240580,-2.276310,6.16736925197461,13.6553,/T
2031-Dec-16 00:00,,,277.26509,-23.23244,-1.854,5.405,337.532448,-2.269699,6.17059434242634,12.8655,/T
2031-Dec-17 00:00,,m,277.51329,-23.22237,-1.854,5.405,127.824993,-2.263047,6.17360613635607,12.0759,/T
2031-Dec-18 00:00,,m,277.76184,-23.21189,-1.853,5.404,278.118241,-2.256353,6.17640501558841,11.2866,/T
2031-Dec-19 00:00,,m,278.01069,-23.20100,-1.853,5.404,68.412226,-2.249617,6.17899013274975,10.4974,/T
2031-Dec-20 00:00,,m,278.25985,-23.18969,-1.852,5.404,218.706968,-2.242840,6.18136127899018,9.7085,/T
2031-Dec-21 00:00,,m,278.50926,-23.17797,-1.852,5.403,9.002504,-2.236022,6.18351864755896,8.9199,/T
2031-Dec-22 00:00,,m,278.75892,-23.16584,-1.852,5.403,159.298848,-2.229163,6.18546239695736,8.1314,/T
2031-Dec-23 00:00,,m,279.00881,-23.15329,-1.851,5.403,309.596016,-2.222264,6.18719336892588,7.3431,/T
2031-Dec-24 00:00,,m,279.25892,-23.14033,-1.851,5.402,99.894034,-2.215326,6.18870997155896,6.5550,/T
2031-Dec-25 00:00,,m,279.50921,-23.12695,-1.851,5.402,250.192920,-2.208349,6.19001296765330,5.7671,/T
2031-Dec-26 00:00,,m,279.75967,-23.11318,-1.851,5.402,40.492705,-2.201334,6.19110152792279,4.9792,/T
2031-Dec-27 00:00,,m,280.01026,-23.09899,-1.851,5.401,190.793399,-2.194282,6.19197578976085,4.1915,/T
2031-Dec-28 00:00,,m,280.26095,-23.08440,-1.851,5.401,341.095040,-2.187193,6.19263554030115,3.4039,/T
2031-Dec-29 00:00,,m,280.51172,-23.06941,-1.851,5.401,131.397638,-2.180067,6.19308116499089,2.6163,/T
2031-Dec-30 00:00,,m,280.76254,-23.05402,-1.851,5.401,281.701209,-2.172905,6.19331337360996,1.8288,/T
2031-Dec-31 00:00,,m,281.01343,-23.03822,-1.851,5.401,72.005773,-2.165708,6.19333065310154,1.0413,/T
2032-Jan-01 00:00,,,281.26416,-23.02204,-1.851,5.401,222.311352,-2.158476,6.19313364932004,0.2537,/T
2032-Jan-02 00:00,,,281.51475,-23.00546,-1.852,5.401,12.617974,-2.151210,6.19272136621709,0.5343,/L
2032-Jan-03 00:00,,,281.76565,-22.98847,-1.852,5.400,162.925652,-2.143909,6.19209412646554,1.3218,/L
2032-Jan-04 00:00,,,282.01639,-22.97107,-1.852,5.400,313.234421,-2.136574,6.19125128539024,2.1094,/L
2032-Jan-05 00:00,,,282.26701,-22.95329,-1.853,5.400,103.544294,-2.129206,6.19019345454572,2.8972,/L
2032-Jan-06 00:00,,,282.51752,-22.93511,-1.854,5.400,253.855292,-2.121804,6.18892117609439,3.6852,/L
2032-Jan-07 00:00,,,282.76790,-22.91654,-1.854,5.400,44.167432,-2.114369,6.18743314476936,4.4732,/L
2032-Jan-08 00:00,,,283.01814,-22.89758,-1.855,5.400,194.480741,-2.106901,6.18572983948538,5.2614,/L
2032-Jan-09 00:00,,,283.26820,-22.87823,-1.855,5.400,344.795247,-2.099400,6.18381022090939,6.0497,/L
2032-Jan-10 00:00,,,283.51807,-22.85852,-1.856,5.400,135.110967,-2.091866,6.18167482446235,6.8382,/L
2032-Jan-11 00:00,,,283.76769,-22.83843,-1.857,5.400,285.427943,-2.084301,6.17932277642299,7.6268,/L
2032-Jan-12 00:00,,,284.01705,-22.81798,-1.858,5.400,75.746190,-2.076703,6.17675515862875,8.4156,/L
2032-Jan-13 00:00,,,284.26610,-22.79718,-1.859,5.400,226.065736,-2.069073,6.17397273922695,9.2045,/L
2032-Jan-14 00:00,,,284.51480,-22.77602,-1.860,5.400,16.386596,-2.061412,6.17097512405061,9.9936,/L
2032-Jan-15 00:00,,m,284.76312,-22.75450,-1.861,5.400,166.708802,-2.053719,6.16776335782717,10.7828,/L
2032-Jan-16 00:00,,m,285.01103,-22.73264,-1.862,5.400,317.032377,-2.045997,6.16433738041688,11.5721,/L
2032-Jan-17 00:00,,m,285.25852,-22.71042,-1.863,5.400,107.357336,-2.038246,6.16069886176140,12.3616,/L
2032-Jan-18 00:00,,m,285.50555,-22.68786,-1.864,5.400,257.683715,-2.030466,6.15684769762618,13.1512,/L
2032-Jan-19 00:00,,m,285.75211,-22.66496,-1.865,5.401,48.011521,-2.022660,6.15278611897503,13.9409,/L
2032-Jan-20 00:00,,m,285.99817,-22.64173,-1.866,5.401,198.340775,-2.014826,6.14851552163850,14.7308,/L
2032-Jan-21 00:00,,m,286.24373,-22.61817,-1.868,5.401,348.671480,-2.006967,6.14403651042442,15.5208,/L
2032-Jan-22 00:00,,m,286.48875,-22.59429,-1.869,5.401,139.003662,-1.999084,6.13935026403248,16.3111,/L
2032-Jan-23 00:00,,m,286.73321,-22.57009,-1.870,5.402,289.337333,-1.991178,6.13445703998365,17.1015,/L
2032-Jan-24 00:00,,m,286.97708,-22.54558,-1.872,5.402,79.672507,-1.983249,6.12935856710160,17.8921,/L
2032-Jan-25 00:00,,m,287.22034,-22.52077,-1.873,5.402,230.009212,-1.975298,6.12405447659350,18.6830,/L
2032-Jan-26 00:00,,m,287.46295,-22.49567,-1.875,5.403,20.347456,-1.967327,6.11854695304466,19.4741,/L
2032-Jan-27 00:00,,m,287.70489,-22.47027,-1.876,5.403,170.687259,-1.959336,6.11283701491227,20.2656,/L
2032-Jan-28 00:00,,m,287.94615,-22.44459,-1.878,5.403,321.028623,-1.951326,6.10692547879778,21.0573,/L
2032-Jan-29 00:00,,m,288.18668,-22.41863,-1.880,5.404,111.371573,-1.943297,6.10081304275285,21.8494,/L
2032-Jan-30 00:00,,,288.42649,-22.39238,-1.881,5.404,261.716125,-1.935251,6.09449999685467,22.6418,/L
2032-Jan-31 00:00,,,288.66554,-22.36586,-1.883,5.405,52.062295,-1.927188,6.08798790331610,23.4347,/L
2032-Feb-01 00:00,,,288.90381,-22.33908,-1.885,5.405,202.410109,-1.919109,6.08127624576405,24.2279,/L
2032-Feb-02 00:00,,,289.14128,-22.31203,-1.887,5.405,352.759583,-1.911014,6.07436720509674,25.0216,/L
2032-Feb-03 00:00,,,289.37792,-22.28473,-1.889,5.406,143.110738,-1.902904,6.06726165066248,25.8157,/L
2032-Feb-04 00:00,,,289.61373,-22.25718,-1.891,5.406,293.463577,-1.894780,6.05996085512826,26.6103,/L
2032-Feb-05 00:00,,,289.84868,-22.22940,-1.893,5.407,83.818130,-1.886641,6.05246529632663,27.4054,/L
2032-Feb-06 00:00,,,290.08274,-22.20139,-1.895,5.407,234.174413,-1.878489,6.04477561547986,28.2011,/L
2032-Feb-07 00:00,,,290.31589,-22.17316,-1.897,5.408,24.532447,-1.870323,6.03689340960573,28.9972,/L
2032-Feb-08 00:00,,,290.54809,-22.14472,-1.899,5.409,174.892258,-1.862146,6.02881840737805,29.7939,/L
2032-Feb-09 00:00,,,290.77930,-22.11608,-1.902,5.409,325.253868,-1.853957,6.02055301681656,30.5912,/L
2032-Feb-10 00:00,,,291.00948,-22.08726,-1.904,5.410,115.617302,-1.845757,6.01209839151458,31.3891,/L
2032-Feb-11 00:00,,,291.23861,-22.05826,-1.906,5.410,265.982564,-1.837546,6.00345671570348,32.1875,/L
2032-Feb-12 00:00,,,291.46664,-22.02908,-1.909,5.411,56.349686,-1.829326,5.99462886369279,32.9865,/L
2032-Feb-13 00:00,,m,291.69356,-21.99974,-1.911,5.412,206.718679,-1.821098,5.98561653931228,33.7860,/L
2032-Feb-14 00:00,A,m,291.91934,-21.97022,-1.914,5.412,357.089566,-1.812864,5.97642204073799,34.5861,/L
2032-Feb-15 00:00,A,m,292.14397,-21.94056,-1.917,5.413,147.462363,-1.804625,5.96704612747379,35.3867,/L
2032-Feb-16 00:00,A,m,292.36741,-21.91074,-1.919,5.414,297.837091,-1.796381,5.95749189669619,36.1879,/L
2032-Feb-17 00:00,A,m,292.58965,-21.88079,-1.922,5.414,88.213765,-1.788136,5.94776117004077,36.9896,/L
2032-Feb-18 00:00,A,m,292.81068,-21.85072,-1.925,5.415,238.592382,-1.779888,5.93785702054832,37.7919,/L
2032-Feb-19 00:00,A,m,293.03044,-21.82054,-1.928,5.416,28.972967,-1.771641,5.92778047819959,38.5949,/L
2032-Feb-20 00:00,A,m,293.24894,-21.79025,-1.931,5.416,179.355523,-1.763395,5.91753372579887,39.3984,/L
2032-Feb-21 00:00,A,m,293.46613,-21.75986,-1.934,5.417,329.740070,-1.755152,5.90711891422577,40.2026,/L
2032-Feb-22 00:00,A,m,293.68200,-21.72939,-1.937,5.418,120.126617,-1.746913,5.89653699238703,41.0074,/L
2032-Feb-23 00:00,A,m,293.89650,-21.69884,-1.940,5.418,270.515186,-1.738679,5.88579072558166,41.8130,/L
2032-Feb-24 00:00,A,m,294.10961,-21.66823,-1.943,5.419,60.905789,-1.730451,5.87488180357909,42.6192,/L
2032-Feb-25 00:00,A,m,294.32132,-21.63755,-1.946,5.420,211.298425,-1.722229,5.86381338860474,43.4262,/L
2032-Feb-26 00:00,A,m,294.53161,-21.60683,-1.949,5.421,1.693116,-1.714016,5.85258618019985,44.2340,/L
2032-Feb-27 00:00,A,m,294.74045,-21.57606,-1.953,5.421,152.089866,-1.705811,5.84120242492575,45.0425,/L
2032-Feb-28 00:00,A,,294.94782,-21.54525,-1.956,5.422,302.488697,-1.697616,5.82966385049350,45.8519,/L
2032-Feb-29 00:00,A,,295.15370,-21.51441,-1.960,5.423,92.889619,-1.689432,5.81797150554196,46.6621,/L
2032-Mar-01 00:00,A,,295.35808,-21.48356,-1.963,5.424,243.292658,-1.681259,5.80612767984453,47.4733,/L
2032-Mar-02 00:00,A,,295.56092,-21.45270,-1.967,5.424,33.697829,-1.673099,5.79413398112714,48.2854,/L
2032-Mar-03 00:00,A,,295.76221,-21.42185,-1.970,5.425,184.105139,-1.664952,5.78199362933087,49.0984,/L
2032-Mar-04 00:00,A,,295.96192,-21.39101,-1.974,5.426,334.514610,-1.656818,5.76970722046904,49.9124,/L
2032-Mar-05 00:00,A,,296.16002,-21.36021,-1.978,5.427,124.926252,-1.648700,5.75727725851474,50.7275,/L
2032-Mar-06 00:00,A,,296.35649,-21.32945,-1.982,5.427,275.340094,-1.640596,5.74470539585803,51.5436,/L
2032-Mar-07 00:00,A,,296.55130,-21.29874,-1.986,5.428,65.756145,-1.632510,5.73199327625228,52.3608,/L
2032-Mar-08 00:00,A,,296.74438,-21.26811,-1.990,5.429,216.174439,-1.624440,5.71914323616253,53.1791,/L
2032-Mar-09 00:00,A,,296.93571,-21.23756,-1.994,5.429,6.594994,-1.616389,5.70615752605574,53.9985,/L
2032-Mar-10 00:00,A,,297.12526,-21.20710,-1.998,5.430,157.017819,-1.608358,5.69304008698324,54.8191,/L
2032-Mar-11 00:00,A,,297.31299,-21.17674,-2.002,5.431,307.442934,-1.600348,5.67979232326139,55.6408,/L
2032-Mar-12 00:00,A,,297.49889,-21.14649,-2.006,5.432,97.870349,-1.592360,5.66641775987923,56.4636,/L
2032-Mar-13 00:00,A,m,297.68292,-21.11636,-2.011,5.432,248.300088,-1.584396,5.65291876151931,57.2876,/L
2032-Mar-14 00:00,N,m,297.86509,-21.08636,-2.015,5.433,38.732151,-1.576458,5.63929819632277,58.1127,/L
2032-Mar-15 00:00,N,m,298.04535,-21.05649,-2.020,5.434,189.166569,-1.568548,5.62555881901939,58.9390,/L
2032-Mar-16 00:00,N,m,298.22369,-21.02679,-2.024,5.434,339.603348,-1.560667,5.61170366300667,59.7665,/L
2032-Mar-17 00:00,N,m,298.40006,-20.99725,-2.029,5.435,130.042494,-1.552816,5.59773706808702,60.5951,/L
2032-Mar-18 00:00,N,m,298.57446,-20.96789,-2.033,5.436,280.484015,-1.544998,5.58366079217891,61.4250,/L
2032-Mar-19 00:00,N,m,298.74686,-20.93872,-2.038,5.436,70.927917,-1.537214,5.56947848978868,62.2560,/L
2032-Mar-20 00:00,N,m,298.91722,-20.90976,-2.043,5.437,221.374218,-1.529464,5.55519229193589,63.0883,/L
2032-Mar-21 00:00,N,m,299.08552,-20.88101,-2.048,5.438,11.822917,-1.521751,5.54080523528550,63.9219,/L
2032-Mar-22 00:00,N,m,299.25174,-20.85249,-2.053,5.438,162.274042,-1.514077,5.52631952846923,64.7567,/L
2032-Mar-23 00:00,N,m,299.41583,-20.82420,-2.058,5.439,312.727598,-1.506441,5.51173820467048,65.5929,/L
2032-Mar-24 00:00,N,m,299.57778,-20.79616,-2.063,5.439,103.183597,-1.498845,5.49706533096149,66.4304,/L
2032-Mar-25 00:00,N,m,299.73758,-20.76837,-2.068,5.440,253.642042,-1.491290,5.48230275161739,67.2694,/L
2032-Mar-26 00:00,N,m,299.89519,-20.74084,-2.073,5.441,44.102942,-1.483778,5.46745401807631,68.1097,/L
2032-Mar-27 00:00,N,m,300.05061,-20.71359,-2.079,5.441,194.566316,-1.476309,5.45252107538020,68.9516,/L
2032-Mar-28 00:00,N,,300.20381,-20.68662,-2.084,5.442,345.032162,-1.468884,5.43750715679200,69.7949,/L
2032-Mar-29 00:00,N,,300.35477,-20.65995,-2.089,5.442,135.500510,-1.461505,5.42241404821361,70.6397,/L
2032-Mar-30 00:00,N,,300.50346,-20.63359,-2.095,5.443,285.971369,-1.454171,5.40724486752989,71.4862,/L
2032-Mar-31 00:00,N,,300.64985,-20.60755,-2.101,5.443,76.444754,-1.446884,5.39200340564393,72.3343,/L
2032-Apr-01 00:00,N,,300.79394,-20.58185,-2.106,5.443,226.920671,-1.439645,5.37669173738518,73.1841,/L
2032-Apr-02 00:00,N,,300.93567,-20.55650,-2.112,5.444,17.399134,-1.432455,5.36131334112216,74.0355,/L
2032-Apr-03 00:00,N,,301.07503,-20.53151,-2.118,5.444,167.880163,-1.425314,5.34587022447349,74.8888,/L
2032-Apr-04 00:00,N,,301.21197,-20.50690,-2.124,5.445,318.363763,-1.418224,5.33036605086676,75.7438,/L
2032-Apr-05 00:00,N,,301.34646,-20.48268,-2.129,5.445,108.849967,-1.411186,5.31480267091923,76.6006,/L
2032-Apr-06 00:00,N,,301.47846,-20.45886,-2.135,5.445,259.338786,-1.404202,5.29918385204858,77.4593,/L
2032-Apr-07 00:00,N,,301.60793,-20.43546,-2.142,5.446,49.830241,-1.397272,5.28351377989624,78.3199,/L
2032-Apr-08 00:00,N,,301.73485,-20.41247,-2.148,5.446,200.324332,-1.390398,5.26779564172522,79.1823,/L
2032-Apr-09 00:00,N,,301.85920,-20.38992,-2.154,5.446,350.821077,-1.383582,5.25203364743386,80.0467,/L
2032-Apr-10 00:00,N,,301.98096,-20.36781,-2.160,5.446,141.320484,-1.376826,5.23623077222039,80.9130,/L
2032-Apr-11 00:00,N,m,302.10011,-20.34615,-2.166,5.447,291.822556,-1.370131,5.22039174196310,81.7812,/L
2032-Apr-12 00:00,C,m,302.21662,-20.32495,-2.173,5.447,82.327312,-1.363499,5.20451903138763,82.6514,/L
2032-Apr-13 00:00,C,m,302.33047,-20.30423,-2.179,5.447,232.834754,-1.356933,5.18861721243254,83.5235,/L
2032-Apr-14 00:00,C,m,302.44162,-20.28401,-2.186,5.447,23.344897,-1.350434,5.17269068760760,84.3975,/L
2032-Apr-15 00:00,C,m,302.55006,-20.26428,-2.192,5.447,173.857726,-1.344002,5.15674329593965,85.2736,/L
2032-Apr-16 00:00,C,m,302.65576,-20.24507,-2.199,5.447,324.373253,-1.337640,5.14077913260981,86.1516,/L
2032-Apr-17 00:00,C,m,302.75869,-20.22637,-2.206,5.447,114.891476,-1.331349,5.12480119527237,87.0317,/L
2032-Apr-18 00:00,C,m,302.85884,-20.20821,-2.213,5.447,265.412394,-1.325130,5.10881407379243,87.9137,/L
2032-Apr-19 00:00,C,m,302.95619,-20.19059,-2.219,5.447,55.936020,-1.318985,5.09281984923832,88.7979,/L
2032-Apr-20 00:00,C,m,303.05070,-20.17351,-2.226,5.447,206.462355,-1.312914,5.07682286232887,89.6841,/L
2032-Apr-21 00:00,C,m,303.14235,-20.15698,-2.233,5.447,356.991412,-1.306919,5.06082693727614,90.5724,/L
2032-Apr-22 00:00,C,m,303.23114,-20.14102,-2.240,5.447,147.523177,-1.301001,5.04483601648936,91.4629,/L
2032-Apr-23 00:00,C,m,303.31704,-20.12563,-2.247,5.446,298.057662,-1.295160,5.02885372683360,92.3556,/L
2032-Apr-24 00:00,C,m,303.40004,-20.11082,-2.255,5.446,88.594864,-1.289397,5.01288303370598,93.2505,/L
2032-Apr-25 00:00,C,m,303.48013,-20.09659,-2.262,5.446,239.134783,-1.283713,4.99692836006184,94.1476,/L
2032-Apr-26 00:00,C,,303.55730,-20.08295,-2.269,5.446,29.677430,-1.278110,4.98099164890424,95.0471,/L
2032-Apr-27 00:00,C,,303.63151,-20.06992,-2.276,5.445,180.222810,-1.272587,4.96507718211421,95.9488,/L
2032-Apr-28 00:00,C,,303.70274,-20.05751,-2.284,5.445,330.770940,-1.267145,4.94918849939268,96.8530,/L
2032-Apr-29 00:00,C,,303.77097,-20.04573,-2.291,5.445,121.321803,-1.261785,4.93332994393074,97.7596,/L
2032-Apr-30 00:00,C,,303.83618,-20.03459,-2.298,5.444,271.875416,-1.256507,4.91750502026274,98.6686,/L
2032-May-01 00:00,C,,303.89833,-20.02409,-2.306,5.444,62.431773,-1.251313,4.90171712213250,99.5802,/L
2032-May-02 00:00,C,,303.95741,-20.01425,-2.313,5.443,212.990879,-1.246202,4.88597091859934,100.4943,/L
2032-May-03 00:00,C,,304.01338,-20.00508,-2.321,5.443,3.552739,-1.241178,4.87026886982032,101.4110,/L
2032-May-04 00:00,C,,304.06621,-19.99657,-2.328,5.442,154.117358,-1.236240,4.85461576086339,102.3303,/L
2032-May-05 00:00,C,,304.11588,-19.98875,-2.336,5.442,304.684750,-1.231389,4.83901554757175,103.2522,/L
2032-May-06 00:00,C,,304.16239,-19.98160,-2.344,5.441,95.254892,-1.226628,4.82347359588076,104.1768,/L
2032-May-07 00:00,C,,304.20571,-19.97513,-2.351,5.441,245.827792,-1.221958,4.80799390113242,105.1041,/L
2032-May-08 00:00,C,,304.24585,-19.96936,-2.359,5.440,36.403435,-1.217379,4.79258080197177,106.0340,/L
2032-May-09 00:00,*,,304.28278,-19.96428,-2.367,5.439,186.981816,-1.212894,4.77723947204513,106.9666,/L
2032-May-10 00:00,*,m,304.31651,-19.95989,-2.375,5.438,337.562923,-1.208504,4.76197308596893,107.9018,/L
2032-May-11 00:00,*,m,304.34702,-19.95622,-2.383,5.438,128.146750,-1.204211,4.74678674507725,108.8398,/L
2032-May-12 00:00,*,m,304.37428,-19.95326,-2.390,5.437,278.733295,-1.200015,4.73168451412611,109.7804,/L
2032-May-13 00:00,*,m,304.39828,-19.95101,-2.398,5.436,69.322526,-1.195918,4.71667215597027,110.7237,/L
2032-May-14 00:00,*,m,304.41902,-19.94949,-2.406,5.435,219.914437,-1.191920,4.70175345287785,111.6696,/L
2032-May-15 00:00,*,m,304.43649,-19.94869,-2.414,5.434,10.508999,-1.188022,4.68693285992786,112.6183,/L
2032-May-16 00:00,*,m,304.45069,-19.94860,-2.422,5.433,161.106199,-1.184225,4.67221513448642,113.5696,/L
2032-May-17 00:00,*,m,304.46162,-19.94924,-2.430,5.432,311.706012,-1.180530,4.65760339456431,114.5235,/L
2032-May-18 00:00,*,m,304.46926,-19.95059,-2.438,5.431,102.308425,-1.176936,4.64310223722779,115.4802,/L
2032-May-19 00:00,*,m,304.47363,-19.95267,-2.445,5.430,252.913428,-1.173446,4.62871525029383,116.4395,/L
2032-May-20 00:00,*,m,304.47472,-19.95546,-2.453,5.429,43.520984,-1.170057,4.61444800788269,117.4016,/L
2032-May-21 00:00,*,m,304.47253,-19.95897,-2.461,5.428,194.131079,-1.166771,4.60030373869630,118.3664,/L
2032-May-22 00:00,*,m,304.46710,-19.96319,-2.469,5.427,344.743678,-1.163588,4.58628672780532,119.3338,/L
2032-May-23 00:00,*,m,304.45841,-19.96813,-2.477,5.426,135.358765,-1.160507,4.57240110014703,120.3041,/L
2032-May-24 00:00,*,m,304.44649,-19.97377,-2.485,5.425,285.976306,-1.157529,4.55864986063981,121.2770,/L
2032-May-25 00:00,*,m,304.43132,-19.98012,-2.492,5.424,76.596289,-1.154653,4.54503701219551,122.2527,/L
2032-May-26 00:00,*,,304.41292,-19.98719,-2.500,5.423,227.218699,-1.151880,4.53156577138438,123.2313,/L
2032-May-27 00:00,*,,304.39127,-19.99497,-2.508,5.422,17.843501,-1.149208,4.51824159848667,124.2126,/L
2032-May-28 00:00,*,,304.36638,-20.00346,-2.516,5.420,168.470676,-1.146638,4.50506752888479,125.1967,/L
2032-May-29 00:00,*,,304.33825,-20.01267,-2.523,5.419,319.100186,-1.144169,4.49204812172655,126.1837,/L
2032-May-30 00:00,*,,304.30687,-20.02258,-2.531,5.418,109.732015,-1.141802,4.47918750519095,127.1736,/L
2032-May-31 00:00,*,,304.27227,-20.03318,-2.539,5.417,260.366116,-1.139537,4.46648940643917,128.1664,/L
2032-Jun-01 00:00,*,,304.23444,-20.04448,-2.546,5.415,51.002474,-1.137374,4.45395809792126,129.1620,/L
2032-Jun-02 00:00,*,,304.19340,-20.05647,-2.554,5.414,201.641058,-1.135314,4.44159740319960,130.1605,/L
2032-Jun-03 00:00,*,,304.14916,-20.06913,-2.561,5.413,352.281822,-1.133357,4.42941342252987,131.1619,/L
2032-Jun-04 00:00,*,,304.10176,-20.08245,-2.568,5.412,142.924729,-1.131503,4.41740972223868,132.1661,/L
2032-Jun-05 00:00,*,,304.05123,-20.09644,-2.576,5.410,293.569721,-1.129753,4.40559148161557,133.1731,/L
2032-Jun-06 00:00,*,,303.99758,-20.11108,-2.583,5.409,84.216761,-1.128106,4.39396289845757,134.1829,/L
2032-Jun-07 00:00,*,,303.94086,-20.12636,-2.590,5.408,234.865781,-1.126564,4.38252814718096,135.1955,/L
2032-Jun-08 00:00,*,m,303.88108,-20.14227,-2.597,5.406,25.516743,-1.125125,4.37129113471856,136.2108,/L
2032-Jun-09 00:00,*,m,303.81828,-20.15881,-2.604,5.405,176.169597,-1.123791,4.36025546432326,137.2287,/L
2032-Jun-10 00:00,*,m,303.75248,-20.17596,-2.611,5.404,326.824283,-1.122560,4.34942673587535,138.2493,/L
2032-Jun-11 00:00,*,m,303.68371,-20.19371,-2.618,5.403,117.480741,-1.121432,4.33880798386845,139.2725,/L
2032-Jun-12 00:00,*,m,303.61202,-20.21205,-2.624,5.401,268.138902,-1.120407,4.32840384557192,140.2981,/L
2032-Jun-13 00:00,*,m,303.53745,-20.23096,-2.631,5.400,58.798716,-1.119483,4.31821760935296,141.3263,/L
2032-Jun-14 00:00,*,m,303.46005,-20.25043,-2.637,5.399,209.460100,-1.118659,4.30825305331925,142.3569,/L
2032-Jun-15 00:00,*,m,303.37987,-20.27043,-2.644,5.397,0.123006,-1.117935,4.29851307504372,143.3899,/L
2032-Jun-16 00:00,*,m,303.29694,-20.29095,-2.650,5.396,150.787371,-1.117309,4.28900065654790,144.4253,/L
2032-Jun-17 00:00,*,m,303.21132,-20.31199,-2.656,5.395,301.453130,-1.116780,4.27972055109997,145.4630,/L
2032-Jun-18 00:00,*,m,303.12307,-20.33352,-2.662,5.394,92.120210,-1.116346,4.27067519449866,146.5029,/L
2032-Jun-19 00:00,*,m,303.03226,-20.35552,-2.668,5.392,242.788537,-1.116005,4.26186857371216,147.5451,/L
2032-Jun-20 00:00,*,m,302.93892,-20.37797,-2.674,5.391,33.458049,-1.115757,4.25330309623992,148.5895,/L
2032-Jun-21 00:00,*,m,302.84315,-20.40087,-2.680,5.390,184.128655,-1.115598,4.24498211543962,149.6360,/L
2032-Jun-22 00:00,*,m,302.74498,-20.42420,-2.685,5.389,334.800303,-1.115528,4.23690752440755,150.6845,/L
2032-Jun-23 00:00,*,m,302.64447,-20.44794,-2.690,5.388,125.472921,-1.115545,4.22908171113903,151.7352,/L
2032-Jun-24 00:00,*,,302.54166,-20.47209,-2.695,5.387,276.146445,-1.115645,4.22150855647313,152.7879,/L
2032-Jun-25 00:00,*,,302.43660,-20.49662,-2.700,5.386,66.820794,-1.115829,4.21419009434129,153.8426,/L
2032-Jun-26 00:00,*,,302.32936,-20.52151,-2.705,5.384,217.495894,-1.116093,4.20712987807924,154.8993,/L
2032-Jun-27 00:00,*,,302.21999,-20.54676,-2.710,5.383,8.171675,-1.116437,4.20032993629822,155.9580,/L
2032-Jun-28 00:00,*,,302.10856,-20.57233,-2.715,5.382,158.848044,-1.116859,4.19379378523679,157.0185,/L
2032-Jun-29 00:00,*,,301.99514,-20.59820,-2.719,5.381,309.524938,-1.117358,4.18752311062174,158.0809,/L
2032-Jun-30 00:00,*,,301.87980,-20.62435,-2.723,5.380,100.202270,-1.117933,4.18152054835706,159.1451,/L
2032-Jul-01 00:00,*,,301.76261,-20.65078,-2.727,5.380,250.879970,-1.118583,4.17578983386193,160.2111,/L
2032-Jul-02 00:00,*,,301.64366,-20.67744,-2.731,5.379,41.557935,-1.119305,4.17033326807565,161.2787,/L
2032-Jul-03 00:00,*,,301.52303,-20.70433,-2.735,5.378,192.236076,-1.120100,4.16515425764790,162.3479,/L
2032-Jul-04 00:00,*,,301.40080,-20.73142,-2.738,5.377,342.914305,-1.120965,4.16025451346869,163.4186,/L
2032-Jul-05 00:00,*,,301.27707,-20.75869,-2.741,5.376,133.592508,-1.121898,4.15563730223375,164.4907,/L
2032-Jul-06 00:00,*,,301.15191,-20.78613,-2.744,5.376,284.270603,-1.122899,4.15130345568477,165.5641,/L
2032-Jul-07 00:00,*,,301.02541,-20.81371,-2.747,5.375,74.948491,-1.123964,4.14725490341274,166.6386,/L
2032-Jul-08 00:00,*,m,300.89764,-20.84141,-2.750,5.374,225.626088,-1.125093,4.14349407527155,167.7143,/L
2032-Jul-09 00:00,*,m,300.76871,-20.86921,-2.753,5.374,16.303279,-1.126282,4.14002239384727,168.7908,/L
2032-Jul-10 00:00,*,m,300.63870,-20.89708,-2.755,5.373,166.979971,-1.127529,4.13684191412514,169.8682,/L
2032-Jul-11 00:00,*,m,300.50772,-20.92501,-2.757,5.373,317.656063,-1.128832,4.13395305105013,170.9462,/L
2032-Jul-12 00:00,*,m,300.37587,-20.95297,-2.759,5.372,108.331446,-1.130188,4.13135788937571,172.0247,/L
2032-Jul-13 00:00,*,m,300.24324,-20.98092,-2.760,5.372,259.006030,-1.131595,4.12905579323639,173.1034,/L
2032-Jul-14 00:00,*,m,300.10994,-21.00887,-2.762,5.371,49.679717,-1.133049,4.12704750649486,174.1818,/L
2032-Jul-15 00:00,*,m,299.97605,-21.03677,-2.763,5.371,200.352429,-1.134549,4.12533386171650,175.2595,/L
2032-Jul-16 00:00,*,m,299.84169,-21.06462,-2.764,5.371,351.024055,-1.136090,4.12391533310365,176.3351,/L
2032-Jul-17 00:00,*,m,299.70695,-21.09239,-2.765,5.371,141.694505,-1.137669,4.12279263145571,177.4055,/L
2032-Jul-18 00:00,*,m,299.57194,-21.12007,-2.766,5.371,292.363685,-1.139285,4.12196510449217,178.4591,/L
2032-Jul-19 00:00,*,m,299.43675,-21.14763,-2.766,5.370,83.031493,-1.140933,4.12143384497791,179.3976,/L
2032-Jul-20 00:00,*,m,299.30150,-21.17506,-2.766,5.370,233.697848,-1.142611,4.12119714340838,179.1650,/T
2032-Jul-21 00:00,*,m,299.16625,-21.20234,-2.766,5.370,24.362657,-1.144316,4.12125491811589,178.1621,/T
2032-Jul-22 00:00,*,m,299.03109,-21.22947,-2.766,5.370,175.025856,-1.146044,4.12160684960471,177.1009,/T
2032-Jul-23 00:00,*,,298.89610,-21.25642,-2.766,5.370,325.687340,-1.147794,4.12225299928880,176.0279,/T
2032-Jul-24 00:00,*,,298.76137,-21.28319,-2.766,5.370,116.347032,-1.149562,4.12319331839453,174.9508,/T
2032-Jul-25 00:00,*,,298.62700,-21.30973,-2.765,5.370,267.004845,-1.151346,4.12442685437102,173.8719,/T
2032-Jul-26 00:00,*,,298.49307,-21.33605,-2.764,5.370,57.660684,-1.153145,4.12595442068839,172.7921,/T
2032-Jul-27 00:00,*,,298.35970,-21.36211,-2.763,5.370,208.314468,-1.154956,4.12777410914419,171.7120,/T
2032-Jul-28 00:00,*,,298.22698,-21.38790,-2.761,5.370,358.966110,-1.156777,4.12988571809964,170.6318,/T
2032-Jul-29 00:00,*,,298.09501,-21.41341,-2.760,5.370,149.615541,-1.158607,4.13228837758221,169.5518,/T
2032-Jul-30 00:00,*,,297.96389,-21.43863,-2.758,5.371,300.262658,-1.160444,4.13498207394813,168.4721,/T
2032-Jul-31 00:00,*,,297.83371,-21.46353,-2.756,5.371,90.907385,-1.162286,4.13796601504719,167.3929,/T
2032-Aug-01 00:00,*,,297.70457,-21.48810,-2.754,5.371,241.549628,-1.164130,4.14123870159991,166.3143,/T
2032-Aug-02 00:00,*,,297.57656,-21.51234,-2.752,5.372,32.189301,-1.165974,4.14480000905367,165.2364,/T
2032-Aug-03 00:00,*,,297.44979,-21.53622,-2.749,5.372,182.826319,-1.167816,4.14864710058073,164.1593,/T
2032-Aug-04 00:00,*,,297.32435,-21.55974,-2.746,5.373,333.460602,-1.169655,4.15277869643611,163.0832,/T
2032-Aug-05 00:00,*,,297.20029,-21.58288,-2.743,5.373,124.092092,-1.171487,4.15719249098981,162.0081,/T
2032-Aug-06 00:00,*,,297.07774,-21.60563,-2.740,5.374,274.720694,-1.173310,4.16188754745357,160.9341,/T
2032-Aug-07 00:00,*,m,296.95677,-21.62797,-2.737,5.374,65.346344,-1.175122,4.16686165478986,159.8614,/T
2032-Aug-08 00:00,*,m,296.83748,-21.64990,-2.734,5.375,215.968962,-1.176919,4.17211231441922,158.7900,/T
2032-Aug-09 00:00,*,m,296.71996,-21.67139,-2.730,5.376,6.588477,-1.178699,4.17763808811374,157.7201,/T
2032-Aug-10 00:00,*,m,296.60431,-21.69245,-2.726,5.376,157.204818,-1.180459,4.18343512192568,156.6516,/T
2032-Aug-11 00:00,C,m,296.49060,-21.71304,-2.722,5.377,307.817924,-1.182198,4.18950095936842,155.5848,/T
2032-Aug-12 00:00,C,m,296.37892,-21.73318,-2.718,5.378,98.427753,-1.183911,4.19583193355750,154.5197,/T
2032-Aug-13 00:00,C,m,296.26936,-21.75285,-2.714,5.379,249.034232,-1.185597,4.20242623491530,153.4562,/T
2032-Aug-14 00:00,C,m,296.16197,-21.77204,-2.709,5.379,39.637319,-1.187253,4.20928038907227,152.3946,/T
2032-Aug-15 00:00,C,m,296.05686,-21.79075,-2.704,5.380,190.236953,-1.188876,4.21639112486237,151.3349,/T
2032-Aug-16 00:00,C,m,295.95407,-21.80897,-2.700,5.381,340.833092,-1.190463,4.22375591060772,150.2772,/T
2032-Aug-17 00:00,C,m,295.85369,-21.82671,-2.695,5.382,131.425682,-1.192013,4.23137030934948,149.2214,/T
2032-Aug-18 00:00,C,m,295.75577,-21.84395,-2.689,5.383,282.014689,-1.193523,4.23923111610839,148.1677,/T
2032-Aug-19 00:00,C,m,295.66034,-21.86070,-2.684,5.384,72.600094,-1.194991,4.24733397200163,147.1161,/T
2032-Aug-20 00:00,C,m,295.56746,-21.87694,-2.679,5.385,223.181849,-1.196414,4.25567690584812,146.0665,/T
2032-Aug-21 00:00,C,m,295.47717,-21.89269,-2.673,5.386,13.759933,-1.197792,4.26425612918676,145.0191,/T
2032-Aug-22 00:00,C,m,295.38954,-21.90792,-2.668,5.387,164.334304,-1.199123,4.27306866043060,143.9739,/T
2032-Aug-23 00:00,C,,295.30461,-21.92263,-2.662,5.388,314.904938,-1.200405,4.28211195700842,142.9308,/T
2032-Aug-24 00:00,C,,295.22247,-21.93681,-2.656,5.389,105.471789,-1.201638,4.29138216056622,141.8899,/T
2032-Aug-25 00:00,C,,295.14315,-21.95047,-2.650,5.390,256.034835,-1.202821,4.30087623483470,140.8512,/T
2032-Aug-26 00:00,C,,295.06671,-21.96359,-2.644,5.391,46.594060,-1.203952,4.31058990194455,139.8147,/T
2032-Aug-27 00:00,C,,294.99319,-21.97619,-2.638,5.392,197.149426,-1.205031,4.32052131269019,138.7805,/T
2032-Aug-28 00:00,C,,294.92265,-21.98825,-2.631,5.393,347.700914,-1.206056,4.33066634074170,137.7485,/T
2032-Aug-29 00:00,C,,294.85513,-21.99977,-2.625,5.394,138.248488,-1.207027,4.34102180065936,136.7190,/T
2032-Aug-30 00:00,C,,294.79067,-22.01076,-2.619,5.395,288.792133,-1.207941,4.35158427118806,135.6918,/T
2032-Aug-31 00:00,N,,294.72932,-22.02121,-2.612,5.396,79.331814,-1.208799,4.36234944586241,134.6670,/T
2032-Sep-01 00:00,N,,294.67111,-22.03111,-2.605,5.397,229.867521,-1.209597,4.37331326621491,133.6447,/T
2032-Sep-02 00:00,N,,294.61607,-22.04047,-2.599,5.398,20.399251,-1.210336,4.38447052888261,132.6248,/T
2032-Sep-03 00:00,N,,294.56424,-22.04929,-2.592,5.399,170.926987,-1.211013,4.39581855100182,131.6076,/T
2032-Sep-04 00:00,N,,294.51564,-22.05755,-2.585,5.400,321.450728,-1.211627,4.40735232202334,130.5929,/T
2032-Sep-05 00:00,N,,294.47032,-22.06526,-2.578,5.401,111.970456,-1.212176,4.41906813102310,129.5807,/T
2032-Sep-06 00:00,N,,294.42830,-22.07242,-2.571,5.402,262.486179,-1.212658,4.43096165191753,128.5713,/T
2032-Sep-07 00:00,N,,294.38963,-22.07902,-2.564,5.403,52.997876,-1.213073,4.44302836505134,127.5645,/T
2032-Sep-08 00:00,N,m,294.35432,-22.08506,-2.557,5.404,203.505560,-1.213419,4.45526351495292,126.5604,/T
2032-Sep-09 00:00,N,m,294.32240,-22.09055,-2.550,5.405,354.009242,-1.213693,4.46766147623479,125.5591,/T
2032-Sep-10 00:00,N,m,294.29387,-22.09548,-2.542,5.405,144.508930,-1.213895,4.48021910770191,124.5605,/T
2032-Sep-11 00:00,N,m,294.26877,-22.09986,-2.535,5.406,295.004637,-1.214023,4.49293102943530,123.5647,/T
2032-Sep-12 00:00,N,m,294.24710,-22.10369,-2.528,5.407,85.496366,-1.214076,4.50579339418999,122.5716,/T
2032-Sep-13 00:00,N,m,294.22886,-22.10698,-2.521,5.408,235.984144,-1.214052,4.51880139015460,121.5814,/T
2032-Sep-14 00:00,N,m,294.21408,-22.10971,-2.513,5.409,26.467966,-1.213950,4.53195069963145,120.5939,/T
2032-Sep-15 00:00,N,m,294.20274,-22.11191,-2.506,5.410,176.947864,-1.213769,4.54523628306879,119.6093,/T
2032-Sep-16 00:00,N,m,294.19484,-22.11356,-2.499,5.411,327.423863,-1.213508,4.55865264057870,118.6275,/T
2032-Sep-17 00:00,N,m,294.19036,-22.11468,-2.491,5.411,117.895992,-1.213166,4.57219665569817,117.6484,/T
2032-Sep-18 00:00,N,m,294.18930,-22.11525,-2.484,5.412,268.364276,-1.212744,4.58586332075880,116.6721,/T
2032-Sep-19 00:00,A,m,294.19166,-22.11528,-2.477,5.413,58.828730,-1.212239,4.59964937322000,115.6985,/T
2032-Sep-20 00:00,A,m,294.19744,-22.11477,-2.469,5.414,209.289391,-1.211654,4.61355038453515,114.7276,/T
2032-Sep-21 00:00,A,m,294.20666,-22.11370,-2.462,5.414,359.746262,-1.210987,4.62756306576414,113.7594,/T
2032-Sep-22 00:00,A,,294.21932,-22.11209,-2.454,5.415,150.199377,-1.210238,4.64168284169704,112.7938,/T
2032-Sep-23 00:00,A,,294.23541,-22.10994,-2.447,5.415,300.648759,-1.209408,4.65590494707950,111.8309,/T
2032-Sep-24 00:00,A,,294.25492,-22.10724,-2.440,5.416,91.094440,-1.208497,4.67022647903171,110.8705,/T
2032-Sep-25 00:00,A,,294.27784,-22.10401,-2.432,5.417,241.536440,-1.207504,4.68464279132770,109.9127,/T
2032-Sep-26 00:00,A,,294.30418,-22.10024,-2.425,5.417,31.974779,-1.206428,4.69915069904842,108.9575,/T
2032-Sep-27 00:00,A,,294.33390,-22.09593,-2.418,5.418,182.409493,-1.205270,4.71374543672603,108.0049,/T
2032-Sep-28 00:00,A,,294.36701,-22.09109,-2.410,5.418,332.840588,-1.204029,4.72842371740059,107.0548,/T
2032-Sep-29 00:00,A,,294.40351,-22.08570,-2.403,5.419,123.268102,-1.202704,4.74318036363951,106.1072,/T
2032-Sep-30 00:00,A,,294.44338,-22.07977,-2.396,5.419,273.692064,-1.201295,4.75801033779810,105.1623,/T
2032-Oct-01 00:00,A,,294.48659,-22.07330,-2.389,5.419,64.112517,-1.199801,4.77290998146023,104.2199,/T
2032-Oct-02 00:00,A,,294.53316,-22.06628,-2.381,5.420,214.529488,-1.198221,4.78787439320956,103.2800,/T
2032-Oct-03 00:00,A,,294.58305,-22.05872,-2.374,5.420,4.943011,-1.196555,4.80289996707661,102.3427,/T
2032-Oct-04 00:00,A,,294.63626,-22.05062,-2.367,5.420,155.353128,-1.194802,4.81798147195542,101.4079,/T
2032-Oct-05 00:00,A,,294.69278,-22.04196,-2.360,5.420,305.759862,-1.192961,4.83311558407107,100.4756,/T
2032-Oct-06 00:00,A,,294.75260,-22.03276,-2.353,5.421,96.163258,-1.191030,4.84829674142449,99.5459,/T
2032-Oct-07 00:00,,,294.81571,-22.02301,-2.346,5.421,246.563353,-1.189011,4.86351995448095,98.6187,/T
2032-Oct-08 00:00,,m,294.88206,-22.01272,-2.339,5.421,36.960208,-1.186901,4.87878113744064,97.6941,/T
2032-Oct-09 00:00,,m,294.95164,-22.00189,-2.332,5.421,187.353856,-1.184701,4.89407563193467,96.7720,/T
2032-Oct-10 00:00,,m,295.02443,-21.99052,-2.325,5.421,337.744344,-1.182409,4.90939984516077,95.8523,/T
2032-Oct-11 00:00,,m,295.10038,-21.97862,-2.318,5.421,128.131721,-1.180024,4.92474870449205,94.9352,/T
2032-Oct-12 00:00,,m,295.17947,-21.96618,-2.311,5.421,278.516022,-1.177548,4.94011937595620,94.0206,/T
2032-Oct-13 00:00,,m,295.26167,-21.95320,-2.305,5.421,68.897297,-1.174978,4.95550661262049,93.1084,/T
2032-Oct-14 00:00,,m,295.34695,-21.93969,-2.298,5.421,219.275588,-1.172315,4.97090615385940,92.1986,/T
2032-Oct-15 00:00,,m,295.43525,-21.92565,-2.291,5.421,9.650962,-1.169560,4.98631414930667,91.2913,/T
2032-Oct-16 00:00,,m,295.52656,-21.91107,-2.285,5.421,160.023452,-1.166712,5.00172691133384,90.3863,/T
2032-Oct-17 00:00,,m,295.62085,-21.89595,-2.278,5.420,310.393109,-1.163772,5.01714145948953,89.4836,/T
2032-Oct-18 00:00,,m,295.71809,-21.88029,-2.272,5.420,100.759979,-1.160739,5.03255354390900,88.5832,/T
2032-Oct-19 00:00,,m,295.81826,-21.86408,-2.266,5.420,251.124094,-1.157615,5.04796120044742,87.6851,/T
2032-Oct-20 00:00,,m,295.92135,-21.84733,-2.259,5.420,41.485499,-1.154401,5.06335986116247,86.7891,/T
2032-Oct-21 00:00,,m,296.02734,-21.83003,-2.253,5.419,191.844227,-1.151095,5.07874604771664,85.8953,/T
2032-Oct-22 00:00,,,296.13617,-21.81220,-2.247,5.419,342.200339,-1.147700,5.09411594628182,85.0036,/T
2032-Oct-23 00:00,,,296.24783,-21.79383,-2.241,5.419,132.553864,-1.144216,5.10946639508251,84.1140,/T
2032-Oct-24 00:00,,,296.36227,-21.77492,-2.235,5.418,282.904849,-1.140641,5.12479427633559,83.2264,/T
2032-Oct-25 00:00,,,296.47948,-21.75546,-2.229,5.418,73.253333,-1.136977,5.14009536053086,82.3408,/T
2032-Oct-26 00:00,,,296.59941,-21.73547,-2.223,5.417,223.599353,-1.133222,5.15536750074846,81.4573,/T
2032-Oct-27 00:00,,,296.72204,-21.71493,-2.217,5.417,13.942948,-1.129378,5.17060595689516,80.5756,/T
2032-Oct-28 00:00,,,296.84736,-21.69384,-2.211,5.416,164.284157,-1.125443,5.18580719150914,79.6960,/T
2032-Oct-29 00:00,,,296.97532,-21.67220,-2.205,5.416,314.623041,-1.121419,5.20096682787664,78.8183,/T
2032-Oct-30 00:00,,,297.10590,-21.65001,-2.200,5.415,104.959633,-1.117303,5.21608182049302,77.9425,/T
2032-Oct-31 00:00,,,297.23906,-21.62727,-2.194,5.415,255.293983,-1.113097,5.23114868834774,77.0686,/T
2032-Nov-01 00:00,,,297.37480,-21.60397,-2.188,5.414,45.626133,-1.108799,5.24616326352711,76.1966,/T
2032-Nov-02 00:00,,,297.51306,-21.58012,-2.183,5.414,195.956126,-1.104410,5.26112321352111,75.3265,/T
2032-Nov-03 00:00,,,297.65385,-21.55571,-2.178,5.413,346.284003,-1.099928,5.27602386547637,74.4582,/T
2032-Nov-04 00:00,,,297.79712,-21.53074,-2.172,5.412,136.609806,-1.095354,5.29086175338414,73.5919,/T
2032-Nov-05 00:00,,,297.94284,-21.50522,-2.167,5.411,286.933601,-1.090687,5.30563216610365,72.7273,/T
2032-Nov-06 00:00,,,298.09098,-21.47915,-2.162,5.411,77.255425,-1.085928,5.32033233846413,71.8647,/T
2032-Nov-07 00:00,,m,298.24148,-21.45253,-2.157,5.410,227.575337,-1.081075,5.33495865252975,71.0038,/T
2032-Nov-08 00:00,,m,298.39432,-21.42537,-2.152,5.409,17.893379,-1.076130,5.34950736926053,70.1448,/T
2032-Nov-09 00:00,,m,298.54944,-21.39766,-2.147,5.408,168.209604,-1.071091,5.36397630939964,69.2876,/T
2032-Nov-10 00:00,,m,298.70681,-21.36940,-2.142,5.408,318.524053,-1.065959,5.37836150278243,68.4322,/T
2032-Nov-11 00:00,,m,298.86640,-21.34059,-2.137,5.407,108.836770,-1.060735,5.39266017692602,67.5785,/T
2032-Nov-12 00:00,,m,299.02815,-21.31123,-2.132,5.406,259.147819,-1.055419,5.40686813169734,66.7266,/T
2032-Nov-13 00:00,,m,299.19204,-21.28133,-2.128,5.405,49.457238,-1.050011,5.42098365269355,65.8764,/T
2032-Nov-14 00:00,,m,299.35802,-21.25086,-2.123,5.404,199.765081,-1.044513,5.43500380353257,65.0279,/T
2032-Nov-15 00:00,,m,299.52609,-21.21985,-2.118,5.403,350.071383,-1.038925,5.44892601963205,64.1810,/T
2032-Nov-16 00:00,,m,299.69620,-21.18828,-2.114,5.402,140.376192,-1.033248,5.46274874294224,63.3357,/T
2032-Nov-17 00:00,,m,299.86834,-21.15616,-2.110,5.401,290.679537,-1.027482,5.47646907304161,62.4920,/T
2032-Nov-18 00:00,,m,300.04247,-21.12348,-2.105,5.400,80.981453,-1.021629,5.49008487015219,61.6498,/T
2032-Nov-19 00:00,,m,300.21856,-21.09026,-2.101,5.399,231.281991,-1.015688,5.50359221207460,60.8091,/T
2032-Nov-20 00:00,,m,300.39656,-21.05649,-2.097,5.398,21.581183,-1.009661,5.51698973378817,59.9698,/T
2032-Nov-21 00:00,,,300.57645,-21.02217,-2.093,5.398,171.879076,-1.003547,5.53027433021438,59.1319,/T
2032-Nov-22 00:00,,,300.75820,-20.98730,-2.089,5.397,322.175699,-0.997348,5.54344356534170,58.2954,/T
2032-Nov-23 00:00,,,300.94175,-20.95189,-2.085,5.396,112.471098,-0.991063,5.55649532970242,57.4603,/T
2032-Nov-24 00:00,,,301.12710,-20.91592,-2.081,5.394,262.765298,-0.984691,5.56942677348757,56.6265,/T
2032-Nov-25 00:00,,,301.31423,-20.87939,-2.077,5.393,53.058340,-0.978235,5.58223541182911,55.7940,/T
2032-Nov-26 00:00,,,301.50309,-20.84232,-2.073,5.392,203.350269,-0.971692,5.59491700990909,54.9628,/T
2032-Nov-27 00:00,,,301.69366,-20.80468,-2.070,5.391,353.641124,-0.965065,5.60747004472622,54.1329,/T
2032-Nov-28 00:00,,,301.88590,-20.76649,-2.066,5.390,143.930953,-0.958352,5.61989114506888,53.3042,/T
2032-Nov-29 00:00,,,302.07981,-20.72775,-2.062,5.389,294.219787,-0.951553,5.63217807164733,52.4768,/T
2032-Nov-30 00:00,,,302.27533,-20.68846,-2.059,5.388,84.507676,-0.944669,5.64432839085281,51.6507,/T
2032-Dec-01 00:00,,,302.47246,-20.64861,-2.056,5.387,234.794647,-0.937699,5.65633968750551,50.8258,/T
2032-Dec-02 00:00,,,302.67115,-20.60821,-2.052,5.386,25.080742,-0.930643,5.66820947157978,50.0021,/T
2032-Dec-03 00:00,,,302.87139,-20.56727,-2.049,5.385,175.366007,-0.923502,5.67993367853600,49.1796,/T
2032-Dec-04 00:00,,,303.07313,-20.52578,-2.046,5.384,325.650485,-0.916276,5.69151088751422,48.3583,/T
2032-Dec-05 00:00,,,303.27633,-20.48376,-2.043,5.383,115.934223,-0.908964,5.70293786768572,47.5383,/T
2032-Dec-06 00:00,,m,303.48095,-20.44120,-2.039,5.382,266.217257,-0.901567,5.71421288746490,46.7194,/T
2032-Dec-07 00:00,,m,303.68693,-20.39811,-2.036,5.381,56.499639,-0.894086,5.72533357866651,45.9018,/T
2032-Dec-08 00:00,,m,303.89427,-20.35449,-2.033,5.380,206.781395,-0.886521,5.73629841707468,45.0854,/T
2032-Dec-09 00:00,,m,304.10291,-20.31034,-2.031,5.379,357.062569,-0.878873,5.74710539989977,44.2702,/T
2032-Dec-10 00:00,,m,304.31283,-20.26566,-2.028,5.378,147.343199,-0.871143,5.75775132093798,43.4561,/T
2032-Dec-11 00:00,,m,304.52400,-20.22045,-2.025,5.377,297.623330,-0.863331,5.76823538789019,42.6432,/T
2032-Dec-12 00:00,,m,304.73639,-20.17470,-2.022,5.376,87.903002,-0.855440,5.77855518733098,41.8315,/T
2032-Dec-13 00:00,,m,304.94999,-20.12843,-2.020,5.375,238.182244,-0.847469,5.78870995606604,41.0208,/T
2032-Dec-14 00:00,,m,305.16474,-20.08164,-2.017,5.374,28.461102,-0.839419,5.79869779246778,40.2112,/T
2032-Dec-15 00:00,,m,305.38063,-20.03433,-2.015,5.373,178.739593,-0.831293,5.80851821225081,39.4027,/T
2032-Dec-16 00:00,,m,305.59764,-19.98650,-2.012,5.372,329.017752,-0.823090,5.81816962622949,38.5952,/T
2032-Dec-17 00:00,,m,305.81573,-19.93816,-2.010,5.371,119.295607,-0.814811,5.82764947443013,37.7887,/T
2032-Dec-18 00:00,,m,306.03487,-19.88931,-2.007,5.370,269.573197,-0.806457,5.83695698920380,36.9831,/T
2032-Dec-19 00:00,,m,306.25502,-19.83995,-2.005,5.369,59.850553,-0.798029,5.84608995433098,36.1785,/T
2032-Dec-20 00:00,,,306.47616,-19.79009,-2.003,5.368,210.127699,-0.789527,5.85504768251996,35.3748,/T
2032-Dec-21 00:00,,,306.69825,-19.73973,-2.001,5.367,0.404678,-0.780952,5.86382791689138,34.5719,/T
2032-Dec-22 00:00,,,306.92128,-19.68886,-1.999,5.366,150.681505,-0.772303,5.87243030064599,33.7699,/T
2032-Dec-23 00:00,,,307.14522,-19.63750,-1.997,5.365,300.958213,-0.763582,5.88085288390443,32.9687,/T
2032-Dec-24 00:00,,,307.37006,-19.58563,-1.995,5.364,91.234827,-0.754788,5.88909317085146,32.1684,/T
2032-Dec-25 00:00,,,307.59577,-19.53326,-1.993,5.363,241.511390,-0.745922,5.89714986679485,31.3688,/T
2032-Dec-26 00:00,,,307.82232,-19.48040,-1.991,5.362,31.787931,-0.736984,5.90502071877495,30.5701,/T
2032-Dec-27 00:00,,,308.04970,-19.42705,-1.989,5.361,182.064481,-0.727974,5.91270489827212,29.7721,/T
2032-Dec-28 00:00,,,308.27787,-19.37321,-1.987,5.360,332.341081,-0.718893,5.92019987622147,28.9748,/T
2032-Dec-29 00:00,,,308.50681,-19.31889,-1.986,5.359,122.617752,-0.709741,5.92750547439598,28.1784,/T
2032-Dec-30 00:00,,,308.73650,-19.26409,-1.984,5.359,272.894529,-0.700518,5.93461962914766,27.3827,/T
2032-Dec-31 00:00,,,308.96692,-19.20882,-1.982,5.358,63.171438,-0.691224,5.94154024536882,26.5877,/T
2033-Jan-01 00:00,,,309.19802,-19.15309,-1.981,5.357,213.448527,-0.681860,5.94826582087370,25.7935,/T
2033-Jan-02 00:00,,,309.42977,-19.09690,-1.979,5.356,3.725827,-0.672427,5.95479456540876,25.0001,/T
2033-Jan-03 00:00,,,309.66213,-19.04026,-1.978,5.355,154.003371,-0.662925,5.96112595417504,24.2074,/T
2033-Jan-04 00:00,,m,309.89506,-18.98318,-1.976,5.355,304.281203,-0.653355,5.96725789119567,23.4155,/T
2033-Jan-05 00:00,,m,310.12852,-18.92566,-1.975,5.354,94.559345,-0.643718,5.97319099009037,22.6243,/T
2033-Jan-06 00:00,,m,310.36251,-18.86770,-1.974,5.353,244.837830,-0.634014,5.97892389621111,21.8339,/T
2033-Jan-07 00:00,,m,310.59699,-18.80930,-1.973,5.353,35.116679,-0.624246,5.98445572921413,21.0443,/T
2033-Jan-08 00:00,,m,310.83194,-18.75047,-1.972,5.352,185.395935,-0.614414,5.98978551862920,20.2555,/T
2033-Jan-09 00:00,,m,311.06735,-18.69122,-1.970,5.351,335.675621,-0.604520,5.99491261081545,19.4674,/T
2033-Jan-10 00:00,,m,311.30319,-18.63154,-1.969,5.351,125.955765,-0.594565,5.99983714156212,18.6800,/T
2033-Jan-11 00:00,,m,311.53942,-18.57145,-1.968,5.350,276.236398,-0.584550,6.00455770213849,17.8934,/T
2033-Jan-12 00:00,,m,311.77603,-18.51096,-1.967,5.349,66.517538,-0.574477,6.00907545475610,17.1074,/T
2033-Jan-13 00:00,,m,312.01299,-18.45006,-1.967,5.349,216.799208,-0.564345,6.01338938981157,16.3222,/T
2033-Jan-14 00:00,,m,312.25028,-18.38877,-1.966,5.348,7.081422,-0.554156,6.01749916501925,15.5376,/T
2033-Jan-15 00:00,,m,312.48787,-18.32709,-1.965,5.348,157.364216,-0.543912,6.02140353072865,14.7536,/T
2033-Jan-16 00:00,,m,312.72574,-18.26503,-1.964,5.347,307.647608,-0.533612,6.02510209334678,13.9704,/T
2033-Jan-17 00:00,,m,312.96384,-18.20259,-1.963,5.347,97.931626,-0.523258,6.02859471459311,13.1877,/T
2033-Jan-18 00:00,,,313.20218,-18.13977,-1.963,5.346,248.216295,-0.512850,6.03187997735754,12.4056,/T
2033-Jan-19 00:00,,,313.44072,-18.07659,-1.962,5.346,38.501635,-0.502388,6.03495884100429,11.6241,/T
2033-Jan-20 00:00,,,313.67944,-18.01305,-1.962,5.345,188.787668,-0.491874,6.03783023655325,10.8433,/T
2033-Jan-21 00:00,,,313.91834,-17.94914,-1.961,5.345,339.074406,-0.481306,6.04049401381537,10.0630,/T
2033-Jan-22 00:00,,,314.15738,-17.88488,-1.961,5.345,129.361887,-0.470687,6.04294852604178,9.2835,/T
2033-Jan-23 00:00,,,314.39657,-17.82027,-1.960,5.344,279.650128,-0.460017,6.04519358561674,8.5046,/T
2033-Jan-24 00:00,,,314.63587,-17.75532,-1.960,5.344,69.939160,-0.449295,6.04722877349565,7.7265,/T
2033-Jan-25 00:00,,,314.87526,-17.69003,-1.960,5.344,220.229005,-0.438523,6.04905281762172,6.9492,/T
2033-Jan-26 00:00,,,315.11472,-17.62441,-1.959,5.343,10.519691,-0.427701,6.05066646392862,6.1730,/T
2033-Jan-27 00:00,,,315.35423,-17.55848,-1.959,5.343,160.811239,-0.416830,6.05206875185763,5.3980,/T
2033-Jan-28 00:00,,,315.59377,-17.49223,-1.959,5.343,311.103664,-0.405909,6.05325976489751,4.6249,/T
2033-Jan-29 00:00,,,315.83331,-17.42569,-1.959,5.343,101.397005,-0.394940,6.05423765257778,3.8544,/T
2033-Jan-30 00:00,,,316.07281,-17.35886,-1.959,5.342,251.691283,-0.383923,6.05500258059487,3.0883,/T
2033-Jan-31 00:00,,,316.31225,-17.29175,-1.959,5.342,41.986535,-0.372860,6.05555411543756,2.3304,/T
2033-Feb-01 00:00,,,316.55160,-17.22437,-1.959,5.342,192.282782,-0.361752,6.05589161547039,1.5921,/T
2033-Feb-02 00:00,,m,316.79084,-17.15676,-1.959,5.342,342.580060,-0.350599,6.05601612173190,0.9210,/T
2033-Feb-03 00:00,,m,317.02980,-17.08898,-1.959,5.342,132.878386,-0.339404,6.05592761371325,0.6075,/T
2033-Feb-04 00:00,,m,317.26858,-17.02072,-1.959,5.342,283.177774,-0.328167,6.05562722433493,1.0468,/L
2033-Feb-05 00:00,,m,317.50729,-16.95226,-1.960,5.342,73.478260,-0.316890,6.05511392168648,1.7397,/L
2033-Feb-06 00:00,,m,317.74581,-16.88360,-1.960,5.341,223.779855,-0.305575,6.05438903258064,2.4819,/L
2033-Feb-07 00:00,,m,317.98409,-16.81471,-1.960,5.341,14.082590,-0.294223,6.05345279470893,3.2394,/L
2033-Feb-08 00:00,,m,318.22212,-16.74560,-1.961,5.341,164.386477,-0.282835,6.05230561436151,4.0034,/L
2033-Feb-09 00:00,,m,318.45988,-16.67629,-1.961,5.341,314.691542,-0.271413,6.05094877625395,4.7706,/L
2033-Feb-10 00:00,,m,318.69734,-16.60679,-1.962,5.341,104.997795,-0.259957,6.04938288874758,5.5395,/L
2033-Feb-11 00:00,,m,318.93448,-16.53709,-1.962,5.341,255.305243,-0.248469,6.04760935147445,6.3095,/L
2033-Feb-12 00:00,,m,319.17129,-16.46720,-1.963,5.341,45.613911,-0.236949,6.04562710541439,7.0801,/L
2033-Feb-13 00:00,,m,319.40774,-16.39714,-1.964,5.341,195.923811,-0.225399,6.04343748125404,7.8512,/L
2033-Feb-14 00:00,A,m,319.64381,-16.32691,-1.965,5.341,346.234968,-0.213819,6.04104032401978,8.6224,/L
2033-Feb-15 00:00,A,m,319.87948,-16.25652,-1.965,5.341,136.547391,-0.202210,6.03843609368655,9.3939,/L
2033-Feb-16 00:00,A,,320.11474,-16.18597,-1.966,5.341,286.861112,-0.190572,6.03562544593110,10.1655,/L
2033-Feb-17 00:00,A,,320.34957,-16.11528,-1.967,5.342,77.176135,-0.178906,6.03260903628596,10.9371,/L
2033-Feb-18 00:00,A,,320.58396,-16.04445,-1.968,5.342,227.492476,-0.167213,6.02938806114505,11.7088,/L
2033-Feb-19 00:00,A,,320.81789,-15.97348,-1.969,5.342,17.810155,-0.155493,6.02596136342433,12.4806,/L
2033-Feb-20 00:00,A,,321.05136,-15.90239,-1.970,5.342,168.129190,-0.143747,6.02233018856904,13.2525,/L
2033-Feb-21 00:00,A,,321.28433,-15.83118,-1.971,5.342,318.449606,-0.131976,6.01849417587897,14.0244,/L
2033-Feb-22 00:00,A,,321.51679,-15.75987,-1.972,5.343,108.771416,-0.120179,6.01445405283016,14.7964,/L
2033-Feb-23 00:00,A,,321.74872,-15.68847,-1.974,5.343,259.094653,-0.108358,6.01021012494335,15.5685,/L
2033-Feb-24 00:00,A,,321.98009,-15.61699,-1.975,5.343,49.419327,-0.096514,6.00576342177082,16.3407,/L
2033-Feb-25 00:00,A,,322.21089,-15.54543,-1.976,5.343,199.745456,-0.084647,6.00111518293645,17.1130,/L
2033-Feb-26 00:00,A,,322.44109,-15.47382,-1.977,5.344,350.073059,-0.072758,5.99626456962154,17.8854,/L
2033-Feb-27 00:00,A,,322.67065,-15.40216,-1.979,5.344,140.402159,-0.060848,5.99121296283423,18.6579,/L
2033-Feb-28 00:00,A,,322.89956,-15.33046,-1.980,5.345,290.732784,-0.048918,5.98596019710535,19.4305,/L
2033-Mar-01 00:00,A,,323.12778,-15.25874,-1.982,5.345,81.064948,-0.036969,5.98050761708954,20.2032,/L
2033-Mar-02 00:00,A,,323.35528,-15.18701,-1.983,5.345,231.398688,-0.025003,5.97485567810566,20.9761,/L
2033-Mar-03 00:00,A,m,323.58206,-15.11527,-1.985,5.346,21.734013,-0.013021,5.96900635152478,21.7490,/L
2033-Mar-04 00:00,A,m,323.80809,-15.04352,-1.987,5.346,172.070941,-0.001026,5.96296152879282,22.5221,/L
2033-Mar-05 00:00,A,m,324.03337,-14.97179,-1.988,5.347,322.409486,0.010982,5.95672148134963,23.2952,/L
2033-Mar-06 00:00,A,m,324.25787,-14.90007,-1.990,5.347,112.749667,0.023000,5.95028829539461,24.0684,/L
2033-Mar-07 00:00,A,m,324.48157,-14.82839,-1.992,5.348,263.091503,0.035027,5.94366259460277,24.8418,/L
2033-Mar-08 00:00,A,m,324.70445,-14.75675,-1.994,5.348,53.435001,0.047062,5.93684657135775,25.6152,/L
2033-Mar-09 00:00,A,m,324.92648,-14.68518,-1.996,5.349,203.780192,0.059104,5.92984087889504,26.3888,/L
2033-Mar-10 00:00,A,m,325.14764,-14.61367,-1.997,5.349,354.127076,0.071151,5.92264807617536,27.1626,/L
2033-Mar-11 00:00,A,m,325.36791,-14.54224,-2.000,5.350,144.475670,0.083202,5.91527006914651,27.9366,/L
2033-Mar-12 00:00,A,m,325.58727,-14.47090,-2.002,5.351,294.825975,0.095257,5.90770750500740,28.7107,/L
2033-Mar-13 00:00,A,m,325.80570,-14.39966,-2.004,5.351,85.178011,0.107314,5.89996218775706,29.4851,/L
2033-Mar-14 00:00,N,m,326.02319,-14.32853,-2.006,5.352,235.531794,0.119373,5.89203468825702,30.2597,/L
2033-Mar-15 00:00,N,m,326.23972,-14.25751,-2.008,5.352,25.887329,0.131433,5.88392713463229,31.0346,/L
2033-Mar-16 00:00,N,m,326.45527,-14.18662,-2.010,5.353,176.244645,0.143494,5.87563975234210,31.8099,/L
2033-Mar-17 00:00,N,m,326.66982,-14.11587,-2.013,5.354,326.603745,0.155553,5.86717509199237,32.5854,/L
2033-Mar-18 00:00,N,,326.88337,-14.04526,-2.015,5.354,116.964647,0.167612,5.85853468199645,33.3614,/L
2033-Mar-19 00:00,N,,327.09591,-13.97480,-2.018,5.355,267.327352,0.179669,5.84971935143367,34.1378,/L
2033-Mar-20 00:00,N,,327.30741,-13.90450,-2.020,5.356,57.691884,0.191724,5.84073043123837,34.9146,/L
2033-Mar-21 00:00,N,,327.51786,-13.83438,-2.023,5.357,208.058258,0.203776,5.83156845437692,35.6919,/L
2033-Mar-22 00:00,N,,327.72724,-13.76445,-2.025,5.357,358.426487,0.215824,5.82223541859480,36.4696,/L
2033-Mar-23 00:00,N,,327.93553,-13.69472,-2.028,5.358,148.796600,0.227867,5.81273129685933,37.2479,/L
2033-Mar-24 00:00,N,,328.14270,-13.62520,-2.031,5.359,299.168609,0.239905,5.80305871402740,38.0268,/L
2033-Mar-25 00:00,N,,328.34872,-13.55592,-2.033,5.360,89.542535,0.251938,5.79321907302664,38.8063,/L
2033-Mar-26 00:00,N,,328.55358,-13.48688,-2.036,5.360,239.918382,0.263962,5.78321373998574,39.5864,/L
2033-Mar-27 00:00,N,,328.75723,-13.41809,-2.039,5.361,30.296181,0.275979,5.77304397384462,40.3671,/L
2033-Mar-28 00:00,N,,328.95967,-13.34957,-2.042,5.362,180.675948,0.287986,5.76271085771899,41.1485,/L
2033-Mar-29 00:00,N,,329.16085,-13.28133,-2.045,5.363,331.057702,0.299982,5.75221681151924,41.9305,/L
2033-Mar-30 00:00,N,,329.36076,-13.21338,-2.048,5.363,121.441470,0.311965,5.74156238350261,42.7132,/L
2033-Mar-31 00:00,N,,329.55938,-13.14573,-2.051,5.364,271.827269,0.323934,5.73075098352814,43.4966,/L
2033-Apr-01 00:00,N,m,329.75668,-13.07840,-2.055,5.365,62.215117,0.335886,5.71978474455182,44.2808,/L
2033-Apr-02 00:00,N,m,329.95267,-13.01138,-2.058,5.366,212.605012,0.347821,5.70866634593693,45.0656,/L
2033-Apr-03 00:00,N,m,330.14731,-12.94470,-2.061,5.367,2.996981,0.359735,5.69739762641375,45.8511,/L
2033-Apr-04 00:00,N,m,330.34058,-12.87838,-2.065,5.367,153.391030,0.371628,5.68598069089437,46.6373,/L
2033-Apr-05 00:00,N,m,330.53246,-12.81241,-2.068,5.368,303.787171,0.383498,5.67441844179437,47.4242,/L
2033-Apr-06 00:00,N,m,330.72292,-12.74683,-2.072,5.369,94.185423,0.395344,5.66271188725739,48.2119,/L
2033-Apr-07 00:00,N,m,330.91193,-12.68163,-2.075,5.370,244.585794,0.407164,5.65086456432809,49.0003,/L
2033-Apr-08 00:00,N,m,331.09947,-12.61684,-2.079,5.371,34.988301,0.418958,5.63887852625302,49.7896,/L
2033-Apr-09 00:00,N,m,331.28553,-12.55246,-2.082,5.371,185.392935,0.430724,5.62675669193572,50.5796,/L
2033-Apr-10 00:00,N,m,331.47009,-12.48851,-2.086,5.372,335.799722,0.442462,5.61450041635534,51.3705,/L
2033-Apr-11 00:00,N,m,331.65313,-12.42498,-2.090,5.373,126.208666,0.454171,5.60211183443824,52.1623,/L
2033-Apr-12 00:00,N,m,331.83463,-12.36190,-2.094,5.374,276.619782,0.465850,5.58959344405491,52.9550,/L
2033-Apr-13 00:00,C,m,332.01458,-12.29927,-2.098,5.375,67.033084,0.477497,5.57694621187382,53.7486,/L
2033-Apr-14 00:00,C,m,332.19295,-12.23711,-2.102,5.375,217.448590,0.489114,5.56417336278941,54.5433,/L
2033-Apr-15 00:00,C,m,332.36974,-12.17543,-2.106,5.376,7.866313,0.500698,5.55127679417918,55.3389,/L
2033-Apr-16 00:00,C,,332.54492,-12.11423,-2.110,5.377,158.286250,0.512249,5.53825963300142,56.1356,/L
2033-Apr-17 00:00,C,,332.71848,-12.05354,-2.114,5.378,308.708426,0.523766,5.52512291977976,56.9335,/L
2033-Apr-18 00:00,C,,332.89040,-11.99335,-2.119,5.379,99.132846,0.535248,5.51186896546924,57.7325,/L
2033-Apr-19 00:00,C,,333.06065,-11.93370,-2.123,5.379,249.559532,0.546695,5.49849997045237,58.5326,/L
2033-Apr-20 00:00,C,,333.22923,-11.87458,-2.128,5.380,39.988497,0.558106,5.48501706280757,59.3340,/L
2033-Apr-21 00:00,C,,333.39607,-11.81602,-2.132,5.381,190.419764,0.569479,5.47142318734820,60.1367,/L
2033-Apr-22 00:00,C,,333.56117,-11.75803,-2.137,5.382,340.853353,0.580815,5.45772027075324,60.9407,/L
2033-Apr-23 00:00,C,,333.72449,-11.70063,-2.141,5.382,131.289265,0.592110,5.44391174155417,61.7460,/L
2033-Apr-24 00:00,C,,333.88601,-11.64383,-2.146,5.383,281.727528,0.603364,5.42999864744815,62.5527,/L
2033-Apr-25 00:00,C,,334.04571,-11.58764,-2.151,5.384,72.168152,0.614576,5.41598381052641,63.3608,/L
2033-Apr-26 00:00,C,,334.20354,-11.53208,-2.156,5.384,222.611164,0.625743,5.40186961502766,64.1704,/L
2033-Apr-27 00:00,C,,334.35951,-11.47714,-2.161,5.385,13.056575,0.636864,5.38765804582038,64.9814,/L
2033-Apr-28 00:00,C,,334.51356,-11.42286,-2.166,5.386,163.504417,0.647937,5.37335246638855,65.7940,/L
2033-Apr-29 00:00,C,,334.66570,-11.36924,-2.171,5.386,313.954704,0.658960,5.35895573408388,66.6080,/L
2033-Apr-30 00:00,C,m,334.81589,-11.31630,-2.176,5.387,104.407437,0.669930,5.34447234231641,67.4235,/L
2033-May-01 00:00,C,m,334.96411,-11.26404,-2.181,5.388,254.862635,0.680846,5.32990419504243,68.2406,/L
2033-May-02 00:00,C,m,335.11033,-11.21248,-2.186,5.388,45.320300,0.691706,5.31525514934870,69.0592,/L
2033-May-03 00:00,C,m,335.25453,-11.16165,-2.192,5.389,195.780454,0.702508,5.30052806444825,69.8793,/L
2033-May-04 00:00,C,m,335.39669,-11.11154,-2.197,5.389,346.243093,0.713252,5.28572574743129,70.7011,/L
2033-May-05 00:00,C,m,335.53676,-11.06218,-2.203,5.390,136.708243,0.723934,5.27085149808561,71.5244,/L
2033-May-06 00:00,C,m,335.67472,-11.01358,-2.208,5.390,287.175910,0.734555,5.25590837613352,72.3493,/L
2033-May-07 00:00,C,m,335.81056,-10.96575,-2.214,5.391,77.646092,0.745114,5.24090081932190,73.1759,/L
2033-May-08 00:00,C,m,335.94427,-10.91869,-2.219,5.391,228.118801,0.755608,5.22583052585995,74.0042,/L
2033-May-09 00:00,C,m,336.07582,-10.87242,-2.225,5.392,18.594038,0.766037,5.21070117743295,74.8341,/L
2033-May-10 00:00,*,m,336.20519,-10.82694,-2.231,5.392,169.071823,0.776401,5.19551511266303,75.6658,/L
2033-May-11 00:00,*,m,336.33238,-10.78227,-2.237,5.392,319.552154,0.786697,5.18027515373271,76.4993,/L
2033-May-12 00:00,*,m,336.45736,-10.73843,-2.243,5.393,110.035059,0.796926,5.16498395721472,77.3347,/L
2033-May-13 00:00,*,m,336.58010,-10.69541,-2.249,5.393,260.520544,0.807086,5.14964451526125,78.1719,/L
2033-May-14 00:00,*,m,336.70059,-10.65324,-2.255,5.393,51.008614,0.817177,5.13426104181551,79.0110,/L
2033-May-15 00:00,*,,336.81881,-10.61192,-2.261,5.394,201.499281,0.827197,5.11883521959682,79.8520,/L
2033-May-16 00:00,*,,336.93474,-10.57147,-2.268,5.394,351.992550,0.837145,5.10337070162878,80.6951,/L
2033-May-17 00:00,*,,337.04835,-10.53189,-2.274,5.394,142.488443,0.847020,5.08786964441606,81.5402,/L
2033-May-18 00:00,*,,337.15962,-10.49322,-2.280,5.394,292.986961,0.856821,5.07233520415449,82.3875,/L
2033-May-19 00:00,*,,337.26850,-10.45545,-2.287,5.395,83.488136,0.866548,5.05676976912755,83.2368,/L
2033-May-20 00:00,*,,337.37498,-10.41861,-2.293,5.395,233.991976,0.876197,5.04117667845778,84.0884,/L
2033-May-21 00:00,*,,337.47901,-10.38271,-2.300,5.395,24.498496,0.885768,5.02556027399284,84.9423,/L
2033-May-22 00:00,*,,337.58058,-10.34777,-2.306,5.395,175.007701,0.895258,5.00992278330958,85.7984,/L
2033-May-23 00:00,*,,337.67966,-10.31378,-2.313,5.395,325.519603,0.904666,4.99426827951332,86.6568,/L
2033-May-24 00:00,*,,337.77622,-10.28076,-2.320,5.395,116.034224,0.913990,4.97859936675527,87.5177,/L
2033-May-25 00:00,*,,337.87026,-10.24873,-2.327,5.395,266.551562,0.923227,4.96292010348940,88.3809,/L
2033-May-26 00:00,*,,337.96174,-10.21769,-2.334,5.395,57.071649,0.932375,4.94723326631568,89.2465,/L
2033-May-27 00:00,*,,338.05064,-10.18765,-2.341,5.395,207.594486,0.941431,4.93154314599440,90.1146,/L
2033-May-28 00:00,*,,338.13693,-10.15863,-2.348,5.395,358.120086,0.950394,4.91585468588383,90.9852,/L
2033-May-29 00:00,*,m,338.22060,-10.13064,-2.355,5.395,148.648443,0.959260,4.90017114537379,91.8582,/L
2033-May-30 00:00,*,m,338.30161,-10.10369,-2.362,5.394,299.179562,0.968028,4.88449718258175,92.7337,/L
2033-May-31 00:00,*,m,338.37995,-10.07779,-2.369,5.394,89.713451,0.976697,4.86883592829444,93.6117,/L
2033-Jun-01 00:00,*,m,338.45558,-10.05296,-2.376,5.394,240.250101,0.985263,4.85319205055552,94.4922,/L
2033-Jun-02 00:00,*,m,338.52849,-10.02920,-2.384,5.394,30.789528,0.993726,4.83756828969110,95.3753,/L
2033-Jun-03 00:00,*,m,338.59864,-10.00652,-2.391,5.393,181.331730,1.002085,4.82196918058167,96.2609,/L
2033-Jun-04 00:00,*,m,338.66603,-9.98493,-2.398,5.393,331.876710,1.010337,4.80639938809254,97.1490,/L
2033-Jun-05 00:00,*,m,338.73065,-9.96444,-2.406,5.393,122.424454,1.018482,4.79086235797597,98.0398,/L
2033-Jun-06 00:00,*,m,338.79248,-9.94505,-2.413,5.392,272.974964,1.026518,4.77536239371145,98.9331,/L
2033-Jun-07 00:00,*,m,338.85150,-9.92677,-2.421,5.392,63.528240,1.034444,4.75990243686372,99.8291,/L
2033-Jun-08 00:00,*,m,338.90773,-9.90959,-2.429,5.391,214.084271,1.042259,4.74448705347701,100.7278,/L
2033-Jun-09 00:00,*,m,338.96112,-9.89354,-2.436,5.391,4.643068,1.049961,4.72911853951031,101.6292,/L
2033-Jun-10 00:00,*,m,339.01168,-9.87862,-2.444,5.390,155.204627,1.057550,4.71380131377357,102.5333,/L
2033-Jun-11 00:00,*,m,339.05938,-9.86483,-2.452,5.390,305.768953,1.065024,4.69853954476107,103.4402,/L
2033-Jun-12 00:00,*,m,339.10423,-9.85218,-2.459,5.389,96.336026,1.072382,4.68333680185023,104.3498,/L
2033-Jun-13 00:00,*,,339.14619,-9.84068,-2.467,5.388,246.905852,1.079622,4.66819696493994,105.2624,/L
2033-Jun-14 00:00,*,,339.18525,-9.83034,-2.475,5.388,37.478426,1.086744,4.65312289220685,106.1778,/L
2033-Jun-15 00:00,*,,339.22140,-9.82115,-2.483,5.387,188.053741,1.093745,4.63811908458673,107.0961,/L
2033-Jun-16 00:00,*,,339.25462,-9.81315,-2.491,5.386,338.631807,1.100625,4.62318768190017,108.0174,/L
2033-Jun-17 00:00,*,,339.28487,-9.80632,-2.498,5.385,129.212621,1.107381,4.60833326234887,108.9417,/L
2033-Jun-18 00:00,*,,339.31213,-9.80068,-2.506,5.385,279.796192,1.114011,4.59355996234620,109.8691,/L
2033-Jun-19 00:00,*,,339.33640,-9.79624,-2.514,5.384,70.382497,1.120513,4.57887210046049,110.7996,/L
2033-Jun-20 00:00,*,,339.35767,-9.79298,-2.522,5.383,220.971541,1.126884,4.56427385501223,111.7332,/L
2033-Jun-21 00:00,*,,339.37592,-9.79093,-2.530,5.382,11.563312,1.133123,4.54976890472725,112.6699,/L
2033-Jun-22 00:00,*,,339.39116,-9.79007,-2.538,5.381,162.157798,1.139226,4.53536249553621,113.6098,/L
2033-Jun-23 00:00,*,,339.40337,-9.79040,-2.546,5.380,312.754997,1.145191,4.52105754484112,114.5529,/L
2033-Jun-24 00:00,*,,339.41254,-9.79194,-2.554,5.379,103.354894,1.151015,4.50685945125651,115.4992,/L
2033-Jun-25 00:00,*,,339.41866,-9.79469,-2.562,5.378,253.957485,1.156697,4.49277284950247,116.4487,/L
2033-Jun-26 00:00,*,,339.42173,-9.79865,-2.570,5.377,44.562729,1.162233,4.47880303424908,117.4013,/L
2033-Jun-27 00:00,*,m,339.42174,-9.80382,-2.578,5.376,195.170614,1.167622,4.46495439986057,118.3572,/L
2033-Jun-28 00:00,*,m,339.41869,-9.81019,-2.586,5.375,345.781108,1.172862,4.45123109612131,119.3162,/L
2033-Jun-29 00:00,*,m,339.41257,-9.81777,-2.594,5.374,136.394186,1.177952,4.43763836105722,120.2783,/L
2033-Jun-30 00:00,*,m,339.40340,-9.82655,-2.602,5.373,287.009821,1.182889,4.42417906199073,121.2436,/L
2033-Jul-01 00:00,*,m,339.39117,-9.83652,-2.610,5.371,77.627989,1.187673,4.41085829215471,122.2120,/L
2033-Jul-02 00:00,*,m,339.37588,-9.84770,-2.618,5.370,228.248673,1.192303,4.39768010862999,123.1836,/L
2033-Jul-03 00:00,*,m,339.35755,-9.86006,-2.625,5.369,18.871819,1.196778,4.38464969076052,124.1582,/L
2033-Jul-04 00:00,*,m,339.33620,-9.87360,-2.633,5.368,169.497406,1.201096,4.37177073942614,125.1360,/L
2033-Jul-05 00:00,*,m,339.31184,-9.88830,-2.641,5.366,320.125391,1.205257,4.35904718037089,126.1168,/L
2033-Jul-06 00:00,*,m,339.28449,-9.90417,-2.649,5.365,110.755742,1.209259,4.34648368614025,127.1007,/L
2033-Jul-07 00:00,*,m,339.25417,-9.92119,-2.656,5.364,261.388421,1.213103,4.33408287003909,128.0878,/L
2033-Jul-08 00:00,*,m,339.22088,-9.93936,-2.664,5.363,52.023397,1.216787,4.32184934794787,129.0778,/L
2033-Jul-09 00:00,*,m,339.18464,-9.95866,-2.671,5.361,202.660645,1.220311,4.30978665846578,130.0710,/L
2033-Jul-10 00:00,*,m,339.14548,-9.97909,-2.679,5.360,353.300105,1.223674,4.29789989082561,131.0672,/L
2033-Jul-11 00:00,*,m,339.10340,-10.00065,-2.686,5.359,143.941747,1.226874,4.28619217508969,132.0666,/L
2033-Jul-12 00:00,*,m,339.05843,-10.02331,-2.694,5.357,294.585518,1.229913,4.27466730949475,133.0689,/L
2033-Jul-13 00:00,*,,339.01057,-10.04708,-2.701,5.356,85.231384,1.232787,4.26332943543918,134.0744,/L
2033-Jul-14 00:00,*,,338.95986,-10.07193,-2.708,5.355,235.879295,1.235497,4.25218107774602,135.0829,/L
2033-Jul-15 00:00,*,,338.90629,-10.09787,-2.715,5.353,26.529219,1.238041,4.24122647025170,136.0945,/L
2033-Jul-16 00:00,*,,338.84989,-10.12487,-2.723,5.352,177.181123,1.240419,4.23046894421973,137.1091,/L
2033-Jul-17 00:00,*,,338.79069,-10.15293,-2.729,5.351,327.834941,1.242627,4.21991382780838,138.1269,/L
2033-Jul-18 00:00,*,,338.72871,-10.18202,-2.736,5.349,118.490636,1.244666,4.20956426591389,139.1477,/L
2033-Jul-19 00:00,*,,338.66400,-10.21213,-2.743,5.348,269.148143,1.246532,4.19942458990419,140.1716,/L
2033-Jul-20 00:00,*,,338.59658,-10.24323,-2.750,5.347,59.807416,1.248226,4.18949911995068,141.1984,/L
2033-Jul-21 00:00,*,,338.52651,-10.27531,-2.756,5.345,210.468384,1.249745,4.17979107304503,142.2283,/L
2033-Jul-22 00:00,*,,338.45381,-10.30836,-2.763,5.344,1.131001,1.251088,4.17030486654539,143.2611,/L
2033-Jul-23 00:00,*,,338.37850,-10.34235,-2.769,5.343,151.795209,1.252256,4.16104409036079,144.2969,/L
2033-Jul-24 00:00,*,,338.30064,-10.37727,-2.775,5.341,302.460924,1.253246,4.15201436559642,145.3354,/L
2033-Jul-25 00:00,*,,338.22025,-10.41310,-2.781,5.340,93.128083,1.254059,4.14321871498092,146.3768,/L
2033-Jul-26 00:00,*,,338.13740,-10.44980,-2.787,5.339,243.796597,1.254695,4.13466146433044,147.4208,/L
2033-Jul-27 00:00,*,m,338.05213,-10.48736,-2.793,5.338,34.466399,1.255153,4.12634629806307,148.4675,/L
2033-Jul-28 00:00,*,m,337.96451,-10.52575,-2.799,5.336,185.137396,1.255436,4.11827613787142,149.5168,/L
2033-Jul-29 00:00,*,m,337.87458,-10.56494,-2.804,5.335,335.809521,1.255542,4.11045438649406,150.5685,/L
2033-Jul-30 00:00,*,m,337.78240,-10.60491,-2.810,5.334,126.482700,1.255475,4.10288374532350,151.6227,/L
2033-Jul-31 00:00,*,m,337.68805,-10.64562,-2.815,5.333,277.156839,1.255234,4.09556889420183,152.6792,/L
2033-Aug-01 00:00,*,m,337.59158,-10.68704,-2.820,5.332,67.831857,1.254821,4.08851176460737,153.7380,/L
2033-Aug-02 00:00,*,m,337.49307,-10.72915,-2.825,5.331,218.507657,1.254237,4.08171578325930,154.7989,/L
2033-Aug-03 00:00,*,m,337.39259,-10.77190,-2.829,5.330,9.184164,1.253484,4.07518335409689,155.8619,/L
2033-Aug-04 00:00,*,m,337.29022,-10.81527,-2.834,5.329,159.861274,1.252564,4.06891668635358,156.9269,/L
2033-Aug-05 00:00,*,m,337.18602,-10.85924,-2.838,5.328,310.538918,1.251479,4.06291790955608,157.9938,/L
2033-Aug-06 00:00,*,m,337.08006,-10.90376,-2.842,5.327,101.217012,1.250231,4.05718882400258,159.0625,/L
2033-Aug-07 00:00,*,m,336.97239,-10.94882,-2.846,5.326,251.895463,1.248821,4.05173316422877,160.1330,/L
2033-Aug-08 00:00,*,m,336.86310,-10.99438,-2.850,5.325,42.574184,1.247251,4.04655201409313,161.2051,/L
2033-Aug-09 00:00,*,m,336.75226,-11.04042,-2.854,5.324,193.253076,1.245524,4.04164810147004,162.2787,/L
2033-Aug-10 00:00,*,m,336.63993,-11.08689,-2.857,5.323,343.932062,1.243641,4.03702287418196,163.3537,/L
2033-Aug-11 00:00,*,m,336.52619,-11.13377,-2.860,5.323,134.611034,1.241604,4.03267818897681,164.4300,/L
2033-Aug-12 00:00,C,,336.41110,-11.18103,-2.863,5.322,285.289923,1.239415,4.02861532155074,165.5075,/L
2033-Aug-13 00:00,C,,336.29474,-11.22863,-2.866,5.321,75.968639,1.237075,4.02483571993527,166.5859,/L
2033-Aug-14 00:00,C,,336.17718,-11.27654,-2.869,5.321,226.647092,1.234586,4.02134268943229,167.6650,/L
2033-Aug-15 00:00,C,,336.05852,-11.32472,-2.871,5.320,17.325184,1.231949,4.01813718765393,168.7446,/L
2033-Aug-16 00:00,C,,335.93884,-11.37314,-2.873,5.320,168.002812,1.229165,4.01522185925857,169.8242,/L
2033-Aug-17 00:00,C,,335.81823,-11.42175,-2.875,5.319,318.679889,1.226237,4.01259784865619,170.9033,/L
2033-Aug-18 00:00,C,,335.69679,-11.47053,-2.877,5.319,109.356294,1.223167,4.01026712628279,171.9811,/L
2033-Aug-19 00:00,C,,335.57459,-11.51943,-2.878,5.318,260.031945,1.219958,4.00823038911011,173.0561,/L
2033-Aug-20 00:00,C,,335.45171,-11.56843,-2.880,5.318,50.706737,1.216612,4.00648875114693,174.1262,/L
2033-Aug-21 00:00,C,,335.32823,-11.61749,-2.881,5.318,201.380573,1.213131,4.00504470764377,175.1873,/L
2033-Aug-22 00:00,C,,335.20426,-11.66657,-2.882,5.317,352.053340,1.209521,4.00389855730952,176.2308,/L
2033-Aug-23 00:00,C,,335.07988,-11.71564,-2.882,5.317,142.724929,1.205784,4.00305198273938,177.2355,/L
2033-Aug-24 00:00,C,,334.95519,-11.76466,-2.883,5.317,293.395242,1.201924,4.00250491190282,178.1361,/L
2033-Aug-25 00:00,C,,334.83030,-11.81358,-2.883,5.317,84.064154,1.197945,4.00225839388726,178.6939,/L
2033-Aug-26 00:00,C,,334.70530,-11.86238,-2.883,5.317,234.731582,1.193852,4.00231161301621,178.4699,/T
2033-Aug-27 00:00,C,m,334.58029,-11.91100,-2.883,5.317,25.397419,1.189650,4.00266451878334,177.6799,/T
2033-Aug-28 00:00,C,m,334.45536,-11.95942,-2.883,5.317,176.061574,1.185344,4.00331804446339,176.7088,/T
2033-Aug-29 00:00,C,m,334.33061,-12.00759,-2.882,5.317,326.723933,1.180937,4.00427135485411,175.6768,/T
2033-Aug-30 00:00,C,m,334.20616,-12.05549,-2.881,5.317,117.384397,1.176435,4.00552473525192,174.6190,/T
2033-Aug-31 00:00,N,m,334.08210,-12.10306,-2.880,5.317,268.042873,1.171843,4.00707670749987,173.5481,/T
2033-Sep-01 00:00,N,m,333.95853,-12.15028,-2.879,5.317,58.699248,1.167165,4.00892721773295,172.4699,/T
2033-Sep-02 00:00,N,m,333.83555,-12.19712,-2.878,5.317,209.353446,1.162407,4.01107392914646,171.3872,/T
2033-Sep-03 00:00,N,m,333.71324,-12.24353,-2.876,5.317,0.005372,1.157575,4.01351565345624,170.3018,/T
2033-Sep-04 00:00,N,m,333.59169,-12.28950,-2.874,5.318,150.654954,1.152672,4.01625180880014,169.2147,/T
2033-Sep-05 00:00,N,m,333.47099,-12.33499,-2.872,5.318,301.302088,1.147705,4.01928063045522,168.1266,/T
2033-Sep-06 00:00,N,m,333.35122,-12.37997,-2.870,5.318,91.946698,1.142676,4.02260119000989,167.0379,/T
2033-Sep-07 00:00,N,m,333.23246,-12.42442,-2.868,5.319,242.588704,1.137592,4.02621100263357,165.9491,/T
2033-Sep-08 00:00,N,m,333.11481,-12.46830,-2.865,5.319,33.228016,1.132456,4.03010932537674,164.8603,/T
2033-Sep-09 00:00,N,m,332.99833,-12.51158,-2.862,5.320,183.864572,1.127272,4.03429298264119,163.7718,/T
2033-Sep-10 00:00,N,m,332.88311,-12.55423,-2.859,5.320,334.498297,1.122046,4.03876043512853,162.6838,/T
2033-Sep-11 00:00,N,,332.76923,-12.59623,-2.856,5.321,125.129134,1.116779,4.04351050807307,161.5963,/T
2033-Sep-12 00:00,N,,332.65677,-12.63755,-2.852,5.322,275.756995,1.111477,4.04854158994937,160.5096,/T
2033-Sep-13 00:00,N,,332.54583,-12.67816,-2.849,5.322,66.381812,1.106143,4.05385255167873,159.4236,/T
2033-Sep-14 00:00,N,,332.43648,-12.71803,-2.845,5.323,217.003510,1.100780,4.05944092117516,158.3386,/T
2033-Sep-15 00:00,N,,332.32881,-12.75713,-2.841,5.324,7.622008,1.095393,4.06530593746465,157.2545,/T
2033-Sep-16 00:00,N,,332.22289,-12.79545,-2.836,5.325,158.237242,1.089987,4.07144405744250,156.1716,/T
2033-Sep-17 00:00,N,,332.11879,-12.83296,-2.832,5.325,308.849140,1.084566,4.07785337002718,155.0899,/T
2033-Sep-18 00:00,N,,332.01658,-12.86964,-2.828,5.326,99.457653,1.079136,4.08453168215563,154.0095,/T
2033-Sep-19 00:00,A,,331.91634,-12.90546,-2.823,5.327,250.062696,1.073700,4.09147677165465,152.9305,/T
2033-Sep-20 00:00,A,,331.81814,-12.94040,-2.818,5.328,40.664214,1.068265,4.09868623173493,151.8531,/T
2033-Sep-21 00:00,A,,331.72207,-12.97444,-2.813,5.329,191.262141,1.062835,4.10615650605581,150.7772,/T
2033-Sep-22 00:00,A,,331.62819,-13.00755,-2.808,5.330,341.856414,1.057416,4.11388562407910,149.7030,/T
2033-Sep-23 00:00,A,,331.53658,-13.03971,-2.802,5.331,132.446983,1.052013,4.12186878878086,148.6306,/T
2033-Sep-24 00:00,A,,331.44731,-13.07089,-2.797,5.332,283.033799,1.046631,4.13010296995615,147.5601,/T
2033-Sep-25 00:00,A,,331.36044,-13.10109,-2.791,5.333,73.616832,1.041276,4.13858454223508,146.4916,/T
2033-Sep-26 00:00,A,,331.27603,-13.13028,-2.785,5.334,224.196020,1.035952,4.14731053921790,145.4250,/T
2033-Sep-27 00:00,A,m,331.19416,-13.15845,-2.779,5.335,14.771333,1.030665,4.15627736424504,144.3606,/T
2033-Sep-28 00:00,A,m,331.11487,-13.18558,-2.773,5.336,165.342725,1.025420,4.16548072506610,143.2983,/T
2033-Sep-29 00:00,A,m,331.03823,-13.21165,-2.767,5.337,315.910160,1.020221,4.17491778718215,142.2383,/T
2033-Sep-30 00:00,A,m,330.96430,-13.23665,-2.761,5.338,106.473607,1.015073,4.18458305853841,141.1806,/T
2033-Oct-01 00:00,A,m,330.89311,-13.26057,-2.754,5.340,257.033040,1.009980,4.19447284314364,140.1252,/T
2033-Oct-02 00:00,A,m,330.82469,-13.28341,-2.748,5.341,47.588456,1.004948,4.20458259768272,139.0723,/T
2033-Oct-03 00:00,A,m,330.75909,-13.30516,-2.741,5.342,198.139814,0.999979,4.21490906398835,138.0217,/T
2033-Oct-04 00:00,A,m,330.69635,-13.32580,-2.734,5.343,348.687109,0.995078,4.22544790226350,136.9737,/T
2033-Oct-05 00:00,A,m,330.63649,-13.34533,-2.727,5.344,139.230317,0.990249,4.23619458575205,135.9282,/T
2033-Oct-06 00:00,A,m,330.57955,-13.36373,-2.721,5.345,289.769428,0.985493,4.24714584622845,134.8853,/T
2033-Oct-07 00:00,A,m,330.52557,-13.38100,-2.714,5.346,80.304430,0.980815,4.25829615014275,133.8449,/T
2033-Oct-08 00:00,,m,330.47458,-13.39713,-2.706,5.347,230.835322,0.976218,4.26964176240283,132.8072,/T
2033-Oct-09 00:00,,m,330.42660,-13.41212,-2.699,5.348,21.362115,0.971702,4.28117805465851,131.7719,/T
2033-Oct-10 00:00,,m,330.38167,-13.42595,-2.692,5.350,171.884790,0.967271,4.29290232201732,130.7393,/T
2033-Oct-11 00:00,,,330.33980,-13.43862,-2.685,5.351,322.403353,0.962928,4.30481039953373,129.7092,/T
2033-Oct-12 00:00,,,330.30104,-13.45013,-2.677,5.352,112.917789,0.958673,4.31689839686871,128.6817,/T
2033-Oct-13 00:00,,,330.26539,-13.46047,-2.670,5.353,263.428099,0.954511,4.32916322126269,127.6568,/T
2033-Oct-14 00:00,,,330.23288,-13.46964,-2.663,5.354,53.934271,0.950443,4.34159976626857,126.6346,/T
2033-Oct-15 00:00,,,330.20352,-13.47764,-2.655,5.355,204.436310,0.946474,4.35420424370630,125.6149,/T
2033-Oct-16 00:00,,,330.17732,-13.48447,-2.647,5.356,354.934233,0.942605,4.36697165831683,124.5979,/T
2033-Oct-17 00:00,,,330.15431,-13.49012,-2.640,5.357,145.428028,0.938839,4.37989912788868,123.5836,/T
2033-Oct-18 00:00,,,330.13449,-13.49459,-2.632,5.358,295.917711,0.935181,4.39298176925565,122.5719,/T
2033-Oct-19 00:00,,,330.11789,-13.49787,-2.625,5.359,86.403275,0.931632,4.40621530664444,121.5630,/T
2033-Oct-20 00:00,,,330.10452,-13.49996,-2.617,5.360,236.884739,0.928195,4.41959576214791,120.5569,/T
2033-Oct-21 00:00,,,330.09442,-13.50086,-2.609,5.361,27.362101,0.924874,4.43311764304332,119.5535,/T
2033-Oct-22 00:00,,,330.08758,-13.50055,-2.601,5.362,177.835383,0.921672,4.44677638391583,118.5529,/T
2033-Oct-23 00:00,,,330.08400,-13.49906,-2.594,5.362,328.304616,0.918590,4.46056626123495,117.5551,/T
2033-Oct-24 00:00,,,330.08371,-13.49637,-2.586,5.363,118.769810,0.915632,4.47448396305031,116.5602,/T
2033-Oct-25 00:00,,,330.08670,-13.49249,-2.578,5.364,269.230996,0.912801,4.48852396523208,115.5681,/T
2033-Oct-26 00:00,,,330.09297,-13.48742,-2.570,5.365,59.688186,0.910097,4.50268180512214,114.5788,/T
2033-Oct-27 00:00,,m,330.10252,-13.48116,-2.563,5.366,210.141417,0.907524,4.51695292150695,113.5925,/T
2033-Oct-28 00:00,,m,330.11535,-13.47371,-2.555,5.366,0.590702,0.905084,4.53133191612781,112.6091,/T
2033-Oct-29 00:00,,m,330.13146,-13.46509,-2.547,5.367,151.036083,0.902777,4.54581390158851,111.6285,/T
2033-Oct-30 00:00,,m,330.15081,-13.45529,-2.539,5.368,301.477604,0.900606,4.56039305674472,110.6509,/T
2033-Oct-31 00:00,,m,330.17340,-13.44433,-2.532,5.368,91.915294,0.898573,4.57506616458331,109.6762,/T
2033-Nov-01 00:00,,m,330.19920,-13.43221,-2.524,5.369,242.349196,0.896677,4.58982776516619,108.7044,/T
2033-Nov-02 00:00,,m,330.22821,-13.41893,-2.516,5.370,32.779338,0.894920,4.60467386137009,107.7354,/T
2033-Nov-03 00:00,,m,330.26039,-13.40451,-2.509,5.370,183.205768,0.893302,4.61959999730292,106.7694,/T
2033-Nov-04 00:00,,m,330.29576,-13.38893,-2.501,5.371,333.628509,0.891824,4.63460162115599,105.8062,/T
2033-Nov-05 00:00,,m,330.33429,-13.37221,-2.493,5.371,124.047613,0.890485,4.64967421677638,104.8458,/T
2033-Nov-06 00:00,,m,330.37597,-13.35434,-2.486,5.371,274.463124,0.889286,4.66481265599609,103.8882,/T
2033-Nov-07 00:00,,m,330.42078,-13.33534,-2.478,5.372,64.875081,0.888227,4.68001440307276,102.9334,/T
2033-Nov-08 00:00,,m,330.46870,-13.31522,-2.471,5.372,215.283526,0.887307,4.69527471339712,101.9813,/T
2033-Nov-09 00:00,,m,330.51972,-13.29397,-2.463,5.373,5.688485,0.886527,4.71059043364861,101.0319,/T
2033-Nov-10 00:00,,,330.57381,-13.27161,-2.456,5.373,156.090005,0.885887,4.72595741420638,100.0852,/T
2033-Nov-11 00:00,,,330.63095,-13.24814,-2.448,5.373,306.488104,0.885387,4.74137187354353,99.1410,/T
2033-Nov-12 00:00,,,330.69112,-13.22358,-2.441,5.373,96.882831,0.885028,4.75682926055548,98.1995,/T
2033-Nov-13 00:00,,,330.75429,-13.19792,-2.434,5.374,247.274228,0.884811,4.77232453666285,97.2606,/T
2033-Nov-14 00:00,,,330.82044,-13.17117,-2.427,5.374,37.662336,0.884736,4.78785486916113,96.3243,/T
2033-Nov-15 00:00,,,330.88956,-13.14333,-2.419,5.374,188.047195,0.884804,4.80341530629698,95.3905,/T
2033-Nov-16 00:00,,,330.96162,-13.11442,-2.412,5.374,338.428840,0.885016,4.81900249645827,94.4593,/T
2033-Nov-17 00:00,,,331.03661,-13.08443,-2.405,5.374,128.807322,0.885372,4.83461176759339,93.5306,/T
2033-Nov-18 00:00,,,331.11452,-13.05337,-2.398,5.374,279.182665,0.885874,4.85023944430753,92.6044,/T
2033-Nov-19 00:00,,,331.19532,-13.02124,-2.391,5.374,69.554924,0.886521,4.86588053666028,91.6808,/T
2033-Nov-20 00:00,,,331.27900,-12.98805,-2.384,5.374,219.924143,0.887314,4.88152998545560,90.7598,/T
2033-Nov-21 00:00,,,331.36552,-12.95382,-2.377,5.374,10.290378,0.888254,4.89718460591578,89.8412,/T
2033-Nov-22 00:00,,,331.45486,-12.91854,-2.371,5.374,160.653670,0.889341,4.91283948086427,88.9251,/T
2033-Nov-23 00:00,,,331.54699,-12.88222,-2.364,5.373,311.014063,0.890574,4.92849122989821,88.0116,/T
2033-Nov-24 00:00,,,331.64188,-12.84489,-2.357,5.373,101.371615,0.891955,4.94413496388257,87.1006,/T
2033-Nov-25 00:00,,,331.73951,-12.80653,-2.351,5.373,251.726356,0.893483,4.95976732767034,86.1920,/T
2033-Nov-26 00:00,,m,331.83985,-12.76717,-2.344,5.373,42.078348,0.895158,4.97538316718979,85.2860,/T
2033-Nov-27 00:00,,m,331.94285,-12.72680,-2.338,5.372,192.427641,0.896979,4.99097771757041,84.3825,/T
2033-Nov-28 00:00,,m,332.04847,-12.68546,-2.331,5.372,342.774300,0.898946,5.00654769485469,83.4814,/T
2033-Nov-29 00:00,,m,332.15668,-12.64314,-2.325,5.372,133.118371,0.901057,5.02208869331259,82.5827,/T
2033-Nov-30 00:00,,m,332.26744,-12.59985,-2.319,5.371,283.459905,0.903313,5.03759774139788,81.6865,/T
2033-Dec-01 00:00,,m,332.38073,-12.55560,-2.313,5.371,73.798962,0.905712,5.05307041313470,80.7927,/T
2033-Dec-02 00:00,,m,332.49651,-12.51039,-2.306,5.370,224.135578,0.908253,5.06850432315913,79.9013,/T
2033-Dec-03 00:00,,m,332.61476,-12.46424,-2.300,5.370,14.469814,0.910933,5.08389497515298,79.0123,/T
2033-Dec-04 00:00,,m,332.73545,-12.41714,-2.294,5.369,164.801714,0.913753,5.09923871814658,78.1256,/T
2033-Dec-05 00:00,,m,332.85854,-12.36912,-2.289,5.369,315.131343,0.916710,5.11453286517699,77.2411,/T
2033-Dec-06 00:00,,m,332.98400,-12.32018,-2.283,5.368,105.458737,0.919804,5.12977420260848,76.3589,/T
2033-Dec-07 00:00,,m,333.11179,-12.27033,-2.277,5.368,255.783943,0.923032,5.14496051322152,75.4788,/T
2033-Dec-08 00:00,,m,333.24188,-12.21958,-2.271,5.367,46.107009,0.926395,5.16008804266054,74.6009,/T
2033-Dec-09 00:00,,,333.37424,-12.16795,-2.266,5.366,196.427962,0.929891,5.17515509831245,73.7251,/T
2033-Dec-10 00:00,,,333.50884,-12.11543,-2.260,5.366,346.746852,0.933520,5.19015736716359,72.8514,/T
2033-Dec-11 00:00,,,333.64565,-12.06203,-2.255,5.365,137.063716,0.937282,5.20509146685695,71.9798,/T
2033-Dec-12 00:00,,,333.78463,-12.00777,-2.249,5.364,287.378614,0.941175,5.21995419693037,71.1101,/T
2033-Dec-13 00:00,,,333.92576,-11.95265,-2.244,5.364,77.691578,0.945200,5.23474237463141,70.2425,/T
2033-Dec-14 00:00,,,334.06901,-11.89667,-2.239,5.363,228.002658,0.949356,5.24945329379844,69.3768,/T
2033-Dec-15 00:00,,,334.21437,-11.83984,-2.234,5.362,18.311899,0.953643,5.26408291648385,68.5131,/T
2033-Dec-16 00:00,,,334.36180,-11.78217,-2.229,5.361,168.619336,0.958061,5.27862936427804,67.6514,/T
2033-Dec-17 00:00,,,334.51128,-11.72367,-2.224,5.361,318.925017,0.962608,5.29308810659797,66.7916,/T
2033-Dec-18 00:00,,,334.66279,-11.66434,-2.219,5.360,109.228984,0.967284,5.30745584255564,65.9337,/T
2033-Dec-19 00:00,,,334.81629,-11.60419,-2.214,5.359,259.531302,0.972089,5.32172895748411,65.0777,/T
2033-Dec-20 00:00,,,334.97175,-11.54323,-2.209,5.358,49.832004,0.977022,5.33590461697076,64.2236,/T
2033-Dec-21 00:00,,,335.12913,-11.48148,-2.204,5.357,200.131145,0.982082,5.34998000182031,63.3714,/T
2033-Dec-22 00:00,,,335.28840,-11.41895,-2.200,5.356,350.428769,0.987269,5.36395133528930,62.5211,/T
2033-Dec-23 00:00,,,335.44953,-11.35564,-2.195,5.355,140.724919,0.992581,5.37781691494817,61.6727,/T
2033-Dec-24 00:00,,,335.61249,-11.29156,-2.191,5.354,291.019642,0.998018,5.39157250914215,60.8261,/T
2033-Dec-25 00:00,,m,335.77724,-11.22673,-2.186,5.353,81.312980,1.003577,5.40521525611320,59.9815,/T
2033-Dec-26 00:00,,m,335.94373,-11.16115,-2.182,5.353,231.605001,1.009258,5.41874152904885,59.1386,/T
2033-Dec-27 00:00,,m,336.11193,-11.09485,-2.178,5.352,21.895739,1.015059,5.43214921381006,58.2977,/T
2033-Dec-28 00:00,,m,336.28181,-11.02782,-2.173,5.351,172.185251,1.020979,5.44543576380421,57.4586,/T
2033-Dec-29 00:00,,m,336.45334,-10.96007,-2.169,5.350,322.473578,1.027016,5.45859818779186,56.6213,/T
2033-Dec-30 00:00,,m,336.62649,-10.89161,-2.165,5.349,112.760766,1.033166,5.47163536604528,55.7857,/T
2033-Dec-31 00:00,,m,336.80125,-10.82245,-2.161,5.348,263.046854,1.039430,5.48454399199121,54.9520,/T
2034-Jan-01 00:00,,m,336.97757,-10.75259,-2.157,5.347,53.331882,1.045806,5.49732212795728,54.1201,/T
2034-Jan-02 00:00,,m,337.15544,-10.68206,-2.153,5.346,203.615908,1.052290,5.50996667727945,53.2898,/T
2034-Jan-03 00:00,,m,337.33480,-10.61085,-2.150,5.345,353.898962,1.058883,5.52247659880203,52.4613,/T
2034-Jan-04 00:00,,m,337.51563,-10.53899,-2.146,5.344,144.181092,1.065582,5.53484984915367,51.6344,/T
2034-Jan-05 00:00,,m,337.69790,-10.46648,-2.142,5.343,294.462328,1.072386,5.54708430644113,50.8091,/T
2034-Jan-06 00:00,,m,337.88156,-10.39333,-2.139,5.342,84.742708,1.079294,5.55917914748767,49.9854,/T
2034-Jan-07 00:00,,,338.06660,-10.31955,-2.135,5.341,235.022261,1.086305,5.57113163595945,49.1632,/T
2034-Jan-08 00:00,,,338.25300,-10.24515,-2.132,5.340,25.301020,1.093418,5.58294003714081,48.3426,/T
2034-Jan-09 00:00,,,338.44072,-10.17013,-2.128,5.339,175.579033,1.100633,5.59460102423611,47.5234,/T
2034-Jan-10 00:00,,,338.62975,-10.09451,-2.125,5.338,325.856329,1.107948,5.60611363019340,46.7057,/T
2034-Jan-11 00:00,,,338.82005,-10.01828,-2.122,5.337,116.132952,1.115364,5.61747538164999,45.8894,/T
2034-Jan-12 00:00,,,339.01162,-9.94146,-2.119,5.336,266.408929,1.122878,5.62868417594766,45.0746,/T
2034-Jan-13 00:00,,,339.20441,-9.86406,-2.116,5.335,56.684303,1.130490,5.63973868453327,44.2612,/T
2034-Jan-14 00:00,,,339.39843,-9.78608,-2.113,5.333,206.959098,1.138200,5.65063627598498,43.4491,/T
2034-Jan-15 00:00,,,339.59365,-9.70752,-2.110,5.332,357.233351,1.146006,5.66137503180667,42.6385,/T
2034-Jan-16 00:00,,,339.79004,-9.62840,-2.107,5.331,147.507112,1.153909,5.67195136333187,41.8292,/T
2034-Jan-17 00:00,,,339.98757,-9.54874,-2.104,5.331,297.780410,1.161905,5.68236434396722,41.0212,/T
2034-Jan-18 00:00,,,340.18621,-9.46853,-2.101,5.330,88.053295,1.169996,5.69261129276929,40.2147,/T
2034-Jan-19 00:00,,,340.38593,-9.38780,-2.098,5.329,238.325794,1.178179,5.70269041011734,39.4094,/T
2034-Jan-20 00:00,,,340.58669,-9.30656,-2.096,5.328,28.597955,1.186453,5.71260016627245,38.6055,/T
2034-Jan-21 00:00,,,340.78848,-9.22481,-2.093,5.327,178.869805,1.194817,5.72233849578949,37.8029,/T
2034-Jan-22 00:00,,,340.99126,-9.14256,-2.091,5.326,329.141382,1.203270,5.73190370751672,37.0017,/T
2034-Jan-23 00:00,,m,341.19499,-9.05983,-2.088,5.325,119.412734,1.211809,5.74129258613948,36.2019,/T
2034-Jan-24 00:00,,m,341.39965,-8.97663,-2.086,5.324,269.683897,1.220433,5.75050475668535,35.4033,/T
2034-Jan-25 00:00,,m,341.60522,-8.89297,-2.083,5.323,59.954916,1.229140,5.75953806486373,34.6061,/T
2034-Jan-26 00:00,,m,341.81166,-8.80885,-2.081,5.322,210.225818,1.237929,5.76839171608063,33.8102,/T
2034-Jan-27 00:00,,m,342.01895,-8.72428,-2.079,5.321,0.496650,1.246796,5.77706469202162,33.0157,/T
2034-Jan-28 00:00,,m,342.22709,-8.63928,-2.077,5.320,150.767427,1.255741,5.78555620571322,32.2224,/T
2034-Jan-29 00:00,,m,342.43604,-8.55384,-2.075,5.319,301.038187,1.264761,5.79386532328904,31.4304,/T
2034-Jan-30 00:00,,m,342.64577,-8.46799,-2.073,5.318,91.308963,1.273856,5.80198970501079,30.6397,/T
2034-Jan-31 00:00,,m,342.85627,-8.38173,-2.071,5.318,241.579786,1.283022,5.80992959887976,29.8503,/T
2034-Feb-01 00:00,,m,343.06748,-8.29507,-2.069,5.317,31.850689,1.292260,5.81768336406077,29.0620,/T
2034-Feb-02 00:00,,m,343.27940,-8.20804,-2.067,5.316,182.121692,1.301567,5.82525082088288,28.2749,/T
2034-Feb-03 00:00,,m,343.49199,-8.12063,-2.065,5.315,332.392835,1.310943,5.83263089188058,27.4890,/T
2034-Feb-04 00:00,,m,343.70523,-8.03285,-2.063,5.314,122.664125,1.320387,5.83982330555810,26.7042,/T
2034-Feb-05 00:00,,m,343.91911,-7.94472,-2.061,5.314,272.935594,1.329897,5.84682698671135,25.9206,/T
2034-Feb-06 00:00,,,344.13362,-7.85624,-2.060,5.313,63.207269,1.339474,5.85363966690954,25.1380,/T
2034-Feb-07 00:00,,,344.34872,-7.76741,-2.058,5.312,213.479181,1.349116,5.86026126885907,24.3564,/T
2034-Feb-08 00:00,,,344.56441,-7.67825,-2.057,5.311,3.751359,1.358822,5.86669000694602,23.5759,/T
2034-Feb-09 00:00,,,344.78067,-7.58876,-2.055,5.311,154.023825,1.368592,5.87292567399524,22.7964,/T
2034-Feb-10 00:00,,,344.99747,-7.49896,-2.054,5.310,304.296617,1.378425,5.87896677036476,22.0179,/T
2034-Feb-11 00:00,,,345.21480,-7.40885,-2.052,5.309,94.569745,1.388320,5.88481328618708,21.2404,/T
2034-Feb-12 00:00,,,345.43265,-7.31843,-2.051,5.309,244.843241,1.398275,5.89046393148086,20.4639,/T
2034-Feb-13 00:00,,,345.65100,-7.22772,-2.050,5.308,35.117128,1.408292,5.89591664385900,19.6883,/T
2034-Feb-14 00:00,A,,345.86982,-7.13673,-2.048,5.307,185.391444,1.418367,5.90117106789040,18.9137,/T
2034-Feb-15 00:00,A,,346.08909,-7.04548,-2.047,5.307,335.666216,1.428500,5.90622552157288,18.1401,/T
2034-Feb-16 00:00,A,,346.30878,-6.95396,-2.046,5.306,125.941469,1.438691,5.91107987114089,17.3674,/T
2034-Feb-17 00:00,A,,346.52886,-6.86220,-2.045,5.306,276.217242,1.448937,5.91573242609864,16.5957,/T
2034-Feb-18 00:00,A,,346.74931,-6.77021,-2.044,5.305,66.493549,1.459238,5.92018355238661,15.8250,/T
2034-Feb-19 00:00,A,,346.97011,-6.67800,-2.043,5.305,216.770425,1.469592,5.92443196742611,15.0553,/T
2034-Feb-20 00:00,A,,347.19123,-6.58556,-2.042,5.304,7.047893,1.479997,5.92847616008506,14.2866,/T
2034-Feb-21 00:00,A,m,347.41266,-6.49293,-2.041,5.304,157.325995,1.490452,5.93231583901486,13.5190,/T
2034-Feb-22 00:00,A,m,347.63436,-6.40009,-2.040,5.303,307.604758,1.500954,5.93595005205200,12.7525,/T
2034-Feb-23 00:00,A,m,347.85633,-6.30708,-2.039,5.303,97.884208,1.511503,5.93937935961320,11.9871,/T
2034-Feb-24 00:00,A,m,348.07855,-6.21388,-2.039,5.303,248.164381,1.522096,5.94260276915898,11.2229,/T
2034-Feb-25 00:00,A,m,348.30098,-6.12052,-2.038,5.302,38.445288,1.532731,5.94562178612184,10.4600,/T
2034-Feb-26 00:00,A,m,348.52362,-6.02701,-2.037,5.302,188.726958,1.543406,5.94843595960549,9.6984,/T
2034-Feb-27 00:00,A,m,348.74645,-5.93334,-2.037,5.302,339.009401,1.554121,5.95104498952687,8.9383,/T
2034-Feb-28 00:00,A,m,348.96942,-5.83955,-2.036,5.301,129.292654,1.564874,5.95344897891829,8.1799,/T
2034-Mar-01 00:00,A,m,349.19253,-5.74563,-2.036,5.301,279.576731,1.575664,5.95564780815428,7.4233,/T
2034-Mar-02 00:00,A,m,349.41575,-5.65161,-2.035,5.301,69.861653,1.586490,5.95764235662097,6.6689,/T
2034-Mar-03 00:00,A,m,349.63905,-5.55748,-2.035,5.301,220.147444,1.597351,5.95943180302266,5.9172,/T
2034-Mar-04 00:00,A,m,349.86243,-5.46327,-2.034,5.301,10.434112,1.608246,5.96101782219165,5.1691,/T
2034-Mar-05 00:00,A,m,350.08587,-5.36897,-2.034,5.300,160.721678,1.619175,5.96239982103493,4.4261,/T
2034-Mar-06 00:00,A,m,350.30936,-5.27458,-2.034,5.300,311.010149,1.630136,5.96357763802694,3.6908,/T
2034-Mar-07 00:00,A,,350.53290,-5.18013,-2.034,5.300,101.299560,1.641130,5.96455073291390,2.9683,/T
2034-Mar-08 00:00,A,,350.75646,-5.08562,-2.033,5.300,251.589923,1.652155,5.96531895875987,2.2704,/T
2034-Mar-09 00:00,A,,350.98004,-4.99106,-2.033,5.300,41.881260,1.663211,5.96588274312033,1.6281,/T
2034-Mar-10 00:00,A,,351.20361,-4.89649,-2.033,5.300,192.173597,1.674298,5.96624104661529,1.1386,/T
2034-Mar-11 00:00,A,,351.42709,-4.80188,-2.033,5.300,342.466947,1.685414,5.96639534660839,1.0438,/T
2034-Mar-12 00:00,A,,351.65054,-4.70717,-2.033,5.300,132.761330,1.696559,5.96634492347377,1.4241,/L
2034-Mar-13 00:00,A,,351.87399,-4.61244,-2.033,5.300,283.056756,1.707732,5.96608985591695,2.0273,/L
2034-Mar-14 00:00,A,,352.09736,-4.51773,-2.034,5.300,73.353262,1.718932,5.96562923393790,2.7080,/L
2034-Mar-15 00:00,N,,352.32065,-4.42302,-2.034,5.300,223.650861,1.730158,5.96496322734980,3.4199,/L
2034-Mar-16 00:00,N,,352.54381,-4.32833,-2.034,5.300,13.949582,1.741410,5.96409213185851,4.1469,/L
2034-Mar-17 00:00,N,,352.76683,-4.23367,-2.035,5.300,164.249447,1.752686,5.96301515019364,4.8819,/L
2034-Mar-18 00:00,N,,352.98968,-4.13906,-2.035,5.300,314.550477,1.763985,5.96173381166139,5.6218,/L
2034-Mar-19 00:00,N,,353.21235,-4.04450,-2.035,5.300,104.852693,1.775305,5.96024769107369,6.3648,/L
2034-Mar-20 00:00,N,,353.43482,-3.94999,-2.036,5.300,255.156106,1.786646,5.95855742158869,7.1096,/L
2034-Mar-21 00:00,N,,353.65706,-3.85556,-2.036,5.300,45.460753,1.798005,5.95666217534033,7.8558,/L
2034-Mar-22 00:00,N,m,353.87908,-3.76120,-2.037,5.300,195.766651,1.809381,5.95456289502946,8.6029,/L
2034-Mar-23 00:00,N,m,354.10084,-3.66693,-2.038,5.300,346.073827,1.820772,5.95226026991501,9.3505,/L
2034-Mar-24 00:00,N,m,354.32234,-3.57275,-2.038,5.300,136.382300,1.832177,5.94975444088815,10.0986,/L
2034-Mar-25 00:00,N,m,354.54353,-3.47868,-2.039,5.301,286.692092,1.843594,5.94704753383564,10.8468,/L
2034-Mar-26 00:00,N,m,354.76442,-3.38473,-2.040,5.301,77.003215,1.855021,5.94414008775148,11.5952,/L
2034-Mar-27 00:00,N,m,354.98498,-3.29091,-2.041,5.301,227.315674,1.866458,5.94103369258818,12.3437,/L
2034-Mar-28 00:00,N,m,355.20517,-3.19723,-2.041,5.301,17.629498,1.877904,5.93772793029879,13.0922,/L
2034-Mar-29 00:00,N,m,355.42499,-3.10370,-2.042,5.302,167.944694,1.889358,5.93422445437606,13.8407,/L
2034-Mar-30 00:00,N,m,355.64441,-3.01034,-2.043,5.302,318.261286,1.900818,5.93052402882288,14.5892,/L
2034-Mar-31 00:00,N,m,355.86342,-2.91715,-2.044,5.302,108.579282,1.912286,5.92662720886850,15.3376,/L
2034-Apr-01 00:00,N,m,356.08199,-2.82414,-2.045,5.303,258.898703,1.923759,5.92253586127080,16.0861,/L
2034-Apr-02 00:00,N,m,356.30013,-2.73132,-2.047,5.303,49.219555,1.935237,5.91825067620510,16.8345,/L
2034-Apr-03 00:00,N,m,356.51782,-2.63870,-2.048,5.304,199.541842,1.946720,5.91377323586240,17.5829,/L
2034-Apr-04 00:00,N,m,356.73505,-2.54628,-2.049,5.304,349.865589,1.958208,5.90910280228668,18.3314,/L
2034-Apr-05 00:00,N,,356.95181,-2.45406,-2.050,5.304,140.190802,1.969700,5.90424097274452,19.0798,/L
2034-Apr-06 00:00,N,,357.16807,-2.36207,-2.051,5.305,290.517506,1.981195,5.89918804851221,19.8284,/L
2034-Apr-07 00:00,N,,357.38385,-2.27030,-2.053,5.305,80.845709,1.992694,5.89394462352143,20.5770,/L
2034-Apr-08 00:00,N,,357.59909,-2.17877,-2.054,5.306,231.175436,2.004195,5.88851197881647,21.3257,/L
2034-Apr-09 00:00,N,,357.81381,-2.08749,-2.056,5.306,21.506694,2.015698,5.88289085481834,22.0746,/L
2034-Apr-10 00:00,N,,358.02797,-1.99646,-2.057,5.307,171.839491,2.027202,5.87708269428449,22.8236,/L
2034-Apr-11 00:00,N,,358.24157,-1.90570,-2.059,5.308,322.173852,2.038707,5.87108657672673,23.5728,/L
2034-Apr-12 00:00,N,,358.45457,-1.81522,-2.060,5.308,112.509790,2.050212,5.86490407264852,24.3222,/L
2034-Apr-13 00:00,C,,358.66696,-1.72503,-2.062,5.309,262.847333,2.061716,5.85853524349154,25.0719,/L
2034-Apr-14 00:00,C,,358.87871,-1.63513,-2.064,5.309,53.186491,2.073219,5.85198098123729,25.8217,/L
2034-Apr-15 00:00,C,,359.08980,-1.54556,-2.065,5.310,203.527298,2.084719,5.84524228438416,26.5719,/L
2034-Apr-16 00:00,C,,359.30020,-1.45630,-2.067,5.311,353.869762,2.096215,5.83832039118168,27.3223,/L
2034-Apr-17 00:00,C,,359.50990,-1.36738,-2.069,5.311,144.213898,2.107705,5.83121704056000,28.0730,/L
2034-Apr-18 00:00,C,,359.71890,-1.27880,-2.071,5.312,294.559730,2.119188,5.82393184831485,28.8241,/L
2034-Apr-19 00:00,C,,359.92716,-1.19057,-2.073,5.313,84.907275,2.130663,5.81646698039209,29.5754,/L
2034-Apr-20 00:00,C,m,0.13468,-1.10270,-2.075,5.314,235.256560,2.142129,5.80882310860278,30.3271,/L
2034-Apr-21 00:00,C,m,0.34143,-1.01519,-2.077,5.314,25.607593,2.153583,5.80100222895577,31.0791,/L
2034-Apr-22 00:00,C,m,0.54737,-0.92807,-2.079,5.315,175.960405,2.165025,5.79300585175772,31.8314,/L
2034-Apr-23 00:00,C,m,0.75250,-0.84134,-2.081,5.316,326.314997,2.176453,5.78483638886050,32.5840,/L
2034-Apr-24 00:00,C,m,0.95677,-0.75502,-2.083,5.317,116.671380,2.187867,5.77649626076342,33.3370,/L
2034-Apr-25 00:00,C,m,1.16019,-0.66911,-2.086,5.317,267.029563,2.199265,5.76798586753918,34.0904,/L
2034-Apr-26 00:00,C,m,1.36272,-0.58363,-2.088,5.318,57.389559,2.210648,5.75930767203670,34.8441,/L
2034-Apr-27 00:00,C,m,1.56434,-0.49859,-2.090,5.319,207.751386,2.222014,5.75046246162145,35.5983,/L
2034-Apr-28 00:00,C,m,1.76504,-0.41399,-2.093,5.320,358.115048,2.233364,5.74145242758652,36.3528,/L
2034-Apr-29 00:00,C,m,1.96480,-0.32984,-2.095,5.321,148.480571,2.244698,5.73227857043723,37.1079,/L
2034-Apr-30 00:00,C,m,2.16362,-0.24616,-2.098,5.321,298.847956,2.256014,5.72294335196902,37.8634,/L
2034-May-01 00:00,C,m,2.36146,-0.16295,-2.100,5.322,89.217213,2.267312,5.71344879845468,38.6195,/L
2034-May-02 00:00,C,m,2.55834,-0.08020,-2.103,5.323,239.588351,2.278592,5.70379533195036,39.3762,/L
2034-May-03 00:00,C,m,2.75423,0.00205,-2.106,5.324,29.961385,2.289854,5.69398501708382,40.1335,/L
2034-May-04 00:00,C,,2.94911,0.08382,-2.109,5.325,180.336333,2.301098,5.68401847170881,40.8914,/L
2034-May-05 00:00,C,,3.14296,0.16509,-2.111,5.326,330.713201,2.312323,5.67389788315584,41.6500,/L
2034-May-06 00:00,C,,3.33577,0.24584,-2.114,5.327,121.092019,2.323530,5.66362383302898,42.4093,/L
2034-May-07 00:00,C,,3.52750,0.32607,-2.117,5.328,271.472790,2.334716,5.65319892951674,43.1694,/L
2034-May-08 00:00,C,,3.71815,0.40576,-2.120,5.328,61.855530,2.345882,5.64262496381901,43.9303,/L
2034-May-09 00:00,C,,3.90769,0.48492,-2.123,5.329,212.240243,2.357027,5.63190263928583,44.6921,/L
2034-May-10 00:00,*,,4.09609,0.56352,-2.126,5.330,2.626954,2.368151,5.62103373078016,45.4547,/L
2034-May-11 00:00,*,,4.28334,0.64156,-2.130,5.331,153.015680,2.379252,5.61001891877049,46.2182,/L
2034-May-12 00:00,*,,4.46940,0.71902,-2.133,5.332,303.406434,2.390330,5.59886046391143,46.9827,/L
2034-May-13 00:00,*,,4.65425,0.79590,-2.136,5.333,93.799248,2.401385,5.58755877749199,47.7481,/L
2034-May-14 00:00,*,,4.83788,0.87217,-2.140,5.334,244.194132,2.412414,5.57611677123888,48.5146,/L
2034-May-15 00:00,*,,5.02024,0.94783,-2.143,5.335,34.591107,2.423416,5.56453630430235,49.2822,/L
2034-May-16 00:00,*,,5.20135,1.02289,-2.147,5.336,184.990181,2.434390,5.55281883323311,50.0508,/L
2034-May-17 00:00,*,,5.38116,1.09732,-2.150,5.337,335.391381,2.445335,5.54096636966172,50.8205,/L
2034-May-18 00:00,*,,5.55967,1.17111,-2.154,5.337,125.794726,2.456249,5.52898043914731,51.5913,/L
2034-May-19 00:00,*,m,5.73683,1.24427,-2.158,5.338,276.200231,2.467132,5.51686412122231,52.3632,/L
2034-May-20 00:00,*,m,5.91262,1.31676,-2.161,5.339,66.607921,2.477981,5.50461861028763,53.1362,/L
2034-May-21 00:00,*,m,6.08701,1.38858,-2.165,5.340,217.017804,2.488796,5.49224783971008,53.9104,/L
2034-May-22 00:00,*,m,6.25995,1.45971,-2.169,5.341,7.429896,2.499576,5.47975437616995,54.6857,/L
2034-May-23 00:00,*,m,6.43145,1.53015,-2.173,5.342,157.844191,2.510321,5.46714078781137,55.4622,/L
2034-May-24 00:00,*,m,6.60146,1.59988,-2.177,5.343,308.260713,2.521029,5.45440928667635,56.2399,/L
2034-May-25 00:00,*,m,6.76998,1.66890,-2.181,5.344,98.679468,2.531701,5.44156189185635,57.0188,/L
2034-May-26 00:00,*,m,6.93698,1.73719,-2.185,5.345,249.100466,2.542336,5.42860166373140,57.7990,/L
2034-May-27 00:00,*,m,7.10244,1.80476,-2.190,5.345,39.523726,2.552934,5.41552964568838,58.5805,/L
2034-May-28 00:00,*,m,7.26635,1.87158,-2.194,5.346,189.949255,2.563495,5.40234952859880,59.3632,/L
2034-May-29 00:00,*,m,7.42868,1.93766,-2.198,5.347,340.377069,2.574018,5.38906344689477,60.1474,/L
2034-May-30 00:00,*,m,7.58943,2.00298,-2.203,5.348,130.807160,2.584502,5.37567401773087,60.9329,/L
2034-May-31 00:00,*,m,7.74858,2.06754,-2.207,5.349,281.239555,2.594949,5.36218282393028,61.7199,/L
2034-Jun-01 00:00,*,m,7.90610,2.13134,-2.212,5.349,71.674260,2.605356,5.34859183865186,62.5083,/L
2034-Jun-02 00:00,*,m,8.06197,2.19435,-2.216,5.350,222.111291,2.615725,5.33490373091922,63.2983,/L
2034-Jun-03 00:00,*,,8.21616,2.25658,-2.221,5.351,12.550668,2.626054,5.32111941818688,64.0898,/L
2034-Jun-04 00:00,*,,8.36865,2.31800,-2.226,5.352,162.992405,2.636343,5.30724236722362,64.8830,/L
2034-Jun-05 00:00,*,,8.51940,2.37861,-2.231,5.352,313.436521,2.646591,5.29327456764133,65.6779,/L
2034-Jun-06 00:00,*,,8.66840,2.43839,-2.236,5.353,103.883014,2.656797,5.27921896742033,66.4744,/L
2034-Jun-07 00:00,*,,8.81561,2.49734,-2.241,5.354,254.331913,2.666960,5.26507691990327,67.2727,/L
2034-Jun-08 00:00,*,,8.96101,2.55544,-2.246,5.355,44.783227,2.677080,5.25085076128117,68.0729,/L
2034-Jun-09 00:00,*,,9.10456,2.61269,-2.251,5.355,195.236980,2.687155,5.23654313582532,68.8748,/L
2034-Jun-10 00:00,*,,9.24625,2.66906,-2.256,5.356,345.693190,2.697185,5.22215535628011,69.6787,/L
2034-Jun-11 00:00,*,,9.38604,2.72456,-2.262,5.357,136.151880,2.707167,5.20769103080449,70.4846,/L
2034-Jun-12 00:00,*,,9.52390,2.77917,-2.267,5.357,286.613071,2.717100,5.19315254117469,71.2924,/L
2034-Jun-13 00:00,*,,9.65982,2.83288,-2.272,5.358,77.076763,2.726982,5.17854362264561,72.1023,/L
2034-Jun-14 00:00,*,,9.79377,2.88568,-2.278,5.358,227.542987,2.736812,5.16386601190692,72.9142,/L
2034-Jun-15 00:00,*,,9.92572,2.93758,-2.283,5.359,18.011748,2.746588,5.14912299216404,73.7282,/L
2034-Jun-16 00:00,*,,10.05565,2.98854,-2.289,5.359,168.483073,2.756309,5.13431775972865,74.5443,/L
2034-Jun-17 00:00,*,m,10.18351,3.03857,-2.295,5.360,318.956971,2.765974,5.11945267102674,75.3625,/L
2034-Jun-18 00:00,*,m,10.30927,3.08764,-2.301,5.360,109.433465,2.775581,5.10453188456955,76.1828,/L
2034-Jun-19 00:00,*,m,10.43288,3.13574,-2.306,5.361,259.912565,2.785130,5.08955855971670,77.0053,/L
2034-Jun-20 00:00,*,m,10.55433,3.18286,-2.312,5.361,50.394267,2.794618,5.07453724929777,77.8299,/L
2034-Jun-21 00:00,*,m,10.67360,3.22900,-2.318,5.362,200.878588,2.804047,5.05946998955906,78.6568,/L
2034-Jun-22 00:00,*,m,10.79066,3.27414,-2.324,5.362,351.365529,2.813414,5.04436054724912,79.4858,/L
2034-Jun-23 00:00,*,m,10.90549,3.31829,-2.330,5.362,141.855108,2.822719,5.02921198256371,80.3171,/L
2034-Jun-24 00:00,*,m,11.01808,3.36142,-2.337,5.363,292.347326,2.831963,5.01402688902461,81.1506,/L
2034-Jun-25 00:00,*,m,11.12840,3.40353,-2.343,5.363,82.842207,2.841144,4.99880897595354,81.9865,/L
2034-Jun-26 00:00,*,m,11.23642,3.44462,-2.349,5.363,233.339754,2.850261,4.98356131471912,82.8247,/L
2034-Jun-27 00:00,*,m,11.34214,3.48467,-2.356,5.363,23.839967,2.859313,4.96828838001174,83.6653,/L
2034-Jun-28 00:00,*,m,11.44552,3.52369,-2.362,5.363,174.342858,2.868300,4.95299195036314,84.5083,/L
2034-Jun-29 00:00,*,m,11.54655,3.56166,-2.369,5.364,324.848428,2.877221,4.93767577337163,85.3538,/L
2034-Jun-30 00:00,*,m,11.64520,3.59857,-2.375,5.364,115.356698,2.886074,4.92234251024769,86.2018,/L
2034-Jul-01 00:00,*,m,11.74146,3.63442,-2.382,5.364,265.867665,2.894860,4.90699489028595,87.0523,/L
2034-Jul-02 00:00,*,,11.83527,3.66920,-2.389,5.364,56.381358,2.903577,4.89163611264181,87.9055,/L
2034-Jul-03 00:00,*,,11.92661,3.70288,-2.395,5.364,206.897783,2.912223,4.87626925239196,88.7613,/L
2034-Jul-04 00:00,*,,12.01546,3.73547,-2.402,5.364,357.416943,2.920797,4.86089871820746,89.6198,/L
2034-Jul-05 00:00,*,,12.10180,3.76696,-2.409,5.364,147.938851,2.929298,4.84552627653023,90.4811,/L
2034-Jul-06 00:00,*,,12.18559,3.79733,-2.416,5.364,298.463514,2.937723,4.83015581976417,91.3452,/L
2034-Jul-07 00:00,*,,12.26680,3.82657,-2.423,5.364,88.990955,2.946071,4.81478996348624,92.2121,/L
2034-Jul-08 00:00,*,,12.34543,3.85469,-2.430,5.364,239.521174,2.954341,4.79943201382724,93.0820,/L
2034-Jul-09 00:00,*,,12.42142,3.88166,-2.438,5.363,30.054204,2.962529,4.78408520959538,93.9548,/L
2034-Jul-10 00:00,*,,12.49477,3.90748,-2.445,5.363,180.590052,2.970634,4.76875334378203,94.8306,/L
2034-Jul-11 00:00,*,,12.56544,3.93214,-2.452,5.363,331.128723,2.978653,4.75344145720402,95.7094,/L
2034-Jul-12 00:00,*,,12.63341,3.95564,-2.459,5.363,121.670225,2.986585,4.73815223334001,96.5914,/L
2034-Jul-13 00:00,*,,12.69866,3.97797,-2.467,5.362,272.214562,2.994425,4.72289048101092,97.4764,/L
2034-Jul-14 00:00,*,,12.76116,3.99911,-2.474,5.362,62.761748,3.002173,4.70765959218441,98.3645,/L
2034-Jul-15 00:00,*,,12.82088,4.01907,-2.482,5.362,213.311774,3.009826,4.69246406262627,99.2558,/L
2034-Jul-16 00:00,*,m,12.87778,4.03782,-2.489,5.361,3.864662,3.017384,4.67730759827825,100.1502,/L
2034-Jul-17 00:00,*,m,12.93183,4.05536,-2.497,5.361,154.420404,3.024843,4.66219486287795,101.0478,/L
2034-Jul-18 00:00,*,m,12.98302,4.07168,-2.504,5.360,304.978995,3.032202,4.64713127965162,101.9485,/L
2034-Jul-19 00:00,*,m,13.03134,4.08678,-2.512,5.360,95.540426,3.039460,4.63212003299923,102.8524,/L
2034-Jul-20 00:00,*,m,13.07678,4.10065,-2.519,5.359,246.104690,3.046616,4.61716599201067,103.7595,/L
2034-Jul-21 00:00,*,m,13.11932,4.11329,-2.527,5.359,36.671789,3.053667,4.60227238353440,104.6697,/L
2034-Jul-22 00:00,*,m,13.15896,4.12471,-2.535,5.358,187.241703,3.060613,4.58744373931400,105.5832,/L
2034-Jul-23 00:00,*,m,13.19568,4.13489,-2.543,5.357,337.814448,3.067453,4.57268315608153,106.4999,/L
2034-Jul-24 00:00,*,m,13.22946,4.14383,-2.550,5.357,128.390009,3.074185,4.55799516984910,107.4199,/L
2034-Jul-25 00:00,*,m,13.26030,4.15153,-2.558,5.356,278.968383,3.080806,4.54338473618584,108.3432,/L
2034-Jul-26 00:00,*,m,13.28820,4.15799,-2.566,5.355,69.549548,3.087316,4.52885506565045,109.2697,/L
2034-Jul-27 00:00,*,m,13.31313,4.16320,-2.574,5.354,220.133499,3.093712,4.51441073113300,110.1996,/L
2034-Jul-28 00:00,*,m,13.33509,4.16717,-2.582,5.353,10.720231,3.099993,4.50005478971847,111.1328,/L
2034-Jul-29 00:00,*,m,13.35406,4.16989,-2.590,5.353,161.309722,3.106157,4.48579184622828,112.0694,/L
2034-Jul-30 00:00,*,m,13.37003,4.17135,-2.598,5.352,311.901980,3.112202,4.47162462852130,113.0094,/L
2034-Jul-31 00:00,*,m,13.38299,4.17156,-2.606,5.351,102.496990,3.118126,4.45755774351613,113.9528,/L
2034-Aug-01 00:00,*,,13.39291,4.17050,-2.613,5.350,253.094746,3.123926,4.44359585081187,114.8998,/L
2034-Aug-02 00:00,*,,13.39980,4.16819,-2.621,5.349,43.695220,3.129599,4.42974242658521,115.8502,/L
2034-Aug-03 00:00,*,,13.40365,4.16460,-2.629,5.348,194.298406,3.135143,4.41600187050848,116.8041,/L
2034-Aug-04 00:00,*,,13.40445,4.15976,-2.637,5.347,344.904293,3.140555,4.40237733946838,117.7616,/L
2034-Aug-05 00:00,*,,13.40221,4.15366,-2.645,5.346,135.512857,3.145833,4.38887371387040,118.7227,/L
2034-Aug-06 00:00,*,,13.39691,4.14629,-2.653,5.345,286.124103,3.150973,4.37549378933801,119.6874,/L
2034-Aug-07 00:00,*,,13.38856,4.13767,-2.661,5.344,76.738008,3.155972,4.36224269343712,120.6558,/L
2034-Aug-08 00:00,*,,13.37715,4.12778,-2.669,5.342,227.354564,3.160828,4.34912537021841,121.6279,/L
2034-Aug-09 00:00,*,,13.36268,4.11664,-2.676,5.341,17.973730,3.165536,4.33614627446061,122.6036,/L
2034-Aug-10 00:00,*,,13.34515,4.10425,-2.684,5.340,168.595491,3.170094,4.32331029808950,123.5830,/L
2034-Aug-11 00:00,*,,13.32455,4.09061,-2.692,5.339,319.219817,3.174499,4.31062141935801,124.5660,/L
2034-Aug-12 00:00,C,,13.30089,4.07572,-2.700,5.338,109.846671,3.178750,4.29808525359487,125.5527,/L
2034-Aug-13 00:00,C,,13.27417,4.05958,-2.707,5.336,260.476033,3.182843,4.28570506418596,126.5430,/L
2034-Aug-14 00:00,C,,13.24439,4.04220,-2.715,5.335,51.107862,3.186778,4.27348649983976,127.5369,/L
2034-Aug-15 00:00,C,m,13.21156,4.02358,-2.723,5.334,201.742131,3.190551,4.26143453036699,128.5344,/L
2034-Aug-16 00:00,C,m,13.17572,4.00373,-2.730,5.333,352.378773,3.194160,4.24955403135796,129.5355,/L
2034-Aug-17 00:00,C,m,13.13688,3.98267,-2.738,5.331,143.017754,3.197604,4.23784951864954,130.5401,/L
2034-Aug-18 00:00,C,m,13.09507,3.96042,-2.745,5.330,293.659022,3.200881,4.22632479361792,131.5481,/L
2034-Aug-19 00:00,C,m,13.05033,3.93697,-2.752,5.329,84.302524,3.203990,4.21498496599963,132.5596,/L
2034-Aug-20 00:00,C,m,13.00268,3.91235,-2.760,5.328,234.948221,3.206930,4.20383265960658,133.5745,/L
2034-Aug-21 00:00,C,m,12.95215,3.88657,-2.767,5.326,25.596060,3.209699,4.19287287195737,134.5928,/L
2034-Aug-22 00:00,C,m,12.89875,3.85964,-2.774,5.325,176.246002,3.212294,4.18210965620612,135.6145,/L
2034-Aug-23 00:00,C,m,12.84254,3.83158,-2.781,5.324,326.897969,3.214715,4.17154754714227,136.6395,/L
2034-Aug-24 00:00,C,m,12.78353,3.80239,-2.788,5.322,117.551919,3.216959,4.16119015907170,137.6677,/L
2034-Aug-25 00:00,C,m,12.72176,3.77211,-2.795,5.321,268.207786,3.219026,4.15104086786806,138.6993,/L
2034-Aug-26 00:00,C,m,12.65727,3.74075,-2.801,5.320,58.865514,3.220913,4.14110412494888,139.7340,/L
2034-Aug-27 00:00,C,m,12.59010,3.70831,-2.808,5.318,209.525049,3.222620,4.13138206672894,140.7720,/L
2034-Aug-28 00:00,C,m,12.52025,3.67482,-2.814,5.317,0.186336,3.224144,4.12187915905780,141.8132,/L
2034-Aug-29 00:00,C,m,12.44777,3.64028,-2.821,5.316,150.849324,3.225483,4.11259882502677,142.8575,/L
2034-Aug-30 00:00,C,m,12.37272,3.60473,-2.827,5.315,301.513931,3.226636,4.10354553443117,143.9049,/L
2034-Aug-31 00:00,N,,12.29511,3.56817,-2.833,5.313,92.180106,3.227600,4.09472236138001,144.9554,/L
2034-Sep-01 00:00,N,,12.21502,3.53063,-2.839,5.312,242.847773,3.228373,4.08613268641559,146.0090,/L
2034-Sep-02 00:00,N,,12.13248,3.49213,-2.845,5.311,33.516871,3.228953,4.07778071432065,147.0657,/L
2034-Sep-03 00:00,N,,12.04755,3.45271,-2.851,5.310,184.187329,3.229339,4.06966870172350,148.1253,/L
2034-Sep-04 00:00,N,,11.96028,3.41238,-2.856,5.309,334.859084,3.229528,4.06180110035261,149.1879,/L
2034-Sep-05 00:00,N,,11.87070,3.37115,-2.862,5.307,125.532071,3.229520,4.05418133845752,150.2534,/L
2034-Sep-06 00:00,N,,11.77889,3.32907,-2.867,5.306,276.206192,3.229311,4.04681432508693,151.3218,/L
2034-Sep-07 00:00,N,,11.68488,3.28615,-2.872,5.305,66.881376,3.228902,4.03970306220272,152.3929,/L
2034-Sep-08 00:00,N,,11.58874,3.24242,-2.877,5.304,217.557525,3.228292,4.03285120993792,153.4668,/L
2034-Sep-09 00:00,N,,11.49052,3.19790,-2.882,5.303,8.234559,3.227480,4.02626271548173,154.5432,/L
2034-Sep-10 00:00,N,,11.39031,3.15263,-2.886,5.302,158.912379,3.226467,4.01993978814143,155.6221,/L
2034-Sep-11 00:00,N,,11.28815,3.10663,-2.891,5.301,309.590905,3.225253,4.01388630507917,156.7034,/L
2034-Sep-12 00:00,N,,11.18412,3.05994,-2.895,5.300,100.270049,3.223840,4.00810501024702,157.7870,/L
2034-Sep-13 00:00,N,,11.07830,3.01258,-2.899,5.299,250.949695,3.222226,4.00260027402709,158.8726,/L
2034-Sep-14 00:00,N,,10.97077,2.96460,-2.903,5.299,41.629754,3.220414,3.99737404318612,159.9603,/L
2034-Sep-15 00:00,N,m,10.86163,2.91603,-2.906,5.298,192.310110,3.218404,3.99242920074060,161.0497,/L
2034-Sep-16 00:00,N,m,10.75096,2.86691,-2.910,5.297,342.990672,3.216198,3.98776840197105,162.1408,/L
2034-Sep-17 00:00,N,m,10.63884,2.81728,-2.913,5.296,133.671327,3.213799,3.98339295857017,163.2334,/L
2034-Sep-18 00:00,N,m,10.52536,2.76717,-2.916,5.296,284.351986,3.211208,3.97930535630686,164.3271,/L
2034-Sep-19 00:00,A,m,10.41059,2.71662,-2.919,5.295,75.032553,3.208426,3.97550709604297,165.4219,/L
2034-Sep-20 00:00,A,m,10.29463,2.66567,-2.921,5.294,225.712909,3.205455,3.97200148173832,166.5173,/L
2034-Sep-21 00:00,A,m,10.17756,2.61435,-2.924,5.294,16.392955,3.202297,3.96878913612005,167.6130,/L
2034-Sep-22 00:00,A,m,10.05948,2.56271,-2.926,5.293,167.072576,3.198954,3.96587193853864,168.7085,/L
2034-Sep-23 00:00,A,m,9.94046,2.51078,-2.928,5.293,317.751679,3.195429,3.96325112449666,169.8031,/L
2034-Sep-24 00:00,A,m,9.82060,2.45861,-2.930,5.292,108.430146,3.191724,3.96092710284315,170.8959,/L
2034-Sep-25 00:00,A,m,9.69998,2.40622,-2.931,5.292,259.107893,3.187841,3.95890094373774,171.9855,/L
2034-Sep-26 00:00,A,m,9.57868,2.35365,-2.933,5.292,49.784823,3.183783,3.95717303788501,173.0697,/L
2034-Sep-27 00:00,A,m,9.45678,2.30094,-2.934,5.292,200.460828,3.179552,3.95574571407632,174.1449,/L
2034-Sep-28 00:00,A,m,9.33439,2.24814,-2.934,5.291,351.135811,3.175149,3.95461861195161,175.2040,/L
2034-Sep-29 00:00,A,m,9.21161,2.19528,-2.935,5.291,141.809663,3.170577,3.95379299873218,176.2326,/L
2034-Sep-30 00:00,A,m,9.08851,2.14240,-2.935,5.291,292.482297,3.165839,3.95326928309763,177.1954,/L
2034-Oct-01 00:00,A,,8.96520,2.08956,-2.936,5.291,83.153596,3.160938,3.95304774319493,177.9942,/L
2034-Oct-02 00:00,A,,8.84177,2.03677,-2.936,5.291,233.823481,3.155876,3.95312887474050,178.3654,/L
2034-Oct-03 00:00,A,,8.71829,1.98409,-2.935,5.291,24.491851,3.150656,3.95351291849411,178.0465,/T
2034-Oct-04 00:00,A,,8.59485,1.93155,-2.935,5.291,175.158599,3.145282,3.95420200597840,177.2686,/T
2034-Oct-05 00:00,A,,8.47154,1.87919,-2.934,5.291,325.823618,3.139758,3.95519553995512,176.3112,/T
2034-Oct-06 00:00,A,,8.34846,1.82705,-2.934,5.291,116.486793,3.134087,3.95649452670281,175.2820,/T
2034-Oct-07 00:00,A,,8.22570,1.77516,-2.933,5.291,267.148030,3.128274,3.95809859722612,174.2193,/T
2034-Oct-08 00:00,,,8.10336,1.72358,-2.931,5.292,57.807204,3.122326,3.96000753941646,173.1384,/T
2034-Oct-09 00:00,,,7.98153,1.67234,-2.930,5.292,208.464230,3.116246,3.96222052665183,172.0470,/T
2034-Oct-10 00:00,,,7.86032,1.62148,-2.928,5.292,359.119006,3.110042,3.96473666638109,170.9489,/T
2034-Oct-11 00:00,,,7.73982,1.57105,-2.926,5.293,149.771428,3.103718,3.96755662575976,169.8464,/T
2034-Oct-12 00:00,,,7.62014,1.52108,-2.924,5.293,300.421391,3.097279,3.97067840978669,168.7410,/T
2034-Oct-13 00:00,,,7.50137,1.47162,-2.921,5.293,91.068792,3.090732,3.97410157088240,167.6338,/T
2034-Oct-14 00:00,,,7.38362,1.42272,-2.919,5.294,241.713545,3.084083,3.97782404442259,166.5253,/T
2034-Oct-15 00:00,,,7.26699,1.37441,-2.916,5.294,32.355537,3.077338,3.98184442304757,165.4162,/T
2034-Oct-16 00:00,,m,7.15155,1.32672,-2.913,5.295,182.994701,3.070503,3.98616014728275,164.3067,/T
2034-Oct-17 00:00,,m,7.03740,1.27971,-2.910,5.296,333.630949,3.063585,3.99076907466085,163.1974,/T
2034-Oct-18 00:00,,m,6.92461,1.23338,-2.906,5.296,124.264199,3.056588,3.99567042127233,162.0883,/T
2034-Oct-19 00:00,,m,6.81327,1.18780,-2.902,5.297,274.894364,3.049518,4.00086111813171,160.9798,/T
2034-Oct-20 00:00,,m,6.70348,1.14298,-2.899,5.298,65.521360,3.042382,4.00633957980380,159.8720,/T
2034-Oct-21 00:00,,m,6.59529,1.09897,-2.894,5.299,216.145120,3.035186,4.01210252718332,158.7651,/T
2034-Oct-22 00:00,,m,6.48880,1.05579,-2.890,5.300,6.765554,3.027934,4.01814778806883,157.6593,/T
2034-Oct-23 00:00,,m,6.38408,1.01347,-2.886,5.300,157.382614,3.020633,4.02447154097385,156.5547,/T
2034-Oct-24 00:00,,m,6.28119,0.97205,-2.881,5.301,307.996233,3.013288,4.03107084553691,155.4514,/T
2034-Oct-25 00:00,,m,6.18020,0.93154,-2.876,5.302,98.606357,3.005904,4.03794383636195,154.3495,/T
2034-Oct-26 00:00,,m,6.08119,0.89199,-2.871,5.303,249.212917,2.998487,4.04508688571025,153.2492,/T
2034-Oct-27 00:00,,m,5.98424,0.85342,-2.866,5.304,39.815857,2.991040,4.05249772852638,152.1504,/T
2034-Oct-28 00:00,,m,5.88940,0.81586,-2.861,5.305,190.415131,2.983570,4.06017254458379,151.0532,/T
2034-Oct-29 00:00,,m,5.79676,0.77935,-2.855,5.306,341.010671,2.976080,4.06810909583013,149.9578,/T
2034-Oct-30 00:00,,,5.70636,0.74389,-2.850,5.308,131.602446,2.968577,4.07630318387392,148.8641,/T
2034-Oct-31 00:00,,,5.61825,0.70952,-2.844,5.309,282.190404,2.961065,4.08475197514576,147.7723,/T
2034-Nov-01 00:00,,,5.53248,0.67625,-2.838,5.310,72.774510,2.953550,4.09345334173446,146.6824,/T
2034-Nov-02 00:00,,,5.44912,0.64410,-2.832,5.311,223.354701,2.946037,4.10240387526280,145.5944,/T
2034-Nov-03 00:00,,,5.36820,0.61309,-2.826,5.312,13.930934,2.938533,4.11160105203352,144.5085,/T
2034-Nov-04 00:00,,,5.28978,0.58325,-2.819,5.313,164.503167,2.931042,4.12104071881757,143.4246,/T
2034-Nov-05 00:00,,,5.21394,0.55459,-2.813,5.315,315.071345,2.923571,4.13072029948075,142.3429,/T
2034-Nov-06 00:00,,,5.14072,0.52715,-2.806,5.316,105.635444,2.916126,4.14063471522170,141.2635,/T
2034-Nov-07 00:00,,,5.07018,0.50094,-2.799,5.317,256.195424,2.908714,4.15078041281162,140.1865,/T
2034-Nov-08 00:00,,,5.00235,0.47596,-2.793,5.318,46.751267,2.901339,4.16115401141778,139.1118,/T
2034-Nov-09 00:00,,,4.93731,0.45226,-2.786,5.319,197.302927,2.894008,4.17175138646671,138.0395,/T
2034-Nov-10 00:00,,,4.87508,0.42985,-2.779,5.321,347.850382,2.886725,4.18256882383836,136.9698,/T
2034-Nov-11 00:00,,,4.81573,0.40873,-2.771,5.322,138.393608,2.879497,4.19360119719373,135.9027,/T
2034-Nov-12 00:00,,,4.75929,0.38894,-2.764,5.323,288.932575,2.872328,4.20484505002382,134.8383,/T
2034-Nov-13 00:00,,,4.70580,0.37047,-2.757,5.324,79.467278,2.865224,4.21629425223153,133.7766,/T
2034-Nov-14 00:00,,,4.65529,0.35335,-2.749,5.326,229.997704,2.858190,4.22794448876595,132.7177,/T
2034-Nov-15 00:00,,m,4.60778,0.33757,-2.742,5.327,20.523862,2.851231,4.23979128264202,131.6616,/T
2034-Nov-16 00:00,,m,4.56329,0.32315,-2.734,5.328,171.045727,2.844350,4.25183014075315,130.6085,/T
2034-Nov-17 00:00,,m,4.52185,0.31009,-2.727,5.329,321.563306,2.837551,4.26405656312615,129.5582,/T
2034-Nov-18 00:00,,m,4.48348,0.29840,-2.719,5.330,112.076597,2.830840,4.27646505152977,128.5109,/T
2034-Nov-19 00:00,,m,4.44820,0.28809,-2.711,5.332,262.585598,2.824218,4.28905181106375,127.4666,/T
2034-Nov-20 00:00,,m,4.41603,0.27915,-2.703,5.333,53.090323,2.817690,4.30181040864702,126.4254,/T
2034-Nov-21 00:00,,m,4.38697,0.27161,-2.696,5.334,203.590783,2.811259,4.31473643834085,125.3872,/T
2034-Nov-22 00:00,,m,4.36104,0.26544,-2.688,5.335,354.087010,2.804928,4.32782506817955,124.3520,/T
2034-Nov-23 00:00,,m,4.33825,0.26067,-2.680,5.336,144.578999,2.798699,4.34107220080747,123.3200,/T
2034-Nov-24 00:00,,m,4.31860,0.25728,-2.672,5.337,295.066777,2.792575,4.35447330832470,122.2910,/T
2034-Nov-25 00:00,,m,4.30213,0.25530,-2.664,5.338,85.550357,2.786558,4.36802338409465,121.2652,/T
2034-Nov-26 00:00,,m,4.28883,0.25471,-2.656,5.339,236.029754,2.780649,4.38171904193150,120.2423,/T
2034-Nov-27 00:00,,m,4.27870,0.25552,-2.648,5.340,26.504989,2.774852,4.39555443269661,119.2226,/T
2034-Nov-28 00:00,,m,4.27174,0.25772,-2.640,5.341,176.976084,2.769169,4.40952573414024,118.2059,/T
2034-Nov-29 00:00,,,4.26793,0.26130,-2.632,5.342,327.443075,2.763602,4.42362835438316,117.1922,/T
2034-Nov-30 00:00,,,4.26727,0.26627,-2.623,5.343,117.905963,2.758155,4.43785891694120,116.1816,/T
2034-Dec-01 00:00,,,4.26977,0.27261,-2.615,5.344,268.364779,2.752828,4.45221290596241,115.1739,/T
2034-Dec-02 00:00,,,4.27542,0.28033,-2.607,5.345,58.819534,2.747627,4.46668557310664,114.1693,/T
2034-Dec-03 00:00,,,4.28424,0.28943,-2.599,5.346,209.270254,2.742552,4.48127327754749,113.1678,/T
2034-Dec-04 00:00,,,4.29623,0.29990,-2.591,5.347,359.716959,2.737607,4.49596999930418,112.1693,/T
2034-Dec-05 00:00,,,4.31139,0.31175,-2.583,5.348,150.159682,2.732795,4.51077146166856,111.1738,/T
2034-Dec-06 00:00,,,4.32970,0.32496,-2.575,5.348,300.598467,2.728118,4.52567236579756,110.1814,/T
2034-Dec-07 00:00,,,4.35118,0.33955,-2.567,5.349,91.033328,2.723577,4.54066914791803,109.1921,/T
2034-Dec-08 00:00,,,4.37580,0.35549,-2.559,5.350,241.464310,2.719174,4.55575665643725,108.2059,/T
2034-Dec-09 00:00,,,4.40358,0.37279,-2.551,5.351,31.891434,2.714911,4.57093002963650,107.2227,/T
2034-Dec-10 00:00,,,4.43450,0.39143,-2.543,5.351,182.314741,2.710790,4.58618516482390,106.2427,/T
2034-Dec-11 00:00,,,4.46855,0.41143,-2.535,5.352,332.734260,2.706813,4.60151602611340,105.2658,/T
2034-Dec-12 00:00,,,4.50571,0.43275,-2.527,5.352,123.150039,2.702979,4.61691804759212,104.2920,/T
2034-Dec-13 00:00,,,4.54597,0.45540,-2.519,5.353,273.562132,2.699292,4.63238558727106,103.3214,/T
2034-Dec-14 00:00,,m,4.58929,0.47936,-2.511,5.353,63.970568,2.695750,4.64791516907503,102.3539,/T
2034-Dec-15 00:00,,m,4.63566,0.50462,-2.504,5.354,214.375401,2.692355,4.66350136700508,101.3895,/T
2034-Dec-16 00:00,,m,4.68506,0.53118,-2.496,5.354,4.776667,2.689106,4.67913953985642,100.4283,/T
2034-Dec-17 00:00,,m,4.73747,0.55901,-2.488,5.355,155.174419,2.686004,4.69482540339767,99.4702,/T
2034-Dec-18 00:00,,m,4.79288,0.58811,-2.481,5.355,305.568695,2.683049,4.71055333859560,98.5153,/T
2034-Dec-19 00:00,,m,4.85125,0.61848,-2.473,5.355,95.959554,2.680241,4.72631885108514,97.5635,/T
2034-Dec-20 00:00,,m,4.91257,0.65009,-2.465,5.356,246.347060,2.677580,4.74211651907376,96.6148,/T
2034-Dec-21 00:00,,m,4.97680,0.68294,-2.458,5.356,36.731255,2.675065,4.75794346600056,95.6691,/T
2034-Dec-22 00:00,,m,5.04393,0.71701,-2.450,5.356,187.112197,2.672694,4.77379472703939,94.7266,/T
2034-Dec-23 00:00,,m,5.11393,0.75229,-2.443,5.356,337.489927,2.670468,4.78966664517976,93.7870,/T
2034-Dec-24 00:00,,m,5.18678,0.78878,-2.436,5.356,127.864504,2.668385,4.80555554969778,92.8505,/T
2034-Dec-25 00:00,,m,5.26246,0.82645,-2.428,5.356,278.235963,2.666446,4.82145711614809,91.9169,/T
2034-Dec-26 00:00,,m,5.34091,0.86530,-2.421,5.356,68.604361,2.664649,4.83736761139897,90.9863,/T
2034-Dec-27 00:00,,m,5.42212,0.90529,-2.414,5.356,218.969753,2.662994,4.85328246585160,90.0585,/T
2034-Dec-28 00:00,,,5.50604,0.94643,-2.407,5.356,9.332179,2.661482,4.86919959952335,89.1335,/T
2034-Dec-29 00:00,,,5.59265,0.98869,-2.400,5.356,159.691685,2.660112,4.88511451845519,88.2113,/T
2034-Dec-30 00:00,,,5.68194,1.03207,-2.393,5.356,310.048307,2.658884,4.90102408913534,87.2919,/T
2034-Dec-31 00:00,,,5.77388,1.07656,-2.386,5.356,100.402098,2.657798,4.91692445338142,86.3753,/T
2035-Jan-01 00:00,,,5.86846,1.12214,-2.379,5.356,250.753086,2.656854,4.93281153558564,85.4614,/T
2035-Jan-02 00:00,,,5.96567,1.16881,-2.372,5.356,41.101330,2.656052,4.94868108450211,84.5502,/T
2035-Jan-03 00:00,,,6.06548,1.21655,-2.366,5.356,191.446883,2.655392,4.96452819727890,83.6417,/T
2035-Jan-04 00:00,,,6.16786,1.26536,-2.359,5.355,341.789790,2.654874,4.98035037351339,82.7359,/T
2035-Jan-05 00:00,,,6.27279,1.31521,-2.353,5.355,132.130104,2.654496,4.99614280521119,81.8328,/T
2035-Jan-06 00:00,,,6.38024,1.36610,-2.346,5.355,282.467865,2.654258,5.01190230092047,80.9323,/T
2035-Jan-07 00:00,,,6.49019,1.41802,-2.340,5.354,72.803133,2.654160,5.02762463318102,80.0345,/T
2035-Jan-08 00:00,,,6.60261,1.47094,-2.333,5.354,223.135939,2.654199,5.04330609013737,79.1394,/T
2035-Jan-09 00:00,,,6.71746,1.52486,-2.327,5.354,13.466350,2.654377,5.05894222282273,78.2469,/T
2035-Jan-10 00:00,,,6.83472,1.57976,-2.321,5.353,163.794417,2.654691,5.07452833905785,77.3570,/T
2035-Jan-11 00:00,,,6.95434,1.63562,-2.315,5.353,314.120198,2.655140,5.09006195671286,76.4698,/T
2035-Jan-12 00:00,,m,7.07630,1.69242,-2.309,5.352,104.443744,2.655723,5.10553856641741,75.5851,/T
2035-Jan-13 00:00,,m,7.20057,1.75016,-2.303,5.352,254.765102,2.656437,5.12095535016215,74.7031,/T
2035-Jan-14 00:00,,m,7.32710,1.80881,-2.297,5.351,45.084332,2.657282,5.13630819427374,73.8237,/T
2035-Jan-15 00:00,,m,7.45588,1.86836,-2.291,5.351,195.401472,2.658255,5.15159414245288,72.9468,/T
2035-Jan-16 00:00,,m,7.58689,1.92881,-2.285,5.350,345.716585,2.659355,5.16680894630742,72.0725,/T
2035-Jan-17 00:00,,m,7.72009,1.99013,-2.280,5.350,136.029724,2.660580,5.18194857212908,71.2008,/T
2035-Jan-18 00:00,,m,7.85544,2.05231,-2.274,5.349,286.340952,2.661927,5.19701088104421,70.3316,/T
2035-Jan-19 00:00,,m,7.99292,2.11533,-2.269,5.348,76.650316,2.663396,5.21199218681990,69.4649,/T
2035-Jan-20 00:00,,m,8.13250,2.17919,-2.263,5.348,226.957861,2.664984,5.22689045128978,68.6007,/T
2035-Jan-21 00:00,,m,8.27414,2.24386,-2.258,5.347,17.263647,2.666688,5.24170222832697,67.7389,/T
2035-Jan-22 00:00,,m,8.41782,2.30934,-2.253,5.346,167.567704,2.668508,5.25642576135008,66.8795,/T
2035-Jan-23 00:00,,m,8.56349,2.37560,-2.248,5.345,317.870089,2.670442,5.27105746552525,66.0225,/T
2035-Jan-24 00:00,,m,8.71112,2.44262,-2.242,5.345,108.170844,2.672489,5.28559431858402,65.1678,/T
2035-Jan-25 00:00,,m,8.86067,2.51039,-2.237,5.344,258.470025,2.674647,5.30003458503417,64.3153,/T
2035-Jan-26 00:00,,,9.01212,2.57890,-2.232,5.343,48.767666,2.676917,5.31437536815083,63.4651,/T
2035-Jan-27 00:00,,,9.16544,2.64812,-2.228,5.342,199.063808,2.679295,5.32861496357459,62.6171,/T
2035-Jan-28 00:00,,,9.32062,2.71806,-2.223,5.342,349.358497,2.681782,5.34275002810607,61.7713,/T
2035-Jan-29 00:00,,,9.47764,2.78869,-2.218,5.341,139.651759,2.684377,5.35677908039325,60.9275,/T
2035-Jan-30 00:00,,,9.63648,2.86002,-2.213,5.340,289.943645,2.687077,5.37069825404777,60.0859,/T
2035-Jan-31 00:00,,,9.79713,2.93203,-2.209,5.339,80.234192,2.689884,5.38450451934343,59.2464,/T
2035-Feb-01 00:00,,,9.95954,3.00470,-2.204,5.338,230.523458,2.692794,5.39819552765015,58.4090,/T
2035-Feb-02 00:00,,,10.12369,3.07803,-2.200,5.337,20.811474,2.695807,5.41176842289132,57.5736,/T
2035-Feb-03 00:00,,,10.28957,3.15199,-2.195,5.336,171.098285,2.698921,5.42522118268600,56.7402,/T
2035-Feb-04 00:00,,,10.45713,3.22657,-2.191,5.336,321.383938,2.702136,5.43855030803980,55.9088,/T
2035-Feb-05 00:00,,,10.62637,3.30177,-2.187,5.335,111.668463,2.705448,5.45175439884619,55.0795,/T
2035-Feb-06 00:00,,,10.79724,3.37756,-2.183,5.334,261.951909,2.708857,5.46482946677071,54.2521,/T
2035-Feb-07 00:00,,,10.96972,3.45394,-2.179,5.333,52.234318,2.712361,5.47777270262825,53.4268,/T
2035-Feb-08 00:00,,,11.14377,3.53089,-2.175,5.332,202.515749,2.715959,5.49058144981050,52.6034,/T
2035-Feb-09 00:00,,,11.31937,3.60838,-2.171,5.331,352.796237,2.719649,5.50325331712915,51.7820,/T
2035-Feb-10 00:00,,,11.49648,3.68641,-2.167,5.330,143.075830,2.723427,5.51578634105427,50.9626,/T
2035-Feb-11 00:00,,m,11.67508,3.76496,-2.163,5.329,293.354575,2.727293,5.52817742771051,50.1451,/T
2035-Feb-12 00:00,,m,11.85514,3.84402,-2.159,5.328,83.632507,2.731244,5.54042568941825,49.3295,/T
2035-Feb-13 00:00,,m,12.03665,3.92357,-2.156,5.327,233.909672,2.735278,5.55252768704905,48.5159,/T
2035-Feb-14 00:00,A,m,12.21958,4.00361,-2.152,5.326,24.186110,2.739392,5.56448144190214,47.7042,/T
2035-Feb-15 00:00,A,m,12.40389,4.08413,-2.148,5.326,174.461882,2.743586,5.57628466172974,46.8944,/T
2035-Feb-16 00:00,A,m,12.58957,4.16510,-2.145,5.325,324.737014,2.747857,5.58793609667728,46.0865,/T
2035-Feb-17 00:00,A,m,12.77658,4.24651,-2.142,5.324,115.011556,2.752202,5.59943442842059,45.2805,/T
2035-Feb-18 00:00,A,m,12.96489,4.32835,-2.138,5.323,265.285540,2.756621,5.61077758292912,44.4763,/T
2035-Feb-19 00:00,A,m,13.15446,4.41061,-2.135,5.322,55.559000,2.761110,5.62196548353146,43.6739,/T
2035-Feb-20 00:00,A,m,13.34528,4.49326,-2.132,5.321,205.831969,2.765669,5.63299554983918,42.8733,/T
2035-Feb-21 00:00,A,m,13.53733,4.57630,-2.129,5.320,356.104475,2.770297,5.64386658428761,42.0744,/T
2035-Feb-22 00:00,A,m,13.73055,4.65971,-2.126,5.319,146.376571,2.774993,5.65457644359497,41.2773,/T
2035-Feb-23 00:00,A,m,13.92495,4.74348,-2.123,5.318,296.648275,2.779755,5.66512451027094,40.4818,/T
2035-Feb-24 00:00,A,,14.12049,4.82759,-2.120,5.317,86.919627,2.784583,5.67550939128782,39.6879,/T
2035-Feb-25 00:00,A,,14.31717,4.91204,-2.117,5.317,237.190652,2.789474,5.68572923899039,38.8956,/T
2035-Feb-26 00:00,A,,14.51497,4.99681,-2.114,5.316,27.461383,2.794429,5.69578375160349,38.1049,/T
2035-Feb-27 00:00,A,,14.71388,5.08191,-2.111,5.315,177.731844,2.799446,5.70567036260393,37.3157,/T
2035-Feb-28 00:00,A,,14.91388,5.16731,-2.108,5.314,328.002065,2.804524,5.71538774466156,36.5280,/T
2035-Mar-01 00:00,A,,15.11494,5.25301,-2.106,5.313,118.272093,2.809663,5.72493326146474,35.7418,/T
2035-Mar-02 00:00,A,,15.31705,5.33900,-2.103,5.312,268.541951,2.814859,5.73430637942032,34.9571,/T
2035-Mar-03 00:00,A,,15.52018,5.42526,-2.101,5.311,58.811679,2.820114,5.74350535057501,34.1738,/T
2035-Mar-04 00:00,A,,15.72431,5.51178,-2.098,5.311,209.081302,2.825424,5.75252851843966,33.3919,/T
2035-Mar-05 00:00,A,,15.92940,5.59855,-2.096,5.310,359.350854,2.830788,5.76137536022949,32.6114,/T
2035-Mar-06 00:00,A,,16.13546,5.68555,-2.094,5.309,149.620360,2.836205,5.77004360810803,31.8324,/T
2035-Mar-07 00:00,A,,16.34244,5.77279,-2.091,5.308,299.889850,2.841674,5.77853199705547,31.0547,/T
2035-Mar-08 00:00,A,,16.55033,5.86023,-2.089,5.308,90.159372,2.847192,5.78683773995572,30.2784,/T
2035-Mar-09 00:00,A,,16.75909,5.94787,-2.087,5.307,240.428950,2.852759,5.79496055945109,29.5035,/T
2035-Mar-10 00:00,A,,16.96871,6.03569,-2.085,5.306,30.698627,2.858372,5.80289860671228,28.7299,/T
2035-Mar-11 00:00,A,,17.17917,6.12369,-2.083,5.305,180.968428,2.864029,5.81065067287267,27.9577,/T
2035-Mar-12 00:00,A,m,17.39043,6.21185,-2.081,5.305,331.238394,2.869729,5.81821623700398,27.1869,/T
2035-Mar-13 00:00,A,m,17.60251,6.30016,-2.079,5.304,121.508546,2.875470,5.82559377651063,26.4174,/T
2035-Mar-14 00:00,A,m,17.81536,6.38862,-2.077,5.303,271.778918,2.881249,5.83278252447613,25.6492,/T
2035-Mar-15 00:00,N,m,18.02897,6.47722,-2.075,5.303,62.049552,2.887066,5.83978025785973,24.8825,/T
2035-Mar-16 00:00,N,m,18.24331,6.56593,-2.073,5.302,212.320475,2.892918,5.84658758064005,24.1170,/T
2035-Mar-17 00:00,N,m,18.45835,6.65475,-2.071,5.301,2.591722,2.898805,5.85320334577115,23.3529,/T
2035-Mar-18 00:00,N,m,18.67407,6.74366,-2.070,5.301,152.863313,2.904725,5.85962750307299,22.5900,/T
2035-Mar-19 00:00,N,m,18.89043,6.83265,-2.068,5.300,303.135283,2.910675,5.86586008638651,21.8285,/T
2035-Mar-20 00:00,N,m,19.10741,6.92171,-2.067,5.300,93.407640,2.916656,5.87190074657179,21.0682,/T
2035-Mar-21 00:00,N,m,19.32500,7.01083,-2.065,5.299,243.680411,2.922666,5.87774927023720,20.3091,/T
2035-Mar-22 00:00,N,m,19.54318,7.09999,-2.063,5.299,33.953625,2.928706,5.88340390190649,19.5513,/T
2035-Mar-23 00:00,N,m,19.76193,7.18918,-2.062,5.298,184.227302,2.934773,5.88886552410441,18.7946,/T
2035-Mar-24 00:00,N,m,19.98124,7.27841,-2.061,5.298,334.501469,2.940867,5.89413299058955,18.0391,/T
2035-Mar-25 00:00,N,,20.20110,7.36765,-2.059,5.297,124.776139,2.946988,5.89920641878206,17.2847,/T
2035-Mar-26 00:00,N,,20.42149,7.45690,-2.058,5.297,275.051342,2.953135,5.90408532235851,16.5314,/T
2035-Mar-27 00:00,N,,20.64241,7.54616,-2.057,5.296,65.327085,2.959306,5.90876947330301,15.7793,/T
2035-Mar-28 00:00,N,,20.86384,7.63542,-2.056,5.296,215.603393,2.965501,5.91325819109439,15.0282,/T
2035-Mar-29 00:00,N,,21.08576,7.72466,-2.055,5.296,5.880292,2.971720,5.91754947415128,14.2782,/T
2035-Mar-30 00:00,N,,21.30816,7.81388,-2.053,5.295,156.157807,2.977961,5.92164378946959,13.5294,/T
2035-Mar-31 00:00,N,,21.53100,7.90307,-2.052,5.295,306.435966,2.984224,5.92553972493368,12.7816,/T
2035-Apr-01 00:00,N,,21.75429,7.99222,-2.051,5.295,96.714783,2.990507,5.92923741398122,12.0349,/T
2035-Apr-02 00:00,N,,21.97797,8.08132,-2.050,5.294,246.994295,2.996809,5.93273598299574,11.2894,/T
2035-Apr-03 00:00,N,,22.20205,8.17035,-2.050,5.294,37.274508,3.003129,5.93603559197838,10.5450,/T
2035-Apr-04 00:00,N,,22.42650,8.25930,-2.049,5.294,187.555451,3.009466,5.93913545816800,9.8020,/T
2035-Apr-05 00:00,N,,22.65130,8.34818,-2.048,5.294,337.837148,3.015819,5.94203385960846,9.0604,/T
2035-Apr-06 00:00,N,,22.87644,8.43696,-2.047,5.293,128.119629,3.022186,5.94473119408878,8.3203,/T
2035-Apr-07 00:00,N,,23.10188,8.52563,-2.046,5.293,278.402921,3.028567,5.94722628782879,7.5820,/T
2035-Apr-08 00:00,N,,23.32762,8.61419,-2.046,5.293,68.687044,3.034959,5.94951962218997,6.8457,/T
2035-Apr-09 00:00,N,,23.55363,8.70262,-2.045,5.293,218.972035,3.041361,5.95161037432036,6.1121,/T
2035-Apr-10 00:00,N,m,23.77991,8.79093,-2.045,5.293,9.257900,3.047772,5.95349946339270,5.3818,/T
2035-Apr-11 00:00,N,m,24.00644,8.87910,-2.044,5.293,159.544670,3.054190,5.95518646464729,4.6561,/T
2035-Apr-12 00:00,N,m,24.23320,8.96712,-2.044,5.293,309.832364,3.060614,5.95667052515678,3.9371,/T
2035-Apr-13 00:00,C,m,24.46016,9.05499,-2.043,5.293,100.121014,3.067043,5.95795245665822,3.2288,/T
2035-Apr-14 00:00,C,m,24.68729,9.14269,-2.043,5.293,250.410640,3.073477,5.95903197429710,2.5396,/T
2035-Apr-15 00:00,C,m,24.91456,9.23020,-2.043,5.293,40.701258,3.079914,5.95991035296955,1.8895,/T
2035-Apr-16 00:00,C,m,25.14195,9.31749,-2.042,5.293,190.992897,3.086353,5.96058729079352,1.3361,/T
2035-Apr-17 00:00,C,m,25.36941,9.40457,-2.042,5.293,341.285558,3.092795,5.96106461155179,1.0445,/T
2035-Apr-18 00:00,C,m,25.59691,9.49149,-2.042,5.293,131.579263,3.099238,5.96134224792372,1.2187,/L
2035-Apr-19 00:00,C,m,25.82454,9.57822,-2.042,5.293,281.874020,3.105682,5.96141998615901,1.7220,/L
2035-Apr-20 00:00,C,m,26.05224,9.66471,-2.042,5.293,72.169859,3.112128,5.96129847840455,2.3513,/L
2035-Apr-21 00:00,C,m,26.27999,9.75095,-2.042,5.293,222.466789,3.118574,5.96097769372771,3.0288,/L
2035-Apr-22 00:00,C,m,26.50778,9.83696,-2.042,5.293,12.764827,3.125020,5.96045880289216,3.7280,/L
2035-Apr-23 00:00,C,m,26.73559,9.92272,-2.042,5.293,163.063993,3.131466,5.95974125083785,4.4385,/L
2035-Apr-24 00:00,C,,26.96341,10.00822,-2.042,5.293,313.364293,3.137912,5.95882685226228,5.1555,/L
2035-Apr-25 00:00,C,,27.19122,10.09347,-2.042,5.293,103.665743,3.144356,5.95771520891065,5.8765,/L
2035-Apr-26 00:00,C,,27.41903,10.17846,-2.043,5.294,253.968350,3.150798,5.95640616664353,6.6001,/L
2035-Apr-27 00:00,C,,27.64678,10.26318,-2.043,5.294,44.272146,3.157238,5.95489973096007,7.3254,/L
2035-Apr-28 00:00,C,,27.87449,10.34762,-2.043,5.294,194.577142,3.163676,5.95319586325349,8.0520,/L
2035-Apr-29 00:00,C,,28.10211,10.43177,-2.044,5.294,344.883356,3.170111,5.95129538069612,8.7796,/L
2035-Apr-30 00:00,C,,28.32964,10.51563,-2.044,5.295,135.190812,3.176542,5.94919750938345,9.5077,/L
2035-May-01 00:00,C,,28.55704,10.59918,-2.045,5.295,285.499520,3.182967,5.94690399733771,10.2365,/L
2035-May-02 00:00,C,,28.78430,10.68243,-2.045,5.295,75.809499,3.189387,5.94441431100758,10.9656,/L
2035-May-03 00:00,C,,29.01142,10.76535,-2.046,5.296,226.120759,3.195800,5.94172856501410,11.6950,/L
2035-May-04 00:00,C,,29.23836,10.84794,-2.047,5.296,16.433335,3.202207,5.93884640110598,12.4248,/L
2035-May-05 00:00,C,,29.46511,10.93020,-2.047,5.296,166.747242,3.208606,5.93576814963041,13.1547,/L
2035-May-06 00:00,C,,29.69165,11.01212,-2.048,5.297,317.062504,3.214995,5.93249463473212,13.8849,/L
2035-May-07 00:00,C,,29.91796,11.09368,-2.049,5.297,107.379146,3.221375,5.92902545771413,14.6153,/L
2035-May-08 00:00,C,,30.14403,11.17489,-2.050,5.298,257.697183,3.227743,5.92536278780274,15.3458,/L
2035-May-09 00:00,C,m,30.36983,11.25574,-2.050,5.298,48.016636,3.234099,5.92150672235419,16.0765,/L
2035-May-10 00:00,*,m,30.59535,11.33622,-2.051,5.299,198.337511,3.240443,5.91745839117591,16.8072,/L
2035-May-11 00:00,*,m,30.82055,11.41633,-2.052,5.299,348.659844,3.246773,5.91321791399170,17.5381,/L
2035-May-12 00:00,*,m,31.04540,11.49605,-2.053,5.300,138.983641,3.253090,5.90878676709197,18.2691,/L
2035-May-13 00:00,*,m,31.26987,11.57537,-2.054,5.300,289.308926,3.259392,5.90416639001515,19.0003,/L
2035-May-14 00:00,*,m,31.49394,11.65428,-2.055,5.301,79.635710,3.265681,5.89935727358754,19.7315,/L
2035-May-15 00:00,*,m,31.71759,11.73277,-2.057,5.301,229.964005,3.271955,5.89436203641511,20.4629,/L
2035-May-16 00:00,*,m,31.94081,11.81085,-2.058,5.302,20.293821,3.278215,5.88918127245746,21.1944,/L
2035-May-17 00:00,*,m,32.16360,11.88850,-2.059,5.303,170.625158,3.284460,5.88381652576513,21.9261,/L
2035-May-18 00:00,*,m,32.38593,11.96571,-2.060,5.303,320.958045,3.290691,5.87826761627250,22.6580,/L
2035-May-19 00:00,*,m,32.60779,12.04250,-2.062,5.304,111.292483,3.296909,5.87253611985892,23.3902,/L
2035-May-20 00:00,*,m,32.82917,12.11884,-2.063,5.305,261.628496,3.303112,5.86662298782340,24.1226,/L
2035-May-21 00:00,*,m,33.05005,12.19474,-2.065,5.305,51.966091,3.309301,5.86052864281946,24.8553,/L
2035-May-22 00:00,*,m,33.27041,12.27019,-2.066,5.306,202.305287,3.315475,5.85425519355465,25.5883,/L
2035-May-23 00:00,*,,33.49024,12.34518,-2.068,5.307,352.646089,3.321635,5.84780315997343,26.3217,/L
2035-May-24 00:00,*,,33.70951,12.41972,-2.069,5.307,142.988502,3.327780,5.84117403617212,27.0555,/L
2035-May-25 00:00,*,,33.92821,12.49379,-2.071,5.308,293.332553,3.333911,5.83436725162212,27.7898,/L
2035-May-26 00:00,*,,34.14632,12.56740,-2.072,5.309,83.678250,3.340026,5.82738444196534,28.5245,/L
2035-May-27 00:00,*,,34.36380,12.64052,-2.074,5.310,234.025616,3.346126,5.82022620696055,29.2598,/L
2035-May-28 00:00,*,,34.58064,12.71316,-2.076,5.311,24.374661,3.352211,5.81289314735022,29.9955,/L
2035-May-29 00:00,*,,34.79680,12.78531,-2.078,5.311,174.725410,3.358279,5.80538701268811,30.7319,/L
2035-May-30 00:00,*,,35.01228,12.85695,-2.080,5.312,325.077868,3.364330,5.79770853232204,31.4689,/L
2035-May-31 00:00,*,,35.22706,12.92810,-2.082,5.313,115.432046,3.370363,5.78985928190351,32.2065,/L
2035-Jun-01 00:00,*,,35.44111,12.99874,-2.084,5.314,265.787971,3.376380,5.78183858722191,32.9448,/L
2035-Jun-02 00:00,*,,35.65442,13.06886,-2.086,5.315,56.145656,3.382377,5.77364826243014,33.6838,/L
2035-Jun-03 00:00,*,,35.86696,13.13846,-2.088,5.316,206.505129,3.388357,5.76528879641087,34.4236,/L
2035-Jun-04 00:00,*,,36.07871,13.20754,-2.090,5.317,356.866404,3.394317,5.75676126772413,35.1640,/L
2035-Jun-05 00:00,*,,36.28965,13.27608,-2.092,5.318,147.229511,3.400257,5.74806740405205,35.9053,/L
2035-Jun-06 00:00,*,,36.49975,13.34410,-2.095,5.318,297.594458,3.406176,5.73920871612008,36.6474,/L
2035-Jun-07 00:00,*,m,36.70899,13.41157,-2.097,5.319,87.961259,3.412075,5.73018746146246,37.3902,/L
2035-Jun-08 00:00,*,m,36.91732,13.47850,-2.099,5.320,238.329937,3.417952,5.72100376124041,38.1338,/L
2035-Jun-09 00:00,*,m,37.12472,13.54488,-2.102,5.321,28.700505,3.423809,5.71166036830672,38.8783,/L
2035-Jun-10 00:00,*,m,37.33115,13.61068,-2.104,5.322,179.072986,3.429646,5.70215850064299,39.6235,/L
2035-Jun-11 00:00,*,m,37.53658,13.67592,-2.107,5.323,329.447383,3.435462,5.69250033805932,40.3697,/L
2035-Jun-12 00:00,*,m,37.74100,13.74057,-2.110,5.324,119.823724,3.441257,5.68268792191837,41.1167,/L
2035-Jun-13 00:00,*,m,37.94438,13.80463,-2.112,5.325,270.202006,3.447033,5.67272357229265,41.8646,/L
2035-Jun-14 00:00,*,m,38.14671,13.86811,-2.115,5.326,60.582237,3.452788,5.66260978087572,42.6134,/L
2035-Jun-15 00:00,*,m,38.34799,13.93100,-2.118,5.327,210.964430,3.458525,5.65234683434859,43.3631,/L
2035-Jun-16 00:00,*,m,38.54819,13.99330,-2.121,5.328,1.348594,3.464241,5.64193733027174,44.1139,/L
2035-Jun-17 00:00,*,m,38.74729,14.05500,-2.124,5.329,151.734750,3.469940,5.63138212901394,44.8656,/L
2035-Jun-18 00:00,*,m,38.94527,14.11611,-2.127,5.330,302.122900,3.475619,5.62068332476658,45.6185,/L
2035-Jun-19 00:00,*,m,39.14209,14.17662,-2.130,5.331,92.513073,3.481280,5.60984223733775,46.3724,/L
2035-Jun-20 00:00,*,m,39.33775,14.23652,-2.133,5.332,242.905267,3.486923,5.59886115505530,47.1275,/L
2035-Jun-21 00:00,*,,39.53221,14.29581,-2.136,5.333,33.299496,3.492546,5.58774216089409,47.8838,/L
2035-Jun-22 00:00,*,,39.72546,14.35449,-2.139,5.334,183.695770,3.498151,5.57648547783228,48.6413,/L
2035-Jun-23 00:00,*,,39.91747,14.41255,-2.142,5.335,334.094109,3.503737,5.56509336971100,49.4001,/L
2035-Jun-24 00:00,*,,40.10819,14.46999,-2.146,5.336,124.494531,3.509305,5.55356650879319,50.1603,/L
2035-Jun-25 00:00,*,,40.29762,14.52680,-2.149,5.337,274.897047,3.514854,5.54190708767352,50.9217,/L
2035-Jun-26 00:00,*,,40.48571,14.58298,-2.153,5.338,65.301690,3.520384,5.53011606770238,51.6847,/L
2035-Jun-27 00:00,*,,40.67244,14.63851,-2.156,5.339,215.708463,3.525894,5.51819606418311,52.4490,/L
2035-Jun-28 00:00,*,,40.85779,14.69340,-2.160,5.340,6.117385,3.531385,5.50614913098980,53.2149,/L
2035-Jun-29 00:00,*,,41.04174,14.74764,-2.164,5.341,156.528467,3.536855,5.49397594289732,53.9823,/L
2035-Jun-30 00:00,*,,41.22425,14.80123,-2.167,5.342,306.941735,3.542304,5.48167879288591,54.7513,/L
2035-Jul-01 00:00,*,,41.40531,14.85416,-2.171,5.343,97.357211,3.547733,5.46925868616936,55.5219,/L
2035-Jul-02 00:00,*,,41.58489,14.90644,-2.175,5.344,247.774908,3.553140,5.45671830680273,56.2942,/L
2035-Jul-03 00:00,*,,41.76294,14.95805,-2.179,5.345,38.194862,3.558526,5.44405880420279,57.0681,/L
2035-Jul-04 00:00,*,,41.93944,15.00900,-2.183,5.346,188.617080,3.563890,5.43128359908643,57.8438,/L
2035-Jul-05 00:00,*,,42.11435,15.05927,-2.187,5.347,339.041583,3.569231,5.41839527191692,58.6212,/L
2035-Jul-06 00:00,*,m,42.28764,15.10887,-2.191,5.347,129.468377,3.574551,5.40539561437450,59.4003,/L
2035-Jul-07 00:00,*,m,42.45925,15.15779,-2.195,5.348,279.897487,3.579848,5.39228748218254,60.1812,/L
2035-Jul-08 00:00,*,m,42.62916,15.20601,-2.200,5.349,70.328929,3.585125,5.37907280534072,60.9638,/L
2035-Jul-09 00:00,*,m,42.79734,15.25353,-2.204,5.350,220.762711,3.590380,5.36575505523440,61.7483,/L
2035-Jul-10 00:00,*,m,42.96376,15.30034,-2.209,5.351,11.198860,3.595615,5.35233579618804,62.5345,/L
2035-Jul-11 00:00,*,m,43.12840,15.34645,-2.213,5.352,161.637377,3.600830,5.33881905756523,63.3226,/L
2035-Jul-12 00:00,*,m,43.29124,15.39184,-2.218,5.353,312.078278,3.606025,5.32520752739079,64.1126,/L
2035-Jul-13 00:00,*,m,43.45226,15.43653,-2.222,5.354,102.521559,3.611200,5.31150346219747,64.9044,/L
2035-Jul-14 00:00,*,m,43.61143,15.48051,-2.227,5.354,252.967246,3.616355,5.29770936386909,65.6983,/L
2035-Jul-15 00:00,*,m,43.76873,15.52377,-2.232,5.355,43.415345,3.621491,5.28382718751837,66.4940,/L
2035-Jul-16 00:00,*,m,43.92413,15.56632,-2.237,5.356,193.865869,3.626609,5.26986018332157,67.2918,/L
2035-Jul-17 00:00,*,m,44.07760,15.60814,-2.242,5.357,344.318841,3.631707,5.25580961006405,68.0917,/L
2035-Jul-18 00:00,*,m,44.22910,15.64925,-2.247,5.357,134.774268,3.636787,5.24167939162096,68.8936,/L
2035-Jul-19 00:00,*,m,44.37860,15.68963,-2.252,5.358,285.232164,3.641846,5.22747191599978,69.6977,/L
2035-Jul-20 00:00,*,m,44.52609,15.72928,-2.257,5.359,75.692527,3.646886,5.21318967279645,70.5040,/L
2035-Jul-21 00:00,*,,44.67152,15.76820,-2.262,5.360,226.155385,3.651906,5.19883470809017,71.3126,/L
2035-Jul-22 00:00,*,,44.81487,15.80639,-2.267,5.360,16.620748,3.656907,5.18440906682193,72.1234,/L
2035-Jul-23 00:00,*,,44.95610,15.84383,-2.273,5.361,167.088632,3.661887,5.16991579218686,72.9366,/L
2035-Jul-24 00:00,*,,45.09518,15.88053,-2.278,5.361,317.559061,3.666847,5.15535606144285,73.7522,/L
2035-Jul-25 00:00,*,,45.23207,15.91648,-2.284,5.362,108.032051,3.671785,5.14073377404114,74.5702,/L
2035-Jul-26 00:00,*,,45.36675,15.95168,-2.289,5.363,258.507623,3.676702,5.12605128379442,75.3907,/L
2035-Jul-27 00:00,*,,45.49920,15.98612,-2.295,5.363,48.985775,3.681596,5.11131159950401,76.2138,/L
2035-Jul-28 00:00,*,,45.62937,16.01980,-2.300,5.364,199.466542,3.686466,5.09651672155220,77.0394,/L
2035-Jul-29 00:00,*,,45.75726,16.05272,-2.306,5.364,349.949935,3.691314,5.08166931638759,77.8678,/L
2035-Jul-30 00:00,*,,45.88280,16.08488,-2.312,5.365,140.435980,3.696137,5.06677277323936,78.6987,/L
2035-Jul-31 00:00,*,,46.00597,16.11628,-2.318,5.365,290.924696,3.700936,5.05182898828128,79.5325,/L
2035-Aug-01 00:00,*,,46.12672,16.14690,-2.324,5.365,81.416106,3.705710,5.03684252839317,80.3689,/L
2035-Aug-02 00:00,*,,46.24501,16.17675,-2.330,5.366,231.910227,3.710459,5.02181658255520,81.2082,/L
2035-Aug-03 00:00,*,,46.36080,16.20581,-2.336,5.366,22.407055,3.715181,5.00675543947399,82.0503,/L
2035-Aug-04 00:00,*,m,46.47404,16.23409,-2.342,5.366,172.906617,3.719877,4.99166180228975,82.8952,/L
2035-Aug-05 00:00,*,m,46.58472,16.26157,-2.349,5.367,323.408915,3.724547,4.97653950569642,83.7429,/L
2035-Aug-06 00:00,*,m,46.69278,16.28825,-2.355,5.367,113.913966,3.729192,4.96139253104366,84.5935,/L
2035-Aug-07 00:00,*,m,46.79823,16.31413,-2.361,5.367,264.421776,3.733811,4.94622354983631,85.4470,/L
2035-Aug-08 00:00,*,m,46.90101,16.33920,-2.368,5.367,54.932360,3.738404,4.93103734322081,86.3034,/L
2035-Aug-09 00:00,*,m,47.00112,16.36346,-2.374,5.368,205.445725,3.742971,4.91583729230697,87.1626,/L
2035-Aug-10 00:00,*,m,47.09854,16.38692,-2.381,5.368,355.961859,3.747510,4.90062793824763,88.0249,/L
2035-Aug-11 00:00,*,m,47.19323,16.40957,-2.388,5.368,146.480781,3.752024,4.88541161406913,88.8901,/L
2035-Aug-12 00:00,C,m,47.28519,16.43141,-2.394,5.368,297.002490,3.756510,4.87019214676250,89.7583,/L
2035-Aug-13 00:00,C,m,47.37436,16.45245,-2.401,5.368,87.527002,3.760968,4.85497302634124,90.6295,/L
2035-Aug-14 00:00,C,m,47.46074,16.47268,-2.408,5.368,238.054319,3.765399,4.83975691200998,91.5038,/L
2035-Aug-15 00:00,C,m,47.54427,16.49209,-2.415,5.368,28.584459,3.769801,4.82454814443321,92.3812,/L
2035-Aug-16 00:00,C,m,47.62492,16.51068,-2.422,5.368,179.117426,3.774173,4.80935005403508,93.2618,/L
2035-Aug-17 00:00,C,m,47.70269,16.52846,-2.429,5.368,329.653213,3.778513,4.79416731666586,94.1456,/L
2035-Aug-18 00:00,C,m,47.77753,16.54541,-2.436,5.367,120.191836,3.782821,4.77900211792005,95.0327,/L
2035-Aug-19 00:00,C,m,47.84943,16.56154,-2.443,5.367,270.733292,3.787097,4.76385850883571,95.9230,/L
2035-Aug-20 00:00,C,,47.91834,16.57683,-2.450,5.367,61.277600,3.791338,4.74873979584551,96.8166,/L
2035-Aug-21 00:00,C,,47.98426,16.59130,-2.457,5.367,211.824757,3.795544,4.73364897532341,97.7136,/L
2035-Aug-22 00:00,C,,48.04713,16.60492,-2.465,5.367,2.374786,3.799712,4.71859016748089,98.6141,/L
2035-Aug-23 00:00,C,,48.10696,16.61771,-2.472,5.366,152.927691,3.803843,4.70356695032686,99.5180,/L
2035-Aug-24 00:00,C,,48.16370,16.62966,-2.479,5.366,303.483466,3.807932,4.68858429824316,100.4255,/L
2035-Aug-25 00:00,C,,48.21736,16.64078,-2.487,5.365,94.042123,3.811980,4.67364460866093,101.3365,/L
2035-Aug-26 00:00,C,,48.26789,16.65105,-2.494,5.365,244.603663,3.815985,4.65875244616746,102.2511,/L
2035-Aug-27 00:00,C,,48.31528,16.66048,-2.502,5.365,35.168101,3.819945,4.64391137826300,103.1694,/L
2035-Aug-28 00:00,C,,48.35949,16.66907,-2.509,5.364,185.735433,3.823860,4.62912528885585,104.0913,/L
2035-Aug-29 00:00,C,,48.40048,16.67681,-2.517,5.364,336.305678,3.827727,4.61439866309748,105.0169,/L
2035-Aug-30 00:00,C,,48.43821,16.68369,-2.524,5.363,126.878834,3.831546,4.59973604649257,105.9463,/L
2035-Aug-31 00:00,N,,48.47267,16.68972,-2.532,5.362,277.454889,3.835315,4.58514331871526,106.8794,/L
2035-Sep-01 00:00,N,,48.50383,16.69488,-2.539,5.362,68.033841,3.839032,4.57062380272892,107.8163,/L
2035-Sep-02 00:00,N,,48.53168,16.69918,-2.547,5.361,218.615677,3.842697,4.55618299768136,108.7569,/L
2035-Sep-03 00:00,N,,48.55620,16.70261,-2.555,5.360,9.200398,3.846309,4.54182502531300,109.7012,/L
2035-Sep-04 00:00,N,m,48.57739,16.70517,-2.563,5.360,159.787978,3.849866,4.52755463176812,110.6493,/L
2035-Sep-05 00:00,N,m,48.59524,16.70686,-2.570,5.359,310.378425,3.853368,4.51337631321245,111.6011,/L
2035-Sep-06 00:00,N,m,48.60974,16.70768,-2.578,5.358,100.971715,3.856813,4.49929495229754,112.5567,/L
2035-Sep-07 00:00,N,m,48.62088,16.70764,-2.586,5.357,251.567826,3.860198,4.48531633324785,113.5160,/L
2035-Sep-08 00:00,N,m,48.62869,16.70673,-2.593,5.356,42.166736,3.863523,4.47144368122782,114.4790,/L
2035-Sep-09 00:00,N,m,48.63313,16.70497,-2.601,5.355,192.768424,3.866786,4.45768217796389,115.4458,/L
2035-Sep-10 00:00,N,m,48.63422,16.70235,-2.609,5.355,343.372879,3.869985,4.44403540133767,116.4164,/L
2035-Sep-11 00:00,N,m,48.63195,16.69888,-2.617,5.354,133.980066,3.873118,4.43050793532287,117.3907,/L
2035-Sep-12 00:00,N,m,48.62631,16.69455,-2.624,5.353,284.589986,3.876184,4.41710351196058,118.3687,/L
2035-Sep-13 00:00,N,m,48.61729,16.68936,-2.632,5.352,75.202609,3.879180,4.40382682794091,119.3505,/L
2035-Sep-14 00:00,N,m,48.60489,16.68332,-2.640,5.351,225.817911,3.882102,4.39068322560621,120.3361,/L
2035-Sep-15 00:00,N,m,48.58912,16.67642,-2.647,5.350,16.435859,3.884951,4.37767585210455,121.3255,/L
2035-Sep-16 00:00,N,m,48.56999,16.66867,-2.655,5.349,167.056430,3.887721,4.36480962143250,122.3187,/L
2035-Sep-17 00:00,N,m,48.54750,16.66007,-2.663,5.347,317.679603,3.890413,4.35208786417665,123.3157,/L
2035-Sep-18 00:00,N,m,48.52166,16.65063,-2.670,5.346,108.305342,3.893022,4.33951528177108,124.3165,/L
2035-Sep-19 00:00,A,m,48.49247,16.64033,-2.678,5.345,258.933640,3.895546,4.32709524334607,125.3211,/L
2035-Sep-20 00:00,A,,48.45994,16.62919,-2.685,5.344,49.564460,3.897983,4.31483266021860,126.3296,/L
2035-Sep-21 00:00,A,,48.42409,16.61720,-2.693,5.343,200.197776,3.900329,4.30273282662912,127.3420,/L
2035-Sep-22 00:00,A,,48.38494,16.60439,-2.700,5.342,350.833543,3.902582,4.29079936515639,128.3583,/L
2035-Sep-23 00:00,A,,48.34250,16.59075,-2.707,5.341,141.471731,3.904738,4.27903739153375,129.3784,/L
2035-Sep-24 00:00,A,,48.29678,16.57628,-2.715,5.340,292.112307,3.906797,4.26745061584691,130.4024,/L
2035-Sep-25 00:00,A,,48.24779,16.56099,-2.722,5.338,82.755221,3.908754,4.25604437845874,131.4302,/L
2035-Sep-26 00:00,A,,48.19554,16.54489,-2.729,5.337,233.400451,3.910608,4.24482228121640,132.4619,/L
2035-Sep-27 00:00,A,,48.14004,16.52797,-2.736,5.336,24.047943,3.912358,4.23378989521838,133.4975,/L
2035-Sep-28 00:00,A,,48.08132,16.51023,-2.743,5.335,174.697654,3.914000,4.22295276721519,134.5368,/L
2035-Sep-29 00:00,A,,48.01941,16.49169,-2.750,5.334,325.349514,3.915532,4.21231519724255,135.5799,/L
2035-Sep-30 00:00,A,,47.95434,16.47235,-2.757,5.332,116.003473,3.916952,4.20188238182733,136.6267,/L
2035-Oct-01 00:00,A,,47.88617,16.45221,-2.763,5.331,266.659471,3.918260,4.19165816417636,137.6771,/L
2035-Oct-02 00:00,A,,47.81494,16.43129,-2.770,5.330,57.317436,3.919452,4.18164791586858,138.7311,/L
2035-Oct-03 00:00,A,,47.74070,16.40960,-2.776,5.329,207.977321,3.920529,4.17185477748514,139.7887,/L
2035-Oct-04 00:00,A,m,47.66349,16.38715,-2.783,5.328,358.639052,3.921487,4.16228402098149,140.8497,/L
2035-Oct-05 00:00,A,m,47.58335,16.36395,-2.789,5.326,149.302568,3.922324,4.15294040535822,141.9141,/L
2035-Oct-06 00:00,A,m,47.50036,16.34001,-2.795,5.325,299.967775,3.923037,4.14382788861940,142.9819,/L
2035-Oct-07 00:00,A,m,47.41456,16.31536,-2.801,5.324,90.634611,3.923626,4.13495070321207,144.0529,/L
2035-Oct-08 00:00,,m,47.32601,16.29000,-2.807,5.323,241.302996,3.924088,4.12631198690897,145.1271,/L
2035-Oct-09 00:00,,m,47.23477,16.26395,-2.813,5.322,31.972847,3.924421,4.11791633283955,146.2045,/L
2035-Oct-10 00:00,,m,47.14090,16.23722,-2.818,5.321,182.644100,3.924623,4.10976592149309,147.2849,/L
2035-Oct-11 00:00,,m,47.04444,16.20982,-2.824,5.320,333.316673,3.924693,4.10186527259803,148.3683,/L
2035-Oct-12 00:00,,m,46.94545,16.18177,-2.829,5.319,123.990493,3.924627,4.09421809483790,149.4547,/L
2035-Oct-13 00:00,,m,46.84403,16.15308,-2.834,5.318,274.665454,3.924424,4.08682786230214,150.5439,/L
2035-Oct-14 00:00,,m,46.74022,16.12378,-2.839,5.317,65.341486,3.924081,4.07969774069953,151.6360,/L
2035-Oct-15 00:00,,m,46.63411,16.09386,-2.844,5.316,216.018499,3.923597,4.07283018887642,152.7307,/L
2035-Oct-16 00:00,,m,46.52578,16.06337,-2.849,5.315,6.696405,3.922971,4.06622898063794,153.8281,/L
2035-Oct-17 00:00,,m,46.41529,16.03230,-2.853,5.314,157.375130,3.922200,4.05989549847672,154.9281,/L
2035-Oct-18 00:00,,m,46.30272,16.00068,-2.857,5.313,308.054587,3.921283,4.05383362403184,156.0306,/L
2035-Oct-19 00:00,,m,46.18814,15.96854,-2.862,5.312,98.734701,3.920219,4.04804631907499,157.1356,/L
2035-Oct-20 00:00,,,46.07165,15.93588,-2.865,5.311,249.415358,3.919005,4.04253699649188,158.2429,/L
2035-Oct-21 00:00,,,45.95330,15.90274,-2.869,5.310,40.096482,3.917640,4.03730832137336,159.3525,/L
2035-Oct-22 00:00,,,45.83318,15.86914,-2.873,5.310,190.777971,3.916125,4.03236280813756,160.4642,/L
2035-Oct-23 00:00,,,45.71137,15.83509,-2.876,5.309,341.459728,3.914457,4.02770410883126,161.5780,/L
2035-Oct-24 00:00,,,45.58794,15.80060,-2.879,5.308,132.141660,3.912639,4.02333362195371,162.6937,/L
2035-Oct-25 00:00,,,45.46297,15.76571,-2.882,5.308,282.823667,3.910668,4.01925514181735,163.8111,/L
2035-Oct-26 00:00,,,45.33654,15.73043,-2.885,5.307,73.505654,3.908546,4.01547129680467,164.9301,/L
2035-Oct-27 00:00,,,45.20878,15.69479,-2.887,5.307,224.187489,3.906273,4.01198548945585,166.0503,/L
2035-Oct-28 00:00,,,45.07977,15.65881,-2.890,5.306,14.869073,3.903848,4.00879961130173,167.1716,/L
2035-Oct-29 00:00,,,44.94963,15.62251,-2.892,5.306,165.550284,3.901273,4.00591562160839,168.2936,/L
2035-Oct-30 00:00,,,44.81847,15.58594,-2.893,5.305,316.231013,3.898549,4.00333604914349,169.4157,/L
2035-Oct-31 00:00,,,44.68640,15.54912,-2.895,5.305,106.911144,3.895678,4.00106120479637,170.5373,/L
2035-Nov-01 00:00,,,44.55352,15.51207,-2.896,5.305,257.590572,3.892661,3.99909343394901,171.6576,/L
2035-Nov-02 00:00,,,44.41992,15.47484,-2.898,5.305,48.269192,3.889498,3.99743376556383,172.7751,/L
2035-Nov-03 00:00,,,44.28574,15.43744,-2.899,5.305,198.946869,3.886190,3.99608434982284,173.8874,/L
2035-Nov-04 00:00,,m,44.15106,15.39991,-2.899,5.304,349.623501,3.882740,3.99504531740690,174.9903,/L
2035-Nov-05 00:00,,m,44.01601,15.36229,-2.900,5.304,140.298965,3.879148,3.99431732245537,176.0747,/L
2035-Nov-06 00:00,,m,43.88068,15.32459,-2.900,5.304,290.973158,3.875416,3.99390123773451,177.1186,/L
2035-Nov-07 00:00,,m,43.74518,15.28686,-2.900,5.304,81.645964,3.871546,3.99379612466275,178.0543,/L
2035-Nov-08 00:00,,m,43.60960,15.24911,-2.900,5.305,232.317288,3.867540,3.99400281681147,178.6354,/L
2035-Nov-09 00:00,,m,43.47405,15.21138,-2.899,5.305,22.987028,3.863401,3.99452095862428,178.4078,/T
2035-Nov-10 00:00,,m,43.33864,15.17370,-2.899,5.305,173.655060,3.859128,3.99535167570077,177.5902,/T
2035-Nov-11 00:00,,m,43.20347,15.13610,-2.898,5.305,324.321290,3.854724,3.99649371304644,176.5825,/T
2035-Nov-12 00:00,,m,43.06866,15.09860,-2.897,5.305,114.985603,3.850192,3.99794676614979,175.5109,/T
2035-Nov-13 00:00,,m,42.93431,15.06125,-2.896,5.305,265.647907,3.845533,3.99971035823985,174.4121,/T
2035-Nov-14 00:00,,m,42.80054,15.02408,-2.894,5.306,56.308096,3.840752,4.00178267911376,173.2997,/T
2035-Nov-15 00:00,,m,42.66743,14.98710,-2.893,5.306,206.966088,3.835850,4.00416332555349,172.1794,/T
2035-Nov-16 00:00,,m,42.53507,14.95036,-2.891,5.306,357.621795,3.830829,4.00685098144520,171.0545,/T
2035-Nov-17 00:00,,m,42.40358,14.91389,-2.889,5.307,148.275109,3.825693,4.00984614297006,169.9267,/T
2035-Nov-18 00:00,,m,42.27304,14.87772,-2.886,5.307,298.925947,3.820446,4.01314678970886,168.7971,/T
2035-Nov-19 00:00,,,42.14355,14.84188,-2.884,5.308,89.574203,3.815089,4.01675231787470,167.6664,/T
2035-Nov-20 00:00,,,42.01518,14.80638,-2.881,5.308,240.219799,3.809628,4.02066163081924,166.5350,/T
2035-Nov-21 00:00,,,41.88803,14.77127,-2.878,5.309,30.862630,3.804067,4.02487283055377,165.4034,/T
2035-Nov-22 00:00,,,41.76218,14.73656,-2.875,5.310,181.502624,3.798410,4.02938487282911,164.2719,/T
2035-Nov-23 00:00,,,41.63774,14.70228,-2.871,5.310,332.139694,3.792663,4.03419597311405,163.1407,/T
2035-Nov-24 00:00,,,41.51479,14.66846,-2.868,5.311,122.773737,3.786827,4.03930608834345,162.0100,/T
2035-Nov-25 00:00,,,41.39344,14.63514,-2.864,5.312,273.404672,3.780909,4.04471233134301,160.8801,/T
2035-Nov-26 00:00,,,41.27380,14.60234,-2.860,5.313,64.032401,3.774913,4.05041328749305,159.7511,/T
2035-Nov-27 00:00,,,41.15596,14.57009,-2.855,5.314,214.656852,3.768843,4.05640649619896,158.6232,/T
2035-Nov-28 00:00,,,41.04001,14.53844,-2.851,5.315,5.277928,3.762705,4.06268908263643,157.4965,/T
2035-Nov-29 00:00,,,40.92604,14.50739,-2.846,5.316,155.895571,3.756503,4.06925834403211,156.3713,/T
2035-Nov-30 00:00,,,40.81414,14.47699,-2.842,5.317,306.509708,3.750242,4.07611112674817,155.2475,/T
2035-Dec-01 00:00,,,40.70437,14.44727,-2.837,5.318,97.120260,3.743925,4.08324594947450,154.1255,/T
2035-Dec-02 00:00,,,40.59682,14.41824,-2.831,5.319,247.727161,3.737558,4.09065848906911,153.0052,/T
2035-Dec-03 00:00,,m,40.49157,14.38993,-2.826,5.320,38.330337,3.731144,4.09834605702354,151.8869,/T
2035-Dec-04 00:00,,m,40.38869,14.36237,-2.821,5.321,188.929741,3.724687,4.10630464876715,150.7705,/T
2035-Dec-05 00:00,,m,40.28826,14.33559,-2.815,5.322,339.525301,3.718194,4.11453043984223,149.6563,/T
2035-Dec-06 00:00,,m,40.19033,14.30959,-2.809,5.323,130.116985,3.711667,4.12301925449068,148.5443,/T
2035-Dec-07 00:00,,m,40.09497,14.28440,-2.803,5.325,280.704746,3.705111,4.13176697472392,147.4347,/T
2035-Dec-08 00:00,,m,40.00222,14.26005,-2.797,5.326,71.288538,3.698530,4.14077110149515,146.3274,/T
2035-Dec-09 00:00,,m,39.91217,14.23654,-2.791,5.327,221.868317,3.691928,4.15002654756770,145.2226,/T
2035-Dec-10 00:00,,m,39.82487,14.21391,-2.784,5.328,12.444042,3.685307,4.15952997111447,144.1204,/T
2035-Dec-11 00:00,,m,39.74037,14.19217,-2.778,5.330,163.015688,3.678674,4.16927657881305,143.0208,/T
2035-Dec-12 00:00,,m,39.65873,14.17133,-2.771,5.331,313.583211,3.672030,4.17926235104786,141.9239,/T
2035-Dec-13 00:00,,m,39.58000,14.15143,-2.764,5.332,104.146606,3.665381,4.18948242982524,140.8297,/T
2035-Dec-14 00:00,,m,39.50422,14.13246,-2.757,5.334,254.705848,3.658731,4.19993258923573,139.7382,/T
2035-Dec-15 00:00,,m,39.43142,14.11445,-2.750,5.335,45.260919,3.652082,4.21061010213812,138.6496,/T
2035-Dec-16 00:00,,m,39.36163,14.09741,-2.743,5.336,195.811792,3.645438,4.22151007817123,137.5638,/T
2035-Dec-17 00:00,,m,39.29488,14.08136,-2.736,5.337,346.358446,3.638804,4.23262934523999,136.4808,/T
2035-Dec-18 00:00,,,39.23120,14.06629,-2.728,5.339,136.900870,3.632183,4.24396318585423,135.4007,/T
2035-Dec-19 00:00,,,39.17064,14.05222,-2.721,5.340,287.439032,3.625581,4.25550804262859,134.3236,/T
2035-Dec-20 00:00,,,39.11321,14.03915,-2.714,5.341,77.972936,3.619002,4.26725885531702,133.2494,/T
2035-Dec-21 00:00,,,39.05896,14.02710,-2.706,5.343,228.502566,3.612449,4.27921148163674,132.1782,/T
2035-Dec-22 00:00,,,39.00790,14.01607,-2.698,5.344,19.027916,3.605927,4.29136274752751,131.1100,/T
2035-Dec-23 00:00,,,38.96010,14.00608,-2.691,5.345,169.548967,3.599439,4.30370754938743,130.0448,/T
2035-Dec-24 00:00,,,38.91558,13.99714,-2.683,5.347,320.065711,3.592989,4.31624207878346,128.9828,/T
2035-Dec-25 00:00,,,38.87437,13.98925,-2.675,5.348,110.578152,3.586581,4.32896084594465,127.9240,/T
2035-Dec-26 00:00,,,38.83650,13.98244,-2.667,5.349,261.086271,3.580218,4.34185978000245,126.8684,/T
2035-Dec-27 00:00,,,38.80199,13.97670,-2.659,5.350,51.590092,3.573903,4.35493281627957,125.8160,/T
2035-Dec-28 00:00,,,38.77084,13.97204,-2.651,5.352,202.089616,3.567639,4.36817524997602,124.7670,/T
2035-Dec-29 00:00,,,38.74307,13.96846,-2.643,5.353,352.584862,3.561429,4.38158300286147,123.7212,/T
2035-Dec-30 00:00,,,38.71870,13.96597,-2.635,5.354,143.075825,3.555276,4.39515066544340,122.6789,/T
2035-Dec-31 00:00,,,38.69772,13.96457,-2.627,5.355,293.562523,3.549180,4.40887380617413,121.6399,/T
2036-Jan-01 00:00,,,38.68016,13.96426,-2.619,5.356,84.044974,3.543146,4.42274647028988,120.6045,/T
2036-Jan-02 00:00,,m,38.66602,13.96504,-2.610,5.358,234.523185,3.537174,4.43676436622237,119.5725,/T
2036-Jan-03 00:00,,m,38.65529,13.96691,-2.602,5.359,24.997193,3.531268,4.45092088063069,118.5440,/T
2036-Jan-04 00:00,,m,38.64799,13.96987,-2.594,5.360,175.467020,3.525428,4.46521114680352,117.5190,/T
2036-Jan-05 00:00,,m,38.64409,13.97392,-2.586,5.361,325.932709,3.519657,4.47963055887360,116.4976,/T
2036-Jan-06 00:00,,m,38.64362,13.97904,-2.578,5.362,116.394269,3.513955,4.49417385980526,115.4798,/T
2036-Jan-07 00:00,,m,38.64656,13.98525,-2.569,5.363,266.851741,3.508324,4.50883637123870,114.4655,/T
2036-Jan-08 00:00,,m,38.65292,13.99254,-2.561,5.364,57.305159,3.502766,4.52361220745134,113.4548,/T
2036-Jan-09 00:00,,m,38.66270,14.00091,-2.553,5.365,207.754549,3.497281,4.53849731516311,112.4477,/T
2036-Jan-10 00:00,,m,38.67587,14.01035,-2.545,5.366,358.199961,3.491871,4.55348521452375,111.4442,/T
2036-Jan-11 00:00,,m,38.69244,14.02085,-2.537,5.366,148.641434,3.486537,4.56857155346524,110.4442,/T
2036-Jan-12 00:00,,m,38.71235,14.03242,-2.529,5.367,299.079023,3.481281,4.58375198451922,109.4478,/T
2036-Jan-13 00:00,,m,38.73561,14.04504,-2.520,5.368,89.512749,3.476102,4.59902230872989,108.4548,/T
2036-Jan-14 00:00,,m,38.76218,14.05869,-2.512,5.369,239.942660,3.471003,4.61437846667127,107.4654,/T
2036-Jan-15 00:00,,m,38.79204,14.07338,-2.504,5.370,30.368790,3.465985,4.62981556285212,106.4794,/T
2036-Jan-16 00:00,,,38.82519,14.08908,-2.496,5.370,180.791169,3.461048,4.64533040977379,105.4968,/T
2036-Jan-17 00:00,,,38.86160,14.10580,-2.488,5.371,331.209841,3.456196,4.66091719351967,104.5176,/T
2036-Jan-18 00:00,,,38.90128,14.12352,-2.480,5.372,121.624844,3.451428,4.67657213598921,103.5419,/T
2036-Jan-19 00:00,,,38.94420,14.14222,-2.472,5.372,272.036229,3.446746,4.69229085967466,102.5694,/T
2036-Jan-20 00:00,,,38.99036,14.16192,-2.464,5.373,62.444015,3.442151,4.70806954180373,101.6003,/T
2036-Jan-21 00:00,,,39.03976,14.18260,-2.456,5.373,212.848252,3.437642,4.72390370259666,100.6346,/T
2036-Jan-22 00:00,,,39.09237,14.20426,-2.448,5.374,3.248973,3.433221,4.73978827759253,99.6722,/T
2036-Jan-23 00:00,,,39.14819,14.22689,-2.441,5.374,153.646218,3.428888,4.75571960696657,98.7132,/T
2036-Jan-24 00:00,,,39.20719,14.25047,-2.433,5.375,304.040034,3.424643,4.77169149295250,97.7575,/T
2036-Jan-25 00:00,,,39.26936,14.27501,-2.425,5.375,94.430470,3.420487,4.78769977978782,96.8052,/T
2036-Jan-26 00:00,,,39.33465,14.30048,-2.417,5.375,244.817586,3.416420,4.80373951170576,95.8561,/T
2036-Jan-27 00:00,,,39.40305,14.32687,-2.410,5.376,35.201412,3.412440,4.81980699393752,94.9105,/T
2036-Jan-28 00:00,,,39.47452,14.35418,-2.402,5.376,185.582009,3.408548,4.83589740916355,93.9681,/T
2036-Jan-29 00:00,,,39.54906,14.38239,-2.395,5.376,335.959417,3.404743,4.85200590833627,93.0290,/T
2036-Jan-30 00:00,,,39.62662,14.41148,-2.387,5.377,126.333688,3.401024,4.86812878898771,92.0933,/T
2036-Jan-31 00:00,,m,39.70719,14.44145,-2.380,5.377,276.704873,3.397391,4.88426014662824,91.1609,/T
2036-Feb-01 00:00,,m,39.79074,14.47228,-2.373,5.377,67.073029,3.393844,4.90039598196546,90.2318,/T
2036-Feb-02 00:00,,m,39.87724,14.50395,-2.366,5.377,217.438224,3.390382,4.91653137242351,89.3060,/T
2036-Feb-03 00:00,,m,39.96666,14.53645,-2.358,5.377,7.800495,3.387002,4.93266322608859,88.3835,/T
2036-Feb-04 00:00,,m,40.05897,14.56977,-2.351,5.377,158.159907,3.383705,4.94878687372719,87.4642,/T
2036-Feb-05 00:00,,m,40.15416,14.60390,-2.344,5.377,308.516504,3.380489,4.96489814176236,86.5482,/T
2036-Feb-06 00:00,,m,40.25219,14.63883,-2.337,5.377,98.870347,3.377353,4.98099363191335,85.6354,/T
2036-Feb-07 00:00,,m,40.35304,14.67454,-2.330,5.377,249.221482,3.374297,4.99706822834817,84.7258,/T
2036-Feb-08 00:00,,m,40.45667,14.71101,-2.323,5.377,39.569973,3.371319,5.01311844895649,83.8194,/T
2036-Feb-09 00:00,,m,40.56303,14.74824,-2.317,5.377,189.915887,3.368421,5.02913991990943,82.9162,/T
2036-Feb-10 00:00,,m,40.67209,14.78621,-2.310,5.377,340.259263,3.365599,5.04513057537458,82.0160,/T
2036-Feb-11 00:00,,m,40.78381,14.82488,-2.303,5.376,130.600162,3.362854,5.06108643765366,81.1189,/T
2036-Feb-12 00:00,,m,40.89814,14.86426,-2.297,5.376,280.938623,3.360185,5.07700449708834,80.2248,/T
2036-Feb-13 00:00,,m,41.01507,14.90432,-2.290,5.376,71.274700,3.357592,5.09288200138657,79.3337,/T
2036-Feb-14 00:00,A,,41.13458,14.94504,-2.284,5.376,221.608431,3.355074,5.10871491857214,78.4455,/T
2036-Feb-15 00:00,A,,41.25664,14.98642,-2.278,5.375,11.939870,3.352630,5.12450020664947,77.5601,/T
2036-Feb-16 00:00,A,,41.38123,15.02844,-2.271,5.375,162.269072,3.350262,5.14023380686986,76.6776,/T
2036-Feb-17 00:00,A,,41.50833,15.07109,-2.265,5.375,312.596074,3.347967,5.15591399473201,75.7979,/T
2036-Feb-18 00:00,A,,41.63790,15.11435,-2.259,5.374,102.920927,3.345744,5.17153668353919,74.9209,/T
2036-Feb-19 00:00,A,,41.76995,15.15823,-2.253,5.374,253.243667,3.343592,5.18709898416225,74.0467,/T
2036-Feb-20 00:00,A,,41.90442,15.20269,-2.247,5.373,43.564348,3.341511,5.20259767847118,73.1753,/T
2036-Feb-21 00:00,A,,42.04130,15.24774,-2.241,5.373,193.883003,3.339498,5.21802885631613,72.3065,/T
2036-Feb-22 00:00,A,,42.18056,15.29336,-2.235,5.372,344.199690,3.337553,5.23338902341788,71.4404,/T
2036-Feb-23 00:00,A,,42.32216,15.33952,-2.230,5.372,134.514464,3.335676,5.24867390571679,70.5770,/T
2036-Feb-24 00:00,A,,42.46606,15.38622,-2.224,5.371,284.827368,3.333863,5.26388167940818,69.7163,/T
2036-Feb-25 00:00,A,,42.61224,15.43344,-2.218,5.371,75.138456,3.332114,5.27900812523502,68.8582,/T
2036-Feb-26 00:00,A,,42.76068,15.48117,-2.213,5.370,225.447764,3.330426,5.29405055002837,68.0027,/T
2036-Feb-27 00:00,A,,42.91133,15.52939,-2.208,5.370,15.755354,3.328799,5.30900552786490,67.1499,/T
2036-Feb-28 00:00,A,,43.06418,15.57808,-2.202,5.369,166.061258,3.327231,5.32386966011298,66.2996,/T
2036-Feb-29 00:00,A,m,43.21919,15.62723,-2.197,5.368,316.365540,3.325721,5.33863938727357,65.4520,/T
2036-Mar-01 00:00,A,m,43.37635,15.67683,-2.192,5.368,106.668253,3.324266,5.35331074922826,64.6069,/T
2036-Mar-02 00:00,A,m,43.53560,15.72686,-2.187,5.367,256.969449,3.322866,5.36788221036482,63.7643,/T
2036-Mar-03 00:00,A,m,43.69693,15.77731,-2.182,5.367,47.269178,3.321518,5.38235002794972,62.9243,/T
2036-Mar-04 00:00,A,m,43.86031,15.82816,-2.177,5.366,197.567481,3.320220,5.39671221817712,62.0869,/T
2036-Mar-05 00:00,A,m,44.02570,15.87941,-2.172,5.365,347.864419,3.318972,5.41096577007827,61.2519,/T
2036-Mar-06 00:00,A,m,44.19308,15.93103,-2.167,5.364,138.160020,3.317772,5.42510842260528,60.4194,/T
2036-Mar-07 00:00,A,m,44.36241,15.98302,-2.162,5.364,288.454346,3.316619,5.43913716398512,59.5893,/T
2036-Mar-08 00:00,A,m,44.53365,16.03536,-2.157,5.363,78.747444,3.315511,5.45304900503056,58.7617,/T
2036-Mar-09 00:00,A,m,44.70676,16.08802,-2.153,5.362,229.039361,3.314448,5.46684312619672,57.9364,/T
2036-Mar-10 00:00,A,m,44.88170,16.14100,-2.148,5.361,19.330138,3.313429,5.48051676782857,57.1135,/T
2036-Mar-11 00:00,A,m,45.05844,16.19428,-2.144,5.361,169.619810,3.312452,5.49406885930406,56.2929,/T
2036-Mar-12 00:00,A,m,45.23696,16.24783,-2.139,5.360,319.908423,3.311516,5.50749692510845,55.4745,/T
2036-Mar-13 00:00,A,m,45.41725,16.30165,-2.135,5.359,110.196000,3.310622,5.52079966379485,54.6583,/T
2036-Mar-14 00:00,N,,45.59929,16.35573,-2.131,5.358,260.482587,3.309767,5.53397422548783,53.8443,/T
2036-Mar-15 00:00,N,,45.78306,16.41006,-2.127,5.358,50.768223,3.308952,5.54701800018855,53.0324,/T
2036-Mar-16 00:00,N,,45.96852,16.46462,-2.123,5.357,201.052950,3.308175,5.55992995043579,52.2226,/T
2036-Mar-17 00:00,N,,46.15567,16.51941,-2.119,5.356,351.336801,3.307435,5.57270739722228,51.4148,/T
2036-Mar-18 00:00,N,,46.34448,16.57441,-2.115,5.355,141.619808,3.306730,5.58534907923996,50.6090,/T
2036-Mar-19 00:00,N,,46.53491,16.62961,-2.111,5.354,291.902017,3.306060,5.59785214646324,49.8052,/T
2036-Mar-20 00:00,N,,46.72696,16.68501,-2.107,5.354,82.183446,3.305423,5.61021538628161,49.0034,/T
2036-Mar-21 00:00,N,,46.92058,16.74058,-2.103,5.353,232.464146,3.304817,5.62243555789524,48.2035,/T
2036-Mar-22 00:00,N,,47.11576,16.79633,-2.099,5.352,22.744152,3.304243,5.63451012915943,47.4055,/T
2036-Mar-23 00:00,N,,47.31245,16.85222,-2.096,5.351,173.023511,3.303697,5.64643769347109,46.6094,/T
2036-Mar-24 00:00,N,,47.51064,16.90825,-2.092,5.350,323.302254,3.303178,5.65821584503002,45.8152,/T
2036-Mar-25 00:00,N,,47.71029,16.96440,-2.089,5.350,113.580418,3.302685,5.66984331980226,45.0228,/T
2036-Mar-26 00:00,N,,47.91139,17.02067,-2.085,5.349,263.858045,3.302216,5.68131730110959,44.2322,/T
2036-Mar-27 00:00,N,,48.11391,17.07704,-2.082,5.348,54.135159,3.301770,5.69263693146072,43.4435,/T
2036-Mar-28 00:00,N,,48.31783,17.13351,-2.078,5.347,204.411808,3.301345,5.70379895531337,42.6566,/T
2036-Mar-29 00:00,N,m,48.52314,17.19005,-2.075,5.346,354.688026,3.300940,5.71480120735691,41.8714,/T
2036-Mar-30 00:00,N,m,48.72979,17.24665,-2.072,5.346,144.963866,3.300554,5.72564213047859,41.0881,/T
2036-Mar-31 00:00,N,m,48.93778,17.30331,-2.069,5.345,295.239357,3.300185,5.73631992567672,40.3065,/T
2036-Apr-01 00:00,N,m,49.14706,17.36002,-2.066,5.344,85.514539,3.299832,5.74683360059063,39.5267,/T
2036-Apr-02 00:00,N,m,49.35762,17.41677,-2.063,5.343,235.789453,3.299494,5.75718088580189,38.7487,/T
2036-Apr-03 00:00,N,m,49.56941,17.47354,-2.060,5.343,26.064123,3.299169,5.76736171825005,37.9723,/T
2036-Apr-04 00:00,N,m,49.78242,17.53033,-2.057,5.342,176.338592,3.298856,5.77737352450582,37.1977,/T
2036-Apr-05 00:00,N,m,49.99661,17.58711,-2.054,5.341,326.612890,3.298556,5.78721515683334,36.4248,/T
2036-Apr-06 00:00,N,m,50.21192,17.64388,-2.052,5.340,116.887065,3.298267,5.79688554148463,35.6534,/T
2036-Apr-07 00:00,N,m,50.42836,17.70062,-2.049,5.340,267.161136,3.297989,5.80638407768694,34.8838,/T
2036-Apr-08 00:00,N,m,50.64587,17.75731,-2.046,5.339,57.435138,3.297721,5.81571039687119,34.1156,/T
2036-Apr-09 00:00,N,m,50.86446,17.81396,-2.044,5.338,207.709097,3.297461,5.82486304085887,33.3491,/T
2036-Apr-10 00:00,N,m,51.08411,17.87053,-2.041,5.337,357.983032,3.297210,5.83384255184159,32.5840,/T
2036-Apr-11 00:00,N,m,51.30480,17.92704,-2.039,5.337,148.256970,3.296967,5.84264675049532,31.8203,/T
2036-Apr-12 00:00,C,,51.52653,17.98348,-2.036,5.336,298.530934,3.296730,5.85127481124644,31.0581,/T
2036-Apr-13 00:00,C,,51.74927,18.03983,-2.034,5.335,88.804964,3.296501,5.85972525639630,30.2973,/T
2036-Apr-14 00:00,C,,51.97300,18.09608,-2.032,5.335,239.079073,3.296277,5.86799761895237,29.5378,/T
2036-Apr-15 00:00,C,,52.19770,18.15224,-2.029,5.334,29.353295,3.296058,5.87609099143111,28.7796,/T
2036-Apr-16 00:00,C,,52.42334,18.20829,-2.027,5.334,179.627652,3.295842,5.88400371651281,28.0227,/T
2036-Apr-17 00:00,C,,52.64991,18.26422,-2.025,5.333,329.902166,3.295629,5.89173590537615,27.2670,/T
2036-Apr-18 00:00,C,,52.87739,18.32003,-2.023,5.332,120.176863,3.295417,5.89928516512035,26.5125,/T
2036-Apr-19 00:00,C,,53.10575,18.37571,-2.021,5.332,270.451766,3.295206,5.90665051528927,25.7592,/T
2036-Apr-20 00:00,C,,53.33495,18.43123,-2.019,5.331,60.726921,3.294995,5.91382997144386,25.0071,/T
2036-Apr-21 00:00,C,,53.56500,18.48661,-2.017,5.331,211.002343,3.294782,5.92082328129582,24.2561,/T
2036-Apr-22 00:00,C,,53.79584,18.54181,-2.015,5.330,1.278069,3.294566,5.92762929682668,23.5063,/T
2036-Apr-23 00:00,C,,54.02748,18.59684,-2.013,5.330,151.554120,3.294347,5.93424666172926,22.7576,/T
2036-Apr-24 00:00,C,,54.25988,18.65169,-2.011,5.329,301.830525,3.294123,5.94067547131128,22.0099,/T
2036-Apr-25 00:00,C,,54.49305,18.70635,-2.010,5.329,92.107307,3.293893,5.94691373119580,21.2633,/T
2036-Apr-26 00:00,C,,54.72695,18.76081,-2.008,5.328,242.384492,3.293656,5.95296073907935,20.5179,/T
2036-Apr-27 00:00,C,m,54.96156,18.81507,-2.006,5.328,32.662125,3.293412,5.95881452505905,19.7734,/T
2036-Apr-28 00:00,C,m,55.19687,18.86911,-2.005,5.328,182.940224,3.293160,5.96447542178796,19.0300,/T
2036-Apr-29 00:00,C,m,55.43283,18.92294,-2.003,5.327,333.218825,3.292898,5.96994247272188,18.2877,/T
2036-Apr-30 00:00,C,m,55.66944,18.97654,-2.002,5.327,123.497948,3.292626,5.97521509429343,17.5464,/T
2036-May-01 00:00,C,m,55.90665,19.02991,-2.000,5.326,273.777624,3.292343,5.98029375322836,16.8061,/T
2036-May-02 00:00,C,m,56.14443,19.08304,-1.999,5.326,64.057868,3.292050,5.98517742483373,16.0669,/T
2036-May-03 00:00,C,m,56.38277,19.13591,-1.998,5.326,214.338705,3.291745,5.98986610866612,15.3287,/T
2036-May-04 00:00,C,m,56.62163,19.18852,-1.997,5.326,4.620171,3.291430,5.99435837513015,14.5914,/T
2036-May-05 00:00,C,m,56.86098,19.24086,-1.995,5.325,154.902280,3.291103,5.99865540395578,13.8552,/T
2036-May-06 00:00,C,m,57.10081,19.29292,-1.994,5.325,305.185060,3.290765,6.00275665415933,13.1199,/T
2036-May-07 00:00,C,m,57.34111,19.34469,-1.993,5.325,95.468522,3.290414,6.00666232162663,12.3855,/T
2036-May-08 00:00,C,m,57.58185,19.39616,-1.992,5.325,245.752692,3.290052,6.01037296964172,11.6520,/T
2036-May-09 00:00,*,m,57.82304,19.44733,-1.991,5.324,36.037575,3.289676,6.01388817483297,10.9195,/T
2036-May-10 00:00,*,m,58.06467,19.49821,-1.990,5.324,186.323191,3.289288,6.01720796233806,10.1878,/T
2036-May-11 00:00,*,,58.30670,19.54878,-1.989,5.324,336.609566,3.288887,6.02033078491072,9.4571,/T
2036-May-12 00:00,*,,58.54912,19.59904,-1.988,5.324,126.896715,3.288472,6.02325774356590,8.7272,/T
2036-May-13 00:00,*,,58.79191,19.64899,-1.987,5.324,277.184661,3.288044,6.02598792894047,7.9984,/T
2036-May-14 00:00,*,,59.03505,19.69862,-1.986,5.324,67.473414,3.287600,6.02852151773205,7.2705,/T
2036-May-15 00:00,*,,59.27850,19.74792,-1.986,5.324,217.763002,3.287141,6.03085846521138,6.5437,/T
2036-May-16 00:00,*,,59.52227,19.79689,-1.985,5.324,8.053428,3.286666,6.03299845768996,5.8183,/T
2036-May-17 00:00,*,,59.76632,19.84553,-1.984,5.324,158.344715,3.286174,6.03494113067807,5.0946,/T
2036-May-18 00:00,*,,60.01064,19.89382,-1.984,5.324,308.636889,3.285665,6.03668471700970,4.3731,/T
2036-May-19 00:00,*,,60.25521,19.94177,-1.983,5.324,98.929969,3.285139,6.03823008447542,3.6548,/T
2036-May-20 00:00,*,,60.50000,19.98936,-1.982,5.324,249.223982,3.284594,6.03957610439020,2.9417,/T
2036-May-21 00:00,*,,60.74500,20.03658,-1.982,5.324,39.518941,3.284030,6.04072307924573,2.2386,/T
2036-May-22 00:00,*,,60.99019,20.08344,-1.981,5.324,189.814877,3.283447,6.04167062020353,1.5584,/T
2036-May-23 00:00,*,,61.23557,20.12989,-1.981,5.324,340.111796,3.282844,6.04241886159912,0.9505,/T
2036-May-24 00:00,*,,61.48099,20.17591,-1.981,5.324,130.409726,3.282220,6.04296740190927,0.6596,/T
2036-May-25 00:00,*,,61.72655,20.22174,-1.981,5.325,280.708693,3.281576,6.04331479392289,1.0109,/L
2036-May-26 00:00,*,m,61.97231,20.26716,-1.980,5.325,71.008722,3.280910,6.04346208441400,1.6318,/L
2036-May-27 00:00,*,m,62.21816,20.31216,-1.980,5.325,221.309840,3.280224,6.04340859958971,2.3144,/L
2036-May-28 00:00,*,m,62.46406,20.35677,-1.980,5.325,11.612060,3.279516,6.04315538633806,3.0170,/L
2036-May-29 00:00,*,m,62.70996,20.40099,-1.980,5.325,161.915416,3.278787,6.04270248048494,3.7281,/L
2036-May-30 00:00,*,m,62.95585,20.44481,-1.980,5.325,312.219909,3.278036,6.04205120878192,4.4435,/L
2036-May-31 00:00,*,m,63.20170,20.48823,-1.980,5.325,102.525563,3.277264,6.04120184392954,5.1614,/L
2036-Jun-01 00:00,*,m,63.44749,20.53123,-1.980,5.326,252.832393,3.276472,6.04015394278927,5.8807,/L
2036-Jun-02 00:00,*,m,63.69319,20.57381,-1.981,5.326,43.140421,3.275660,6.03890903507021,6.6011,/L
2036-Jun-03 00:00,*,m,63.93880,20.61598,-1.981,5.326,193.449663,3.274827,6.03746710414455,7.3220,/L
2036-Jun-04 00:00,*,m,64.18430,20.65772,-1.981,5.327,343.760126,3.273975,6.03582967510185,8.0435,/L
2036-Jun-05 00:00,*,m,64.42967,20.69903,-1.981,5.327,134.071836,3.273103,6.03399675204976,8.7653,/L
2036-Jun-06 00:00,*,m,64.67491,20.73993,-1.982,5.327,284.384788,3.272211,6.03197002859211,9.4874,/L
2036-Jun-07 00:00,*,m,64.91999,20.78039,-1.982,5.328,74.699002,3.271298,6.02974950250108,10.2097,/L
2036-Jun-08 00:00,*,m,65.16492,20.82043,-1.982,5.328,225.014486,3.270367,6.02733476244066,10.9323,/L
2036-Jun-09 00:00,*,,65.40964,20.86005,-1.983,5.328,15.331266,3.269416,6.02472674148492,11.6552,/L
2036-Jun-10 00:00,*,,65.65415,20.89924,-1.983,5.329,165.649353,3.268445,6.02192527373926,12.3783,/L
2036-Jun-11 00:00,*,,65.89842,20.93799,-1.984,5.329,315.968760,3.267453,6.01893159280935,13.1016,/L
2036-Jun-12 00:00,*,,66.14242,20.97631,-1.985,5.330,106.289510,3.266442,6.01574527528570,13.8253,/L
2036-Jun-13 00:00,*,,66.38614,21.01420,-1.985,5.330,256.611606,3.265410,6.01236806351514,14.5493,/L
2036-Jun-14 00:00,*,,66.62955,21.05165,-1.986,5.331,46.935067,3.264357,6.00879966626541,15.2736,/L
2036-Jun-15 00:00,*,,66.87265,21.08866,-1.987,5.331,197.259902,3.263283,6.00503985265579,15.9982,/L
2036-Jun-16 00:00,*,,67.11539,21.12523,-1.988,5.332,347.586142,3.262188,6.00108912173419,16.7232,/L
2036-Jun-17 00:00,*,,67.35776,21.16135,-1.988,5.332,137.913798,3.261073,5.99694748809456,17.4487,/L
2036-Jun-18 00:00,*,,67.59975,21.19702,-1.989,5.333,288.242889,3.259936,5.99261609932372,18.1746,/L
2036-Jun-19 00:00,*,,67.84134,21.23224,-1.990,5.334,78.573440,3.258777,5.98809445869860,18.9009,/L
2036-Jun-20 00:00,*,,68.08249,21.26701,-1.991,5.334,228.905457,3.257597,5.98338450843135,19.6278,/L
2036-Jun-21 00:00,*,,68.32321,21.30134,-1.992,5.335,19.238962,3.256395,5.97848594680703,20.3551,/L
2036-Jun-22 00:00,*,,68.56347,21.33522,-1.993,5.336,169.573967,3.255172,5.97339897326803,21.0829,/L
2036-Jun-23 00:00,*,,68.80324,21.36865,-1.994,5.336,319.910508,3.253927,5.96812391300877,21.8113,/L
2036-Jun-24 00:00,*,m,69.04249,21.40163,-1.996,5.337,110.248597,3.252663,5.96266137469913,22.5403,/L
2036-Jun-25 00:00,*,m,69.28118,21.43417,-1.997,5.338,260.588259,3.251377,5.95701284530088,23.2697,/L
2036-Jun-26 00:00,*,m,69.51927,21.46626,-1.998,5.338,50.929517,3.250073,5.95117847271801,23.9998,/L
2036-Jun-27 00:00,*,m,69.75672,21.49790,-1.999,5.339,201.272379,3.248749,5.94516103145588,24.7304,/L
2036-Jun-28 00:00,*,m,69.99351,21.52907,-2.001,5.340,351.616865,3.247407,5.93896106019399,25.4617,/L
2036-Jun-29 00:00,*,m,70.22964,21.55979,-2.002,5.341,141.962976,3.246047,5.93257991870023,26.1935,/L
2036-Jun-30 00:00,*,m,70.46506,21.59004,-2.004,5.342,292.310746,3.244671,5.92601835728750,26.9259,/L
2036-Jul-01 00:00,*,m,70.69977,21.61983,-2.005,5.342,82.660177,3.243278,5.91927793436389,27.6590,/L
2036-Jul-02 00:00,*,m,70.93374,21.64916,-2.007,5.343,233.011288,3.241870,5.91236042829365,28.3928,/L
2036-Jul-03 00:00,*,m,71.16697,21.67803,-2.009,5.344,23.364090,3.240446,5.90526636269540,29.1273,/L
2036-Jul-04 00:00,*,m,71.39942,21.70645,-2.010,5.345,173.718592,3.239007,5.89799854558406,29.8625,/L
2036-Jul-05 00:00,*,m,71.63109,21.73441,-2.012,5.346,324.074803,3.237554,5.89055748272393,30.5985,/L
2036-Jul-06 00:00,*,m,71.86195,21.76192,-2.014,5.347,114.432724,3.236086,5.88294456735375,31.3353,/L
2036-Jul-07 00:00,*,m,72.09198,21.78899,-2.016,5.348,264.792385,3.234604,5.87515989752637,32.0729,/L
2036-Jul-08 00:00,*,m,72.32115,21.81561,-2.017,5.349,55.153790,3.233109,5.86720494804795,32.8115,/L
2036-Jul-09 00:00,*,,72.54943,21.84178,-2.019,5.349,205.516959,3.231599,5.85908090274997,33.5510,/L
2036-Jul-10 00:00,*,,72.77679,21.86751,-2.021,5.350,355.881906,3.230077,5.85078811418520,34.2914,/L
2036-Jul-11 00:00,*,,73.00321,21.89279,-2.024,5.351,146.248645,3.228541,5.84232894599295,35.0329,/L
2036-Jul-12 00:00,*,,73.22867,21.91763,-2.026,5.352,296.617187,3.226992,5.83370380574954,35.7754,/L
2036-Jul-13 00:00,*,,73.45315,21.94203,-2.028,5.353,86.987540,3.225429,5.82491412671147,36.5191,/L
2036-Jul-14 00:00,*,,73.67662,21.96598,-2.030,5.354,237.359734,3.223854,5.81595963607969,37.2639,/L
2036-Jul-15 00:00,*,,73.89906,21.98950,-2.032,5.355,27.733779,3.222267,5.80684202500055,38.0098,/L
2036-Jul-16 00:00,*,,74.12044,22.01257,-2.035,5.356,178.109703,3.220667,5.79756227683701,38.7570,/L
2036-Jul-17 00:00,*,,74.34074,22.03520,-2.037,5.357,328.487518,3.219056,5.78812107900216,39.5054,/L
2036-Jul-18 00:00,*,,74.55993,22.05740,-2.040,5.358,118.867248,3.217433,5.77852072630037,40.2552,/L
2036-Jul-19 00:00,*,,74.77800,22.07917,-2.042,5.359,269.248905,3.215798,5.76876206323171,41.0062,/L
2036-Jul-20 00:00,*,,74.99491,22.10052,-2.045,5.360,59.632500,3.214153,5.75884695777383,41.7586,/L
2036-Jul-21 00:00,*,,75.21064,22.12144,-2.047,5.361,210.018066,3.212498,5.74877531252090,42.5124,/L
2036-Jul-22 00:00,*,,75.42514,22.14195,-2.050,5.362,0.405616,3.210833,5.73854945952818,43.2676,/L
2036-Jul-23 00:00,*,,75.63837,22.16204,-2.053,5.363,150.795179,3.209161,5.72817070697405,44.0242,/L
2036-Jul-24 00:00,*,m,75.85030,22.18171,-2.056,5.364,301.186768,3.207481,5.71764067154151,44.7823,/L
2036-Jul-25 00:00,*,m,76.06087,22.20097,-2.058,5.365,91.580408,3.205795,5.70696210060647,45.5418,/L
2036-Jul-26 00:00,*,m,76.27006,22.21981,-2.061,5.366,241.976106,3.204104,5.69613691481485,46.3028,/L
2036-Jul-27 00:00,*,m,76.47786,22.23823,-2.064,5.367,32.373869,3.202409,5.68516785530380,47.0652,/L
2036-Jul-28 00:00,*,m,76.68424,22.25623,-2.067,5.368,182.773722,3.200711,5.67405545957149,47.8292,/L
2036-Jul-29 00:00,*,m,76.88918,22.27383,-2.071,5.369,333.175672,3.199011,5.66280276665498,48.5946,/L
2036-Jul-30 00:00,*,m,77.09266,22.29101,-2.074,5.370,123.579741,3.197310,5.65141130247011,49.3616,/L
2036-Jul-31 00:00,*,m,77.29465,22.30780,-2.077,5.372,273.985934,3.195608,5.63988319027046,50.1302,/L
2036-Aug-01 00:00,*,m,77.49512,22.32419,-2.080,5.373,64.394276,3.193907,5.62822089049271,50.9004,/L
2036-Aug-02 00:00,*,m,77.69405,22.34018,-2.084,5.374,214.804766,3.192206,5.61642656023259,51.6723,/L
2036-Aug-03 00:00,*,m,77.89141,22.35580,-2.087,5.375,5.217413,3.190506,5.60450278937063,52.4458,/L
2036-Aug-04 00:00,*,m,78.08718,22.37104,-2.091,5.376,155.632236,3.188808,5.59244993382641,53.2211,/L
2036-Aug-05 00:00,*,m,78.28132,22.38590,-2.094,5.377,306.049246,3.187111,5.58027085971057,53.9981,/L
2036-Aug-06 00:00,*,m,78.47379,22.40039,-2.098,5.378,96.468466,3.185418,5.56796674593473,54.7770,/L
2036-Aug-07 00:00,*,m,78.66457,22.41451,-2.102,5.379,246.889900,3.183727,5.55553979512391,55.5577,/L
2036-Aug-08 00:00,*,,78.85363,22.42826,-2.106,5.380,37.313580,3.182039,5.54299194012295,56.3403,/L
2036-Aug-09 00:00,*,,79.04093,22.44165,-2.109,5.381,187.739506,3.180355,5.53032551900557,57.1249,/L
2036-Aug-10 00:00,*,,79.22646,22.45468,-2.113,5.382,338.167692,3.178674,5.51754294386234,57.9114,/L
2036-Aug-11 00:00,C,,79.41019,22.46736,-2.117,5.382,128.598156,3.176998,5.50464459484678,58.7001,/L
2036-Aug-12 00:00,C,,79.59209,22.47969,-2.121,5.383,279.030918,3.175327,5.49163322777268,59.4908,/L
2036-Aug-13 00:00,C,,79.77213,22.49167,-2.125,5.384,69.466003,3.173662,5.47850992953073,60.2836,/L
2036-Aug-14 00:00,C,,79.95029,22.50331,-2.130,5.385,219.903421,3.172002,5.46527718584972,61.0786,/L
2036-Aug-15 00:00,C,,80.12652,22.51461,-2.134,5.386,10.343209,3.170350,5.45193671679439,61.8759,/L
2036-Aug-16 00:00,C,,80.30080,22.52559,-2.138,5.387,160.785373,3.168705,5.43849141326820,62.6754,/L
2036-Aug-17 00:00,C,,80.47309,22.53625,-2.143,5.388,311.229934,3.167067,5.42494392747708,63.4773,/L
2036-Aug-18 00:00,C,,80.64336,22.54659,-2.147,5.389,101.676908,3.165439,5.41129531487596,64.2815,/L
2036-Aug-19 00:00,C,,80.81156,22.55662,-2.152,5.390,252.126323,3.163821,5.39754879026588,65.0880,/L
2036-Aug-20 00:00,C,,80.97764,22.56635,-2.156,5.391,42.578202,3.162214,5.38370615798239,65.8970,/L
2036-Aug-21 00:00,C,,81.14155,22.57577,-2.161,5.391,193.032558,3.160621,5.36977093104525,66.7084,/L
2036-Aug-22 00:00,C,,81.30326,22.58490,-2.166,5.392,343.489424,3.159041,5.35574546658287,67.5223,/L
2036-Aug-23 00:00,C,m,81.46272,22.59372,-2.171,5.393,133.948802,3.157476,5.34163393059359,68.3386,/L
2036-Aug-24 00:00,C,m,81.61992,22.60224,-2.176,5.394,284.410708,3.155927,5.32743979232190,69.1574,/L
2036-Aug-25 00:00,C,m,81.77483,22.61046,-2.180,5.394,74.875146,3.154396,5.31316522814810,69.9787,/L
2036-Aug-26 00:00,C,m,81.92744,22.61841,-2.186,5.395,225.342135,3.152882,5.29881389508027,70.8025,/L
2036-Aug-27 00:00,C,m,82.07770,22.62607,-2.191,5.396,15.811689,3.151389,5.28438808420852,71.6288,/L
2036-Aug-28 00:00,C,m,82.22561,22.63346,-2.196,5.397,166.283813,3.149915,5.26989160858994,72.4577,/L
2036-Aug-29 00:00,C,m,82.37110,22.64058,-2.201,5.397,316.758534,3.148461,5.25532656265359,73.2892,/L
2036-Aug-30 00:00,C,m,82.51417,22.64746,-2.206,5.398,107.235850,3.147029,5.24069718316497,74.1233,/L
2036-Aug-31 00:00,N,m,82.65476,22.65408,-2.212,5.399,257.715777,3.145617,5.22600654501119,74.9601,/L
2036-Sep-01 00:00,N,m,82.79286,22.66045,-2.217,5.399,48.198313,3.144227,5.21125689470281,75.7996,/L
2036-Sep-02 00:00,N,m,82.92843,22.66659,-2.223,5.400,198.683484,3.142860,5.19645138366122,76.6419,/L
2036-Sep-03 00:00,N,m,83.06143,22.67249,-2.229,5.400,349.171301,3.141515,5.18159224901466,77.4869,/L
2036-Sep-04 00:00,N,m,83.19184,22.67816,-2.234,5.401,139.661773,3.140192,5.16668322586242,78.3347,/L
2036-Sep-05 00:00,N,m,83.31960,22.68360,-2.240,5.401,290.154930,3.138894,5.15172619261632,79.1855,/L
2036-Sep-06 00:00,N,m,83.44470,22.68883,-2.246,5.402,80.650772,3.137618,5.13672556806608,80.0391,/L
2036-Sep-07 00:00,N,,83.56710,22.69383,-2.252,5.402,231.149319,3.136366,5.12168435590043,80.8958,/L
2036-Sep-08 00:00,N,,83.68679,22.69863,-2.258,5.402,21.650568,3.135137,5.10660527398579,81.7554,/L
2036-Sep-09 00:00,N,,83.80373,22.70321,-2.264,5.403,172.154548,3.133932,5.09149130463470,82.6181,/L
2036-Sep-10 00:00,N,,83.91789,22.70760,-2.270,5.403,322.661269,3.132753,5.07634502681473,83.4840,/L
2036-Sep-11 00:00,N,,84.02925,22.71179,-2.276,5.403,113.170748,3.131598,5.06117032834218,84.3530,/L
2036-Sep-12 00:00,N,,84.13775,22.71580,-2.282,5.404,263.683010,3.130469,5.04596923823457,85.2252,/L
2036-Sep-13 00:00,N,,84.24337,22.71962,-2.288,5.404,54.198064,3.129366,5.03074655627371,86.1007,/L
2036-Sep-14 00:00,N,,84.34607,22.72327,-2.295,5.404,204.715929,3.128290,5.01550555409185,86.9795,/L
2036-Sep-15 00:00,N,,84.44582,22.72676,-2.301,5.404,355.236604,3.127241,5.00024979927501,87.8616,/L
2036-Sep-16 00:00,N,,84.54256,22.73008,-2.308,5.405,145.760118,3.126220,4.98498255217792,88.7471,/L
2036-Sep-17 00:00,N,,84.63625,22.73324,-2.314,5.405,296.286479,3.125229,4.96970732595011,89.6361,/L
2036-Sep-18 00:00,N,,84.72686,22.73625,-2.321,5.405,86.815704,3.124268,4.95442873082186,90.5284,/L
2036-Sep-19 00:00,A,,84.81433,22.73910,-2.328,5.405,237.347810,3.123338,4.93914972007136,91.4242,/L
2036-Sep-20 00:00,A,,84.89864,22.74179,-2.334,5.405,27.882804,3.122441,4.92387605779381,92.3235,/L
2036-Sep-21 00:00,A,,84.97977,22.74433,-2.341,5.405,178.420693,3.121576,4.90861190090713,93.2262,/L
2036-Sep-22 00:00,A,m,85.05771,22.74672,-2.348,5.405,328.961462,3.120744,4.89336203873679,94.1325,/L
2036-Sep-23 00:00,A,m,85.13242,22.74897,-2.355,5.405,119.505132,3.119945,4.87813014706146,95.0422,/L
2036-Sep-24 00:00,A,m,85.20390,22.75108,-2.362,5.405,270.051692,3.119181,4.86292049479993,95.9554,/L
2036-Sep-25 00:00,A,m,85.27211,22.75307,-2.369,5.404,60.601149,3.118450,4.84773781884289,96.8721,/L
2036-Sep-26 00:00,A,m,85.33703,22.75493,-2.376,5.404,211.153506,3.117754,4.83258523011526,97.7923,/L
2036-Sep-27 00:00,A,m,85.39861,22.75667,-2.383,5.404,1.708763,3.117091,4.81746828879184,98.7161,/L
2036-Sep-28 00:00,A,m,85.45685,22.75831,-2.390,5.404,152.266919,3.116461,4.80239089507593,99.6435,/L
2036-Sep-29 00:00,A,m,85.51172,22.75983,-2.397,5.403,302.827954,3.115863,4.78735784890889,100.5744,/L
2036-Sep-30 00:00,A,m,85.56320,22.76125,-2.404,5.403,93.391881,3.115298,4.77237224848834,101.5090,/L
2036-Oct-01 00:00,A,m,85.61127,22.76256,-2.412,5.403,243.958688,3.114765,4.75743831924496,102.4472,/L
2036-Oct-02 00:00,A,m,85.65590,22.76377,-2.419,5.402,34.528381,3.114263,4.74256035612256,103.3890,/L
2036-Oct-03 00:00,A,m,85.69708,22.76488,-2.426,5.402,185.100958,3.113793,4.72774144438201,104.3346,/L
2036-Oct-04 00:00,A,m,85.73478,22.76590,-2.434,5.401,335.676420,3.113353,4.71298684288092,105.2839,/L
2036-Oct-05 00:00,A,m,85.76898,22.76681,-2.441,5.401,126.254766,3.112943,4.69830042119159,106.2369,/L
2036-Oct-06 00:00,A,m,85.79968,22.76764,-2.448,5.400,276.835973,3.112562,4.68368723490264,107.1938,/L
2036-Oct-07 00:00,,m,85.82687,22.76837,-2.456,5.400,67.420051,3.112209,4.66915024364632,108.1544,/L
2036-Oct-08 00:00,,,85.85054,22.76901,-2.463,5.399,218.006987,3.111885,4.65469404394877,109.1189,/L
2036-Oct-09 00:00,,,85.87065,22.76957,-2.471,5.399,8.596787,3.111588,4.64032293198558,110.0873,/L
2036-Oct-10 00:00,,,85.88720,22.77005,-2.478,5.398,159.189438,3.111319,4.62604051645954,111.0597,/L
2036-Oct-11 00:00,,,85.90016,22.77046,-2.486,5.397,309.784947,3.111077,4.61185220249300,112.0360,/L
2036-Oct-12 00:00,,,85.90951,22.77079,-2.493,5.397,100.383301,3.110861,4.59776242234835,113.0162,/L
2036-Oct-13 00:00,,,85.91523,22.77104,-2.501,5.396,250.984475,3.110671,4.58377697587663,114.0005,/L
2036-Oct-14 00:00,,,85.91731,22.77123,-2.508,5.395,41.588467,3.110507,4.56989931428707,114.9887,/L
2036-Oct-15 00:00,,,85.91573,22.77133,-2.516,5.394,192.195254,3.110369,4.55613491070347,115.9810,/L
2036-Oct-16 00:00,,,85.91046,22.77136,-2.523,5.393,342.804830,3.110256,4.54248854993826,116.9773,/L
2036-Oct-17 00:00,,,85.90153,22.77131,-2.531,5.393,133.417167,3.110169,4.52896480497916,117.9776,/L
2036-Oct-18 00:00,,,85.88891,22.77117,-2.538,5.392,284.032257,3.110107,4.51556944517105,118.9819,/L
2036-Oct-19 00:00,,,85.87262,22.77095,-2.546,5.391,74.650067,3.110069,4.50230760891216,119.9902,/L
2036-Oct-20 00:00,,,85.85267,22.77064,-2.553,5.390,225.270557,3.110053,4.48918565068845,121.0024,/L
2036-Oct-21 00:00,,,85.82908,22.77026,-2.560,5.389,15.893699,3.110060,4.47620724252150,122.0186,/L
2036-Oct-22 00:00,,,85.80186,22.76979,-2.568,5.388,166.519453,3.110088,4.46337809859852,123.0386,/L
2036-Oct-23 00:00,,m,85.77101,22.76924,-2.575,5.387,317.147794,3.110135,4.45070270929688,124.0625,/L
2036-Oct-24 00:00,,m,85.73656,22.76861,-2.582,5.386,107.778671,3.110201,4.43818567180629,125.0902,/L
2036-Oct-25 00:00,,m,85.69849,22.76791,-2.590,5.385,258.412066,3.110283,4.42583204080489,126.1218,/L
2036-Oct-26 00:00,,m,85.65683,22.76713,-2.597,5.384,49.047930,3.110380,4.41364665482339,127.1571,/L
2036-Oct-27 00:00,,m,85.61160,22.76626,-2.604,5.383,199.686209,3.110488,4.40163539469107,128.1962,/L
2036-Oct-28 00:00,,m,85.56282,22.76531,-2.611,5.382,350.326863,3.110607,4.38980144068479,129.2390,/L
2036-Oct-29 00:00,,m,85.51053,22.76428,-2.618,5.381,140.969840,3.110735,4.37815009084945,130.2855,/L
2036-Oct-30 00:00,,m,85.45473,22.76315,-2.625,5.380,291.615104,3.110870,4.36668517531863,131.3357,/L
2036-Oct-31 00:00,,m,85.39547,22.76193,-2.632,5.379,82.262594,3.111009,4.35541109520481,132.3895,/L
2036-Nov-01 00:00,,m,85.33277,22.76062,-2.639,5.378,232.912281,3.111152,4.34433209298384,133.4470,/L
2036-Nov-02 00:00,,m,85.26667,22.75920,-2.645,5.376,23.564105,3.111295,4.33345273518456,134.5080,/L
2036-Nov-03 00:00,,m,85.19720,22.75769,-2.652,5.375,174.218008,3.111436,4.32277841295304,135.5727,/L
2036-Nov-04 00:00,,m,85.12442,22.75607,-2.659,5.374,324.873935,3.111574,4.31231198004636,136.6410,/L
2036-Nov-05 00:00,,m,85.04837,22.75435,-2.665,5.373,115.531829,3.111707,4.30205837300271,137.7127,/L
2036-Nov-06 00:00,,m,84.96908,22.75252,-2.671,5.372,266.191644,3.111833,4.29202098009757,138.7880,/L
2036-Nov-07 00:00,,,84.88659,22.75059,-2.678,5.371,56.853309,3.111952,4.28220424768983,139.8668,/L
2036-Nov-08 00:00,,,84.80092,22.74856,-2.684,5.370,207.516789,3.112060,4.27261198579497,140.9491,/L
2036-Nov-09 00:00,,,84.71212,22.74642,-2.690,5.369,358.182012,3.112158,4.26324899279070,142.0348,/L
2036-Nov-10 00:00,,,84.62023,22.74416,-2.696,5.368,148.848912,3.112241,4.25412071175163,143.1239,/L
2036-Nov-11 00:00,,,84.52529,22.74178,-2.702,5.367,299.517413,3.112311,4.24523041324321,144.2164,/L
2036-Nov-12 00:00,,,84.42735,22.73928,-2.707,5.366,90.187445,3.112365,4.23658327926799,145.3122,/L
2036-Nov-13 00:00,,,84.32648,22.73665,-2.713,5.365,240.858938,3.112402,4.22818290189592,146.4112,/L
2036-Nov-14 00:00,,,84.22275,22.73388,-2.718,5.364,31.531802,3.112420,4.22003416619424,147.5134,/L
2036-Nov-15 00:00,,,84.11622,22.73098,-2.723,5.363,182.205976,3.112419,4.21214066108119,148.6187,/L
2036-Nov-16 00:00,,,84.00696,22.72793,-2.728,5.362,332.881363,3.112396,4.20450729390966,149.7270,/L
2036-Nov-17 00:00,,,83.89506,22.72473,-2.733,5.361,123.557874,3.112348,4.19713906221825,150.8382,/L
2036-Nov-18 00:00,,,83.78061,22.72140,-2.738,5.360,274.235405,3.112274,4.19003894348763,151.9523,/L
2036-Nov-19 00:00,,,83.66369,22.71793,-2.742,5.359,64.913864,3.112172,4.18321125181721,153.0690,/L
2036-Nov-20 00:00,,,83.54438,22.71431,-2.747,5.358,215.593160,3.112040,4.17665858665513,154.1884,/L
2036-Nov-21 00:00,,,83.42278,22.71056,-2.751,5.358,6.273183,3.111875,4.17038487041227,155.3102,/L
2036-Nov-22 00:00,,m,83.29894,22.70666,-2.755,5.357,156.953858,3.111676,4.16439217172975,156.4345,/L
2036-Nov-23 00:00,,m,83.17296,22.70262,-2.759,5.356,307.635076,3.111440,4.15868426346845,157.5610,/L
2036-Nov-24 00:00,,m,83.04492,22.69843,-2.763,5.356,98.316742,3.111163,4.15326464740578,158.6898,/L
2036-Nov-25 00:00,,m,82.91495,22.69410,-2.766,5.355,248.998738,3.110845,4.14813530567376,159.8206,/L
2036-Nov-26 00:00,,m,82.78312,22.68962,-2.769,5.354,39.680971,3.110483,4.14329916421524,160.9534,/L
2036-Nov-27 00:00,,m,82.64953,22.68500,-2.772,5.354,190.363340,3.110075,4.13875769085748,162.0880,/L
2036-Nov-28 00:00,,m,82.51430,22.68022,-2.775,5.353,341.045734,3.109619,4.13451381597980,163.2244,/L
2036-Nov-29 00:00,,m,82.37752,22.67529,-2.778,5.353,131.728070,3.109113,4.13056833064990,164.3624,/L
2036-Nov-30 00:00,,m,82.23929,22.67022,-2.780,5.352,282.410237,3.108556,4.12692411419369,165.5020,/L
2036-Dec-01 00:00,,m,82.09971,22.66500,-2.783,5.352,73.092139,3.107945,4.12358345476099,166.6429,/L
2036-Dec-02 00:00,,m,81.95891,22.65964,-2.785,5.351,223.773653,3.107279,4.12054765887628,167.7852,/L
2036-Dec-03 00:00,,m,81.81698,22.65415,-2.787,5.351,14.454687,3.106557,4.11781847660661,168.9286,/L
2036-Dec-04 00:00,,m,81.67404,22.64852,-2.788,5.351,165.135136,3.105777,4.11539653622719,170.0729,/L
2036-Dec-05 00:00,,m,81.53019,22.64276,-2.790,5.351,315.814891,3.104940,4.11328396457848,171.2180,/L
2036-Dec-06 00:00,,m,81.38550,22.63688,-2.791,5.351,106.493867,3.104044,4.11148064275332,172.3637,/L
2036-Dec-07 00:00,,,81.24009,22.63088,-2.792,5.350,257.171955,3.103089,4.10998889252852,173.5094,/L
2036-Dec-08 00:00,,,81.09403,22.62475,-2.792,5.350,47.849058,3.102075,4.10881025314996,174.6546,/L
2036-Dec-09 00:00,,,80.94746,22.61851,-2.793,5.350,198.525049,3.101001,4.10794590528419,175.7979,/L
2036-Dec-10 00:00,,,80.80048,22.61215,-2.793,5.350,349.199833,3.099867,4.10739693722003,176.9362,/L
2036-Dec-11 00:00,,,80.65321,22.60566,-2.793,5.351,139.873296,3.098673,4.10716366840239,178.0592,/L
2036-Dec-12 00:00,,,80.50576,22.59907,-2.793,5.351,290.545326,3.097419,4.10724769614024,179.1049,/L
2036-Dec-13 00:00,,,80.35827,22.59237,-2.793,5.351,81.215822,3.096105,4.10764818094170,179.2973,/T
2036-Dec-14 00:00,,,80.21085,22.58558,-2.792,5.351,231.884674,3.094730,4.10836667715289,178.3128,/T
2036-Dec-15 00:00,,,80.06360,22.57869,-2.791,5.351,22.551778,3.093294,4.10940354465376,177.1962,/T
2036-Dec-16 00:00,,,79.91668,22.57173,-2.790,5.351,173.217000,3.091796,4.11075913478188,176.0584,/T
2036-Dec-17 00:00,,,79.77019,22.56470,-2.789,5.352,323.880245,3.090235,4.11243295016535,174.9136,/T
2036-Dec-18 00:00,,,79.62425,22.55761,-2.788,5.352,114.541395,3.088612,4.11442400766281,173.7660,/T
2036-Dec-19 00:00,,,79.47897,22.55048,-2.786,5.352,265.200345,3.086926,4.11673224645003,172.6172,/T
2036-Dec-20 00:00,,,79.33447,22.54330,-2.784,5.353,55.856999,3.085177,4.11935516838772,171.4679,/T
2036-Dec-21 00:00,,m,79.19085,22.53610,-2.782,5.353,206.511255,3.083365,4.12229261518116,170.3186,/T
2036-Dec-22 00:00,,m,79.04822,22.52887,-2.780,5.354,357.163026,3.081489,4.12554309432366,169.1697,/T
2036-Dec-23 00:00,,m,78.90670,22.52162,-2.777,5.354,147.812191,3.079549,4.12910563519468,168.0215,/T
2036-Dec-24 00:00,,m,78.76639,22.51438,-2.775,5.355,298.458671,3.077545,4.13297791343918,166.8741,/T
2036-Dec-25 00:00,,m,78.62743,22.50713,-2.772,5.356,89.102367,3.075478,4.13715765754551,165.7277,/T
2036-Dec-26 00:00,,m,78.48990,22.49990,-2.769,5.356,239.743196,3.073347,4.14164328547981,164.5824,/T
2036-Dec-27 00:00,,m,78.35392,22.49270,-2.765,5.357,30.381078,3.071154,4.14643107945282,163.4385,/T
2036-Dec-28 00:00,,m,78.21959,22.48553,-2.762,5.358,181.015938,3.068900,4.15151960092278,162.2960,/T
2036-Dec-29 00:00,,m,78.08699,22.47840,-2.758,5.359,331.647706,3.066584,4.15690613240575,161.1550,/T
2036-Dec-30 00:00,,m,77.95624,22.47134,-2.754,5.360,122.276288,3.064207,4.16258900442658,160.0157,/T
2036-Dec-31 00:00,,m,77.82742,22.46435,-2.750,5.361,272.901626,3.061770,4.16856478260407,158.8780,/T
2037-Jan-01 00:00,,m,77.70063,22.45745,-2.745,5.361,63.523642,3.059276,4.17483065768497,157.7422,/T
2037-Jan-02 00:00,,m,77.57594,22.45064,-2.741,5.362,214.142276,3.056724,4.18138425343415,156.6083,/T
2037-Jan-03 00:00,,m,77.45342,22.44395,-2.736,5.363,4.757464,3.054118,4.18822151503531,155.4764,/T
2037-Jan-04 00:00,,m,77.33315,22.43736,-2.731,5.365,155.369155,3.051459,4.19534050126592,154.3465,/T
2037-Jan-05 00:00,,,77.21518,22.43090,-2.726,5.366,305.977295,3.048749,4.20273815697549,153.2187,/T
2037-Jan-06 00:00,,,77.09960,22.42457,-2.721,5.367,96.581804,3.045988,4.21041285848768,152.0930,/T
2037-Jan-07 00:00,,,76.98650,22.41838,-2.715,5.368,247.182636,3.043180,4.21836076737273,150.9696,/T
2037-Jan-08 00:00,,,76.87597,22.41233,-2.710,5.369,37.779722,3.040326,4.22657901269114,149.8485,/T
2037-Jan-09 00:00,,,76.76808,22.40644,-2.704,5.370,188.373015,3.037427,4.23506460111799,148.7298,/T
2037-Jan-10 00:00,,,76.66293,22.40071,-2.698,5.371,338.962455,3.034485,4.24381310731362,147.6135,/T
2037-Jan-11 00:00,,,76.56057,22.39517,-2.692,5.373,129.548008,3.031503,4.25282162245818,146.4999,/T
2037-Jan-12 00:00,,,76.46107,22.38983,-2.686,5.374,280.129628,3.028480,4.26208613744209,145.3888,/T
2037-Jan-13 00:00,,,76.36451,22.38469,-2.680,5.375,70.707256,3.025418,4.27160417600979,144.2805,/T
2037-Jan-14 00:00,,,76.27095,22.37977,-2.673,5.377,221.280859,3.022317,4.28137064905130,143.1750,/T
2037-Jan-15 00:00,,,76.18044,22.37508,-2.667,5.378,11.850389,3.019180,4.29138176895822,142.0724,/T
2037-Jan-16 00:00,,,76.09305,22.37062,-2.660,5.379,162.415823,3.016006,4.30163321634508,140.9728,/T
2037-Jan-17 00:00,,,76.00882,22.36642,-2.653,5.380,312.977120,3.012797,4.31211977005807,139.8763,/T
2037-Jan-18 00:00,,,75.92780,22.36246,-2.646,5.382,103.534270,3.009555,4.32283726461612,138.7828,/T
2037-Jan-19 00:00,,m,75.85002,22.35877,-2.639,5.383,254.087254,3.006280,4.33378078062664,137.6926,/T
2037-Jan-20 00:00,,m,75.77555,22.35535,-2.632,5.384,44.636038,3.002972,4.34494710285816,136.6056,/T
2037-Jan-21 00:00,,m,75.70442,22.35220,-2.625,5.386,195.180613,2.999633,4.35633028123994,135.5220,/T
2037-Jan-22 00:00,,m,75.63669,22.34933,-2.618,5.387,345.720956,2.996263,4.36792599912147,134.4418,/T
2037-Jan-23 00:00,,m,75.57239,22.34675,-2.610,5.388,136.257069,2.992865,4.37972907423877,133.3650,/T
2037-Jan-24 00:00,,m,75.51156,22.34447,-2.603,5.390,286.788935,2.989439,4.39173401269601,132.2916,/T
2037-Jan-25 00:00,,m,75.45423,22.34249,-2.595,5.391,77.316570,2.985986,4.40393584907396,131.2218,/T
2037-Jan-26 00:00,,m,75.40041,22.34081,-2.588,5.392,227.839977,2.982508,4.41632931035450,130.1556,/T
2037-Jan-27 00:00,,m,75.35014,22.33945,-2.580,5.394,18.359152,2.979006,4.42891089513661,129.0930,/T
2037-Jan-28 00:00,,m,75.30343,22.33841,-2.572,5.395,168.874105,2.975481,4.44167443964712,128.0339,/T
2037-Jan-29 00:00,,m,75.26031,22.33770,-2.565,5.396,319.384839,2.971935,4.45461569546986,126.9785,/T
2037-Jan-30 00:00,,m,75.22077,22.33732,-2.557,5.398,109.891378,2.968369,4.46772936227554,125.9268,/T
2037-Jan-31 00:00,,m,75.18482,22.33728,-2.549,5.399,260.393721,2.964785,4.48101052293942,124.8787,/T
2037-Feb-01 00:00,,m,75.15245,22.33756,-2.541,5.400,50.891904,2.961185,4.49445431091494,123.8342,/T
2037-Feb-02 00:00,,m,75.12365,22.33817,-2.533,5.401,201.385941,2.957571,4.50805611286040,122.7933,/T
2037-Feb-03 00:00,,,75.09845,22.33911,-2.525,5.402,351.875845,2.953944,4.52181300460341,121.7560,/T
2037-Feb-04 00:00,,,75.07685,22.34037,-2.517,5.404,142.361627,2.950304,4.53571950407199,120.7224,/T
2037-Feb-05 00:00,,,75.05889,22.34196,-2.509,5.405,292.843298,2.946654,4.54977195495687,119.6924,/T
2037-Feb-06 00:00,,,75.04456,22.34388,-2.501,5.406,83.320882,2.942995,4.56396521692148,118.6660,/T
2037-Feb-07 00:00,,,75.03389,22.34614,-2.493,5.407,233.794382,2.939327,4.57829480017924,117.6432,/T
2037-Feb-08 00:00,,,75.02687,22.34873,-2.485,5.408,24.263838,2.935651,4.59275538433286,116.6241,/T
2037-Feb-09 00:00,,,75.02351,22.35166,-2.477,5.409,174.729268,2.931968,4.60734215383720,115.6086,/T
2037-Feb-10 00:00,,,75.02379,22.35494,-2.469,5.410,325.190696,2.928278,4.62205156118833,114.5968,/T
2037-Feb-11 00:00,,,75.02772,22.35855,-2.461,5.411,115.648141,2.924581,4.63687768756275,113.5886,/T
2037-Feb-12 00:00,,,75.03529,22.36250,-2.452,5.412,266.101630,2.920876,4.65181628807608,112.5842,/T
2037-Feb-13 00:00,,,75.04649,22.36679,-2.444,5.413,56.551199,2.917166,4.66686152629112,111.5835,/T
2037-Feb-14 00:00,A,,75.06133,22.37141,-2.436,5.414,206.996868,2.913449,4.68200871524708,110.5865,/T
2037-Feb-15 00:00,A,,75.07977,22.37637,-2.428,5.415,357.438691,2.909726,4.69725183317139,109.5933,/T
2037-Feb-16 00:00,A,,75.10182,22.38165,-2.420,5.416,147.876701,2.905997,4.71258593712274,108.6038,/T
2037-Feb-17 00:00,A,m,75.12743,22.38725,-2.412,5.417,298.310943,2.902262,4.72800711214059,107.6181,/T
2037-Feb-18 00:00,A,m,75.15662,22.39317,-2.404,5.417,88.741446,2.898521,4.74350959496735,106.6361,/T
2037-Feb-19 00:00,A,m,75.18938,22.39940,-2.396,5.418,239.168253,2.894774,4.75908911312657,105.6579,/T
2037-Feb-20 00:00,A,m,75.22567,22.40595,-2.388,5.419,29.591412,2.891020,4.77473986348430,104.6834,/T
2037-Feb-21 00:00,A,m,75.26551,22.41280,-2.380,5.420,180.010956,2.887261,4.79045758173014,103.7128,/T
2037-Feb-22 00:00,A,m,75.30884,22.41995,-2.373,5.420,330.426947,2.883496,4.80623620897062,102.7458,/T
2037-Feb-23 00:00,A,m,75.35567,22.42740,-2.365,5.421,120.839431,2.879727,4.82207124767740,101.7826,/T
2037-Feb-24 00:00,A,m,75.40594,22.43515,-2.357,5.421,271.248462,2.875951,4.83795887649876,100.8232,/T
2037-Feb-25 00:00,A,m,75.45964,22.44319,-2.349,5.422,61.654077,2.872171,4.85389402397201,99.8674,/T
2037-Feb-26 00:00,A,m,75.51675,22.45151,-2.341,5.422,212.056329,2.868385,4.86987277100652,98.9154,/T
2037-Feb-27 00:00,A,m,75.57721,22.46011,-2.334,5.423,2.455270,2.864596,4.88588986177340,97.9670,/T
2037-Feb-28 00:00,A,m,75.64100,22.46898,-2.326,5.423,152.850940,2.860802,4.90194186692392,97.0222,/T
2037-Mar-01 00:00,A,m,75.70808,22.47811,-2.319,5.424,303.243403,2.857006,4.91802326359981,96.0811,/T
2037-Mar-02 00:00,A,m,75.77841,22.48748,-2.311,5.424,93.632704,2.853208,4.93413052513918,95.1434,/T
2037-Mar-03 00:00,A,m,75.85196,22.49709,-2.304,5.424,244.018902,2.849408,4.95026041750600,94.2093,/T
2037-Mar-04 00:00,A,,75.92873,22.50693,-2.296,5.425,34.402027,2.845605,4.96640906191642,93.2786,/T
2037-Mar-05 00:00,A,,76.00868,22.51699,-2.289,5.425,184.782127,2.841800,4.98257312669771,92.3513,/T
2037-Mar-06 00:00,A,,76.09181,22.52727,-2.282,5.425,335.159248,2.837994,4.99874802400422,91.4274,/T
2037-Mar-07 00:00,A,,76.17810,22.53776,-2.274,5.426,125.533423,2.834185,5.01493084036291,90.5068,/T
2037-Mar-08 00:00,A,,76.26751,22.54845,-2.267,5.426,275.904710,2.830373,5.03111611058130,89.5895,/T
2037-Mar-09 00:00,A,,76.36002,22.55935,-2.260,5.426,66.273152,2.826559,5.04730041117478,88.6755,/T
2037-Mar-10 00:00,A,,76.45557,22.57044,-2.253,5.426,216.638806,2.822740,5.06348005527069,87.7648,/T
2037-Mar-11 00:00,A,,76.55416,22.58172,-2.246,5.426,7.001700,2.818916,5.07965129319374,86.8573,/T
2037-Mar-12 00:00,A,,76.65574,22.59318,-2.239,5.426,157.361890,2.815087,5.09581031251061,85.9531,/T
2037-Mar-13 00:00,A,,76.76029,22.60481,-2.232,5.426,307.719421,2.811252,5.11195241083719,85.0521,/T
2037-Mar-14 00:00,N,,76.86778,22.61659,-2.225,5.426,98.074334,2.807409,5.12807450434686,84.1542,/T
2037-Mar-15 00:00,N,,76.97818,22.62853,-2.219,5.426,248.426687,2.803560,5.14417094168644,83.2596,/T
2037-Mar-16 00:00,N,,77.09146,22.64060,-2.212,5.426,38.776531,2.799702,5.16023827193606,82.3681,/T
2037-Mar-17 00:00,N,,77.20757,22.65281,-2.205,5.426,189.123929,2.795835,5.17627249221316,81.4798,/T
2037-Mar-18 00:00,N,,77.32650,22.66513,-2.199,5.426,339.468916,2.791958,5.19227026968697,80.5946,/T
2037-Mar-19 00:00,N,m,77.44821,22.67757,-2.192,5.426,129.811552,2.788071,5.20822767303272,79.7126,/T
2037-Mar-20 00:00,N,m,77.57268,22.69011,-2.186,5.425,280.151884,2.784173,5.22414039036634,78.8336,/T
2037-Mar-21 00:00,N,m,77.69988,22.70275,-2.180,5.425,70.489962,2.780264,5.24000557039929,77.9578,/T
2037-Mar-22 00:00,N,m,77.82977,22.71547,-2.174,5.425,220.825844,2.776343,5.25581798992036,77.0850,/T
2037-Mar-23 00:00,N,m,77.96231,22.72828,-2.167,5.425,11.159585,2.772409,5.27157465357537,76.2152,/T
2037-Mar-24 00:00,N,m,78.09746,22.74116,-2.161,5.424,161.491252,2.768464,5.28727184057691,75.3485,/T
2037-Mar-25 00:00,N,m,78.23517,22.75410,-2.155,5.424,311.820878,2.764506,5.30290720096982,74.4847,/T
2037-Mar-26 00:00,N,m,78.37541,22.76709,-2.149,5.424,102.148527,2.760534,5.31847728379667,73.6239,/T
2037-Mar-27 00:00,N,m,78.51814,22.78013,-2.143,5.423,252.474240,2.756550,5.33397881150434,72.7661,/T
2037-Mar-28 00:00,N,m,78.66330,22.79321,-2.138,5.423,42.798068,2.752552,5.34940966913699,71.9111,/T
2037-Mar-29 00:00,N,m,78.81087,22.80630,-2.132,5.422,193.120059,2.748542,5.36476569488392,71.0590,/T
2037-Mar-30 00:00,N,m,78.96080,22.81940,-2.126,5.422,343.440263,2.744519,5.38004473736814,70.2096,/T
2037-Mar-31 00:00,N,m,79.11306,22.83249,-2.121,5.422,133.758737,2.740482,5.39524373639341,69.3630,/T
2037-Apr-01 00:00,N,m,79.26764,22.84557,-2.115,5.421,284.075510,2.736432,5.41036142728450,68.5191,/T
2037-Apr-02 00:00,N,,79.42450,22.85863,-2.110,5.421,74.390630,2.732368,5.42539478473538,67.6778,/T
2037-Apr-03 00:00,N,,79.58364,22.87165,-2.104,5.420,224.704130,2.728290,5.44034125114333,66.8391,/T
2037-Apr-04 00:00,N,,79.74501,22.88465,-2.099,5.420,15.016053,2.724196,5.45519877383468,66.0029,/T
2037-Apr-05 00:00,N,,79.90861,22.89761,-2.094,5.419,165.326436,2.720087,5.46996348726272,65.1692,/T
2037-Apr-06 00:00,N,,80.07437,22.91052,-2.089,5.418,315.635325,2.715960,5.48463298224358,64.3380,/T
2037-Apr-07 00:00,N,,80.24226,22.92337,-2.084,5.418,105.942772,2.711817,5.49920380807746,63.5092,/T
2037-Apr-08 00:00,N,,80.41226,22.93616,-2.079,5.417,256.248807,2.707655,5.51367464064155,62.6828,/T
2037-Apr-09 00:00,N,,80.58433,22.94888,-2.074,5.417,46.553479,2.703473,5.52804201526463,61.8588,/T
2037-Apr-10 00:00,N,,80.75843,22.96152,-2.069,5.416,196.856820,2.699271,5.54230344298330,61.0372,/T
2037-Apr-11 00:00,N,,80.93454,22.97406,-2.064,5.415,347.158879,2.695047,5.55645653131222,60.2178,/T
2037-Apr-12 00:00,N,,81.11264,22.98650,-2.060,5.415,137.459689,2.690802,5.57049771764647,59.4008,/T
2037-Apr-13 00:00,C,,81.29269,22.99883,-2.055,5.414,287.759301,2.686533,5.58442444606642,58.5860,/T
2037-Apr-14 00:00,C,,81.47466,23.01105,-2.050,5.413,78.057767,2.682242,5.59823328159448,57.7735,/T
2037-Apr-15 00:00,C,,81.65851,23.02313,-2.046,5.413,228.355119,2.677925,5.61192316213898,56.9633,/T
2037-Apr-16 00:00,C,,81.84423,23.03508,-2.041,5.412,18.651407,2.673584,5.62549066653090,56.1552,/T
2037-Apr-17 00:00,C,m,82.03179,23.04688,-2.037,5.411,168.946663,2.669218,5.63893373575669,55.3494,/T
2037-Apr-18 00:00,C,m,82.22115,23.05854,-2.033,5.411,319.240939,2.664825,5.65224994405126,54.5457,/T
2037-Apr-19 00:00,C,m,82.41230,23.07004,-2.029,5.410,109.534264,2.660405,5.66543637566129,53.7443,/T
2037-Apr-20 00:00,C,m,82.60519,23.08138,-2.024,5.409,259.826694,2.655960,5.67849056719297,52.9449,/T
2037-Apr-21 00:00,C,m,82.79978,23.09255,-2.020,5.409,50.118277,2.651487,5.69140949151360,52.1477,/T
2037-Apr-22 00:00,C,m,82.99602,23.10355,-2.016,5.408,200.409051,2.646988,5.70419262441292,51.3526,/T
2037-Apr-23 00:00,C,m,83.19388,23.11436,-2.012,5.407,350.699060,2.642462,5.71683712207909,50.5596,/T
2037-Apr-24 00:00,C,m,83.39332,23.12498,-2.008,5.406,140.988335,2.637909,5.72934184546119,49.7686,/T
2037-Apr-25 00:00,C,m,83.59430,23.13540,-2.005,5.406,291.276925,2.633328,5.74170492190621,48.9796,/T
2037-Apr-26 00:00,C,m,83.79680,23.14560,-2.001,5.405,81.564852,2.628721,5.75392470500062,48.1926,/T
2037-Apr-27 00:00,C,m,84.00078,23.15559,-1.997,5.404,231.852164,2.624087,5.76599934870034,47.4075,/T
2037-Apr-28 00:00,C,m,84.20622,23.16534,-1.994,5.404,22.138898,2.619426,5.77792674479638,46.6243,/T
2037-Apr-29 00:00,C,m,84.41310,23.17485,-1.990,5.403,172.425087,2.614738,5.78970705705874,45.8429,/T
2037-Apr-30 00:00,C,m,84.62140,23.18412,-1.987,5.402,322.710759,2.610022,5.80133811181011,45.0633,/T
2037-May-01 00:00,C,,84.83110,23.19315,-1.983,5.401,112.995938,2.605278,5.81281934427241,44.2855,/T
2037-May-02 00:00,C,,85.04216,23.20192,-1.980,5.401,263.280662,2.600504,5.82414886888472,43.5093,/T
2037-May-03 00:00,C,,85.25459,23.21045,-1.976,5.400,53.564943,2.595702,5.83532543258123,42.7348,/T
2037-May-04 00:00,C,,85.46832,23.21872,-1.973,5.399,203.848823,2.590869,5.84634671649391,41.9619,/T
2037-May-05 00:00,C,,85.68335,23.22672,-1.970,5.399,354.132335,2.586005,5.85721039461674,41.1906,/T
2037-May-06 00:00,C,,85.89962,23.23446,-1.967,5.398,144.415512,2.581110,5.86791603548544,40.4208,/T
2037-May-07 00:00,C,,86.11712,23.24191,-1.964,5.397,294.698382,2.576183,5.87846117995329,39.6525,/T
2037-May-08 00:00,C,,86.33583,23.24909,-1.961,5.396,84.980971,2.571222,5.88884496916599,38.8857,/T
2037-May-09 00:00,C,,86.55570,23.25598,-1.958,5.396,235.263318,2.566228,5.89906506722071,38.1203,/T
2037-May-10 00:00,*,,86.77674,23.26257,-1.955,5.395,25.545441,2.561200,5.90912042220779,37.3564,/T
2037-May-11 00:00,*,,86.99891,23.26885,-1.952,5.394,175.827382,2.556137,5.91900840039758,36.5938,/T
2037-May-12 00:00,*,,87.22219,23.27483,-1.949,5.394,326.109175,2.551040,5.92872687174783,35.8327,/T
2037-May-13 00:00,*,,87.44655,23.28050,-1.947,5.393,116.390858,2.545907,5.93827524381261,35.0729,/T
2037-May-14 00:00,*,,87.67197,23.28585,-1.944,5.392,266.672459,2.540738,5.94765144247662,34.3144,/T
2037-May-15 00:00,*,,87.89842,23.29088,-1.941,5.392,56.954007,2.535533,5.95685483183918,33.5573,/T
2037-May-16 00:00,*,m,88.12588,23.29559,-1.939,5.391,207.235541,2.530293,5.96588324826288,32.8015,/T
2037-May-17 00:00,*,m,88.35432,23.29997,-1.936,5.391,357.517078,2.525015,5.97473628437575,32.0470,/T
2037-May-18 00:00,*,m,88.58371,23.30403,-1.934,5.390,147.798661,2.519702,5.98341149114304,31.2937,/T
2037-May-19 00:00,*,m,88.81403,23.30775,-1.932,5.389,298.080320,2.514353,5.99190738045885,30.5417,/T
2037-May-20 00:00,*,m,89.04520,23.31114,-1.929,5.389,88.362096,2.508968,6.00022354228751,29.7910,/T
2037-May-21 00:00,*,m,89.27722,23.31418,-1.927,5.388,238.644012,2.503548,6.00835876164179,29.0414,/T
2037-May-22 00:00,*,m,89.51005,23.31688,-1.925,5.388,28.926096,2.498093,6.01631295967795,28.2931,/T
2037-May-23 00:00,*,m,89.74365,23.31923,-1.923,5.387,179.208381,2.492603,6.02408462121754,27.5460,/T
2037-May-24 00:00,*,m,89.97802,23.32122,-1.921,5.387,329.490879,2.487078,6.03167426552361,26.8000,/T
2037-May-25 00:00,*,m,90.21312,23.32284,-1.918,5.386,119.773626,2.481519,6.03907998835407,26.0551,/T
2037-May-26 00:00,*,m,90.44895,23.32409,-1.916,5.386,270.056642,2.475926,6.04630112511518,25.3112,/T
2037-May-27 00:00,*,m,90.68548,23.32497,-1.915,5.385,60.339964,2.470298,6.05333743483788,24.5684,/T
2037-May-28 00:00,*,m,90.92269,23.32548,-1.913,5.385,210.623603,2.464636,6.06018844736242,23.8266,/T
2037-May-29 00:00,*,m,91.16056,23.32562,-1.911,5.384,0.907583,2.458940,6.06685421469609,23.0858,/T
2037-May-30 00:00,*,,91.39908,23.32538,-1.909,5.384,151.191926,2.453209,6.07333339706383,22.3458,/T
2037-May-31 00:00,*,,91.63821,23.32478,-1.907,5.384,301.476643,2.447441,6.07962662366009,21.6067,/T
2037-Jun-01 00:00,*,,91.87793,23.32380,-1.906,5.383,91.761760,2.441638,6.08573178418954,20.8684,/T
2037-Jun-02 00:00,*,,92.11823,23.32245,-1.904,5.383,242.047296,2.435799,6.09164813366302,20.1308,/T
2037-Jun-03 00:00,*,,92.35905,23.32071,-1.902,5.382,32.333287,2.429924,6.09737473179904,19.3940,/T
2037-Jun-04 00:00,*,,92.60039,23.31860,-1.901,5.382,182.619743,2.424011,6.10291111280946,18.6579,/T
2037-Jun-05 00:00,*,,92.84222,23.31610,-1.899,5.382,332.906691,2.418061,6.10825680627934,17.9225,/T
2037-Jun-06 00:00,*,,93.08453,23.31321,-1.898,5.381,123.194153,2.412074,6.11341031706884,17.1877,/T
2037-Jun-07 00:00,*,,93.32730,23.30993,-1.896,5.381,273.482146,2.406048,6.11837207734799,16.4536,/T
2037-Jun-08 00:00,*,,93.57050,23.30625,-1.895,5.381,63.770693,2.399985,6.12313985231356,15.7200,/T
2037-Jun-09 00:00,*,,93.81414,23.30219,-1.894,5.381,214.059818,2.393883,6.12771292157616,14.9870,/T
2037-Jun-10 00:00,*,,94.05817,23.29772,-1.892,5.380,4.349561,2.387744,6.13208992547732,14.2545,/T
2037-Jun-11 00:00,*,,94.30259,23.29286,-1.891,5.380,154.639933,2.381567,6.13627073372425,13.5226,/T
2037-Jun-12 00:00,*,,94.54735,23.28761,-1.890,5.380,304.930968,2.375352,6.14025471584490,12.7912,/T
2037-Jun-13 00:00,*,,94.79246,23.28196,-1.889,5.380,95.222686,2.369099,6.14404072045081,12.0602,/T
2037-Jun-14 00:00,*,m,95.03786,23.27592,-1.888,5.380,245.515110,2.362810,6.14762935476566,11.3298,/T
2037-Jun-15 00:00,*,m,95.28355,23.26949,-1.887,5.380,35.808264,2.356483,6.15101888148013,10.5997,/T
2037-Jun-16 00:00,*,m,95.52949,23.26266,-1.886,5.380,186.102171,2.350121,6.15420913569968,9.8702,/T
2037-Jun-17 00:00,*,m,95.77562,23.25545,-1.885,5.379,336.396872,2.343723,6.15719902944963,9.1411,/T
2037-Jun-18 00:00,*,m,96.02193,23.24784,-1.884,5.379,126.692377,2.337291,6.15998941890013,8.4124,/T
2037-Jun-19 00:00,*,m,96.26839,23.23984,-1.883,5.379,276.988717,2.330824,6.16258020265514,7.6840,/T
2037-Jun-20 00:00,*,m,96.51497,23.23144,-1.882,5.379,67.285906,2.324324,6.16497127146573,6.9561,/T
2037-Jun-21 00:00,*,m,96.76165,23.22264,-1.882,5.379,217.583964,2.317791,6.16716385206151,6.2286,/T
2037-Jun-22 00:00,*,m,97.00844,23.21343,-1.881,5.379,7.882902,2.311225,6.16915714892543,5.5013,/T
2037-Jun-23 00:00,*,m,97.25531,23.20383,-1.880,5.379,158.182738,2.304627,6.17095159970461,4.7744,/T
2037-Jun-24 00:00,*,m,97.50225,23.19382,-1.880,5.380,308.483502,2.297997,6.17254628612093,4.0478,/T
2037-Jun-25 00:00,*,m,97.74923,23.18342,-1.879,5.380,98.785200,2.291335,6.17394253231989,3.3214,/T
2037-Jun-26 00:00,*,m,97.99624,23.17263,-1.879,5.380,249.087854,2.284642,6.17514007709351,2.5952,/T
2037-Jun-27 00:00,*,m,98.24327,23.16145,-1.878,5.380,39.391474,2.277916,6.17613898680948,1.8693,/T
2037-Jun-28 00:00,*,,98.49029,23.14989,-1.878,5.380,189.696077,2.271158,6.17694003916452,1.1437,/T
2037-Jun-29 00:00,*,,98.73740,23.13790,-1.877,5.380,340.001672,2.264368,6.17754245647836,0.4197,/T
2037-Jun-30 00:00,*,,98.98365,23.12559,-1.877,5.380,130.308276,2.257546,6.17794629650665,0.3136,/L
2037-Jul-01 00:00,*,,99.23069,23.11291,-1.877,5.380,280.615918,2.250692,6.17815013505642,1.0366,/L
2037-Jul-02 00:00,*,,99.47742,23.09982,-1.877,5.381,70.924608,2.243806,6.17815512617568,1.7621,/L
2037-Jul-03 00:00,*,,99.72399,23.08635,-1.877,5.381,221.234372,2.236887,6.17796056639361,2.4880,/L
2037-Jul-04 00:00,*,,99.97041,23.07250,-1.876,5.381,11.545220,2.229936,6.17756660388463,3.2142,/L
2037-Jul-05 00:00,*,,100.21665,23.05827,-1.876,5.381,161.857176,2.222953,6.17697361713273,3.9405,/L
2037-Jul-06 00:00,*,,100.46272,23.04366,-1.876,5.381,312.170247,2.215939,6.17618115153953,4.6670,/L
2037-Jul-07 00:00,*,,100.70860,23.02868,-1.877,5.382,102.484455,2.208892,6.17518916509719,5.3938,/L
2037-Jul-08 00:00,*,,100.95426,23.01332,-1.877,5.382,252.799828,2.201815,6.17399619497341,6.1208,/L
2037-Jul-09 00:00,*,,101.19969,22.99760,-1.877,5.382,43.116382,2.194707,6.17260348911638,6.8481,/L
2037-Jul-10 00:00,*,,101.44487,22.98151,-1.877,5.383,193.434145,2.187570,6.17101028907061,7.5757,/L
2037-Jul-11 00:00,*,,101.68976,22.96507,-1.877,5.383,343.753129,2.180402,6.16921709519859,8.3035,/L
2037-Jul-12 00:00,*,,101.93434,22.94828,-1.878,5.383,134.073363,2.173206,6.16722414108834,9.0318,/L
2037-Jul-13 00:00,*,m,102.17859,22.93113,-1.878,5.384,284.394853,2.165982,6.16503162666743,9.7603,/L
2037-Jul-14 00:00,*,m,102.42247,22.91365,-1.878,5.384,74.717627,2.158731,6.16263972987652,10.4892,/L
2037-Jul-15 00:00,*,m,102.66595,22.89582,-1.879,5.384,225.041711,2.151454,6.16004750927459,11.2185,/L
2037-Jul-16 00:00,*,m,102.90899,22.87766,-1.879,5.385,15.367125,2.144153,6.15725677611436,11.9482,/L
2037-Jul-17 00:00,*,m,103.15157,22.85915,-1.880,5.385,165.693892,2.136828,6.15426745351088,12.6782,/L
2037-Jul-18 00:00,*,m,103.39367,22.84031,-1.880,5.386,316.022022,2.129480,6.15108105096676,13.4087,/L
2037-Jul-19 00:00,*,m,103.63527,22.82113,-1.881,5.386,106.351541,2.122110,6.14769832118942,14.1396,/L
2037-Jul-20 00:00,*,m,103.87637,22.80162,-1.882,5.387,256.682448,2.114719,6.14412064345429,14.8709,/L
2037-Jul-21 00:00,*,m,104.11695,22.78178,-1.882,5.387,47.014762,2.107306,6.14034868261012,15.6027,/L
2037-Jul-22 00:00,*,m,104.35699,22.76163,-1.883,5.388,197.348499,2.099874,6.13638210755813,16.3350,/L
2037-Jul-23 00:00,*,m,104.59648,22.74116,-1.884,5.389,347.683675,2.092422,6.13222286703045,17.0678,/L
2037-Jul-24 00:00,*,m,104.83537,22.72039,-1.885,5.389,138.020304,2.084950,6.12787101469935,17.8012,/L
2037-Jul-25 00:00,*,m,105.07366,22.69932,-1.886,5.390,288.358394,2.077459,6.12332813183461,18.5353,/L
2037-Jul-26 00:00,*,m,105.31132,22.67796,-1.887,5.390,78.697966,2.069948,6.11859449415549,19.2700,/L
2037-Jul-27 00:00,*,,105.54833,22.65631,-1.888,5.391,229.039018,2.062418,6.11367155888152,20.0054,/L
2037-Jul-28 00:00,*,,105.78466,22.63438,-1.889,5.392,19.381569,2.054870,6.10855945353445,20.7415,/L
2037-Jul-29 00:00,*,,106.02031,22.61217,-1.890,5.392,169.725634,2.047303,6.10325765939771,21.4784,/L
2037-Jul-30 00:00,*,,106.25523,22.58968,-1.891,5.393,320.071234,2.039718,6.09776750521411,22.2161,/L
2037-Jul-31 00:00,*,,106.48943,22.56692,-1.892,5.394,110.418386,2.032115,6.09208882391582,22.9547,/L
2037-Aug-01 00:00,*,,106.72287,22.54390,-1.894,5.395,260.767102,2.024495,6.08622300572692,23.6941,/L
2037-Aug-02 00:00,*,,106.95554,22.52061,-1.895,5.395,51.117408,2.016858,6.08016993671906,24.4345,/L
2037-Aug-03 00:00,*,,107.18743,22.49707,-1.896,5.396,201.469307,2.009205,6.07393131546519,25.1759,/L
2037-Aug-04 00:00,*,,107.41852,22.47327,-1.898,5.397,351.822823,2.001537,6.06750710749601,25.9183,/L
2037-Aug-05 00:00,*,,107.64879,22.44924,-1.899,5.398,142.177970,1.993853,6.06089711760053,26.6617,/L
2037-Aug-06 00:00,*,,107.87820,22.42497,-1.901,5.398,292.534777,1.986156,6.05410249131788,27.4061,/L
2037-Aug-07 00:00,*,,108.10675,22.40047,-1.902,5.399,82.893263,1.978446,6.04712343480421,28.1517,/L
2037-Aug-08 00:00,*,,108.33440,22.37576,-1.904,5.400,233.253444,1.970723,6.03996158249485,28.8984,/L
2037-Aug-09 00:00,*,,108.56111,22.35084,-1.906,5.401,23.615349,1.962991,6.03261699828419,29.6462,/L
2037-Aug-10 00:00,*,,108.78686,22.32572,-1.907,5.402,173.978984,1.955248,6.02509202655936,30.3952,/L
2037-Aug-11 00:00,*,,109.01161,22.30041,-1.909,5.403,324.344374,1.947497,6.01738699446833,31.1454,/L
2037-Aug-12 00:00,C,m,109.23534,22.27491,-1.911,5.404,114.711532,1.939739,6.00950257251716,31.8967,/L
2037-Aug-13 00:00,C,m,109.45801,22.24923,-1.913,5.404,265.080490,1.931976,6.00144021771605,32.6493,/L
2037-Aug-14 00:00,C,m,109.67959,22.22337,-1.915,5.405,55.451262,1.924209,5.99320112354787,33.4031,/L
2037-Aug-15 00:00,C,m,109.90006,22.19734,-1.917,5.406,205.823863,1.916439,5.98478762953025,34.1581,/L
2037-Aug-16 00:00,C,m,110.11942,22.17115,-1.919,5.407,356.198316,1.908667,5.97620051501959,34.9144,/L
2037-Aug-17 00:00,C,m,110.33763,22.14479,-1.921,5.408,146.574623,1.900895,5.96744297707698,35.6720,/L
2037-Aug-18 00:00,C,m,110.55470,22.11829,-1.923,5.409,296.952801,1.893123,5.95851584124850,36.4308,/L
2037-Aug-19 00:00,C,m,110.77060,22.09165,-1.925,5.410,87.332854,1.885351,5.94942046730976,37.1909,/L
2037-Aug-20 00:00,C,m,110.98529,22.06489,-1.928,5.411,237.714811,1.877581,5.94015814691141,37.9524,/L
2037-Aug-21 00:00,C,m,111.19876,22.03801,-1.930,5.412,28.098678,1.869813,5.93073039717173,38.7153,/L
2037-Aug-22 00:00,C,m,111.41097,22.01102,-1.932,5.413,178.484472,1.862047,5.92113933217480,39.4795,/L
2037-Aug-23 00:00,C,m,111.62189,21.98394,-1.935,5.414,328.872210,1.854285,5.91138560310793,40.2453,/L
2037-Aug-24 00:00,C,m,111.83150,21.95677,-1.937,5.415,119.261897,1.846525,5.90147226214016,41.0125,/L
2037-Aug-25 00:00,C,m,112.03979,21.92952,-1.940,5.416,269.653548,1.838770,5.89139992768694,41.7813,/L
2037-Aug-26 00:00,C,m,112.24673,21.90219,-1.943,5.417,60.047169,1.831020,5.88117003164202,42.5517,/L
2037-Aug-27 00:00,C,,112.45230,21.87479,-1.945,5.418,210.442791,1.823275,5.87078330542881,43.3237,/L
2037-Aug-28 00:00,C,,112.65647,21.84733,-1.948,5.419,0.840422,1.815536,5.86024137962621,44.0974,/L
2037-Aug-29 00:00,C,,112.85923,21.81982,-1.951,5.420,151.240083,1.807804,5.84954602279241,44.8727,/L
2037-Aug-30 00:00,C,,113.06056,21.79227,-1.954,5.421,301.641793,1.800080,5.83869788304712,45.6499,/L
2037-Aug-31 00:00,N,,113.26042,21.76468,-1.957,5.422,92.045565,1.792365,5.82769988570082,46.4288,/L
2037-Sep-01 00:00,N,,113.45881,21.73707,-1.960,5.423,242.451415,1.784659,5.81655269730880,47.2095,/L
2037-Sep-02 00:00,N,,113.65570,21.70945,-1.963,5.424,32.859353,1.776964,5.80525801146575,47.9922,/L
2037-Sep-03 00:00,N,,113.85107,21.68182,-1.966,5.425,183.269415,1.769282,5.79381631258000,48.7767,/L
2037-Sep-04 00:00,N,,114.04488,21.65421,-1.969,5.426,333.681613,1.761613,5.78222965622286,49.5632,/L
2037-Sep-05 00:00,N,,114.23709,21.62662,-1.972,5.427,124.095975,1.753959,5.77049981703872,50.3517,/L
2037-Sep-06 00:00,N,,114.42768,21.59906,-1.976,5.428,274.512522,1.746322,5.75862795963825,51.1422,/L
2037-Sep-07 00:00,N,,114.61660,21.57156,-1.979,5.429,64.931274,1.738703,5.74661731428771,51.9347,/L
2037-Sep-08 00:00,N,,114.80381,21.54411,-1.983,5.430,215.352248,1.731103,5.73446928946064,52.7293,/L
2037-Sep-09 00:00,N,,114.98929,21.51672,-1.986,5.431,5.775455,1.723525,5.72218649310350,53.5260,/L
2037-Sep-10 00:00,N,,115.17299,21.48941,-1.990,5.432,156.200932,1.715971,5.70977000289648,54.3248,/L
2037-Sep-11 00:00,N,m,115.35491,21.46217,-1.993,5.433,306.628686,1.708442,5.69722306339639,55.1257,/L
2037-Sep-12 00:00,N,m,115.53500,21.43503,-1.997,5.434,97.058746,1.700940,5.68454819885154,55.9287,/L
2037-Sep-13 00:00,N,m,115.71325,21.40799,-2.001,5.435,247.491119,1.693465,5.67174775302346,56.7339,/L
2037-Sep-14 00:00,N,m,115.88964,21.38106,-2.005,5.436,37.925824,1.686020,5.65882555162131,57.5413,/L
2037-Sep-15 00:00,N,m,116.06414,21.35425,-2.009,5.437,188.362867,1.678604,5.64578387011809,58.3508,/L
2037-Sep-16 00:00,N,m,116.23674,21.32759,-2.013,5.438,338.802250,1.671219,5.63262585764583,59.1625,/L
2037-Sep-17 00:00,N,m,116.40740,21.30107,-2.017,5.439,129.244001,1.663867,5.61935259416007,59.9764,/L
2037-Sep-18 00:00,N,m,116.57609,21.27473,-2.021,5.439,279.688124,1.656546,5.60596747631853,60.7926,/L
2037-Sep-19 00:00,A,m,116.74277,21.24856,-2.025,5.440,70.134642,1.649260,5.59247262008818,61.6111,/L
2037-Sep-20 00:00,A,m,116.90742,21.22257,-2.030,5.441,220.583564,1.642008,5.57887036092757,62.4319,/L
2037-Sep-21 00:00,A,m,117.07000,21.19679,-2.034,5.442,11.034910,1.634790,5.56516394001004,63.2551,/L
2037-Sep-22 00:00,A,m,117.23049,21.17121,-2.038,5.443,161.488684,1.627609,5.55135565683223,64.0807,/L
2037-Sep-23 00:00,A,m,117.38888,21.14585,-2.043,5.444,311.944897,1.620464,5.53744852554287,64.9087,/L
2037-Sep-24 00:00,A,m,117.54514,21.12071,-2.047,5.445,102.403573,1.613357,5.52344342461219,65.7393,/L
2037-Sep-25 00:00,A,m,117.69924,21.09581,-2.052,5.445,252.864722,1.606289,5.50934381402763,66.5723,/L
2037-Sep-26 00:00,A,m,117.85115,21.07116,-2.057,5.446,43.328373,1.599262,5.49515164143717,67.4080,/L
2037-Sep-27 00:00,A,,118.00085,21.04677,-2.062,5.447,193.794531,1.592275,5.48086958887622,68.2463,/L
2037-Sep-28 00:00,A,,118.14831,21.02265,-2.066,5.448,344.263227,1.585331,5.46650068909648,69.0873,/L
2037-Sep-29 00:00,A,,118.29350,20.99881,-2.071,5.448,134.734464,1.578430,5.45204772600788,69.9309,/L
2037-Sep-30 00:00,A,,118.43640,20.97527,-2.076,5.449,285.208256,1.571575,5.43751390998186,70.7774,/L
2037-Oct-01 00:00,A,,118.57699,20.95204,-2.081,5.450,75.684627,1.564766,5.42290037153663,71.6266,/L
2037-Oct-02 00:00,A,,118.71522,20.92913,-2.086,5.451,226.163594,1.558006,5.40821086715805,72.4787,/L
2037-Oct-03 00:00,A,,118.85105,20.90656,-2.092,5.451,16.645184,1.551297,5.39344752166467,73.3337,/L
2037-Oct-04 00:00,A,,118.98444,20.88435,-2.097,5.452,167.129406,1.544639,5.37861364708862,74.1916,/L
2037-Oct-05 00:00,A,,119.11535,20.86249,-2.102,5.452,317.616296,1.538035,5.36371239171519,75.0525,/L
2037-Oct-06 00:00,A,,119.24375,20.84101,-2.108,5.453,108.105856,1.531487,5.34874744416998,75.9164,/L
2037-Oct-07 00:00,,,119.36959,20.81992,-2.113,5.454,258.598104,1.524997,5.33372265146312,76.7833,/L
2037-Oct-08 00:00,,,119.49285,20.79921,-2.119,5.454,49.093058,1.518567,5.31864008422528,77.6532,/L
2037-Oct-09 00:00,,,119.61350,20.77891,-2.124,5.455,199.590735,1.512199,5.30350437381061,78.5262,/L
2037-Oct-10 00:00,,,119.73152,20.75902,-2.130,5.455,350.091156,1.505894,5.28831856297657,79.4022,/L
2037-Oct-11 00:00,,,119.84688,20.73955,-2.136,5.456,140.594323,1.499654,5.27308716352428,80.2813,/L
2037-Oct-12 00:00,,m,119.95955,20.72052,-2.142,5.456,291.100263,1.493480,5.25781388969610,81.1634,/L
2037-Oct-13 00:00,,m,120.06951,20.70194,-2.148,5.456,81.608967,1.487373,5.24250350097175,82.0487,/L
2037-Oct-14 00:00,,m,120.17672,20.68383,-2.154,5.457,232.120443,1.481333,5.22716028181745,82.9371,/L
2037-Oct-15 00:00,,m,120.28117,20.66620,-2.160,5.457,22.634695,1.475362,5.21178681461026,83.8285,/L
2037-Oct-16 00:00,,m,120.38281,20.64906,-2.166,5.457,173.151734,1.469461,5.19638768191233,84.7231,/L
2037-Oct-17 00:00,,m,120.48161,20.63241,-2.172,5.458,323.671572,1.463631,5.18096582732056,85.6209,/L
2037-Oct-18 00:00,,m,120.57756,20.61628,-2.178,5.458,114.194206,1.457871,5.16552570739944,86.5219,/L
2037-Oct-19 00:00,,m,120.67061,20.60067,-2.184,5.458,264.719662,1.452184,5.15007046402650,87.4261,/L
2037-Oct-20 00:00,,m,120.76074,20.58558,-2.191,5.458,55.247930,1.446569,5.13460487299159,88.3335,/L
2037-Oct-21 00:00,,m,120.84794,20.57104,-2.197,5.458,205.779018,1.441028,5.11913284719741,89.2443,/L
2037-Oct-22 00:00,,m,120.93219,20.55703,-2.204,5.459,356.312925,1.435562,5.10365705182473,90.1583,/L
2037-Oct-23 00:00,,m,121.01347,20.54357,-2.210,5.459,146.849670,1.430172,5.08818173601219,91.0757,/L
2037-Oct-24 00:00,,m,121.09174,20.53068,-2.217,5.459,297.389259,1.424860,5.07270984688986,91.9966,/L
2037-Oct-25 00:00,,m,121.16700,20.51836,-2.223,5.459,87.931697,1.419625,5.05724594659752,92.9208,/L
2037-Oct-26 00:00,,m,121.23920,20.50662,-2.230,5.459,238.477005,1.414471,5.04179301699427,93.8485,/L
2037-Oct-27 00:00,,m,121.30833,20.49547,-2.237,5.459,29.025178,1.409397,5.02635623343451,94.7798,/L
2037-Oct-28 00:00,,,121.37436,20.48493,-2.244,5.459,179.576226,1.404405,5.01093960837923,95.7146,/L
2037-Oct-29 00:00,,,121.43727,20.47500,-2.250,5.458,330.130143,1.399498,4.99554644380309,96.6529,/L
2037-Oct-30 00:00,,,121.49702,20.46569,-2.257,5.458,120.686950,1.394675,4.98018112264526,97.5949,/L
2037-Oct-31 00:00,,,121.55358,20.45701,-2.264,5.458,271.246650,1.389941,4.96484719172073,98.5406,/L
2037-Nov-01 00:00,,,121.60691,20.44898,-2.271,5.458,61.809247,1.385294,4.94954978979246,99.4899,/L
2037-Nov-02 00:00,,,121.65698,20.44160,-2.278,5.458,212.374757,1.380739,4.93429235209897,100.4430,/L
2037-Nov-03 00:00,,,121.70376,20.43488,-2.285,5.457,2.943172,1.376276,4.91908092206175,101.3998,/L
2037-Nov-04 00:00,,,121.74722,20.42882,-2.292,5.457,153.514496,1.371907,4.90392014209294,102.3604,/L
2037-Nov-05 00:00,,,121.78737,20.42342,-2.299,5.457,304.088714,1.367633,4.88881446817444,103.3247,/L
2037-Nov-06 00:00,,,121.82417,20.41868,-2.307,5.456,94.665836,1.363457,4.87376881731461,104.2927,/L
2037-Nov-07 00:00,,,121.85763,20.41462,-2.314,5.456,245.245851,1.359378,4.85878772921145,105.2646,/L
2037-Nov-08 00:00,,,121.88772,20.41124,-2.321,5.455,35.828752,1.355399,4.84387704917672,106.2401,/L
2037-Nov-09 00:00,,,121.91443,20.40855,-2.328,5.455,186.414538,1.351519,4.82904074996710,107.2195,/L
2037-Nov-10 00:00,,,121.93775,20.40655,-2.336,5.454,337.003188,1.347740,4.81428543188881,108.2025,/L
2037-Nov-11 00:00,,m,121.95764,20.40525,-2.343,5.454,127.594688,1.344060,4.79961590225453,109.1893,/L
2037-Nov-12 00:00,,m,121.97413,20.40466,-2.350,5.453,278.189006,1.340482,4.78503703641832,110.1797,/L
2037-Nov-13 00:00,,m,121.98717,20.40478,-2.357,5.453,68.786141,1.337004,4.77055333257197,111.1738,/L
2037-Nov-14 00:00,,m,121.99676,20.40560,-2.365,5.452,219.386067,1.333627,4.75616930055907,112.1717,/L
2037-Nov-15 00:00,,m,122.00291,20.40714,-2.372,5.452,9.988769,1.330350,4.74189035500882,113.1732,/L
2037-Nov-16 00:00,,m,122.00559,20.40939,-2.379,5.451,160.594233,1.327176,4.72772010559204,114.1783,/L
2037-Nov-17 00:00,,m,122.00480,20.41235,-2.387,5.450,311.202436,1.324102,4.71366482270188,115.1872,/L
2037-Nov-18 00:00,,m,122.00056,20.41601,-2.394,5.449,101.813355,1.321130,4.69972894403896,116.1998,/L
2037-Nov-19 00:00,,m,121.99286,20.42038,-2.401,5.449,252.426950,1.318260,4.68591741128893,117.2160,/L
2037-Nov-20 00:00,,m,121.98172,20.42545,-2.409,5.448,43.043212,1.315491,4.67223418524860,118.2360,/L
2037-Nov-21 00:00,,m,121.96714,20.43123,-2.416,5.447,193.662108,1.312825,4.65868379321506,119.2596,/L
2037-Nov-22 00:00,,m,121.94912,20.43770,-2.423,5.446,344.283617,1.310262,4.64527128948335,120.2869,/L
2037-Nov-23 00:00,,m,121.92767,20.44488,-2.430,5.445,134.907718,1.307801,4.63200016409456,121.3178,/L
2037-Nov-24 00:00,,m,121.90278,20.45275,-2.437,5.444,285.534382,1.305444,4.61887645327075,122.3525,/L
2037-Nov-25 00:00,,m,121.87446,20.46133,-2.445,5.444,76.163580,1.303191,4.60590446233164,123.3909,/L
2037-Nov-26 00:00,,m,121.84272,20.47060,-2.452,5.443,226.795264,1.301043,4.59308938231872,124.4330,/L
2037-Nov-27 00:00,,,121.80756,20.48056,-2.459,5.442,17.429420,1.298999,4.58043494279950,125.4788,/L
2037-Nov-28 00:00,,,121.76898,20.49120,-2.466,5.441,168.066004,1.297062,4.56794605122675,126.5283,/L
2037-Nov-29 00:00,,,121.72698,20.50254,-2.473,5.440,318.704993,1.295231,4.55562782154736,127.5815,/L
2037-Nov-30 00:00,,,121.68157,20.51454,-2.480,5.439,109.346346,1.293507,4.54348424126302,128.6383,/L
2037-Dec-01 00:00,,,121.63276,20.52722,-2.487,5.438,259.990031,1.291890,4.53152164778882,129.6988,/L
2037-Dec-02 00:00,,,121.58057,20.54055,-2.493,5.437,50.636000,1.290381,4.51974489920885,130.7630,/L
2037-Dec-03 00:00,,,121.52503,20.55452,-2.500,5.436,201.284191,1.288979,4.50815997929016,131.8307,/L
2037-Dec-04 00:00,,,121.46618,20.56913,-2.507,5.435,351.934566,1.287684,4.49677091692650,132.9021,/L
2037-Dec-05 00:00,,,121.40405,20.58436,-2.513,5.434,142.587061,1.286497,4.48558328267239,133.9769,/L
2037-Dec-06 00:00,,,121.33868,20.60021,-2.520,5.433,293.241628,1.285415,4.47460227406161,135.0551,/L
2037-Dec-07 00:00,,,121.27010,20.61666,-2.526,5.432,83.898200,1.284439,4.46383217295295,136.1368,/L
2037-Dec-08 00:00,,,121.19833,20.63372,-2.533,5.431,234.556724,1.283567,4.45327896443913,137.2217,/L
2037-Dec-09 00:00,,,121.12341,20.65136,-2.539,5.430,25.217127,1.282797,4.44294721091781,138.3100,/L
2037-Dec-10 00:00,,m,121.04540,20.66958,-2.545,5.429,175.879324,1.282128,4.43284246719110,139.4013,/L
2037-Dec-11 00:00,,m,120.96433,20.68836,-2.551,5.428,326.543257,1.281557,4.42296778916573,140.4958,/L
2037-Dec-12 00:00,,m,120.88026,20.70769,-2.557,5.427,117.208844,1.281085,4.41332798645437,141.5933,/L
2037-Dec-13 00:00,,m,120.79323,20.72754,-2.563,5.426,267.876024,1.280708,4.40392700694649,142.6937,/L
2037-Dec-14 00:00,,m,120.70330,20.74789,-2.568,5.425,58.544716,1.280425,4.39476831808484,143.7970,/L
2037-Dec-15 00:00,,m,120.61052,20.76875,-2.574,5.424,209.214859,1.280236,4.38585661810610,144.9032,/L
2037-Dec-16 00:00,,m,120.51495,20.79007,-2.579,5.423,359.886370,1.280137,4.37719565349837,146.0121,/L
2037-Dec-17 00:00,,m,120.41667,20.81185,-2.585,5.422,150.559156,1.280127,4.36879022911872,147.1237,/L
2037-Dec-18 00:00,,m,120.31574,20.83407,-2.590,5.421,301.233149,1.280205,4.36064251248664,148.2379,/L
2037-Dec-19 00:00,,m,120.21223,20.85671,-2.595,5.421,91.908258,1.280370,4.35275671733740,149.3546,/L
2037-Dec-20 00:00,,m,120.10620,20.87975,-2.600,5.420,242.584414,1.280619,4.34513587372131,150.4739,/L
2037-Dec-21 00:00,,m,119.99774,20.90317,-2.604,5.419,33.261525,1.280951,4.33778301138628,151.5955,/L
2037-Dec-22 00:00,,m,119.88688,20.92696,-2.609,5.418,183.939525,1.281365,4.33070183522440,152.7196,/L
2037-Dec-23 00:00,,m,119.77370,20.95110,-2.613,5.417,334.618319,1.281860,4.32389559536125,153.8459,/L
2037-Dec-24 00:00,,m,119.65828,20.97558,-2.617,5.417,125.297811,1.282434,4.31736851346488,154.9744,/L
2037-Dec-25 00:00,,m,119.54068,21.00037,-2.621,5.416,275.977919,1.283085,4.31112215758315,156.1051,/L
2037-Dec-26 00:00,,,119.42098,21.02546,-2.625,5.415,66.658548,1.283814,4.30516031691001,157.2379,/L
2037-Dec-27 00:00,,,119.29923,21.05081,-2.629,5.415,217.339620,1.284617,4.29948539713389,158.3727,/L
2037-Dec-28 00:00,,,119.17553,21.07641,-2.632,5.414,8.021030,1.285495,4.29410031976952,159.5095,/L
2037-Dec-29 00:00,,,119.04994,21.10224,-2.635,5.413,158.702705,1.286445,4.28900814959172,160.6481,/L
2037-Dec-30 00:00,,,118.92257,21.12827,-2.638,5.413,309.384537,1.287466,4.28421205840620,161.7885,/L
2037-Dec-31 00:00,,,118.79351,21.15448,-2.641,5.412,100.066419,1.288554,4.27971597531870,162.9305,/L
2038-Jan-01 00:00,,,118.66287,21.18085,-2.644,5.412,250.748248,1.289709,4.27552120103749,164.0742,/L
2038-Jan-02 00:00,,,118.53074,21.20735,-2.646,5.412,41.429917,1.290928,4.27163112917585,165.2192,/L
2038-Jan-03 00:00,,,118.39723,21.23396,-2.649,5.411,192.111329,1.292207,4.26804744818478,166.3656,/L
2038-Jan-04 00:00,,,118.26243,21.26068,-2.651,5.411,342.792363,1.293545,4.26477257585615,167.5131,/L
2038-Jan-05 00:00,,,118.12642,21.28747,-2.653,5.411,133.472930,1.294937,4.26180829274583,168.6616,/L
2038-Jan-06 00:00,,,117.98931,21.31432,-2.654,5.410,284.152909,1.296380,4.25915683224494,169.8110,/L
2038-Jan-07 00:00,,,117.85121,21.34122,-2.656,5.410,74.832184,1.297871,4.25682071963414,170.9610,/L
2038-Jan-08 00:00,,,117.71224,21.36812,-2.657,5.410,225.510641,1.299407,4.25479990568575,172.1115,/L
2038-Jan-09 00:00,,m,117.57248,21.39501,-2.658,5.410,16.188168,1.300984,4.25309615397304,173.2622,/L
2038-Jan-10 00:00,,m,117.43206,21.42186,-2.659,5.410,166.864667,1.302599,4.25170938653280,174.4127,/L
2038-Jan-11 00:00,,m,117.29110,21.44866,-2.659,5.410,317.540015,1.304249,4.25064055045413,175.5623,/L
2038-Jan-12 00:00,,m,117.14968,21.47538,-2.660,5.410,108.214131,1.305932,4.24988943653985,176.7098,/L
2038-Jan-13 00:00,,m,117.00794,21.50199,-2.660,5.410,258.886897,1.307644,4.24945687458624,177.8511,/L
2038-Jan-14 00:00,,m,116.86599,21.52849,-2.660,5.410,49.558211,1.309382,4.24934373465449,178.9652,/L
2038-Jan-15 00:00,,m,116.72394,21.55485,-2.659,5.410,200.227959,1.311143,4.24954872477259,179.5707,/T
2038-Jan-16 00:00,,m,116.58190,21.58104,-2.659,5.411,350.896046,1.312925,4.25007216012080,178.6011,/T
2038-Jan-17 00:00,,m,116.43999,21.60706,-2.659,5.411,141.562380,1.314726,4.25091264823121,177.4728,/T
2038-Jan-18 00:00,,m,116.29832,21.63289,-2.658,5.411,292.226852,1.316543,4.25207012874000,176.3298,/T
2038-Jan-19 00:00,,m,116.15696,21.65851,-2.657,5.411,82.889392,1.318373,4.25354300236893,175.1830,/T
2038-Jan-20 00:00,,m,116.01602,21.68390,-2.655,5.411,233.549894,1.320215,4.25533128776025,174.0350,/T
2038-Jan-21 00:00,,m,115.87560,21.70907,-2.654,5.412,24.208271,1.322066,4.25743479851596,172.8867,/T
2038-Jan-22 00:00,,m,115.73581,21.73397,-2.652,5.412,174.864419,1.323924,4.25985172106542,171.7387,/T
2038-Jan-23 00:00,,m,115.59672,21.75861,-2.650,5.413,325.518256,1.325788,4.26258155786694,170.5913,/T
2038-Jan-24 00:00,,,115.45845,21.78296,-2.648,5.413,116.169696,1.327656,4.26562237282897,169.4446,/T
2038-Jan-25 00:00,,,115.32109,21.80700,-2.646,5.414,266.818644,1.329526,4.26897375786804,168.2988,/T
2038-Jan-26 00:00,,,115.18475,21.83072,-2.643,5.414,57.465032,1.331395,4.27263343232638,167.1541,/T
2038-Jan-27 00:00,,,115.04953,21.85410,-2.641,5.415,208.108764,1.333262,4.27660112839379,166.0105,/T
2038-Jan-28 00:00,,,114.91553,21.87714,-2.638,5.416,358.749756,1.335123,4.28087595882935,164.8682,/T
2038-Jan-29 00:00,,,114.78289,21.89980,-2.635,5.416,149.387907,1.336976,4.28545577783622,163.7273,/T
2038-Jan-30 00:00,,,114.65168,21.92210,-2.631,5.417,300.023141,1.338818,4.29033909880673,162.5879,/T
2038-Jan-31 00:00,,,114.52203,21.94402,-2.628,5.418,90.655373,1.340647,4.29552309461182,161.4502,/T
2038-Feb-01 00:00,,,114.39401,21.96554,-2.624,5.419,241.284519,1.342459,4.30100630306441,160.3142,/T
2038-Feb-02 00:00,,,114.26771,21.98667,-2.620,5.420,31.910518,1.344251,4.30678499685023,159.1801,/T
2038-Feb-03 00:00,,,114.14323,22.00739,-2.616,5.420,182.533286,1.346021,4.31285766860340,158.0479,/T
2038-Feb-04 00:00,,,114.02064,22.02769,-2.612,5.421,333.152759,1.347765,4.31922182401950,156.9179,/T
2038-Feb-05 00:00,,,113.90005,22.04757,-2.607,5.422,123.768847,1.349481,4.32587422094045,155.7901,/T
2038-Feb-06 00:00,,,113.78154,22.06700,-2.603,5.423,274.381496,1.351165,4.33281172671856,154.6646,/T
2038-Feb-07 00:00,,m,113.66521,22.08598,-2.598,5.424,64.990643,1.352816,4.34003027507120,153.5415,/T
2038-Feb-08 00:00,,m,113.55115,22.10451,-2.593,5.425,215.596225,1.354430,4.34752711782831,152.4209,/T
2038-Feb-09 00:00,,m,113.43942,22.12257,-2.588,5.427,6.198201,1.356006,4.35529719863332,151.3030,/T
2038-Feb-10 00:00,,m,113.33011,22.14016,-2.582,5.428,156.796516,1.357541,4.36333794729713,150.1878,/T
2038-Feb-11 00:00,,m,113.22328,22.15727,-2.577,5.429,307.391130,1.359034,4.37164563827213,149.0753,/T
2038-Feb-12 00:00,,m,113.11905,22.17390,-2.571,5.430,97.981976,1.360482,4.38021640820459,147.9657,/T
2038-Feb-13 00:00,,m,113.01744,22.19005,-2.566,5.431,248.569028,1.361885,4.38904597070666,146.8591,/T
2038-Feb-14 00:00,A,m,112.91856,22.20571,-2.560,5.432,39.152242,1.363239,4.39812960612480,145.7554,/T
2038-Feb-15 00:00,A,m,112.82244,22.22088,-2.554,5.434,189.731586,1.364545,4.40746376748013,144.6549,/T
2038-Feb-16 00:00,A,m,112.72914,22.23556,-2.548,5.435,340.307041,1.365801,4.41704270636048,143.5574,/T
2038-Feb-17 00:00,A,m,112.63869,22.24975,-2.542,5.436,130.878579,1.367005,4.42686331181888,142.4631,/T
2038-Feb-18 00:00,A,m,112.55115,22.26345,-2.535,5.437,281.446184,1.368158,4.43692128473539,141.3721,/T
2038-Feb-19 00:00,A,m,112.46655,22.27665,-2.529,5.439,72.009815,1.369258,4.44721285028961,140.2842,/T
2038-Feb-20 00:00,A,m,112.38494,22.28936,-2.522,5.440,222.569468,1.370304,4.45773337339417,139.1997,/T
2038-Feb-21 00:00,A,m,112.30636,22.30156,-2.515,5.441,13.125118,1.371296,4.46847841948800,138.1184,/T
2038-Feb-22 00:00,A,,112.23085,22.31325,-2.509,5.442,163.676752,1.372232,4.47944454312254,137.0404,/T
2038-Feb-23 00:00,A,,112.15847,22.32443,-2.502,5.444,314.224361,1.373113,4.49062632904265,135.9658,/T
2038-Feb-24 00:00,A,,112.08924,22.33511,-2.495,5.445,104.767932,1.373936,4.50202089172871,134.8946,/T
2038-Feb-25 00:00,A,,112.02322,22.34527,-2.488,5.446,255.307458,1.374701,4.51362401433971,133.8267,/T
2038-Feb-26 00:00,A,,111.96046,22.35492,-2.481,5.447,45.842905,1.375405,4.52543230085922,132.7622,/T
2038-Feb-27 00:00,A,,111.90098,22.36407,-2.473,5.449,196.374276,1.376047,4.53744072406157,131.7012,/T
2038-Feb-28 00:00,A,,111.84482,22.37272,-2.466,5.450,346.901552,1.376625,4.54964471618412,130.6436,/T
2038-Mar-01 00:00,A,,111.79200,22.38086,-2.459,5.451,137.424733,1.377138,4.56204010363678,129.5896,/T
2038-Mar-02 00:00,A,,111.74255,22.38850,-2.451,5.452,287.943817,1.377585,4.57462086559000,128.5392,/T
2038-Mar-03 00:00,A,,111.69647,22.39564,-2.444,5.454,78.458811,1.377963,4.58738315221660,127.4924,/T
2038-Mar-04 00:00,A,,111.65380,22.40228,-2.436,5.455,228.969722,1.378271,4.60032180059271,126.4493,/T
2038-Mar-05 00:00,A,,111.61456,22.40842,-2.429,5.456,19.476537,1.378507,4.61343285269477,125.4099,/T
2038-Mar-06 00:00,A,,111.57876,22.41406,-2.421,5.457,169.979278,1.378671,4.62671029072204,124.3741,/T
2038-Mar-07 00:00,A,,111.54644,22.41919,-2.414,5.459,320.477947,1.378762,4.64014910574403,123.3422,/T
2038-Mar-08 00:00,A,m,111.51760,22.42381,-2.406,5.460,110.972567,1.378777,4.65374436359141,122.3140,/T
2038-Mar-09 00:00,A,m,111.49227,22.42793,-2.398,5.461,261.463152,1.378718,4.66748979958391,121.2897,/T
2038-Mar-10 00:00,A,m,111.47044,22.43155,-2.390,5.462,51.949735,1.378582,4.68138104256456,120.2692,/T
2038-Mar-11 00:00,A,m,111.45211,22.43467,-2.383,5.463,202.432340,1.378370,4.69541269732643,119.2526,/T
2038-Mar-12 00:00,A,m,111.43730,22.43729,-2.375,5.464,352.910975,1.378079,4.70958092913998,118.2398,/T
2038-Mar-13 00:00,A,m,111.42601,22.43941,-2.367,5.465,143.385678,1.377712,4.72387954745107,117.2309,/T
2038-Mar-14 00:00,A,m,111.41824,22.44105,-2.359,5.466,293.856467,1.377266,4.73830383500127,116.2259,/T
2038-Mar-15 00:00,N,m,111.41397,22.44220,-2.352,5.467,84.323382,1.376742,4.75284876482431,115.2248,/T
2038-Mar-16 00:00,N,m,111.41320,22.44286,-2.344,5.468,234.786449,1.376140,4.76750851213284,114.2275,/T
2038-Mar-17 00:00,N,m,111.41590,22.44304,-2.336,5.469,25.245715,1.375461,4.78227868246234,113.2342,/T
2038-Mar-18 00:00,N,m,111.42206,22.44274,-2.328,5.470,175.701218,1.374703,4.79715421534140,112.2447,/T
2038-Mar-19 00:00,N,m,111.43165,22.44196,-2.320,5.471,326.152980,1.373868,4.81213182319279,111.2590,/T
2038-Mar-20 00:00,N,m,111.44466,22.44070,-2.313,5.472,116.601046,1.372955,4.82720572029039,110.2771,/T
2038-Mar-21 00:00,N,m,111.46108,22.43896,-2.305,5.473,267.045442,1.371966,4.84237199547121,109.2991,/T
2038-Mar-22 00:00,N,,111.48090,22.43673,-2.297,5.474,57.486217,1.370899,4.85762609411180,108.3247,/T
2038-Mar-23 00:00,N,,111.50412,22.43401,-2.289,5.474,207.923396,1.369755,4.87296323297734,107.3541,/T
2038-Mar-24 00:00,N,,111.53072,22.43081,-2.282,5.475,358.357031,1.368533,4.88837942544641,106.3871,/T
2038-Mar-25 00:00,N,,111.56070,22.42713,-2.274,5.476,148.787156,1.367234,4.90387031572545,105.4238,/T
2038-Mar-26 00:00,N,,111.59402,22.42298,-2.266,5.476,299.213796,1.365855,4.91943316185265,104.4641,/T
2038-Mar-27 00:00,N,,111.63068,22.41836,-2.259,5.477,89.636990,1.364397,4.93506244971297,103.5080,/T
2038-Mar-28 00:00,N,,111.67066,22.41326,-2.251,5.478,240.056765,1.362859,4.95075450741894,102.5555,/T
2038-Mar-29 00:00,N,,111.71393,22.40771,-2.244,5.478,30.473170,1.361239,4.96650447368919,101.6065,/T
2038-Mar-30 00:00,N,,111.76047,22.40168,-2.236,5.479,180.886229,1.359537,4.98230765288890,100.6611,/T
2038-Mar-31 00:00,N,,111.81025,22.39519,-2.229,5.479,331.296001,1.357753,4.99815939648264,99.7193,/T
2038-Apr-01 00:00,N,,111.86325,22.38823,-2.221,5.480,121.702526,1.355886,5.01405512158493,98.7809,/T
2038-Apr-02 00:00,N,,111.91945,22.38080,-2.214,5.480,272.105838,1.353934,5.02999173896388,97.8461,/T
2038-Apr-03 00:00,N,,111.97884,22.37289,-2.206,5.481,62.505981,1.351899,5.04596352197457,96.9149,/T
2038-Apr-04 00:00,N,,112.04139,22.36452,-2.199,5.481,212.902994,1.349779,5.06196667007256,95.9871,/T
2038-Apr-05 00:00,N,,112.10708,22.35567,-2.192,5.482,3.296932,1.347575,5.07799599011856,95.0628,/T
2038-Apr-06 00:00,N,m,112.17591,22.34635,-2.184,5.482,153.687828,1.345286,5.09404702857112,94.1421,/T
2038-Apr-07 00:00,N,m,112.24781,22.33656,-2.177,5.482,304.075752,1.342913,5.11011478035095,93.2248,/T
2038-Apr-08 00:00,N,m,112.32279,22.32629,-2.170,5.482,94.460748,1.340455,5.12619488882913,92.3110,/T
2038-Apr-09 00:00,N,m,112.40079,22.31556,-2.163,5.483,244.842864,1.337913,5.14228432388296,91.4006,/T
2038-Apr-10 00:00,N,m,112.48179,22.30437,-2.156,5.483,35.222147,1.335286,5.15837776720583,90.4936,/T
2038-Apr-11 00:00,N,m,112.56577,22.29271,-2.149,5.483,185.598644,1.332576,5.17447178424031,89.5900,/T
2038-Apr-12 00:00,N,m,112.65266,22.28059,-2.142,5.483,335.972416,1.329783,5.19056148499312,88.6899,/T
2038-Apr-13 00:00,C,m,112.74246,22.26800,-2.136,5.483,126.343500,1.326906,5.20664323703578,87.7931,/T
2038-Apr-14 00:00,C,m,112.83510,22.25496,-2.129,5.483,276.711968,1.323948,5.22271230674508,86.8996,/T
2038-Apr-15 00:00,C,m,112.93053,22.24145,-2.122,5.483,67.077866,1.320908,5.23876519355565,86.0093,/T
2038-Apr-16 00:00,C,m,113.02873,22.22749,-2.115,5.483,217.441247,1.317788,5.25479945914084,85.1224,/T
2038-Apr-17 00:00,C,m,113.12965,22.21306,-2.109,5.483,7.802154,1.314586,5.27081086587636,84.2386,/T
2038-Apr-18 00:00,C,m,113.23327,22.19816,-2.102,5.483,158.160632,1.311305,5.28679682829230,83.3580,/T
2038-Apr-19 00:00,C,m,113.33956,22.18279,-2.096,5.483,308.516736,1.307944,5.30275331002776,82.4804,/T
2038-Apr-20 00:00,C,,113.44850,22.16695,-2.090,5.483,98.870497,1.304504,5.31867782677531,81.6060,/T
2038-Apr-21 00:00,C,,113.56007,22.15063,-2.083,5.483,249.221977,1.300984,5.33456615314210,80.7345,/T
2038-Apr-22 00:00,C,,113.67423,22.13385,-2.077,5.483,39.571213,1.297385,5.35041560159707,79.8660,/T
2038-Apr-23 00:00,C,,113.79094,22.11661,-2.071,5.483,189.918254,1.293705,5.36622394402931,79.0003,/T
2038-Apr-24 00:00,C,,113.91018,22.09891,-2.065,5.483,340.263128,1.289945,5.38198747592084,78.1375,/T
2038-Apr-25 00:00,C,,114.03189,22.08074,-2.059,5.482,130.605880,1.286104,5.39770350568122,77.2775,/T
2038-Apr-26 00:00,C,,114.15606,22.06212,-2.053,5.482,280.946555,1.282182,5.41336783748708,76.4202,/T
2038-Apr-27 00:00,C,,114.28265,22.04303,-2.047,5.482,71.285187,1.278178,5.42897790285785,75.5658,/T
2038-Apr-28 00:00,C,,114.41162,22.02348,-2.041,5.482,221.621835,1.274092,5.44452893160488,74.7140,/T
2038-Apr-29 00:00,C,,114.54295,22.00346,-2.035,5.481,11.956538,1.269924,5.46001809232539,73.8649,/T
2038-Apr-30 00:00,C,,114.67659,21.98297,-2.029,5.481,162.289351,1.265674,5.47544266959509,73.0185,/T
2038-May-01 00:00,C,,114.81253,21.96201,-2.024,5.481,312.620304,1.261342,5.49079920706750,72.1747,/T
2038-May-02 00:00,C,,114.95074,21.94058,-2.018,5.480,102.949445,1.256927,5.50608482254533,71.3336,/T
2038-May-03 00:00,C,,115.09118,21.91867,-2.013,5.480,253.276823,1.252431,5.52129546447642,70.4950,/T
2038-May-04 00:00,C,,115.23384,21.89629,-2.007,5.479,43.602473,1.247853,5.53642880650222,69.6590,/T
2038-May-05 00:00,C,m,115.37868,21.87343,-2.002,5.479,193.926452,1.243193,5.55148010319412,68.8256,/T
2038-May-06 00:00,C,m,115.52567,21.85011,-1.997,5.478,344.248807,1.238453,5.56644682887120,67.9947,/T
2038-May-07 00:00,C,m,115.67475,21.82631,-1.992,5.478,134.569592,1.233632,5.58132620530210,67.1664,/T
2038-May-08 00:00,C,m,115.82591,21.80205,-1.986,5.477,284.888837,1.228731,5.59611542807712,66.3405,/T
2038-May-09 00:00,C,m,115.97910,21.77731,-1.981,5.477,75.206595,1.223751,5.61081170309661,65.5170,/T
2038-May-10 00:00,*,m,116.13428,21.75212,-1.976,5.476,225.522911,1.218692,5.62541148986515,64.6961,/T
2038-May-11 00:00,*,m,116.29142,21.72645,-1.971,5.476,15.837825,1.213555,5.63991292738968,63.8775,/T
2038-May-12 00:00,*,m,116.45047,21.70032,-1.967,5.475,166.151391,1.208342,5.65431173875415,63.0613,/T
2038-May-13 00:00,*,m,116.61139,21.67373,-1.962,5.475,316.463654,1.203052,5.66860605330373,62.2475,/T
2038-May-14 00:00,*,m,116.77413,21.64667,-1.957,5.474,106.774669,1.197686,5.68279350598374,61.4359,/T
2038-May-15 00:00,*,m,116.93867,21.61913,-1.952,5.473,257.084463,1.192246,5.69687247010358,60.6266,/T
2038-May-16 00:00,*,m,117.10498,21.59113,-1.948,5.473,47.393083,1.186731,5.71084077153012,59.8196,/T
2038-May-17 00:00,*,m,117.27304,21.56264,-1.943,5.472,197.700565,1.181143,5.72469597779389,59.0147,/T
2038-May-18 00:00,*,m,117.44282,21.53369,-1.939,5.472,348.006945,1.175480,5.73843706559321,58.2120,/T
2038-May-19 00:00,*,,117.61431,21.50426,-1.934,5.471,138.312261,1.169744,5.75206062570536,57.4113,/T
2038-May-20 00:00,*,,117.78746,21.47436,-1.930,5.470,288.616549,1.163935,5.76556543148425,56.6126,/T
2038-May-21 00:00,*,,117.96223,21.44401,-1.926,5.470,78.919855,1.158052,5.77894931457215,55.8159,/T
2038-May-22 00:00,*,,118.13861,21.41319,-1.922,5.469,229.222194,1.152094,5.79221122287383,55.0211,/T
2038-May-23 00:00,*,,118.31654,21.38191,-1.918,5.468,19.523607,1.146062,5.80534871568363,54.2281,/T
2038-May-24 00:00,*,,118.49601,21.35017,-1.913,5.468,169.824121,1.139956,5.81835938016837,53.4370,/T
2038-May-25 00:00,*,,118.67699,21.31797,-1.910,5.467,320.123771,1.133775,5.83124169138495,52.6477,/T
2038-May-26 00:00,*,,118.85945,21.28530,-1.906,5.466,110.422592,1.127519,5.84399195594415,51.8601,/T
2038-May-27 00:00,*,,119.04336,21.25216,-1.902,5.466,260.720621,1.121189,5.85660841884583,51.0743,/T
2038-May-28 00:00,*,,119.22869,21.21856,-1.898,5.465,51.017907,1.114785,5.86908832893768,50.2902,/T
2038-May-29 00:00,*,,119.41543,21.18449,-1.894,5.464,201.314469,1.108306,5.88143066827792,49.5077,/T
2038-May-30 00:00,*,,119.60355,21.14996,-1.891,5.463,351.610353,1.101753,5.89363262568114,48.7269,/T
2038-May-31 00:00,*,,119.79303,21.11495,-1.887,5.463,141.905585,1.095127,5.90569202201738,47.9477,/T
2038-Jun-01 00:00,*,,119.98384,21.07948,-1.883,5.462,292.200207,1.088427,5.91760720879061,47.1702,/T
2038-Jun-02 00:00,*,,120.17596,21.04355,-1.880,5.461,82.494249,1.081656,5.92937489791543,46.3942,/T
2038-Jun-03 00:00,*,m,120.36935,21.00715,-1.876,5.461,232.787757,1.074812,5.94099339994247,45.6198,/T
2038-Jun-04 00:00,*,m,120.56398,20.97030,-1.873,5.460,23.080775,1.067898,5.95246010193740,44.8469,/T
2038-Jun-05 00:00,*,m,120.75981,20.93299,-1.870,5.459,173.373326,1.060912,5.96377454706770,44.0755,/T
2038-Jun-06 00:00,*,m,120.95682,20.89524,-1.867,5.459,323.665455,1.053858,5.97493413700388,43.3057,/T
2038-Jun-07 00:00,*,m,121.15496,20.85703,-1.863,5.458,113.957188,1.046734,5.98593739470564,42.5373,/T
2038-Jun-08 00:00,*,m,121.35421,20.81838,-1.860,5.457,264.248565,1.039543,5.99678292269871,41.7704,/T
2038-Jun-09 00:00,*,m,121.55452,20.77928,-1.857,5.457,54.539614,1.032284,6.00746829353733,41.0049,/T
2038-Jun-10 00:00,*,m,121.75588,20.73973,-1.854,5.456,204.830376,1.024960,6.01799217891286,40.2408,/T
2038-Jun-11 00:00,*,m,121.95824,20.69973,-1.851,5.455,355.120894,1.017570,6.02835251685191,39.4782,/T
2038-Jun-12 00:00,*,m,122.16158,20.65929,-1.849,5.455,145.411188,1.010116,6.03854963978331,38.7168,/T
2038-Jun-13 00:00,*,m,122.36589,20.61840,-1.846,5.454,295.701295,1.002597,6.04858152658942,37.9568,/T
2038-Jun-14 00:00,*,m,122.57115,20.57707,-1.843,5.453,85.991234,0.995016,6.05844762651372,37.1981,/T
2038-Jun-15 00:00,*,m,122.77733,20.53529,-1.840,5.453,236.281042,0.987371,6.06814694062674,36.4406,/T
2038-Jun-16 00:00,*,m,122.98442,20.49307,-1.838,5.452,26.570732,0.979663,6.07767799643358,35.6842,/T
2038-Jun-17 00:00,*,,123.19239,20.45042,-1.835,5.451,176.860341,0.971892,6.08703965809486,34.9291,/T
2038-Jun-18 00:00,*,,123.40121,20.40734,-1.832,5.451,327.149900,0.964058,6.09623016631007,34.1749,/T
2038-Jun-19 00:00,*,,123.61084,20.36384,-1.830,5.450,117.439426,0.956162,6.10525000453822,33.4219,/T
2038-Jun-20 00:00,*,,123.82126,20.31992,-1.828,5.449,267.728947,0.948202,6.11409708443704,32.6698,/T
2038-Jun-21 00:00,*,,124.03244,20.27558,-1.825,5.449,58.018479,0.940179,6.12277086386964,31.9187,/T
2038-Jun-22 00:00,*,,124.24437,20.23082,-1.823,5.448,208.308054,0.932093,6.13126980347410,31.1685,/T
2038-Jun-23 00:00,*,,124.45703,20.18564,-1.821,5.448,358.597685,0.923944,6.13959248099880,30.4191,/T
2038-Jun-24 00:00,*,,124.67039,20.14004,-1.818,5.447,148.887410,0.915732,6.14773710952781,29.6707,/T
2038-Jun-25 00:00,*,,124.88445,20.09402,-1.816,5.447,299.177258,0.907459,6.15570166739175,28.9230,/T
2038-Jun-26 00:00,*,,125.09917,20.04758,-1.814,5.446,89.467254,0.899123,6.16348628029179,28.1761,/T
2038-Jun-27 00:00,*,,125.31454,20.00073,-1.812,5.446,239.757424,0.890726,6.17108872191972,27.4300,/T
2038-Jun-28 00:00,*,,125.53055,19.95347,-1.810,5.445,30.047789,0.882268,6.17850845590209,26.6847,/T
2038-Jun-29 00:00,*,,125.74717,19.90579,-1.808,5.445,180.338385,0.873750,6.18574366714935,25.9401,/T
2038-Jun-30 00:00,*,,125.96439,19.85772,-1.806,5.444,330.629223,0.865173,6.19279333204489,25.1961,/T
2038-Jul-01 00:00,*,,126.18218,19.80924,-1.804,5.444,120.920347,0.856537,6.19965543722958,24.4529,/T
2038-Jul-02 00:00,*,,126.40051,19.76037,-1.803,5.443,271.211785,0.847844,6.20632821308459,23.7103,/T
2038-Jul-03 00:00,*,m,126.61934,19.71112,-1.801,5.443,61.503568,0.839093,6.21281180172568,22.9684,/T
2038-Jul-04 00:00,*,m,126.83864,19.66148,-1.799,5.442,211.795721,0.830287,6.21910441881611,22.2271,/T
2038-Jul-05 00:00,*,m,127.05840,19.61146,-1.797,5.442,2.088269,0.821426,6.22520598007436,21.4864,/T
2038-Jul-06 00:00,*,m,127.27857,19.56108,-1.796,5.442,152.381247,0.812511,6.23111500540558,20.7463,/T
2038-Jul-07 00:00,*,m,127.49913,19.51032,-1.794,5.441,302.674665,0.803544,6.23683143280473,20.0069,/T
2038-Jul-08 00:00,*,m,127.72006,19.45919,-1.793,5.441,92.968564,0.794525,6.24235367243229,19.2680,/T
2038-Jul-09 00:00,*,m,127.94135,19.40769,-1.791,5.441,243.262968,0.785455,6.24768086429799,18.5296,/T
2038-Jul-10 00:00,*,m,128.16295,19.35582,-1.790,5.440,33.557905,0.776334,6.25281364920622,17.7918,/T
2038-Jul-11 00:00,*,m,128.38488,19.30360,-1.789,5.440,183.853392,0.767165,6.25775122627611,17.0545,/T
2038-Jul-12 00:00,*,m,128.60710,19.25101,-1.787,5.440,334.149449,0.757946,6.26249418596293,16.3177,/T
2038-Jul-13 00:00,*,m,128.82960,19.19808,-1.786,5.440,124.446099,0.748679,6.26704154250744,15.5813,/T
2038-Jul-14 00:00,*,m,129.05237,19.14480,-1.785,5.439,274.743348,0.739363,6.27139398128855,14.8454,/T
2038-Jul-15 00:00,*,m,129.27539,19.09119,-1.784,5.439,65.041225,0.729999,6.27554997909564,14.1098,/T
2038-Jul-16 00:00,*,,129.49862,19.03724,-1.783,5.439,215.339747,0.720588,6.27950895555563,13.3746,/T
2038-Jul-17 00:00,*,,129.72203,18.98297,-1.782,5.439,5.638940,0.711128,6.28327113999330,12.6397,/T
2038-Jul-18 00:00,*,,129.94561,18.92839,-1.781,5.439,155.938815,0.701621,6.28683580088545,11.9051,/T
2038-Jul-19 00:00,*,,130.16934,18.87348,-1.780,5.438,306.239391,0.692066,6.29020310541199,11.1707,/T
2038-Jul-20 00:00,*,,130.39320,18.81826,-1.779,5.438,96.540690,0.682464,6.29337166428850,10.4365,/T
2038-Jul-21 00:00,*,,130.61718,18.76273,-1.778,5.438,246.842720,0.672815,6.29634198765064,9.7026,/T
2038-Jul-22 00:00,*,,130.84127,18.70689,-1.777,5.438,37.145510,0.663119,6.29911205941044,8.9690,/T
2038-Jul-23 00:00,*,,131.06545,18.65074,-1.776,5.438,187.449079,0.653378,6.30168119654153,8.2355,/T
2038-Jul-24 00:00,*,,131.28970,18.59429,-1.775,5.438,337.753460,0.643591,6.30404906476450,7.5024,/T
2038-Jul-25 00:00,*,,131.51401,18.53754,-1.775,5.438,128.058665,0.633760,6.30621516719180,6.7696,/T
2038-Jul-26 00:00,*,,131.73836,18.48051,-1.774,5.438,278.364717,0.623884,6.30817949492211,6.0372,/T
2038-Jul-27 00:00,*,,131.96273,18.42319,-1.773,5.438,68.671638,0.613966,6.30994076679246,5.3056,/T
2038-Jul-28 00:00,*,,132.18711,18.36559,-1.773,5.438,218.979442,0.604005,6.31149970088367,4.5749,/T
2038-Jul-29 00:00,*,,132.41148,18.30773,-1.772,5.438,9.288156,0.594003,6.31285434488042,3.8458,/T
2038-Jul-30 00:00,*,,132.63582,18.24960,-1.772,5.438,159.597802,0.583961,6.31400430708218,3.1196,/T
2038-Jul-31 00:00,*,,132.86008,18.19122,-1.771,5.438,309.908416,0.573879,6.31494904092581,2.3989,/T
2038-Aug-01 00:00,*,m,133.08426,18.13259,-1.771,5.438,100.220010,0.563760,6.31568861540677,1.6910,/T
2038-Aug-02 00:00,*,m,133.30833,18.07375,-1.771,5.439,250.532612,0.553604,6.31622310809626,1.0234,/T
2038-Aug-03 00:00,*,m,133.53219,18.01479,-1.771,5.439,40.846244,0.543412,6.31655176815065,0.5647,/T
2038-Aug-04 00:00,*,m,133.75573,17.95541,-1.770,5.439,191.160921,0.533186,6.31667583701273,0.8216,/L
2038-Aug-05 00:00,*,m,133.97926,17.89579,-1.770,5.439,341.476669,0.522927,6.31659402483615,1.4550,/L
2038-Aug-06 00:00,*,m,134.20259,17.83599,-1.770,5.439,131.793505,0.512635,6.31630675837800,2.1554,/L
2038-Aug-07 00:00,*,m,134.42570,17.77600,-1.770,5.439,282.111465,0.502312,6.31581389378887,2.8745,/L
2038-Aug-08 00:00,*,m,134.64856,17.71579,-1.770,5.439,72.430556,0.491958,6.31511660400659,3.6013,/L
2038-Aug-09 00:00,*,m,134.87117,17.65540,-1.770,5.440,222.750799,0.481574,6.31421545964087,4.3320,/L
2038-Aug-10 00:00,*,m,135.09352,17.59481,-1.771,5.440,13.072207,0.471160,6.31311054356560,5.0652,/L
2038-Aug-11 00:00,*,m,135.31557,17.53405,-1.771,5.440,163.394793,0.460717,6.31180351118604,5.8001,/L
2038-Aug-12 00:00,C,m,135.53731,17.47312,-1.771,5.440,313.718568,0.450244,6.31029354228215,6.5362,/L
2038-Aug-13 00:00,C,m,135.75872,17.41202,-1.771,5.441,104.043548,0.439743,6.30858125875874,7.2734,/L
2038-Aug-14 00:00,C,m,135.97977,17.35077,-1.772,5.441,254.369760,0.429214,6.30666616332310,8.0116,/L
2038-Aug-15 00:00,C,,136.20044,17.28938,-1.772,5.441,44.697208,0.418656,6.30454952112340,8.7506,/L
2038-Aug-16 00:00,C,,136.42072,17.22784,-1.772,5.442,195.025914,0.408071,6.30223134769377,9.4904,/L
2038-Aug-17 00:00,C,,136.64059,17.16616,-1.773,5.442,345.355888,0.397459,6.29971158163861,10.2310,/L
2038-Aug-18 00:00,C,,136.86004,17.10435,-1.773,5.442,135.687148,0.386819,6.29699129678940,10.9725,/L
2038-Aug-19 00:00,C,,137.07907,17.04241,-1.774,5.443,286.019704,0.376154,6.29406951626040,11.7147,/L
2038-Aug-20 00:00,C,,137.29767,16.98035,-1.774,5.443,76.353575,0.365464,6.29094651561748,12.4578,/L
2038-Aug-21 00:00,C,,137.51580,16.91818,-1.775,5.444,226.688795,0.354749,6.28762129224425,13.2017,/L
2038-Aug-22 00:00,C,,137.73346,16.85589,-1.776,5.444,17.025371,0.344011,6.28409516498329,13.9465,/L
2038-Aug-23 00:00,C,,137.95063,16.79351,-1.777,5.445,167.363331,0.333250,6.28036786209553,14.6922,/L
2038-Aug-24 00:00,C,,138.16729,16.73105,-1.777,5.445,317.702688,0.322467,6.27643961769857,15.4388,/L
2038-Aug-25 00:00,C,,138.38342,16.66851,-1.778,5.446,108.043465,0.311664,6.27231138562005,16.1864,/L
2038-Aug-26 00:00,C,,138.59900,16.60589,-1.779,5.446,258.385674,0.300842,6.26798269740389,16.9348,/L
2038-Aug-27 00:00,C,,138.81400,16.54322,-1.780,5.447,48.729338,0.290002,6.26345401810146,17.6843,/L
2038-Aug-28 00:00,C,,139.02840,16.48050,-1.781,5.447,199.074489,0.279144,6.25872449952423,18.4347,/L
2038-Aug-29 00:00,C,,139.24216,16.41775,-1.782,5.448,349.421142,0.268272,6.25379596690852,19.1861,/L
2038-Aug-30 00:00,C,,139.45525,16.35498,-1.783,5.448,139.769325,0.257385,6.24866841250654,19.9385,/L
2038-Aug-31 00:00,N,m,139.66766,16.29218,-1.784,5.449,290.119050,0.246486,6.24334285729636,20.6920,/L
2038-Sep-01 00:00,N,m,139.87935,16.22937,-1.786,5.450,80.470345,0.235575,6.23782058394194,21.4464,/L
2038-Sep-02 00:00,N,m,140.09034,16.16656,-1.787,5.450,230.823216,0.224654,6.23210218966475,22.2019,/L
2038-Sep-03 00:00,N,m,140.30059,16.10375,-1.788,5.451,21.177684,0.213724,6.22618876879935,22.9584,/L
2038-Sep-04 00:00,N,m,140.51009,16.04094,-1.789,5.452,171.533778,0.202786,6.22008017231518,23.7160,/L
2038-Sep-05 00:00,N,m,140.71882,15.97817,-1.791,5.452,321.891508,0.191841,6.21377899071582,24.4746,/L
2038-Sep-06 00:00,N,m,140.92677,15.91542,-1.792,5.453,112.250895,0.180889,6.20728574714512,25.2344,/L
2038-Sep-07 00:00,N,m,141.13390,15.85273,-1.794,5.454,262.611947,0.169931,6.20060222495111,25.9952,/L
2038-Sep-08 00:00,N,m,141.34020,15.79009,-1.795,5.455,52.974684,0.158967,6.19372977918420,26.7572,/L
2038-Sep-09 00:00,N,m,141.54564,15.72753,-1.797,5.455,203.339106,0.147998,6.18666962504519,27.5203,/L
2038-Sep-10 00:00,N,m,141.75021,15.66504,-1.799,5.456,353.705232,0.137025,6.17942276166450,28.2846,/L
2038-Sep-11 00:00,N,m,141.95387,15.60265,-1.800,5.457,144.073082,0.126048,6.17198900893745,29.0502,/L
2038-Sep-12 00:00,N,m,142.15662,15.54035,-1.802,5.458,294.442670,0.115068,6.16437074035200,29.8170,/L
2038-Sep-13 00:00,N,m,142.35842,15.47817,-1.804,5.458,84.814016,0.104085,6.15656823436483,30.5852,/L
2038-Sep-14 00:00,N,m,142.55927,15.41610,-1.806,5.459,235.187124,0.093100,6.14858324461914,31.3547,/L
2038-Sep-15 00:00,N,,142.75915,15.35415,-1.808,5.460,25.562022,0.082114,6.14041661601845,32.1256,/L
2038-Sep-16 00:00,N,,142.95805,15.29233,-1.810,5.461,175.938708,0.071128,6.13206977146178,32.8979,/L
2038-Sep-17 00:00,N,,143.15596,15.23065,-1.812,5.462,326.317206,0.060142,6.12354335887840,33.6717,/L
2038-Sep-18 00:00,N,,143.35286,15.16912,-1.814,5.463,116.697535,0.049159,6.11483717830014,34.4470,/L
2038-Sep-19 00:00,A,,143.54873,15.10775,-1.816,5.464,267.079716,0.038178,6.10595334318389,35.2238,/L
2038-Sep-20 00:00,A,,143.74355,15.04656,-1.818,5.464,57.463771,0.027202,6.09689212255472,36.0022,/L
2038-Sep-21 00:00,A,,143.93729,14.98555,-1.821,5.465,207.849710,0.016231,6.08765540820408,36.7822,/L
2038-Sep-22 00:00,A,,144.12992,14.92474,-1.823,5.466,358.237565,0.005267,6.07824385464645,37.5639,/L
2038-Sep-23 00:00,A,,144.32144,14.86414,-1.825,5.467,148.627338,-0.005689,6.06865939433373,38.3473,/L
2038-Sep-24 00:00,A,,144.51180,14.80376,-1.828,5.468,299.019057,-0.016635,6.05890269036210,39.1323,/L
2038-Sep-25 00:00,A,,144.70098,14.74362,-1.830,5.469,89.412742,-0.027570,6.04897400463165,39.9190,/L
2038-Sep-26 00:00,A,,144.88895,14.68373,-1.833,5.470,239.808423,-0.038492,6.03887556535472,40.7076,/L
2038-Sep-27 00:00,A,,145.07567,14.62410,-1.836,5.471,30.206119,-0.049400,6.02860823534466,41.4978,/L
2038-Sep-28 00:00,A,,145.26111,14.56475,-1.838,5.472,180.605849,-0.060291,6.01817457384048,42.2899,/L
2038-Sep-29 00:00,A,,145.44526,14.50568,-1.841,5.473,331.007643,-0.071165,6.00757578152129,43.0838,/L
2038-Sep-30 00:00,A,,145.62810,14.44691,-1.844,5.474,121.411503,-0.082020,5.99681498817168,43.8795,/L
2038-Oct-01 00:00,A,m,145.80961,14.38843,-1.847,5.475,271.817453,-0.092854,5.98589364854340,44.6770,/L
2038-Oct-02 00:00,A,m,145.98979,14.33027,-1.850,5.475,62.225508,-0.103667,5.97481323792764,45.4763,/L
2038-Oct-03 00:00,A,m,146.16859,14.27245,-1.853,5.476,212.635692,-0.114458,5.96357658466872,46.2774,/L
2038-Oct-04 00:00,A,m,146.34600,14.21497,-1.856,5.477,3.048017,-0.125226,5.95218552766885,47.0804,/L
2038-Oct-05 00:00,A,m,146.52198,14.15785,-1.859,5.478,153.462494,-0.135970,5.94064321574543,47.8853,/L
2038-Oct-06 00:00,A,m,146.69650,14.10111,-1.862,5.479,303.879143,-0.146688,5.92895110872110,48.6921,/L
2038-Oct-07 00:00,A,m,146.86954,14.04476,-1.865,5.480,94.297962,-0.157382,5.91711275112527,49.5008,/L
2038-Oct-08 00:00,,m,147.04108,13.98881,-1.869,5.481,244.718971,-0.168049,5.90512944029654,50.3114,/L
2038-Oct-09 00:00,,m,147.21111,13.93327,-1.872,5.482,35.142177,-0.178689,5.89300273597759,51.1240,/L
2038-Oct-10 00:00,,m,147.37958,13.87815,-1.876,5.483,185.567607,-0.189301,5.88073483464873,51.9386,/L
2038-Oct-11 00:00,,m,147.54649,13.82347,-1.879,5.484,335.995272,-0.199884,5.86832752080014,52.7553,/L
2038-Oct-12 00:00,,m,147.71181,13.76923,-1.883,5.485,126.425188,-0.210437,5.85578358907595,53.5741,/L
2038-Oct-13 00:00,,m,147.87552,13.71544,-1.886,5.486,276.857375,-0.220959,5.84310424778525,54.3950,/L
2038-Oct-14 00:00,,m,148.03762,13.66212,-1.890,5.487,67.291840,-0.231448,5.83029307368620,55.2181,/L
2038-Oct-15 00:00,,m,148.19807,13.60928,-1.894,5.488,217.728601,-0.241904,5.81735125148546,56.0435,/L
2038-Oct-16 00:00,,m,148.35687,13.55692,-1.898,5.488,8.167667,-0.252324,5.80428064338412,56.8710,/L
2038-Oct-17 00:00,,,148.51397,13.50507,-1.902,5.489,158.609075,-0.262708,5.79108316408009,57.7009,/L
2038-Oct-18 00:00,,,148.66936,13.45373,-1.906,5.490,309.052834,-0.273053,5.77776102576517,58.5331,/L
2038-Oct-19 00:00,,,148.82300,13.40293,-1.910,5.491,99.498964,-0.283358,5.76431707708640,59.3677,/L
2038-Oct-20 00:00,,,148.97486,13.35268,-1.914,5.492,249.947489,-0.293622,5.75075280775566,60.2046,/L
2038-Oct-21 00:00,,,149.12492,13.30299,-1.918,5.493,40.398418,-0.303843,5.73707213436322,61.0441,/L
2038-Oct-22 00:00,,,149.27314,13.25388,-1.922,5.494,190.851773,-0.314018,5.72327655744895,61.8860,/L
2038-Oct-23 00:00,,,149.41950,13.20536,-1.927,5.494,341.307563,-0.324146,5.70936854553447,62.7304,/L
2038-Oct-24 00:00,,,149.56394,13.15745,-1.931,5.495,131.765827,-0.334226,5.69535004800077,63.5774,/L
2038-Oct-25 00:00,,,149.70646,13.11016,-1.936,5.496,282.226576,-0.344254,5.68122403614453,64.4269,/L
2038-Oct-26 00:00,,,149.84701,13.06350,-1.940,5.497,72.689836,-0.354230,5.66699373807767,65.2790,/L
2038-Oct-27 00:00,,,149.98557,13.01749,-1.945,5.498,223.155627,-0.364151,5.65266145605627,66.1338,/L
2038-Oct-28 00:00,,,150.12211,12.97214,-1.950,5.498,13.623963,-0.374016,5.63823189262937,66.9911,/L
2038-Oct-29 00:00,,,150.25663,12.92746,-1.954,5.499,164.094858,-0.383823,5.62370755901779,67.8511,/L
2038-Oct-30 00:00,,,150.38910,12.88345,-1.959,5.500,314.568320,-0.393571,5.60909213098239,68.7137,/L
2038-Oct-31 00:00,,m,150.51947,12.84015,-1.964,5.500,105.044378,-0.403259,5.59438820014831,69.5790,/L
2038-Nov-01 00:00,,m,150.64774,12.79757,-1.969,5.501,255.523035,-0.412885,5.57959988590299,70.4469,/L
2038-Nov-02 00:00,,m,150.77384,12.75573,-1.974,5.502,46.004310,-0.422449,5.56473090763790,71.3174,/L
2038-Nov-03 00:00,,m,150.89776,12.71465,-1.979,5.502,196.488211,-0.431950,5.54978425522198,72.1906,/L
2038-Nov-04 00:00,,m,151.01946,12.67433,-1.984,5.503,346.974746,-0.441386,5.53476478165526,73.0665,/L
2038-Nov-05 00:00,,m,151.13892,12.63478,-1.990,5.504,137.463920,-0.450756,5.51967522427751,73.9452,/L
2038-Nov-06 00:00,,m,151.25612,12.59602,-1.995,5.504,287.955734,-0.460059,5.50451932964736,74.8266,/L
2038-Nov-07 00:00,,m,151.37105,12.55806,-2.000,5.505,78.450217,-0.469295,5.48929920964614,75.7107,/L
2038-Nov-08 00:00,,m,151.48367,12.52091,-2.006,5.505,228.947367,-0.478460,5.47401895511429,76.5977,/L
2038-Nov-09 00:00,,m,151.59397,12.48458,-2.011,5.506,19.447206,-0.487555,5.45868178928983,77.4875,/L
2038-Nov-10 00:00,,m,151.70192,12.44907,-2.017,5.506,169.949739,-0.496577,5.44329070049736,78.3801,/L
2038-Nov-11 00:00,,m,151.80750,12.41442,-2.023,5.507,320.454983,-0.505525,5.42785015748153,79.2757,/L
2038-Nov-12 00:00,,m,151.91070,12.38061,-2.028,5.507,110.962941,-0.514397,5.41236301626042,80.1742,/L
2038-Nov-13 00:00,,m,152.01149,12.34767,-2.034,5.507,261.473617,-0.523191,5.39683310302988,81.0757,/L
2038-Nov-14 00:00,,m,152.10984,12.31561,-2.040,5.508,51.987040,-0.531905,5.38126238507698,81.9802,/L
2038-Nov-15 00:00,,m,152.20572,12.28445,-2.046,5.508,202.503213,-0.540538,5.36565525612507,82.8878,/L
2038-Nov-16 00:00,,,152.29910,12.25420,-2.052,5.508,353.022160,-0.549087,5.35001492270592,83.7985,/L
2038-Nov-17 00:00,,,152.38996,12.22487,-2.058,5.509,143.543887,-0.557550,5.33434491063813,84.7123,/L
2038-Nov-18 00:00,,,152.47823,12.19648,-2.064,5.509,294.068414,-0.565926,5.31864977935402,85.6293,/L
2038-Nov-19 00:00,,,152.56391,12.16904,-2.070,5.509,84.595744,-0.574211,5.30293310525454,86.5494,/L
2038-Nov-20 00:00,,,152.64697,12.14257,-2.077,5.509,235.125881,-0.582404,5.28719927841882,87.4728,/L
2038-Nov-21 00:00,,,152.72737,12.11708,-2.083,5.510,25.658850,-0.590502,5.27145074939810,88.3995,/L
2038-Nov-22 00:00,,,152.80508,12.09257,-2.089,5.510,176.194656,-0.598504,5.25569267124820,89.3294,/L
2038-Nov-23 00:00,,,152.88008,12.06906,-2.096,5.510,326.733319,-0.606407,5.23992877695323,90.2627,/L
2038-Nov-24 00:00,,,152.95234,12.04656,-2.102,5.510,117.274839,-0.614208,5.22416363098077,91.1993,/L
2038-Nov-25 00:00,,,153.02185,12.02508,-2.109,5.510,267.819234,-0.621907,5.20840231898696,92.1392,/L
2038-Nov-26 00:00,,,153.08858,12.00462,-2.115,5.510,58.366496,-0.629501,5.19264961018799,93.0825,/L
2038-Nov-27 00:00,,,153.15253,11.98521,-2.122,5.510,208.916624,-0.636988,5.17691075789002,94.0290,/L
2038-Nov-28 00:00,,,153.21366,11.96685,-2.129,5.510,359.469624,-0.644368,5.16118901831880,94.9789,/L
2038-Nov-29 00:00,,,153.27194,11.94955,-2.136,5.510,150.025493,-0.651639,5.14549026444158,95.9321,/L
2038-Nov-30 00:00,,m,153.32734,11.93334,-2.142,5.510,300.584237,-0.658800,5.12981859911488,96.8887,/L
2038-Dec-01 00:00,,m,153.37984,11.91822,-2.149,5.509,91.145842,-0.665850,5.11417913381551,97.8485,/L
2038-Dec-02 00:00,,m,153.42941,11.90420,-2.156,5.509,241.710317,-0.672787,5.09857672385402,98.8116,/L
2038-Dec-03 00:00,,m,153.47604,11.89129,-2.163,5.509,32.277641,-0.679610,5.08301639034269,99.7781,/L
2038-Dec-04 00:00,,m,153.51972,11.87948,-2.170,5.509,182.847806,-0.686317,5.06750311460504,100.7478,/L
2038-Dec-05 00:00,,m,153.56044,11.86879,-2.177,5.508,333.420808,-0.692908,5.05203995836366,101.7209,/L
2038-Dec-06 00:00,,m,153.59820,11.85921,-2.184,5.508,123.996643,-0.699380,5.03663245698755,102.6973,/L
2038-Dec-07 00:00,,m,153.63296,11.85075,-2.191,5.508,274.575308,-0.705732,5.02128437278877,103.6771,/L
2038-Dec-08 00:00,,m,153.66474,11.84342,-2.198,5.507,65.156788,-0.711962,5.00600081818538,104.6603,/L
2038-Dec-09 00:00,,m,153.69351,11.83722,-2.205,5.507,215.741088,-0.718069,4.99078617364193,105.6468,/L
2038-Dec-10 00:00,,m,153.71926,11.83216,-2.212,5.507,6.328184,-0.724049,4.97564567705449,106.6367,/L
2038-Dec-11 00:00,,m,153.74198,11.82824,-2.219,5.506,156.918064,-0.729902,4.96058412917504,107.6301,/L
2038-Dec-12 00:00,,m,153.76168,11.82546,-2.227,5.506,307.510718,-0.735625,4.94560470204196,108.6268,/L
2038-Dec-13 00:00,,m,153.77832,11.82383,-2.234,5.505,98.106138,-0.741217,4.93071277483735,109.6270,/L
2038-Dec-14 00:00,,m,153.79189,11.82336,-2.241,5.504,248.704319,-0.746675,4.91591209310067,110.6307,/L
2038-Dec-15 00:00,,,153.80238,11.82405,-2.248,5.504,39.305240,-0.751997,4.90120797561926,111.6379,/L
2038-Dec-16 00:00,,,153.80976,11.82591,-2.255,5.503,189.908906,-0.757181,4.88660462275996,112.6485,/L
2038-Dec-17 00:00,,,153.81403,11.82893,-2.263,5.503,340.515285,-0.762225,4.87210776418380,113.6627,/L
2038-Dec-18 00:00,,,153.81517,11.83313,-2.270,5.502,131.124363,-0.767127,4.85772235563730,114.6803,/L
2038-Dec-19 00:00,,,153.81319,11.83849,-2.277,5.501,281.736120,-0.771884,4.84345218064759,115.7015,/L
2038-Dec-20 00:00,,,153.80807,11.84502,-2.284,5.501,72.350544,-0.776495,4.82930290291590,116.7262,/L
2038-Dec-21 00:00,,,153.79982,11.85272,-2.291,5.500,222.967618,-0.780958,4.81527888569621,117.7545,/L
2038-Dec-22 00:00,,,153.78844,11.86157,-2.299,5.499,13.587312,-0.785271,4.80138619587055,118.7862,/L
2038-Dec-23 00:00,,,153.77393,11.87159,-2.306,5.498,164.209616,-0.789433,4.78762948937804,119.8214,/L
2038-Dec-24 00:00,,,153.75629,11.88277,-2.313,5.497,314.834485,-0.793443,4.77401545970666,120.8602,/L
2038-Dec-25 00:00,,,153.73553,11.89510,-2.320,5.497,105.461887,-0.797299,4.76054958434274,121.9023,/L
2038-Dec-26 00:00,,,153.71166,11.90859,-2.327,5.496,256.091775,-0.801000,4.74723646701561,122.9478,/L
2038-Dec-27 00:00,,,153.68468,11.92323,-2.334,5.495,46.724122,-0.804546,4.73408187737417,123.9967,/L
2038-Dec-28 00:00,,,153.65459,11.93902,-2.341,5.494,197.358883,-0.807937,4.72109040525162,125.0489,/L
2038-Dec-29 00:00,,m,153.62141,11.95594,-2.348,5.493,347.996012,-0.811172,4.70826801467629,126.1043,/L
2038-Dec-30 00:00,,m,153.58513,11.97400,-2.355,5.492,138.635475,-0.814250,4.69561879140558,127.1629,/L
2038-Dec-31 00:00,,m,153.54579,11.99318,-2.362,5.491,289.277211,-0.817171,4.68314902542716,128.2247,/L
2039-Jan-01 00:00,,m,153.50341,12.01346,-2.369,5.490,79.921175,-0.819934,4.67086331339029,129.2896,/L
2039-Jan-02 00:00,,m,153.45805,12.03483,-2.376,5.489,230.567303,-0.822538,4.65876573715706,130.3576,/L
2039-Jan-03 00:00,,m,153.40970,12.05727,-2.382,5.488,21.215561,-0.824983,4.64686093901535,131.4286,/L
2039-Jan-04 00:00,,m,153.35841,12.08077,-2.389,5.487,171.865894,-0.827269,4.63515287618685,132.5026,/L
2039-Jan-05 00:00,,m,153.30420,12.10532,-2.395,5.487,322.518248,-0.829394,4.62364677879283,133.5796,/L
2039-Jan-06 00:00,,m,153.24710,12.13090,-2.402,5.486,113.172580,-0.831358,4.61234601146181,134.6594,/L
2039-Jan-07 00:00,,m,153.18713,12.15749,-2.408,5.485,263.828825,-0.833160,4.60125646829982,135.7422,/L
2039-Jan-08 00:00,,m,153.12434,12.18509,-2.414,5.484,54.486929,-0.834799,4.59038218458509,136.8278,/L
2039-Jan-09 00:00,,m,153.05877,12.21368,-2.421,5.483,205.146816,-0.836275,4.57972715177409,137.9162,/L
2039-Jan-10 00:00,,m,152.99043,12.24323,-2.427,5.482,355.808445,-0.837587,4.56929532147621,139.0074,/L
2039-Jan-11 00:00,,m,152.91936,12.27374,-2.433,5.481,146.471747,-0.838735,4.55909048101647,140.1013,/L
2039-Jan-12 00:00,,m,152.84559,12.30518,-2.439,5.480,297.136664,-0.839717,4.54911742323759,141.1979,/L
2039-Jan-13 00:00,,,152.76915,12.33755,-2.444,5.479,87.803139,-0.840533,4.53937914989631,142.2972,/L
2039-Jan-14 00:00,,,152.69008,12.37081,-2.450,5.478,238.471101,-0.841183,4.52988131486888,143.3991,/L
2039-Jan-15 00:00,,,152.60843,12.40495,-2.456,5.477,29.140483,-0.841667,4.52062763764549,144.5035,/L
2039-Jan-16 00:00,,,152.52424,12.43994,-2.461,5.476,179.811197,-0.841984,4.51162223058695,145.6105,/L
2039-Jan-17 00:00,,,152.43758,12.47576,-2.466,5.475,330.483191,-0.842135,4.50286860265044,146.7199,/L
2039-Jan-18 00:00,,,152.34849,12.51238,-2.471,5.474,121.156382,-0.842120,4.49437067494315,147.8317,/L
2039-Jan-19 00:00,,,152.25703,12.54977,-2.476,5.473,271.830699,-0.841940,4.48613304725513,148.9459,/L
2039-Jan-20 00:00,,,152.16325,12.58791,-2.481,5.473,62.506065,-0.841595,4.47815870962401,150.0623,/L
2039-Jan-21 00:00,,,152.06723,12.62679,-2.486,5.472,213.182395,-0.841087,4.47045321331362,151.1808,/L
2039-Jan-22 00:00,,,151.96900,12.66637,-2.490,5.471,3.859601,-0.840417,4.46302010403121,152.3015,/L
2039-Jan-23 00:00,,,151.86865,12.70662,-2.495,5.470,154.537576,-0.839587,4.45586351357185,153.4241,/L
2039-Jan-24 00:00,,,151.76623,12.74752,-2.499,5.470,305.216244,-0.838598,4.44898622798174,154.5485,/L
2039-Jan-25 00:00,,,151.66180,12.78905,-2.503,5.469,95.895502,-0.837454,4.44239175963956,155.6747,/L
2039-Jan-26 00:00,,,151.55543,12.83117,-2.507,5.468,246.575261,-0.836156,4.43608367019672,156.8025,/L
2039-Jan-27 00:00,,m,151.44720,12.87384,-2.511,5.468,37.255423,-0.834706,4.43006397546089,157.9318,/L
2039-Jan-28 00:00,,m,151.33719,12.91704,-2.514,5.467,187.935893,-0.833107,4.42433685843934,159.0624,/L
2039-Jan-29 00:00,,m,151.22548,12.96073,-2.518,5.466,338.616570,-0.831360,4.41890448043430,160.1942,/L
2039-Jan-30 00:00,,m,151.11218,13.00486,-2.521,5.466,129.297336,-0.829468,4.41376972881618,161.3270,/L
2039-Jan-31 00:00,,m,150.99736,13.04941,-2.524,5.465,279.978112,-0.827434,4.40893361665872,162.4608,/L
2039-Feb-01 00:00,,m,150.88111,13.09433,-2.527,5.465,70.658787,-0.825259,4.40439837928121,163.5954,/L
2039-Feb-02 00:00,,m,150.76351,13.13960,-2.529,5.464,221.339274,-0.822946,4.40016593023151,164.7305,/L
2039-Feb-03 00:00,,m,150.64466,13.18519,-2.532,5.464,12.019473,-0.820497,4.39623707709936,165.8661,/L
2039-Feb-04 00:00,,m,150.52462,13.23105,-2.534,5.464,162.699294,-0.817915,4.39261454515170,167.0019,/L
2039-Feb-05 00:00,,m,150.40349,13.27716,-2.536,5.463,313.378632,-0.815201,4.38929936678687,168.1375,/L
2039-Feb-06 00:00,,m,150.28137,13.32348,-2.538,5.463,104.057377,-0.812360,4.38629350341874,169.2728,/L
2039-Feb-07 00:00,,m,150.15831,13.36998,-2.539,5.463,254.735446,-0.809392,4.38359671726483,170.4071,/L
2039-Feb-08 00:00,,m,150.03442,13.41663,-2.541,5.463,45.412735,-0.806300,4.38121047054616,171.5399,/L
2039-Feb-09 00:00,,m,149.90976,13.46339,-2.542,5.463,196.089160,-0.803088,4.37913556653531,172.6703,/L
2039-Feb-10 00:00,,m,149.78442,13.51024,-2.543,5.462,346.764620,-0.799758,4.37737220858919,173.7964,/L
2039-Feb-11 00:00,,,149.65849,13.55713,-2.544,5.462,137.439032,-0.796313,4.37592217078323,174.9154,/L
2039-Feb-12 00:00,,,149.53204,13.60404,-2.544,5.462,288.112293,-0.792756,4.37478598130417,176.0209,/L
2039-Feb-13 00:00,,,149.40519,13.65093,-2.545,5.462,78.784292,-0.789089,4.37396519606223,177.0974,/L
2039-Feb-14 00:00,A,,149.27804,13.69775,-2.545,5.463,229.454947,-0.785317,4.37345894692991,178.0947,/L
2039-Feb-15 00:00,A,,149.15068,13.74447,-2.545,5.463,20.124151,-0.781443,4.37326838945219,178.7970,/L
2039-Feb-16 00:00,A,,149.02320,13.79107,-2.545,5.463,170.791817,-0.777471,4.37339361868103,178.6305,/T
2039-Feb-17 00:00,A,,148.89570,13.83750,-2.544,5.463,321.457839,-0.773406,4.37383450886043,177.7836,/T
2039-Feb-18 00:00,A,,148.76827,13.88374,-2.544,5.463,112.122134,-0.769252,4.37459187867536,176.7511,/T
2039-Feb-19 00:00,A,,148.64099,13.92977,-2.543,5.463,262.784592,-0.765013,4.37566560810925,175.6642,/T
2039-Feb-20 00:00,A,,148.51398,13.97553,-2.542,5.463,53.445103,-0.760694,4.37705635842064,174.5557,/T
2039-Feb-21 00:00,A,,148.38731,14.02102,-2.541,5.464,204.103577,-0.756300,4.37876205103813,173.4372,/T
2039-Feb-22 00:00,A,,148.26109,14.06618,-2.540,5.464,354.759911,-0.751836,4.38078265729696,172.3134,/T
2039-Feb-23 00:00,A,,148.13539,14.11099,-2.538,5.464,145.414022,-0.747307,4.38311663896745,171.1869,/T
2039-Feb-24 00:00,A,,148.01034,14.15541,-2.536,5.465,296.065808,-0.742718,4.38576258065131,170.0591,/T
2039-Feb-25 00:00,A,m,147.88601,14.19942,-2.534,5.465,86.715197,-0.738073,4.38871938858221,168.9309,/T
2039-Feb-26 00:00,A,m,147.76250,14.24297,-2.532,5.466,237.362089,-0.733377,4.39198553672921,167.8028,/T
2039-Feb-27 00:00,A,m,147.63993,14.28604,-2.530,5.466,28.006393,-0.728634,4.39556013091168,166.6754,/T
2039-Feb-28 00:00,A,m,147.51839,14.32859,-2.527,5.467,178.648029,-0.723850,4.39943959018078,165.5488,/T
2039-Mar-01 00:00,A,m,147.39798,14.37059,-2.524,5.468,329.286914,-0.719028,4.40362251880113,164.4235,/T
2039-Mar-02 00:00,A,m,147.27876,14.41202,-2.521,5.468,119.922984,-0.714173,4.40810587706049,163.2997,/T
2039-Mar-03 00:00,A,m,147.16085,14.45285,-2.518,5.469,270.556154,-0.709288,4.41288724858986,162.1774,/T
2039-Mar-04 00:00,A,m,147.04430,14.49307,-2.515,5.470,61.186374,-0.704379,4.41796403812045,161.0568,/T
2039-Mar-05 00:00,A,m,146.92920,14.53264,-2.511,5.470,211.813562,-0.699449,4.42333384950928,159.9381,/T
2039-Mar-06 00:00,A,m,146.81562,14.57154,-2.508,5.471,2.437652,-0.694502,4.42899472517702,158.8215,/T
2039-Mar-07 00:00,A,m,146.70366,14.60975,-2.504,5.472,153.058579,-0.689542,4.43494221677901,157.7069,/T
2039-Mar-08 00:00,A,m,146.59336,14.64725,-2.500,5.473,303.676285,-0.684573,4.44117405162567,156.5946,/T
2039-Mar-09 00:00,A,m,146.48480,14.68402,-2.496,5.474,94.290727,-0.679599,4.44768628915570,155.4845,/T
2039-Mar-10 00:00,A,m,146.37804,14.72004,-2.491,5.475,244.901838,-0.674624,4.45447608106464,154.3769,/T
2039-Mar-11 00:00,A,m,146.27314,14.75530,-2.487,5.476,35.509593,-0.669651,4.46153997506220,153.2716,/T
2039-Mar-12 00:00,A,,146.17018,14.78976,-2.482,5.477,186.113930,-0.664685,4.46887543741002,152.1688,/T
2039-Mar-13 00:00,A,,146.06922,14.82341,-2.477,5.478,336.714801,-0.659729,4.47648019793952,151.0686,/T
2039-Mar-14 00:00,A,,145.97035,14.85622,-2.472,5.479,127.312155,-0.654787,4.48434986882712,149.9710,/T
2039-Mar-15 00:00,N,,145.87362,14.88819,-2.467,5.480,277.905950,-0.649864,4.49248207809902,148.8760,/T
2039-Mar-16 00:00,N,,145.77910,14.91930,-2.462,5.481,68.496150,-0.644963,4.50087278776838,147.7838,/T
2039-Mar-17 00:00,N,,145.68686,14.94953,-2.456,5.482,219.082701,-0.640091,4.50951925189179,146.6943,/T
2039-Mar-18 00:00,N,,145.59692,14.97888,-2.451,5.483,9.665584,-0.635250,4.51841747759038,145.6076,/T
2039-Mar-19 00:00,N,,145.50935,15.00734,-2.445,5.484,160.244744,-0.630445,4.52756475615431,144.5238,/T
2039-Mar-20 00:00,N,,145.42419,15.03489,-2.439,5.485,310.820145,-0.625681,4.53695808608415,143.4430,/T
2039-Mar-21 00:00,N,,145.34152,15.06151,-2.433,5.487,101.391743,-0.620963,4.54659251868561,142.3652,/T
2039-Mar-22 00:00,N,,145.26137,15.08720,-2.427,5.488,251.959511,-0.616293,4.55646459400507,141.2905,/T
2039-Mar-23 00:00,N,,145.18380,15.11193,-2.421,5.489,42.523424,-0.611677,4.56656918881002,140.2190,/T
2039-Mar-24 00:00,N,,145.10886,15.13570,-2.415,5.490,193.083448,-0.607119,4.57690257251928,139.1508,/T
2039-Mar-25 00:00,N,,145.03659,15.15850,-2.408,5.491,343.639583,-0.602621,4.58745933454319,138.0858,/T
2039-Mar-26 00:00,N,m,144.96705,15.18030,-2.402,5.492,134.191799,-0.598187,4.59823587896957,137.0242,/T
2039-Mar-27 00:00,N,m,144.90027,15.20111,-2.395,5.494,284.740083,-0.593821,4.60922804359915,135.9660,/T
2039-Mar-28 00:00,N,m,144.83631,15.22092,-2.389,5.495,75.284412,-0.589526,4.62043029131377,134.9113,/T
2039-Mar-29 00:00,N,m,144.77519,15.23971,-2.382,5.496,225.824786,-0.585304,4.63183823273178,133.8601,/T
2039-Mar-30 00:00,N,m,144.71695,15.25748,-2.375,5.497,16.361202,-0.581158,4.64344619772124,132.8124,/T
2039-Mar-31 00:00,N,m,144.66162,15.27423,-2.368,5.498,166.893654,-0.577092,4.65525009096098,131.7684,/T
2039-Apr-01 00:00,N,m,144.60921,15.28996,-2.361,5.500,317.422158,-0.573106,4.66724394300848,130.7279,/T
2039-Apr-02 00:00,N,m,144.55974,15.30466,-2.354,5.501,107.946708,-0.569205,4.67942409333138,129.6911,/T
2039-Apr-03 00:00,N,m,144.51321,15.31834,-2.347,5.502,258.467316,-0.565389,4.69178606282894,128.6580,/T
2039-Apr-04 00:00,N,m,144.46968,15.33099,-2.340,5.503,48.983972,-0.561661,4.70432457709118,127.6285,/T
2039-Apr-05 00:00,N,m,144.42912,15.34261,-2.333,5.504,199.496698,-0.558023,4.71703499937734,126.6028,/T
2039-Apr-06 00:00,N,m,144.39156,15.35320,-2.326,5.505,350.005505,-0.554477,4.72991181838538,125.5807,/T
2039-Apr-07 00:00,N,m,144.35701,15.36276,-2.319,5.506,140.510405,-0.551024,4.74295108861417,124.5624,/T
2039-Apr-08 00:00,N,m,144.32546,15.37128,-2.311,5.507,291.011429,-0.547666,4.75614689047067,123.5477,/T
2039-Apr-09 00:00,N,m,144.29694,15.37876,-2.304,5.509,81.508586,-0.544406,4.76949597678769,122.5367,/T
2039-Apr-10 00:00,N,,144.27145,15.38521,-2.297,5.510,232.001900,-0.541244,4.78299409983681,121.5294,/T
2039-Apr-11 00:00,N,,144.24902,15.39061,-2.289,5.511,22.491372,-0.538184,4.79663682954817,120.5257,/T
2039-Apr-12 00:00,N,,144.22966,15.39498,-2.282,5.512,172.977030,-0.535226,4.81041978165308,119.5257,/T
2039-Apr-13 00:00,C,,144.21336,15.39832,-2.274,5.513,323.458891,-0.532374,4.82433810726742,118.5292,/T
2039-Apr-14 00:00,C,,144.20013,15.40063,-2.267,5.514,113.936971,-0.529629,4.83838824043713,117.5363,/T
2039-Apr-15 00:00,C,,144.18995,15.40192,-2.260,5.515,264.411299,-0.526993,4.85256446412828,116.5471,/T
2039-Apr-16 00:00,C,,144.18282,15.40219,-2.252,5.516,54.881894,-0.524470,4.86686367947128,115.5614,/T
2039-Apr-17 00:00,C,,144.17873,15.40145,-2.245,5.516,205.348781,-0.522060,4.88128141111169,114.5792,/T
2039-Apr-18 00:00,C,,144.17769,15.39969,-2.237,5.517,355.811963,-0.519766,4.89581335772458,113.6007,/T
2039-Apr-19 00:00,C,,144.17970,15.39691,-2.230,5.518,146.271479,-0.517588,4.91045448855514,112.6257,/T
2039-Apr-20 00:00,C,,144.18476,15.39312,-2.222,5.519,296.727348,-0.515530,4.92519971682398,111.6544,/T
2039-Apr-21 00:00,C,,144.19287,15.38831,-2.215,5.520,87.179601,-0.513591,4.94004490270658,110.6866,/T
2039-Apr-22 00:00,C,,144.20403,15.38248,-2.207,5.521,237.628275,-0.511773,4.95498387552565,109.7225,/T
2039-Apr-23 00:00,C,,144.21823,15.37565,-2.200,5.521,28.073402,-0.510078,4.97001307784357,108.7619,/T
2039-Apr-24 00:00,C,m,144.23545,15.36780,-2.192,5.522,178.515022,-0.508505,4.98512755153428,107.8049,/T
2039-Apr-25 00:00,C,m,144.25571,15.35895,-2.185,5.523,328.953149,-0.507056,5.00032305853891,106.8516,/T
2039-Apr-26 00:00,C,m,144.27898,15.34910,-2.178,5.524,119.387836,-0.505731,5.01559409295103,105.9019,/T
2039-Apr-27 00:00,C,m,144.30526,15.33826,-2.170,5.524,269.819113,-0.504531,5.03093569285694,104.9557,/T
2039-Apr-28 00:00,C,m,144.33451,15.32643,-2.163,5.525,60.247025,-0.503455,5.04634354886482,104.0132,/T
2039-Apr-29 00:00,C,m,144.36673,15.31362,-2.156,5.525,210.671619,-0.502505,5.06181166980778,103.0742,/T
2039-Apr-30 00:00,C,m,144.40188,15.29983,-2.148,5.526,1.092940,-0.501680,5.07733656255640,102.1388,/T
2039-May-01 00:00,C,m,144.43993,15.28509,-2.141,5.526,151.511037,-0.500979,5.09291346969838,101.2069,/T
2039-May-02 00:00,C,m,144.48086,15.26939,-2.134,5.527,301.925934,-0.500404,5.10853883404112,100.2785,/T
2039-May-03 00:00,C,m,144.52465,15.25274,-2.127,5.527,92.337692,-0.499954,5.12420736496034,99.3537,/T
2039-May-04 00:00,C,m,144.57127,15.23514,-2.120,5.528,242.746346,-0.499629,5.13991489121088,98.4323,/T
2039-May-05 00:00,C,m,144.62070,15.21660,-2.113,5.528,33.151949,-0.499428,5.15565753435963,97.5143,/T
2039-May-06 00:00,C,m,144.67291,15.19712,-2.106,5.528,183.554545,-0.499352,5.17143019123830,96.5997,/T
2039-May-07 00:00,C,m,144.72788,15.17672,-2.099,5.529,333.954188,-0.499401,5.18722996034383,95.6885,/T
2039-May-08 00:00,C,m,144.78559,15.15539,-2.092,5.529,124.350923,-0.499574,5.20305290561888,94.7805,/T
2039-May-09 00:00,C,,144.84603,15.13314,-2.085,5.529,274.744775,-0.499872,5.21889658889124,93.8758,/T
2039-May-10 00:00,*,,144.90918,15.10998,-2.078,5.530,65.135798,-0.500295,5.23475636140555,92.9743,/T
2039-May-11 00:00,*,,144.97501,15.08591,-2.071,5.530,215.524021,-0.500844,5.25062902454441,92.0759,/T
2039-May-12 00:00,*,,145.04349,15.06096,-2.064,5.530,5.909493,-0.501519,5.26651105041101,91.1807,/T
2039-May-13 00:00,*,,145.11459,15.03513,-2.058,5.530,156.292246,-0.502320,5.28239795019036,90.2885,/T
2039-May-14 00:00,*,,145.18826,15.00842,-2.051,5.530,306.672332,-0.503249,5.29828670361665,89.3993,/T
2039-May-15 00:00,*,,145.26449,14.98085,-2.044,5.530,97.049790,-0.504305,5.31417334594271,88.5130,/T
2039-May-16 00:00,*,,145.34326,14.95241,-2.038,5.530,247.424649,-0.505488,5.33005538846887,87.6298,/T
2039-May-17 00:00,*,,145.42455,14.92310,-2.031,5.530,37.796957,-0.506799,5.34592772896208,86.7495,/T
2039-May-18 00:00,*,,145.50834,14.89294,-2.025,5.530,188.166748,-0.508237,5.36178701367605,85.8720,/T
2039-May-19 00:00,*,,145.59460,14.86192,-2.019,5.530,338.534076,-0.509802,5.37762915515889,84.9975,/T
2039-May-20 00:00,*,,145.68333,14.83004,-2.012,5.530,128.898975,-0.511494,5.39344971300302,84.1259,/T
2039-May-21 00:00,*,,145.77448,14.79733,-2.006,5.530,279.261507,-0.513313,5.40924520172255,83.2571,/T
2039-May-22 00:00,*,,145.86803,14.76378,-2.000,5.530,69.621714,-0.515257,5.42501170331423,82.3911,/T
2039-May-23 00:00,*,,145.96397,14.72939,-1.994,5.530,219.979632,-0.517326,5.44074687177599,81.5279,/T
2039-May-24 00:00,*,m,146.06226,14.69419,-1.988,5.530,10.335310,-0.519519,5.45644568943933,80.6675,/T
2039-May-25 00:00,*,m,146.16287,14.65816,-1.982,5.530,160.688788,-0.521836,5.47210513799808,79.8099,/T
2039-May-26 00:00,*,m,146.26577,14.62133,-1.976,5.529,311.040123,-0.524275,5.48772112906898,78.9550,/T
2039-May-27 00:00,*,m,146.37093,14.58370,-1.970,5.529,101.389350,-0.526836,5.50328979884813,78.1029,/T
2039-May-28 00:00,*,m,146.47831,14.54528,-1.964,5.529,251.736534,-0.529518,5.51880759512567,77.2534,/T
2039-May-29 00:00,*,m,146.58786,14.50609,-1.959,5.529,42.081719,-0.532320,5.53427106565387,76.4066,/T
2039-May-30 00:00,*,m,146.69956,14.46612,-1.953,5.528,192.424945,-0.535240,5.54967825062378,75.5624,/T
2039-May-31 00:00,*,m,146.81337,14.42538,-1.947,5.528,342.766262,-0.538279,5.56502463095702,74.7209,/T
2039-Jun-01 00:00,*,m,146.92928,14.38388,-1.942,5.528,133.105710,-0.541433,5.58030779721490,73.8819,/T
2039-Jun-02 00:00,*,m,147.04723,14.34163,-1.936,5.527,283.443345,-0.544704,5.59552406863244,73.0454,/T
2039-Jun-03 00:00,*,m,147.16722,14.29862,-1.931,5.527,73.779202,-0.548090,5.61067058928571,72.2115,/T
2039-Jun-04 00:00,*,m,147.28920,14.25487,-1.926,5.526,224.113344,-0.551590,5.62574421077840,71.3800,/T
2039-Jun-05 00:00,*,m,147.41316,14.21039,-1.920,5.526,14.445809,-0.555204,5.64074249854013,70.5508,/T
2039-Jun-06 00:00,*,m,147.53907,14.16518,-1.915,5.525,164.776636,-0.558930,5.65566430775346,69.7241,/T
2039-Jun-07 00:00,*,,147.66690,14.11925,-1.910,5.525,315.105861,-0.562769,5.67050615906142,68.8995,/T
2039-Jun-08 00:00,*,,147.79663,14.07261,-1.905,5.524,105.433518,-0.566721,5.68526647255622,68.0773,/T
2039-Jun-09 00:00,*,,147.92821,14.02527,-1.900,5.524,255.759652,-0.570785,5.69994208043829,67.2571,/T
2039-Jun-10 00:00,*,,148.06161,13.97724,-1.895,5.523,46.084285,-0.574960,5.71453085967501,66.4391,/T
2039-Jun-11 00:00,*,,148.19680,13.92853,-1.890,5.523,196.407473,-0.579248,5.72902948883691,65.6232,/T
2039-Jun-12 00:00,*,,148.33375,13.87914,-1.885,5.522,346.729244,-0.583647,5.74343565307682,64.8093,/T
2039-Jun-13 00:00,*,,148.47243,13.82907,-1.881,5.522,137.049636,-0.588156,5.75774778166048,63.9974,/T
2039-Jun-14 00:00,*,,148.61284,13.77834,-1.876,5.521,287.368679,-0.592776,5.77196223010879,63.1875,/T
2039-Jun-15 00:00,*,,148.75495,13.72693,-1.872,5.521,77.686409,-0.597506,5.78607690113039,62.3794,/T
2039-Jun-16 00:00,*,,148.89875,13.67485,-1.867,5.520,228.002871,-0.602344,5.80008810895743,61.5733,/T
2039-Jun-17 00:00,*,,149.04422,13.62211,-1.863,5.519,18.318093,-0.607289,5.81399361662104,60.7691,/T
2039-Jun-18 00:00,*,,149.19132,13.56872,-1.858,5.519,168.632131,-0.612342,5.82778953062785,59.9667,/T
2039-Jun-19 00:00,*,,149.34003,13.51468,-1.854,5.518,318.945019,-0.617500,5.84147357904546,59.1662,/T
2039-Jun-20 00:00,*,,149.49032,13.46001,-1.850,5.517,109.256802,-0.622763,5.85504395748746,58.3674,/T
2039-Jun-21 00:00,*,,149.64218,13.40470,-1.845,5.517,259.567508,-0.628130,5.86849743333502,57.5705,/T
2039-Jun-22 00:00,*,m,149.79555,13.34877,-1.841,5.516,49.877180,-0.633599,5.88183197497990,56.7753,/T
2039-Jun-23 00:00,*,m,149.95042,13.29222,-1.837,5.515,200.185861,-0.639169,5.89504416861646,55.9818,/T
2039-Jun-24 00:00,*,m,150.10676,13.23507,-1.833,5.515,350.493582,-0.644839,5.90813230313224,55.1900,/T
2039-Jun-25 00:00,*,m,150.26452,13.17732,-1.829,5.514,140.800397,-0.650607,5.92109262581260,54.4000,/T
2039-Jun-26 00:00,*,m,150.42368,13.11898,-1.825,5.513,291.106342,-0.656473,5.93392345079254,53.6116,/T
2039-Jun-27 00:00,*,m,150.58419,13.06006,-1.822,5.513,81.411461,-0.662435,5.94662318667749,52.8248,/T
2039-Jun-28 00:00,*,m,150.74605,13.00057,-1.818,5.512,231.715780,-0.668492,5.95918948330243,52.0397,/T
2039-Jun-29 00:00,*,m,150.90922,12.94050,-1.814,5.511,22.019341,-0.674642,5.97162067064965,51.2561,/T
2039-Jun-30 00:00,*,m,151.07368,12.87987,-1.811,5.510,172.322182,-0.680885,5.98391399588421,50.4741,/T
2039-Jul-01 00:00,*,m,151.23941,12.81868,-1.807,5.510,322.624332,-0.687220,5.99606847857519,49.6937,/T
2039-Jul-02 00:00,*,m,151.40640,12.75693,-1.803,5.509,112.925839,-0.693645,6.00808085592807,48.9147,/T
2039-Jul-03 00:00,*,m,151.57461,12.69463,-1.800,5.508,263.226734,-0.700160,6.01995022633834,48.1372,/T
2039-Jul-04 00:00,*,m,151.74402,12.63180,-1.797,5.508,53.527057,-0.706765,6.03167540372250,47.3610,/T
2039-Jul-05 00:00,*,m,151.91460,12.56844,-1.793,5.507,203.826823,-0.713458,6.04325509640160,46.5863,/T
2039-Jul-06 00:00,*,,152.08633,12.50456,-1.790,5.506,354.126070,-0.720240,6.05468798973003,45.8128,/T
2039-Jul-07 00:00,*,,152.25918,12.44017,-1.787,5.505,144.424824,-0.727109,6.06597194090094,45.0406,/T
2039-Jul-08 00:00,*,,152.43312,12.37529,-1.784,5.505,294.723106,-0.734066,6.07710629125201,44.2695,/T
2039-Jul-09 00:00,*,,152.60811,12.30991,-1.781,5.504,85.020955,-0.741110,6.08808782236021,43.4997,/T
2039-Jul-10 00:00,*,,152.78415,12.24404,-1.778,5.503,235.318395,-0.748240,6.09891559939170,42.7309,/T
2039-Jul-11 00:00,*,,152.96121,12.17768,-1.775,5.502,25.615466,-0.755456,6.10958792855690,41.9632,/T
2039-Jul-12 00:00,*,,153.13928,12.11084,-1.772,5.502,175.912180,-0.762757,6.12010357865881,41.1965,/T
2039-Jul-13 00:00,*,,153.31835,12.04352,-1.769,5.501,326.208573,-0.770142,6.13046059578335,40.4308,/T
2039-Jul-14 00:00,*,,153.49841,11.97573,-1.766,5.500,116.504670,-0.777609,6.14065666899402,39.6661,/T
2039-Jul-15 00:00,*,,153.67943,11.90746,-1.764,5.500,266.800499,-0.785159,6.15069076089980,38.9023,/T
2039-Jul-16 00:00,*,,153.86140,11.83873,-1.761,5.499,57.096095,-0.792789,6.16055945577322,38.1395,/T
2039-Jul-17 00:00,*,,154.04429,11.76954,-1.758,5.498,207.391491,-0.800500,6.17026163518185,37.3775,/T
2039-Jul-18 00:00,*,,154.22808,11.69990,-1.756,5.498,357.686727,-0.808289,6.17979528239315,36.6164,/T
2039-Jul-19 00:00,*,,154.41275,11.62983,-1.753,5.497,147.981817,-0.816155,6.18915952993320,35.8562,/T
2039-Jul-20 00:00,*,,154.59826,11.55932,-1.751,5.496,298.276802,-0.824097,6.19835222961870,35.0968,/T
2039-Jul-21 00:00,*,m,154.78460,11.48839,-1.748,5.496,88.571707,-0.832114,6.20737143971698,34.3383,/T
2039-Jul-22 00:00,*,m,154.97174,11.41705,-1.746,5.495,238.866565,-0.840205,6.21621617674402,33.5805,/T
2039-Jul-23 00:00,*,m,155.15966,11.34530,-1.744,5.494,29.161407,-0.848368,6.22488343663693,32.8235,/T
2039-Jul-24 00:00,*,m,155.34831,11.27315,-1.742,5.494,179.456271,-0.856602,6.23337234226390,32.0673,/T
2039-Jul-25 00:00,*,m,155.53768,11.20062,-1.739,5.493,329.751196,-0.864906,6.24168111085807,31.3118,/T
2039-Jul-26 00:00,*,m,155.72775,11.12770,-1.737,5.493,120.046198,-0.873279,6.24980970888994,30.5571,/T
2039-Jul-27 00:00,*,m,155.91849,11.05440,-1.735,5.492,270.341316,-0.881720,6.25775636768752,29.8030,/T
2039-Jul-28 00:00,*,m,156.10990,10.98073,-1.733,5.491,60.636571,-0.890226,6.26552008980125,29.0497,/T
2039-Jul-29 00:00,*,m,156.30196,10.90670,-1.731,5.491,210.931993,-0.898798,6.27310042331546,28.2970,/T
2039-Jul-30 00:00,*,m,156.49465,10.83230,-1.729,5.490,1.227608,-0.907435,6.28049535807207,27.5450,/T
2039-Jul-31 00:00,*,m,156.68795,10.75755,-1.727,5.490,151.523445,-0.916136,6.28770458089822,26.7936,/T
2039-Aug-01 00:00,*,m,156.88183,10.68247,-1.726,5.489,301.819537,-0.924901,6.29472686447227,26.0427,/T
2039-Aug-02 00:00,*,m,157.07628,10.60705,-1.724,5.489,92.115895,-0.933728,6.30156300837369,25.2924,/T
2039-Aug-03 00:00,*,m,157.27126,10.53132,-1.722,5.488,242.412547,-0.942617,6.30821153771330,24.5426,/T
2039-Aug-04 00:00,*,,157.46676,10.45528,-1.721,5.488,32.709505,-0.951569,6.31467202180051,23.7932,/T
2039-Aug-05 00:00,*,,157.66275,10.37893,-1.719,5.487,183.006795,-0.960581,6.32094388707164,23.0443,/T
2039-Aug-06 00:00,*,,157.85921,10.30229,-1.717,5.487,333.304430,-0.969654,6.32702536756792,22.2957,/T
2039-Aug-07 00:00,*,,158.05614,10.22535,-1.716,5.486,123.602441,-0.978787,6.33291566692188,21.5475,/T
2039-Aug-08 00:00,*,,158.25352,10.14812,-1.714,5.486,273.900857,-0.987980,6.33861312179931,20.7996,/T
2039-Aug-09 00:00,*,,158.45133,10.07061,-1.713,5.486,64.199690,-0.997231,6.34411822835278,20.0519,/T
2039-Aug-10 00:00,*,,158.64957,9.99282,-1.712,5.485,214.498968,-1.006540,6.34942896497178,19.3045,/T
2039-Aug-11 00:00,*,,158.84823,9.91475,-1.710,5.485,4.798706,-1.015906,6.35454475196414,18.5573,/T
2039-Aug-12 00:00,C,,159.04729,9.83641,-1.709,5.485,155.098936,-1.025327,6.35946447477283,17.8102,/T
2039-Aug-13 00:00,C,,159.24674,9.75781,-1.708,5.484,305.399671,-1.034802,6.36418656856164,17.0634,/T
2039-Aug-14 00:00,C,,159.44655,9.67896,-1.707,5.484,95.700948,-1.044331,6.36870989617177,16.3168,/T
2039-Aug-15 00:00,C,,159.64670,9.59986,-1.706,5.484,246.002794,-1.053912,6.37303283882234,15.5703,/T
2039-Aug-16 00:00,C,,159.84718,9.52054,-1.705,5.483,36.305231,-1.063544,6.37715602837819,14.8239,/T
2039-Aug-17 00:00,C,,160.04794,9.44099,-1.704,5.483,186.608283,-1.073226,6.38107757588886,14.0778,/T
2039-Aug-18 00:00,C,,160.24899,9.36122,-1.703,5.483,336.911970,-1.082956,6.38479727589313,13.3318,/T
2039-Aug-19 00:00,C,,160.45029,9.28125,-1.702,5.483,127.216323,-1.092733,6.38831398112001,12.5859,/T
2039-Aug-20 00:00,C,m,160.65182,9.20108,-1.701,5.482,277.521357,-1.102557,6.39162676492363,11.8404,/T
2039-Aug-21 00:00,C,m,160.85356,9.12072,-1.700,5.482,67.827110,-1.112425,6.39473446824660,11.0950,/T
2039-Aug-22 00:00,C,m,161.05549,9.04018,-1.699,5.482,218.133609,-1.122338,6.39763588926967,10.3500,/T
2039-Aug-23 00:00,C,m,161.25759,8.95947,-1.698,5.482,8.440878,-1.132293,6.40033200221614,9.6054,/T
2039-Aug-24 00:00,C,m,161.45984,8.87859,-1.698,5.482,158.748941,-1.142290,6.40282149668866,8.8612,/T
2039-Aug-25 00:00,C,m,161.66224,8.79755,-1.697,5.482,309.057815,-1.152327,6.40510488873623,8.1177,/T
2039-Aug-26 00:00,C,m,161.86477,8.71636,-1.697,5.482,99.367532,-1.162404,6.40718149118760,7.3751,/T
2039-Aug-27 00:00,C,m,162.06742,8.63503,-1.696,5.482,249.678100,-1.172521,6.40905148719046,6.6336,/T
2039-Aug-28 00:00,C,m,162.27016,8.55355,-1.695,5.482,39.989552,-1.182675,6.41071414453877,5.8938,/T
2039-Aug-29 00:00,C,m,162.47297,8.47196,-1.695,5.482,190.301908,-1.192868,6.41216908624481,5.1563,/T
2039-Aug-30 00:00,C,m,162.67583,8.39026,-1.695,5.482,340.615189,-1.203099,6.41341772977914,4.4225,/T
2039-Aug-31 00:00,N,m,162.87870,8.30847,-1.694,5.482,130.929408,-1.213366,6.41445942521188,3.6947,/T
2039-Sep-01 00:00,N,m,163.08158,8.22658,-1.694,5.482,281.244576,-1.223669,6.41529508322636,2.9773,/T
2039-Sep-02 00:00,N,m,163.28445,8.14462,-1.694,5.482,71.560719,-1.234008,6.41592402210312,2.2806,/T
2039-Sep-03 00:00,N,m,163.48729,8.06259,-1.693,5.482,221.877836,-1.244382,6.41634675445861,1.6315,/T
2039-Sep-04 00:00,N,,163.69010,7.98052,-1.693,5.482,12.195959,-1.254791,6.41656207273494,1.1176,/T
2039-Sep-05 00:00,N,,163.89278,7.89839,-1.693,5.482,162.515102,-1.265233,6.41656942210700,0.9819,/T
2039-Sep-06 00:00,N,,164.09541,7.81611,-1.693,5.482,312.835291,-1.275708,6.41636953026004,1.3452,/L
2039-Sep-07 00:00,N,,164.29802,7.73378,-1.693,5.482,103.156538,-1.286215,6.41596153001090,1.9461,/L
2039-Sep-08 00:00,N,,164.50056,7.65142,-1.693,5.482,253.478859,-1.296752,6.41534587498090,2.6269,/L
2039-Sep-09 00:00,N,,164.70300,7.56903,-1.694,5.482,43.802282,-1.307320,6.41452143711770,3.3394,/L
2039-Sep-10 00:00,N,,164.90533,7.48661,-1.694,5.482,194.126812,-1.317916,6.41348876634298,4.0673,/L
2039-Sep-11 00:00,N,,165.10753,7.40417,-1.694,5.483,344.452484,-1.328539,6.41224629164434,4.8041,/L
2039-Sep-12 00:00,N,,165.30958,7.32172,-1.694,5.483,134.779317,-1.339190,6.41079360752742,5.5463,/L
2039-Sep-13 00:00,N,,165.51145,7.23927,-1.695,5.483,285.107342,-1.349865,6.40913119609239,6.2925,/L
2039-Sep-14 00:00,N,,165.71312,7.15684,-1.695,5.483,75.436572,-1.360565,6.40725866538198,7.0415,/L
2039-Sep-15 00:00,N,,165.91456,7.07443,-1.695,5.483,225.767032,-1.371288,6.40517662054841,7.7929,/L
2039-Sep-16 00:00,N,,166.11576,6.99205,-1.696,5.484,16.098746,-1.382032,6.40288424238892,8.5461,/L
2039-Sep-17 00:00,N,,166.31669,6.90972,-1.697,5.484,166.431724,-1.392797,6.40038267106754,9.3009,/L
2039-Sep-18 00:00,N,,166.51734,6.82743,-1.697,5.484,316.766001,-1.403581,6.39767062314885,10.0572,/L
2039-Sep-19 00:00,A,,166.71769,6.74521,-1.698,5.484,107.101595,-1.414384,6.39474835665427,10.8149,/L
2039-Sep-20 00:00,A,m,166.91771,6.66306,-1.698,5.485,257.438541,-1.425204,6.39161655139192,11.5737,/L
2039-Sep-21 00:00,A,m,167.11740,6.58098,-1.699,5.485,47.776849,-1.436040,6.38827578261818,12.3338,/L
2039-Sep-22 00:00,A,m,167.31673,6.49899,-1.700,5.485,198.116542,-1.446892,6.38472717336080,13.0949,/L
2039-Sep-23 00:00,A,m,167.51571,6.41710,-1.701,5.486,348.457641,-1.457759,6.38097068923128,13.8571,/L
2039-Sep-24 00:00,A,m,167.71430,6.33531,-1.702,5.486,138.800154,-1.468640,6.37700830554132,14.6204,/L
2039-Sep-25 00:00,A,m,167.91248,6.25364,-1.703,5.487,289.144106,-1.479535,6.37283936127581,15.3847,/L
2039-Sep-26 00:00,A,m,168.11024,6.17210,-1.704,5.487,79.489511,-1.490442,6.36846485679929,16.1500,/L
2039-Sep-27 00:00,A,m,168.30753,6.09071,-1.705,5.488,229.836398,-1.501362,6.36388559150156,16.9164,/L
2039-Sep-28 00:00,A,m,168.50434,6.00948,-1.706,5.488,20.184771,-1.512294,6.35910285148342,17.6838,/L
2039-Sep-29 00:00,A,m,168.70064,5.92842,-1.707,5.489,170.534650,-1.523237,6.35411776356517,18.4523,/L
2039-Sep-30 00:00,A,m,168.89643,5.84753,-1.708,5.489,320.886048,-1.534191,6.34893050994071,19.2219,/L
2039-Oct-01 00:00,A,m,169.09169,5.76683,-1.709,5.490,111.238973,-1.545155,6.34354303617285,19.9926,/L
2039-Oct-02 00:00,A,m,169.28640,5.68631,-1.711,5.490,261.593444,-1.556128,6.33795457763319,20.7644,/L
2039-Oct-03 00:00,A,m,169.48057,5.60598,-1.712,5.491,51.949475,-1.567110,6.33216601815397,21.5374,/L
2039-Oct-04 00:00,A,m,169.67417,5.52586,-1.713,5.491,202.307099,-1.578099,6.32617755880307,22.3116,/L
2039-Oct-05 00:00,A,,169.86719,5.44595,-1.715,5.492,352.666317,-1.589094,6.31999057288248,23.0871,/L
2039-Oct-06 00:00,A,,170.05961,5.36627,-1.716,5.493,143.027156,-1.600095,6.31360572416526,23.8638,/L
2039-Oct-07 00:00,A,,170.25142,5.28681,-1.718,5.493,293.389629,-1.611100,6.30702321209704,24.6418,/L
2039-Oct-08 00:00,,,170.44259,5.20759,-1.719,5.494,83.753750,-1.622109,6.30024477667660,25.4212,/L
2039-Oct-09 00:00,,,170.63311,5.12862,-1.721,5.494,234.119539,-1.633119,6.29326972993860,26.2019,/L
2039-Oct-10 00:00,,,170.82296,5.04991,-1.723,5.495,24.487015,-1.644130,6.28609899458988,26.9839,/L
2039-Oct-11 00:00,,,171.01210,4.97148,-1.724,5.496,174.856214,-1.655141,6.27873252711845,27.7674,/L
2039-Oct-12 00:00,,,171.20051,4.89334,-1.726,5.497,325.227142,-1.666151,6.27117211735815,28.5523,/L
2039-Oct-13 00:00,,,171.38815,4.81551,-1.728,5.497,115.599830,-1.677158,6.26341837582822,29.3386,/L
2039-Oct-14 00:00,,,171.57503,4.73798,-1.730,5.498,265.974292,-1.688161,6.25547199597054,30.1264,/L
2039-Oct-15 00:00,,,171.76109,4.66078,-1.732,5.499,56.350550,-1.699159,6.24733488311689,30.9157,/L
2039-Oct-16 00:00,,,171.94633,4.58391,-1.734,5.499,206.728623,-1.710151,6.23900700166410,31.7064,/L
2039-Oct-17 00:00,,,172.13074,4.50738,-1.736,5.500,357.108533,-1.721136,6.23048977787557,32.4987,/L
2039-Oct-18 00:00,,,172.31428,4.43121,-1.738,5.501,147.490317,-1.732113,6.22178357212845,33.2925,/L
2039-Oct-19 00:00,,,172.49694,4.35541,-1.740,5.502,297.873983,-1.743081,6.21289116291404,34.0878,/L
2039-Oct-20 00:00,,,172.67869,4.27998,-1.743,5.503,88.259560,-1.754040,6.20381380873729,34.8846,/L
2039-Oct-21 00:00,,m,172.85952,4.20494,-1.745,5.503,238.647058,-1.764987,6.19455339311349,35.6830,/L
2039-Oct-22 00:00,,m,173.03940,4.13031,-1.747,5.504,29.036496,-1.775923,6.18511252639259,36.4829,/L
2039-Oct-23 00:00,,m,173.21830,4.05609,-1.750,5.505,179.427883,-1.786848,6.17549235698507,37.2843,/L
2039-Oct-24 00:00,,m,173.39620,3.98230,-1.752,5.506,329.821235,-1.797760,6.16569497570787,38.0873,/L
2039-Oct-25 00:00,,m,173.57306,3.90895,-1.755,5.507,120.216579,-1.808659,6.15572115238558,38.8918,/L
2039-Oct-26 00:00,,m,173.74885,3.83607,-1.758,5.507,270.613920,-1.819544,6.14557416591884,39.6980,/L
2039-Oct-27 00:00,,m,173.92356,3.76366,-1.760,5.508,61.013277,-1.830415,6.13525525288514,40.5057,/L
2039-Oct-28 00:00,,m,174.09718,3.69172,-1.763,5.509,211.414657,-1.841271,6.12476652281439,41.3152,/L
2039-Oct-29 00:00,,m,174.26967,3.62027,-1.766,5.510,1.818079,-1.852110,6.11411014070874,42.1263,/L
2039-Oct-30 00:00,,m,174.44104,3.54930,-1.769,5.511,152.223547,-1.862933,6.10328736319023,42.9391,/L
2039-Oct-31 00:00,,m,174.61127,3.47884,-1.772,5.512,302.631080,-1.873737,6.09229985542016,43.7536,/L
2039-Nov-01 00:00,,m,174.78034,3.40889,-1.775,5.513,93.040704,-1.884523,6.08114803915414,44.5700,/L
2039-Nov-02 00:00,,m,174.94823,3.33946,-1.778,5.513,243.452430,-1.895289,6.06983500701656,45.3881,/L
2039-Nov-03 00:00,,m,175.11491,3.27056,-1.781,5.514,33.866282,-1.906034,6.05836172965572,46.2081,/L
2039-Nov-04 00:00,,m,175.28036,3.20220,-1.784,5.515,184.282269,-1.916756,6.04673048689702,47.0301,/L
2039-Nov-05 00:00,,,175.44455,3.13441,-1.787,5.516,334.700417,-1.927454,6.03494318493864,47.8539,/L
2039-Nov-06 00:00,,,175.60747,3.06718,-1.791,5.517,125.120729,-1.938127,6.02300159778582,48.6797,/L
2039-Nov-07 00:00,,,175.76907,3.00053,-1.794,5.518,275.543231,-1.948774,6.01090741240303,49.5075,/L
2039-Nov-08 00:00,,,175.92933,2.93448,-1.797,5.519,65.967948,-1.959394,5.99866132225223,50.3373,/L
2039-Nov-09 00:00,,,176.08823,2.86904,-1.801,5.519,216.394899,-1.969984,5.98626665749708,51.1692,/L
2039-Nov-10 00:00,,,176.24572,2.80422,-1.804,5.520,6.824106,-1.980545,5.97372467836075,52.0031,/L
2039-Nov-11 00:00,,,176.40178,2.74005,-1.808,5.521,157.255582,-1.991074,5.96103821257929,52.8391,/L
2039-Nov-12 00:00,,,176.55638,2.67652,-1.812,5.522,307.689356,-2.001570,5.94820927994069,53.6773,/L
2039-Nov-13 00:00,,,176.70951,2.61365,-1.816,5.523,98.125431,-2.012032,5.93524049924154,54.5177,/L
2039-Nov-14 00:00,,,176.86114,2.55145,-1.819,5.524,248.563837,-2.022459,5.92213387573360,55.3602,/L
2039-Nov-15 00:00,,,177.01126,2.48994,-1.823,5.524,39.004596,-2.032850,5.90889080443439,56.2048,/L
2039-Nov-16 00:00,,,177.15982,2.42911,-1.827,5.525,189.447732,-2.043204,5.89551516942093,57.0517,/L
2039-Nov-17 00:00,,,177.30681,2.36900,-1.831,5.526,339.893263,-2.053519,5.88200908871341,57.9007,/L
2039-Nov-18 00:00,,,177.45219,2.30961,-1.835,5.527,130.341201,-2.063796,5.86837642782634,58.7520,/L
2039-Nov-19 00:00,,,177.59593,2.25096,-1.840,5.528,280.791571,-2.074033,5.85461990950490,59.6055,/L
2039-Nov-20 00:00,,m,177.73800,2.19306,-1.844,5.528,71.244369,-2.084228,5.84074345584372,60.4611,/L
2039-Nov-21 00:00,,m,177.87836,2.13594,-1.848,5.529,221.699616,-2.094383,5.82674970655507,61.3190,/L
2039-Nov-22 00:00,,m,178.01698,2.07960,-1.853,5.530,12.157323,-2.104495,5.81264089081696,62.1791,/L
2039-Nov-23 00:00,,m,178.15383,2.02405,-1.857,5.531,162.617509,-2.114565,5.79842111698331,63.0414,/L
2039-Nov-24 00:00,,m,178.28890,1.96932,-1.862,5.531,313.080184,-2.124590,5.78409286699153,63.9060,/L
2039-Nov-25 00:00,,m,178.42216,1.91540,-1.866,5.532,103.545354,-2.134570,5.76966011826008,64.7728,/L
2039-Nov-26 00:00,,m,178.55358,1.86231,-1.871,5.533,254.013039,-2.144504,5.75512529557584,65.6420,/L
2039-Nov-27 00:00,,m,178.68317,1.81005,-1.876,5.534,44.483234,-2.154389,5.74049244387362,66.5135,/L
2039-Nov-28 00:00,,m,178.81090,1.75863,-1.880,5.534,194.955959,-2.164226,5.72576377557815,67.3874,/L
2039-Nov-29 00:00,,m,178.93674,1.70805,-1.885,5.535,345.431222,-2.174012,5.71094147771594,68.2637,/L
2039-Nov-30 00:00,,m,179.06067,1.65835,-1.890,5.536,135.909049,-2.183746,5.69602912268489,69.1424,/L
2039-Dec-01 00:00,,m,179.18267,1.60951,-1.895,5.536,286.389449,-2.193428,5.68102919885454,70.0236,/L
2039-Dec-02 00:00,,m,179.30269,1.56157,-1.900,5.537,76.872435,-2.203054,5.66594556664132,70.9073,/L
2039-Dec-03 00:00,,m,179.42072,1.51453,-1.906,5.537,227.358027,-2.212624,5.65078050175830,71.7935,/L
2039-Dec-04 00:00,,m,179.53671,1.46840,-1.911,5.538,17.846227,-2.222135,5.63553837235788,72.6823,/L
2039-Dec-05 00:00,,,179.65065,1.42319,-1.916,5.538,168.337055,-2.231587,5.62022141124994,73.5737,/L
2039-Dec-06 00:00,,,179.76250,1.37893,-1.921,5.539,318.830523,-2.240978,5.60483229116738,74.4677,/L
2039-Dec-07 00:00,,,179.87223,1.33562,-1.927,5.539,109.326660,-2.250306,5.58937455941822,75.3644,/L
2039-Dec-08 00:00,,,179.97980,1.29328,-1.932,5.540,259.825474,-2.259569,5.57385134437881,76.2639,/L
2039-Dec-09 00:00,,,180.08518,1.25192,-1.938,5.540,50.326983,-2.268766,5.55826690427378,77.1660,/L
2039-Dec-10 00:00,,,180.18834,1.21155,-1.944,5.541,200.831208,-2.277895,5.54262401148704,78.0709,/L
2039-Dec-11 00:00,,,180.28927,1.17219,-1.949,5.541,351.338149,-2.286954,5.52692781644935,78.9786,/L
2039-Dec-12 00:00,,,180.38793,1.13384,-1.955,5.542,141.847826,-2.295943,5.51118114307226,79.8892,/L
2039-Dec-13 00:00,,,180.48432,1.09651,-1.961,5.542,292.360244,-2.304858,5.49538764482696,80.8025,/L
2039-Dec-14 00:00,,,180.57840,1.06021,-1.967,5.542,82.875435,-2.313700,5.47955129366034,81.7187,/L
2039-Dec-15 00:00,,,180.67013,1.02496,-1.973,5.542,233.393399,-2.322467,5.46367633952560,82.6377,/L
2039-Dec-16 00:00,,,180.75949,0.99078,-1.979,5.543,23.914150,-2.331157,5.44776778876502,83.5595,/L
2039-Dec-17 00:00,,,180.84644,0.95767,-1.985,5.543,174.437697,-2.339770,5.43182932278696,84.4842,/L
2039-Dec-18 00:00,,,180.93095,0.92565,-1.991,5.543,324.964035,-2.348303,5.41586698389994,85.4117,/L
2039-Dec-19 00:00,,m,181.01297,0.89474,-1.997,5.543,115.493170,-2.356756,5.39988426311005,86.3420,/L
2039-Dec-20 00:00,,m,181.09251,0.86494,-2.004,5.544,266.025095,-2.365127,5.38388554295716,87.2751,/L
2039-Dec-21 00:00,,m,181.16951,0.83627,-2.010,5.544,56.559832,-2.373415,5.36787471571573,88.2111,/L
2039-Dec-22 00:00,,m,181.24398,0.80872,-2.016,5.544,207.097371,-2.381619,5.35185638948370,89.1499,/L
2039-Dec-23 00:00,,m,181.31589,0.78232,-2.023,5.544,357.637720,-2.389737,5.33583528807714,90.0916,/L
2039-Dec-24 00:00,,m,181.38523,0.75706,-2.029,5.544,148.180878,-2.397767,5.31981498046424,91.0361,/L
2039-Dec-25 00:00,,m,181.45198,0.73294,-2.036,5.544,298.726843,-2.405707,5.30380122827199,91.9834,/L
2039-Dec-26 00:00,,m,181.51613,0.70998,-2.042,5.544,89.275613,-2.413555,5.28779732159127,92.9337,/L
2039-Dec-27 00:00,,m,181.57767,0.68818,-2.049,5.544,239.827180,-2.421309,5.27180762631603,93.8869,/L
2039-Dec-28 00:00,,m,181.63656,0.66755,-2.056,5.544,30.381563,-2.428967,5.25583554340460,94.8430,/L
2039-Dec-29 00:00,,m,181.69279,0.64809,-2.062,5.544,180.938752,-2.436528,5.23988585292577,95.8021,/L
2039-Dec-30 00:00,,m,181.74632,0.62982,-2.069,5.543,331.498755,-2.443988,5.22396301557965,96.7642,/L
2039-Dec-31 00:00,,m,181.79714,0.61275,-2.076,5.543,122.061569,-2.451346,5.20807075717426,97.7293,/L
2040-Jan-01 00:00,,m,181.84523,0.59688,-2.083,5.543,272.627191,-2.458600,5.19221476637177,98.6974,/L
