date_utc,twilight,moon,ra_deg,dec_deg,mag,surf_brt,sub_lon,sub_lat,distance_au,elong_deg,elong_dir
2020-Jan-01 00:00,,m,293.11467,-21.68433,0.591,6.202,87.281985,28.187725,10.9964202778605,11.3873,/T
2020-Jan-02 00:00,,m,293.23932,-21.66721,0.587,6.198,177.938020,28.153232,10.9995201220731,10.4850,/T
2020-Jan-03 00:00,,m,293.36416,-21.64995,0.583,6.193,268.595095,28.118552,11.0023614378338,9.5829,/T
2020-Jan-04 00:00,,m,293.48919,-21.63257,0.578,6.188,359.253232,28.083690,11.0049439262375,8.6811,/T
2020-Jan-05 00:00,,m,293.61439,-21.61505,0.572,6.181,89.912453,28.048652,11.0072673956935,7.7796,/T
2020-Jan-06 00:00,,m,293.73973,-21.59741,0.564,6.173,180.572779,28.013444,11.0093316404074,6.8783,/T
2020-Jan-07 00:00,,m,293.86521,-21.57964,0.556,6.165,271.234230,27.978070,11.0111365880931,5.9772,/T
2020-Jan-08 00:00,,m,293.99081,-21.56176,0.545,6.154,1.896825,27.942538,11.0126821713683,5.0764,/T
2020-Jan-09 00:00,,m,294.11650,-21.54376,0.533,6.142,92.560583,27.906852,11.0139682721221,4.1757,/T
2020-Jan-10 00:00,,m,294.24227,-21.52566,0.519,6.127,183.225524,27.871018,11.0149947440801,3.2753,/T
2020-Jan-11 00:00,,m,294.36809,-21.50745,0.501,6.109,273.891666,27.835044,11.0157614401600,2.3750,/T
2020-Jan-12 00:00,,m,294.49394,-21.48914,0.480,6.088,4.559029,27.798934,11.0162681608959,1.4750,/T
2020-Jan-13 00:00,,,294.61989,-21.47072,0.455,6.063,95.227630,27.762694,11.0165147240141,0.5757,/T
2020-Jan-14 00:00,,,294.74507,-21.45230,0.449,6.057,185.897491,27.726331,11.0165008296725,0.3283,/L
2020-Jan-15 00:00,,,294.87110,-21.43371,0.476,6.085,276.568631,27.689851,11.0162261854003,1.2265,/L
2020-Jan-16 00:00,,,294.99683,-21.41502,0.500,6.108,7.241072,27.653260,11.0156905756744,2.1262,/L
2020-Jan-17 00:00,,,295.12246,-21.39625,0.519,6.128,97.914833,27.616563,11.0148937823406,3.0261,/L
2020-Jan-18 00:00,,,295.24800,-21.37739,0.535,6.144,188.589935,27.579768,11.0138356636512,3.9260,/L
2020-Jan-19 00:00,,,295.37343,-21.35844,0.549,6.158,279.266399,27.542880,11.0125161406639,4.8260,/L
2020-Jan-20 00:00,,,295.49875,-21.33941,0.561,6.170,9.944247,27.505907,11.0109352443532,5.7260,/L
2020-Jan-21 00:00,,,295.62392,-21.32030,0.571,6.181,100.623497,27.468854,11.0090931770983,6.6261,/L
2020-Jan-22 00:00,,,295.74893,-21.30113,0.579,6.190,191.304171,27.431730,11.0069902501839,7.5262,/L
2020-Jan-23 00:00,,,295.87374,-21.28190,0.587,6.198,281.986286,27.394541,11.0046268056670,8.4262,/L
2020-Jan-24 00:00,,,295.99833,-21.26262,0.593,6.205,12.669863,27.357294,11.0020033625282,9.3264,/L
2020-Jan-25 00:00,,,296.12267,-21.24328,0.599,6.211,103.354919,27.319998,10.9991204898861,10.2265,/L
2020-Jan-26 00:00,,,296.24674,-21.22389,0.604,6.217,194.041471,27.282660,10.9959789021981,11.1266,/L
2020-Jan-27 00:00,,,296.37051,-21.20445,0.608,6.222,284.729537,27.245287,10.9925793802978,12.0267,/L
2020-Jan-28 00:00,,m,296.49396,-21.18497,0.612,6.227,15.419134,27.207889,10.9889227645743,12.9268,/L
2020-Jan-29 00:00,,m,296.61708,-21.16545,0.616,6.231,106.110280,27.170472,10.9850100454691,13.8269,/L
2020-Jan-30 00:00,,m,296.73985,-21.14589,0.619,6.235,196.802987,27.133045,10.9808423876908,14.7270,/L
2020-Jan-31 00:00,,m,296.86225,-21.12630,0.622,6.239,287.497273,27.095616,10.9764210142527,15.6270,/L
2020-Feb-01 00:00,,m,296.98426,-21.10667,0.625,6.243,18.193150,27.058191,10.9717472831180,16.5271,/L
2020-Feb-02 00:00,,m,297.10586,-21.08702,0.627,6.246,108.890631,27.020780,10.9668226232134,17.4272,/L
2020-Feb-03 00:00,,m,297.22705,-21.06735,0.629,6.249,199.589730,26.983389,10.9616485773891,18.3273,/L
2020-Feb-04 00:00,,m,297.34780,-21.04767,0.632,6.253,290.290456,26.946025,10.9562268369560,19.2274,/L
2020-Feb-05 00:00,,m,297.46809,-21.02797,0.634,6.256,20.992821,26.908697,10.9505590663049,20.1276,/L
2020-Feb-06 00:00,,m,297.58791,-21.00827,0.635,6.259,111.696833,26.871411,10.9446469757156,21.0278,/L
2020-Feb-07 00:00,,m,297.70722,-20.98858,0.637,6.262,202.402501,26.834176,10.9384923002754,21.9280,/L
2020-Feb-08 00:00,,m,297.82601,-20.96890,0.639,6.265,293.109834,26.796997,10.9320967445759,22.8284,/L
2020-Feb-09 00:00,,m,297.94425,-20.94923,0.640,6.268,23.818839,26.759884,10.9254619325686,23.7288,/L
2020-Feb-10 00:00,,m,298.06192,-20.92958,0.642,6.271,114.529525,26.722842,10.9185893676279,24.6294,/L
2020-Feb-11 00:00,,,298.17900,-20.90995,0.643,6.273,205.241901,26.685880,10.9114803648703,25.5302,/L
2020-Feb-12 00:00,,,298.29548,-20.89034,0.645,6.276,295.955977,26.649006,10.9041362608665,26.4312,/L
2020-Feb-13 00:00,,,298.41135,-20.87075,0.646,6.279,26.671765,26.612227,10.8965583097254,27.3323,/L
2020-Feb-14 00:00,A,,298.52660,-20.85119,0.647,6.282,117.389276,26.575552,10.8887477832700,28.2338,/L
2020-Feb-15 00:00,A,,298.64122,-20.83166,0.648,6.284,208.108523,26.538989,10.8807060287010,29.1355,/L
2020-Feb-16 00:00,A,,298.75519,-20.81216,0.649,6.287,298.829518,26.502547,10.8724345076083,30.0375,/L
2020-Feb-17 00:00,A,,298.86848,-20.79272,0.650,6.290,29.552273,26.466233,10.8639348727601,30.9399,/L
2020-Feb-18 00:00,A,,298.98108,-20.77332,0.651,6.292,120.276800,26.430057,10.8552089639146,31.8425,/L
2020-Feb-19 00:00,A,,299.09296,-20.75399,0.651,6.295,211.003109,26.394026,10.8462586947968,32.7454,/L
2020-Feb-20 00:00,A,,299.20409,-20.73473,0.652,6.297,301.731211,26.358150,10.8370861644902,33.6487,/L
2020-Feb-21 00:00,A,,299.31445,-20.71554,0.653,6.300,32.461114,26.322437,10.8276936471303,34.5523,/L
2020-Feb-22 00:00,A,,299.42401,-20.69642,0.653,6.302,123.192828,26.286896,10.8180835184700,35.4562,/L
2020-Feb-23 00:00,A,,299.53275,-20.67739,0.654,6.305,213.926359,26.251534,10.8082583006954,36.3605,/L
2020-Feb-24 00:00,A,,299.64065,-20.65844,0.654,6.307,304.661713,26.216362,10.7982205098407,37.2650,/L
2020-Feb-25 00:00,A,,299.74769,-20.63958,0.655,6.310,35.398897,26.181388,10.7879727598585,38.1699,/L
2020-Feb-26 00:00,A,m,299.85387,-20.62081,0.655,6.312,126.137915,26.146621,10.7775177511964,39.0751,/L
2020-Feb-27 00:00,A,m,299.95916,-20.60214,0.655,6.314,216.878773,26.112069,10.7668581976573,39.9806,/L
2020-Feb-28 00:00,A,m,300.06355,-20.58357,0.655,6.317,307.621474,26.077742,10.7559968136827,40.8864,/L
2020-Feb-29 00:00,A,m,300.16703,-20.56510,0.655,6.319,38.366023,26.043649,10.7449364090972,41.7926,/L
2020-Mar-01 00:00,A,m,300.26958,-20.54675,0.655,6.321,129.112423,26.009798,10.7336798212563,42.6990,/L
2020-Mar-02 00:00,A,m,300.37118,-20.52851,0.655,6.324,219.860678,25.976198,10.7222300590200,43.6058,/L
2020-Mar-03 00:00,A,m,300.47183,-20.51041,0.655,6.326,310.610790,25.942858,10.7105901494967,44.5129,/L
2020-Mar-04 00:00,A,m,300.57150,-20.49243,0.655,6.328,41.362760,25.909786,10.6987631532068,45.4204,/L
2020-Mar-05 00:00,A,m,300.67017,-20.47460,0.655,6.330,132.116589,25.876990,10.6867522311178,46.3282,/L
2020-Mar-06 00:00,A,m,300.76782,-20.45691,0.654,6.332,222.872278,25.844477,10.6745605769269,47.2364,/L
2020-Mar-07 00:00,A,m,300.86442,-20.43938,0.654,6.335,313.629825,25.812257,10.6621913799275,48.1450,/L
2020-Mar-08 00:00,A,m,300.95996,-20.42201,0.654,6.337,44.389230,25.780335,10.6496477893264,49.0539,/L
2020-Mar-09 00:00,A,m,301.05441,-20.40479,0.653,6.339,135.150492,25.748720,10.6369328251584,49.9634,/L
2020-Mar-10 00:00,A,m,301.14777,-20.38774,0.652,6.341,225.913609,25.717420,10.6240494540323,50.8733,/L
2020-Mar-11 00:00,A,,301.24003,-20.37085,0.652,6.343,316.678582,25.686441,10.6110005909329,51.7836,/L
2020-Mar-12 00:00,A,,301.33117,-20.35412,0.651,6.345,47.445411,25.655792,10.5977889745707,52.6946,/L
2020-Mar-13 00:00,A,,301.42121,-20.33756,0.650,6.347,138.214098,25.625481,10.5844173398190,53.6061,/L
2020-Mar-14 00:00,N,,301.51012,-20.32117,0.649,6.349,228.984644,25.595516,10.5708883962431,54.5182,/L
2020-Mar-15 00:00,N,,301.59789,-20.30497,0.648,6.350,319.757054,25.565906,10.5572049666627,55.4309,/L
2020-Mar-16 00:00,N,,301.68450,-20.28897,0.647,6.352,50.531328,25.536660,10.5433700067586,56.3442,/L
2020-Mar-17 00:00,N,,301.76992,-20.27317,0.646,6.354,141.307470,25.507786,10.5293865715340,57.2583,/L
2020-Mar-18 00:00,N,,301.85413,-20.25757,0.645,6.356,232.085482,25.479293,10.5152578397466,58.1730,/L
2020-Mar-19 00:00,N,,301.93711,-20.24219,0.644,6.358,322.865365,25.451191,10.5009872397869,59.0883,/L
2020-Mar-20 00:00,N,,302.01883,-20.22703,0.643,6.359,53.647120,25.423486,10.4865783008610,60.0044,/L
2020-Mar-21 00:00,N,,302.09928,-20.21210,0.641,6.361,144.430745,25.396189,10.4720347220326,60.9212,/L
2020-Mar-22 00:00,N,,302.17843,-20.19738,0.640,6.363,235.216241,25.369306,10.4573602876707,61.8386,/L
2020-Mar-23 00:00,N,,302.25628,-20.18290,0.638,6.364,326.003603,25.342846,10.4425588696129,62.7568,/L
2020-Mar-24 00:00,N,,302.33281,-20.16865,0.637,6.366,56.792828,25.316818,10.4276345137308,63.6757,/L
2020-Mar-25 00:00,N,,302.40800,-20.15464,0.635,6.367,147.583911,25.291228,10.4125913179545,64.5952,/L
2020-Mar-26 00:00,N,m,302.48186,-20.14086,0.633,6.369,238.376848,25.266084,10.3974333903760,65.5155,/L
2020-Mar-27 00:00,N,m,302.55436,-20.12733,0.632,6.370,329.171631,25.241395,10.3821648822684,66.4365,/L
2020-Mar-28 00:00,N,m,302.62550,-20.11405,0.630,6.371,59.968254,25.217167,10.3667899506386,67.3582,/L
2020-Mar-29 00:00,N,m,302.69527,-20.10103,0.628,6.373,150.766710,25.193409,10.3513127553637,68.2806,/L
2020-Mar-30 00:00,N,m,302.76366,-20.08826,0.626,6.374,241.566989,25.170126,10.3357374758473,69.2036,/L
2020-Mar-31 00:00,N,m,302.83065,-20.07577,0.624,6.375,332.369085,25.147328,10.3200681657409,70.1274,/L
2020-Apr-01 00:00,N,m,302.89622,-20.06355,0.622,6.377,63.172990,25.125020,10.3043089531118,71.0520,/L
2020-Apr-02 00:00,N,m,302.96037,-20.05161,0.620,6.378,153.978693,25.103209,10.2884639782487,71.9772,/L
2020-Apr-03 00:00,N,m,303.02307,-20.03997,0.617,6.379,244.786188,25.081903,10.2725373849516,72.9031,/L
2020-Apr-04 00:00,N,m,303.08431,-20.02861,0.615,6.380,335.595464,25.061107,10.2565332922212,73.8299,/L
2020-Apr-05 00:00,N,m,303.14407,-20.01754,0.613,6.381,66.406512,25.040828,10.2404557676711,74.7573,/L
2020-Apr-06 00:00,N,m,303.20234,-20.00677,0.610,6.382,157.219322,25.021070,10.2243088178591,75.6856,/L
2020-Apr-07 00:00,N,m,303.25911,-19.99630,0.608,6.383,248.033886,25.001840,10.2080964713185,76.6146,/L
2020-Apr-08 00:00,N,m,303.31438,-19.98612,0.605,6.384,338.850193,24.983142,10.1918226116148,77.5445,/L
2020-Apr-09 00:00,N,,303.36816,-19.97623,0.603,6.385,69.668235,24.964983,10.1754910720173,78.4753,/L
2020-Apr-10 00:00,N,,303.42044,-19.96664,0.600,6.386,160.488005,24.947367,10.1591057096150,79.4070,/L
2020-Apr-11 00:00,N,,303.47121,-19.95736,0.597,6.386,251.309494,24.930301,10.1426703993181,80.3396,/L
2020-Apr-12 00:00,C,,303.52046,-19.94840,0.595,6.387,342.132694,24.913790,10.1261891368512,81.2732,/L
2020-Apr-13 00:00,C,,303.56818,-19.93975,0.592,6.388,72.957597,24.897840,10.1096659410282,82.2078,/L
2020-Apr-14 00:00,C,,303.61433,-19.93143,0.589,6.389,163.784193,24.882457,10.0931048732936,83.1435,/L
2020-Apr-15 00:00,C,,303.65891,-19.92345,0.586,6.389,254.612474,24.867648,10.0765101205692,84.0801,/L
2020-Apr-16 00:00,C,,303.70190,-19.91579,0.583,6.390,345.442431,24.853417,10.0598859709458,85.0179,/L
2020-Apr-17 00:00,C,,303.74329,-19.90848,0.580,6.390,76.274053,24.839771,10.0432367478898,85.9566,/L
2020-Apr-18 00:00,C,,303.78306,-19.90150,0.577,6.391,167.107329,24.826715,10.0265669078835,86.8965,/L
2020-Apr-19 00:00,C,,303.82121,-19.89486,0.573,6.391,257.942248,24.814254,10.0098809278241,87.8374,/L
2020-Apr-20 00:00,C,,303.85772,-19.88857,0.570,6.392,348.778799,24.802394,9.99318347164862,88.7794,/L
2020-Apr-21 00:00,C,,303.89261,-19.88262,0.567,6.392,79.616966,24.791139,9.97647929436325,89.7225,/L
2020-Apr-22 00:00,C,,303.92585,-19.87701,0.563,6.392,170.456737,24.780493,9.95977317712633,90.6666,/L
2020-Apr-23 00:00,C,,303.95745,-19.87175,0.560,6.392,261.298095,24.770460,9.94306996785637,91.6118,/L
2020-Apr-24 00:00,C,m,303.98740,-19.86683,0.556,6.393,352.141025,24.761043,9.92637459919356,92.5581,/L
2020-Apr-25 00:00,C,m,304.01571,-19.86227,0.553,6.393,82.985508,24.752247,9.90969202539625,93.5055,/L
2020-Apr-26 00:00,C,m,304.04236,-19.85807,0.549,6.393,173.831526,24.744073,9.89302725271767,94.4539,/L
2020-Apr-27 00:00,C,m,304.06735,-19.85422,0.546,6.393,264.679060,24.736524,9.87638519559689,95.4034,/L
2020-Apr-28 00:00,C,m,304.09067,-19.85073,0.542,6.393,355.528088,24.729603,9.85977071844320,96.3540,/L
2020-Apr-29 00:00,C,m,304.11232,-19.84761,0.538,6.393,86.378591,24.723311,9.84318869384835,97.3055,/L
2020-Apr-30 00:00,C,m,304.13230,-19.84486,0.534,6.393,177.230547,24.717651,9.82664384069481,98.2582,/L
2020-May-01 00:00,C,m,304.15058,-19.84248,0.531,6.392,268.083936,24.712624,9.81014078547908,99.2119,/L
2020-May-02 00:00,C,m,304.16718,-19.84047,0.527,6.392,358.938735,24.708231,9.79368401264371,100.1666,/L
2020-May-03 00:00,C,m,304.18208,-19.83882,0.523,6.392,89.794925,24.704474,9.77727791027422,101.1224,/L
2020-May-04 00:00,C,m,304.19530,-19.83755,0.519,6.392,180.652485,24.701353,9.76092682045022,102.0792,/L
2020-May-05 00:00,C,m,304.20682,-19.83664,0.515,6.391,271.511396,24.698869,9.74463500878281,103.0371,/L
2020-May-06 00:00,C,m,304.21667,-19.83608,0.511,6.391,2.371638,24.697022,9.72840659051581,103.9961,/L
2020-May-07 00:00,C,m,304.22485,-19.83589,0.507,6.390,93.233193,24.695813,9.71224573084067,104.9563,/L
2020-May-08 00:00,C,,304.23137,-19.83606,0.503,6.390,184.096041,24.695242,9.69615657342283,105.9175,/L
2020-May-09 00:00,C,,304.23623,-19.83659,0.498,6.389,274.960165,24.695307,9.68014336497583,106.8800,/L
2020-May-10 00:00,*,,304.23942,-19.83750,0.494,6.389,5.825544,24.696010,9.66421042719916,107.8437,/L
2020-May-11 00:00,*,,304.24092,-19.83877,0.490,6.388,96.692160,24.697351,9.64836213202299,108.8086,/L
2020-May-12 00:00,*,,304.24075,-19.84042,0.486,6.387,187.559992,24.699328,9.63260299766278,109.7748,/L
2020-May-13 00:00,*,,304.23887,-19.84244,0.481,6.386,278.429017,24.701942,9.61693766909529,110.7422,/L
2020-May-14 00:00,*,,304.23531,-19.84483,0.477,6.386,9.299213,24.705191,9.60137078523354,111.7109,/L
2020-May-15 00:00,*,,304.23005,-19.84759,0.472,6.385,100.170556,24.709074,9.58590700566883,112.6809,/L
2020-May-16 00:00,*,,304.22310,-19.85072,0.468,6.384,191.043020,24.713591,9.57055096956089,113.6522,/L
2020-May-17 00:00,*,,304.21447,-19.85420,0.464,6.383,281.916582,24.718740,9.55530730208509,114.6247,/L
2020-May-18 00:00,*,,304.20416,-19.85805,0.459,6.382,12.791216,24.724519,9.54018070345959,115.5986,/L
2020-May-19 00:00,*,,304.19219,-19.86226,0.455,6.381,103.666894,24.730925,9.52517578132109,116.5737,/L
2020-May-20 00:00,*,,304.17857,-19.86682,0.450,6.380,194.543589,24.737958,9.51029718037323,117.5500,/L
2020-May-21 00:00,*,,304.16329,-19.87174,0.445,6.378,285.421276,24.745613,9.49554959409832,118.5276,/L
2020-May-22 00:00,*,,304.14639,-19.87701,0.441,6.377,16.299924,24.753887,9.48093775435859,119.5065,/L
2020-May-23 00:00,*,m,304.12785,-19.88263,0.436,6.376,107.179504,24.762777,9.46646640390304,120.4866,/L
2020-May-24 00:00,*,m,304.10770,-19.88860,0.432,6.375,198.059986,24.772277,9.45214027939636,121.4679,/L
2020-May-25 00:00,*,m,304.08594,-19.89492,0.427,6.373,288.941337,24.782383,9.43796402323205,122.4503,/L
2020-May-26 00:00,*,m,304.06257,-19.90159,0.422,6.372,19.823524,24.793090,9.42394233716934,123.4340,/L
2020-May-27 00:00,*,m,304.03761,-19.90860,0.418,6.370,110.706514,24.804391,9.41007981517511,124.4188,/L
2020-May-28 00:00,*,m,304.01106,-19.91596,0.413,6.369,201.590273,24.816280,9.39638092256271,125.4047,/L
2020-May-29 00:00,*,m,303.98293,-19.92365,0.408,6.367,292.474765,24.828751,9.38284999738808,126.3918,/L
2020-May-30 00:00,*,m,303.95323,-19.93168,0.403,6.366,23.359957,24.841796,9.36949119164836,127.3800,/L
2020-May-31 00:00,*,m,303.92199,-19.94004,0.399,6.364,114.245813,24.855409,9.35630852640442,128.3692,/L
2020-Jun-01 00:00,*,m,303.88922,-19.94871,0.394,6.362,205.132299,24.869582,9.34330584375301,129.3595,/L
2020-Jun-02 00:00,*,m,303.85495,-19.95769,0.389,6.361,296.019382,24.884308,9.33048673743349,130.3509,/L
2020-Jun-03 00:00,*,m,303.81921,-19.96698,0.384,6.359,26.907029,24.899581,9.31785468180594,131.3434,/L
2020-Jun-04 00:00,*,m,303.78202,-19.97656,0.380,6.357,117.795208,24.915391,9.30541312049188,132.3369,/L
2020-Jun-05 00:00,*,m,303.74339,-19.98645,0.375,6.355,208.683890,24.931732,9.29316543185408,133.3315,/L
2020-Jun-06 00:00,*,,303.70334,-19.99663,0.370,6.353,299.573043,24.948597,9.28111507524327,134.3273,/L
2020-Jun-07 00:00,*,,303.66188,-20.00711,0.365,6.351,30.462635,24.965977,9.26926548922472,135.3241,/L
2020-Jun-08 00:00,*,,303.61902,-20.01788,0.361,6.349,121.352637,24.983864,9.25762024746162,136.3221,/L
2020-Jun-09 00:00,*,,303.57476,-20.02895,0.356,6.347,212.243014,25.002251,9.24618305800210,137.3212,/L
2020-Jun-10 00:00,*,,303.52912,-20.04029,0.351,6.345,303.133733,25.021128,9.23495767831903,138.3215,/L
2020-Jun-11 00:00,*,,303.48211,-20.05191,0.346,6.343,34.024760,25.040487,9.22394787735406,139.3229,/L
2020-Jun-12 00:00,*,,303.43376,-20.06380,0.342,6.341,124.916057,25.060318,9.21315748235441,140.3254,/L
2020-Jun-13 00:00,*,,303.38408,-20.07595,0.337,6.339,215.807587,25.080611,9.20259027771098,141.3291,/L
2020-Jun-14 00:00,*,,303.33310,-20.08835,0.332,6.336,306.699312,25.101357,9.19225008614546,142.3339,/L
2020-Jun-15 00:00,*,,303.28085,-20.10100,0.328,6.334,37.591191,25.122546,9.18214061684515,143.3398,/L
2020-Jun-16 00:00,*,,303.22737,-20.11388,0.323,6.332,128.483186,25.144167,9.17226543712892,144.3467,/L
2020-Jun-17 00:00,*,,303.17267,-20.12700,0.318,6.329,219.375254,25.166209,9.16262808168417,145.3548,/L
2020-Jun-18 00:00,*,,303.11678,-20.14033,0.314,6.327,310.267356,25.188662,9.15323197322366,146.3638,/L
2020-Jun-19 00:00,*,,303.05974,-20.15389,0.309,6.325,41.159450,25.211514,9.14408045504137,147.3739,/L
2020-Jun-20 00:00,*,,303.00158,-20.16766,0.304,6.322,132.051494,25.234754,9.13517677393302,148.3849,/L
2020-Jun-21 00:00,*,m,302.94232,-20.18165,0.300,6.320,222.943447,25.258370,9.12652406669377,149.3969,/L
2020-Jun-22 00:00,*,m,302.88198,-20.19583,0.295,6.317,313.835266,25.282351,9.11812542619851,150.4098,/L
2020-Jun-23 00:00,*,m,302.82059,-20.21022,0.291,6.314,44.726908,25.306682,9.10998391290422,151.4236,/L
2020-Jun-24 00:00,*,m,302.75817,-20.22479,0.286,6.312,135.618330,25.331352,9.10210236927422,152.4382,/L
2020-Jun-25 00:00,*,m,302.69475,-20.23955,0.282,6.309,226.509487,25.356347,9.09448354919830,153.4536,/L
2020-Jun-26 00:00,*,m,302.63036,-20.25449,0.277,6.306,317.400338,25.381652,9.08713001992290,154.4698,/L
2020-Jun-27 00:00,*,m,302.56503,-20.26958,0.273,6.304,48.290838,25.407254,9.08004422494568,155.4866,/L
2020-Jun-28 00:00,*,m,302.49880,-20.28483,0.268,6.301,139.180944,25.433140,9.07322845494997,156.5042,/L
2020-Jun-29 00:00,*,m,302.43171,-20.30021,0.264,6.298,230.070614,25.459293,9.06668477508389,157.5224,/L
2020-Jun-30 00:00,*,m,302.36381,-20.31573,0.259,6.295,320.959805,25.485702,9.06041506541777,158.5413,/L
2020-Jul-01 00:00,*,m,302.29514,-20.33136,0.255,6.292,51.848477,25.512352,9.05442112936589,159.5607,/L
2020-Jul-02 00:00,*,m,302.22572,-20.34711,0.250,6.289,142.736588,25.539229,9.04870459526743,160.5808,/L
2020-Jul-03 00:00,*,m,302.15561,-20.36297,0.246,6.285,233.624100,25.566319,9.04326699452922,161.6014,/L
2020-Jul-04 00:00,*,m,302.08482,-20.37894,0.241,6.282,324.510972,25.593610,9.03810976993881,162.6227,/L
2020-Jul-05 00:00,*,,302.01338,-20.39501,0.236,6.278,55.397168,25.621089,9.03323430044092,163.6444,/L
2020-Jul-06 00:00,*,,301.94132,-20.41117,0.231,6.275,146.282649,25.648742,9.02864207173562,164.6668,/L
2020-Jul-07 00:00,*,,301.86865,-20.42742,0.226,6.271,237.167376,25.676557,9.02433455337238,165.6897,/L
2020-Jul-08 00:00,*,,301.79542,-20.44375,0.221,6.266,328.051310,25.704519,9.02031321984985,166.7132,/L
2020-Jul-09 00:00,*,,301.72166,-20.46015,0.216,6.262,58.934412,25.732617,9.01657957319681,167.7372,/L
2020-Jul-10 00:00,*,,301.64740,-20.47661,0.210,6.257,149.816642,25.760835,9.01313513305839,168.7617,/L
2020-Jul-11 00:00,*,,301.57267,-20.49311,0.203,6.251,240.697959,25.789161,9.00998140451226,169.7867,/L
2020-Jul-12 00:00,*,,301.49753,-20.50965,0.196,6.244,331.578322,25.817579,9.00711988715564,170.8121,/L
2020-Jul-13 00:00,*,,301.42200,-20.52622,0.188,6.237,62.457687,25.846076,9.00455190897804,171.8380,/L
2020-Jul-14 00:00,*,,301.34614,-20.54280,0.179,6.228,153.336014,25.874637,9.00227880058588,172.8641,/L
2020-Jul-15 00:00,*,,301.26999,-20.55940,0.168,6.218,244.213258,25.903248,9.00030180531318,173.8906,/L
2020-Jul-16 00:00,*,,301.19358,-20.57601,0.156,6.206,335.089376,25.931895,8.99862203199514,174.9172,/L
2020-Jul-17 00:00,*,,301.11696,-20.59261,0.141,6.191,65.964324,25.960562,8.99724044289407,175.9437,/L
2020-Jul-18 00:00,*,,301.04017,-20.60920,0.123,6.174,156.838060,25.989235,8.99615780472524,176.9696,/L
2020-Jul-19 00:00,*,,300.96324,-20.62578,0.101,6.152,247.710538,26.017900,8.99537471705775,177.9934,/L
2020-Jul-20 00:00,*,,300.88622,-20.64234,0.075,6.126,338.581718,26.046543,8.99489165236125,179.0077,/L
2020-Jul-21 00:00,*,m,300.80914,-20.65887,0.052,6.103,69.451557,26.075150,8.99470882336366,179.7570,/T
2020-Jul-22 00:00,*,m,300.73203,-20.67537,0.078,6.129,160.320013,26.103705,8.99482622847767,178.8815,/T
2020-Jul-23 00:00,*,m,300.65493,-20.69182,0.103,6.153,251.187047,26.132195,8.99524372788234,177.8643,/T
2020-Jul-24 00:00,*,m,300.57788,-20.70822,0.123,6.174,342.052621,26.160605,8.99596096292849,176.8394,/T
2020-Jul-25 00:00,*,m,300.50092,-20.72455,0.140,6.190,72.916695,26.188921,8.99697747058320,175.8124,/T
2020-Jul-26 00:00,*,m,300.42412,-20.74080,0.154,6.204,163.779234,26.217128,8.99829256214168,174.7846,/T
2020-Jul-27 00:00,*,m,300.34750,-20.75697,0.166,6.215,254.640203,26.245213,8.99990540309214,173.7565,/T
2020-Jul-28 00:00,*,m,300.27112,-20.77304,0.176,6.225,345.499567,26.273162,9.00181510181022,172.7282,/T
2020-Jul-29 00:00,*,m,300.19503,-20.78901,0.184,6.233,76.357294,26.300961,9.00402070803277,171.7000,/T
2020-Jul-30 00:00,*,m,300.11925,-20.80487,0.192,6.239,167.213350,26.328598,9.00652115851983,170.6718,/T
2020-Jul-31 00:00,*,m,300.04383,-20.82063,0.198,6.245,258.067706,26.356059,9.00931537770125,169.6438,/T
2020-Aug-01 00:00,*,m,299.96880,-20.83627,0.204,6.250,348.920329,26.383332,9.01240218281708,168.6159,/T
2020-Aug-02 00:00,*,m,299.89418,-20.85179,0.209,6.255,79.771189,26.410405,9.01578042610426,167.5882,/T
2020-Aug-03 00:00,*,m,299.82000,-20.86719,0.214,6.259,170.620256,26.437266,9.01944890830381,166.5607,/T
2020-Aug-04 00:00,*,,299.74630,-20.88246,0.219,6.262,261.467501,26.463904,9.02340629959767,165.5334,/T
2020-Aug-05 00:00,*,,299.67311,-20.89759,0.224,6.266,352.312894,26.490308,9.02765123971726,164.5064,/T
2020-Aug-06 00:00,*,,299.60047,-20.91257,0.228,6.269,83.156407,26.516467,9.03218233380338,163.4796,/T
2020-Aug-07 00:00,*,,299.52842,-20.92740,0.232,6.272,173.998013,26.542370,9.03699815320521,162.4530,/T
2020-Aug-08 00:00,*,,299.45699,-20.94206,0.236,6.275,264.837683,26.568006,9.04209724708835,161.4267,/T
2020-Aug-09 00:00,*,,299.38623,-20.95656,0.240,6.277,355.675391,26.593364,9.04747807369501,160.4007,/T
2020-Aug-10 00:00,*,,299.31617,-20.97087,0.244,6.280,86.511109,26.618434,9.05313903882991,159.3751,/T
2020-Aug-11 00:00,C,,299.24685,-20.98501,0.248,6.283,177.344811,26.643204,9.05907859211749,158.3497,/T
2020-Aug-12 00:00,C,,299.17831,-20.99896,0.252,6.285,268.176470,26.667664,9.06529504395510,157.3247,/T
2020-Aug-13 00:00,C,,299.11059,-21.01272,0.256,6.287,359.006060,26.691804,9.07178665852777,156.3001,/T
2020-Aug-14 00:00,C,,299.04373,-21.02629,0.260,6.290,89.833554,26.715612,9.07855157405816,155.2759,/T
2020-Aug-15 00:00,C,,298.97775,-21.03966,0.264,6.292,180.658926,26.739079,9.08558783683618,154.2522,/T
2020-Aug-16 00:00,C,,298.91269,-21.05282,0.268,6.294,271.482152,26.762193,9.09289340226637,153.2289,/T
2020-Aug-17 00:00,C,,298.84857,-21.06578,0.272,6.296,2.303206,26.784944,9.10046604532409,152.2061,/T
2020-Aug-18 00:00,C,,298.78543,-21.07854,0.277,6.299,93.122064,26.807322,9.10830326054911,151.1838,/T
2020-Aug-19 00:00,C,m,298.72330,-21.09108,0.281,6.301,183.938703,26.829318,9.11640237898740,150.1622,/T
2020-Aug-20 00:00,C,m,298.66220,-21.10339,0.285,6.303,274.753103,26.850923,9.12476045958456,149.1411,/T
2020-Aug-21 00:00,C,m,298.60217,-21.11548,0.289,6.305,5.565246,26.872126,9.13337434570879,148.1208,/T
2020-Aug-22 00:00,C,m,298.54326,-21.12732,0.293,6.307,96.375114,26.892920,9.14224067165872,147.1012,/T
2020-Aug-23 00:00,C,m,298.48550,-21.13893,0.297,6.309,187.182695,26.913297,9.15135585403352,146.0823,/T
2020-Aug-24 00:00,C,m,298.42893,-21.15028,0.302,6.311,277.987976,26.933248,9.16071629718549,145.0643,/T
2020-Aug-25 00:00,C,m,298.37358,-21.16138,0.306,6.313,8.790949,26.952766,9.17031838962838,144.0471,/T
2020-Aug-26 00:00,C,m,298.31949,-21.17223,0.310,6.315,99.591604,26.971844,9.18015849000307,143.0307,/T
2020-Aug-27 00:00,C,m,298.26666,-21.18283,0.315,6.317,190.389933,26.990475,9.19023298149339,142.0152,/T
2020-Aug-28 00:00,C,m,298.21512,-21.19318,0.319,6.319,281.185931,27.008652,9.20053830039023,141.0006,/T
2020-Aug-29 00:00,C,m,298.16488,-21.20328,0.324,6.320,11.979592,27.026369,9.21107092221323,139.9868,/T
2020-Aug-30 00:00,C,m,298.11596,-21.21311,0.328,6.322,102.770908,27.043619,9.22182744259823,138.9740,/T
2020-Aug-31 00:00,N,m,298.06838,-21.22269,0.332,6.324,193.559875,27.060398,9.23280437203828,137.9620,/T
2020-Sep-01 00:00,N,m,298.02216,-21.23200,0.337,6.326,284.346487,27.076698,9.24399825604030,136.9510,/T
2020-Sep-02 00:00,N,m,297.97731,-21.24105,0.341,6.327,15.130739,27.092515,9.25540564387681,135.9408,/T
2020-Sep-03 00:00,N,,297.93387,-21.24982,0.346,6.329,105.912626,27.107844,9.26702304297913,134.9315,/T
2020-Sep-04 00:00,N,,297.89185,-21.25831,0.350,6.331,196.692144,27.122679,9.27884689527498,133.9231,/T
2020-Sep-05 00:00,N,,297.85129,-21.26652,0.355,6.333,287.469289,27.137015,9.29087354621545,132.9156,/T
2020-Sep-06 00:00,N,,297.81220,-21.27444,0.359,6.334,18.244059,27.150849,9.30309922431669,131.9090,/T
2020-Sep-07 00:00,N,,297.77461,-21.28208,0.364,6.336,109.016453,27.164176,9.31552018794392,130.9033,/T
2020-Sep-08 00:00,N,,297.73855,-21.28943,0.369,6.337,199.786471,27.176992,9.32813262660320,129.8985,/T
2020-Sep-09 00:00,N,,297.70402,-21.29650,0.373,6.339,290.554111,27.189292,9.34093265312245,128.8945,/T
2020-Sep-10 00:00,N,,297.67106,-21.30328,0.378,6.340,21.319376,27.201073,9.35391638379559,127.8915,/T
2020-Sep-11 00:00,N,,297.63966,-21.30977,0.382,6.342,112.082266,27.212330,9.36707986549595,126.8894,/T
2020-Sep-12 00:00,N,,297.60986,-21.31597,0.387,6.343,202.842784,27.223060,9.38041917496015,125.8882,/T
2020-Sep-13 00:00,N,,297.58166,-21.32188,0.392,6.345,293.600932,27.233257,9.39393030956204,124.8879,/T
2020-Sep-14 00:00,N,,297.55506,-21.32751,0.396,6.346,24.356712,27.242919,9.40760912988652,123.8886,/T
2020-Sep-15 00:00,N,,297.53008,-21.33284,0.401,6.347,115.110130,27.252040,9.42145140415092,122.8903,/T
2020-Sep-16 00:00,N,,297.50674,-21.33788,0.405,6.349,205.861188,27.260618,9.43545281863958,121.8929,/T
2020-Sep-17 00:00,N,,297.48503,-21.34262,0.410,6.350,296.609895,27.268648,9.44960884207663,120.8966,/T
2020-Sep-18 00:00,N,,297.46499,-21.34706,0.414,6.351,27.356257,27.276126,9.46391480917822,119.9013,/T
2020-Sep-19 00:00,A,m,297.44664,-21.35118,0.419,6.352,118.100284,27.283051,9.47836579682156,118.9071,/T
2020-Sep-20 00:00,A,m,297.42999,-21.35499,0.424,6.354,208.841989,27.289419,9.49295678959463,117.9140,/T
2020-Sep-21 00:00,A,m,297.41507,-21.35849,0.428,6.355,299.581385,27.295228,9.50768272998547,116.9221,/T
2020-Sep-22 00:00,A,m,297.40188,-21.36168,0.433,6.356,30.318488,27.300476,9.52253849093446,115.9313,/T
2020-Sep-23 00:00,A,m,297.39044,-21.36456,0.437,6.357,121.053317,27.305164,9.53751896608872,114.9417,/T
2020-Sep-24 00:00,A,m,297.38073,-21.36715,0.442,6.358,211.785889,27.309289,9.55261915455473,113.9532,/T
2020-Sep-25 00:00,A,m,297.37275,-21.36943,0.446,6.359,302.516225,27.312851,9.56783415278713,112.9660,/T
2020-Sep-26 00:00,A,m,297.36650,-21.37141,0.451,6.360,33.244344,27.315850,9.58315922243738,111.9799,/T
2020-Sep-27 00:00,A,m,297.36197,-21.37308,0.455,6.361,123.970265,27.318284,9.59858969803900,110.9950,/T
2020-Sep-28 00:00,A,m,297.35917,-21.37446,0.460,6.362,214.694009,27.320153,9.61412094522898,110.0112,/T
2020-Sep-29 00:00,A,m,297.35810,-21.37552,0.464,6.363,305.415596,27.321457,9.62974849980199,109.0286,/T
2020-Sep-30 00:00,A,m,297.35876,-21.37628,0.469,6.364,36.135044,27.322195,9.64546792525330,108.0471,/T
2020-Oct-01 00:00,A,m,297.36115,-21.37673,0.473,6.364,126.852374,27.322367,9.66127484967447,107.0667,/T
2020-Oct-02 00:00,A,m,297.36528,-21.37686,0.477,6.365,217.567605,27.321971,9.67716489257507,106.0874,/T
2020-Oct-03 00:00,A,m,297.37116,-21.37668,0.482,6.366,308.280755,27.321008,9.69313365460073,105.1092,/T
2020-Oct-04 00:00,A,m,297.37879,-21.37619,0.486,6.367,38.991845,27.319477,9.70917674936934,104.1321,/T
2020-Oct-05 00:00,A,,297.38818,-21.37538,0.490,6.367,129.700895,27.317379,9.72528979494277,103.1561,/T
2020-Oct-06 00:00,A,,297.39932,-21.37426,0.495,6.368,220.407924,27.314712,9.74146824594908,102.1811,/T
2020-Oct-07 00:00,,,297.41223,-21.37283,0.499,6.368,311.112954,27.311477,9.75770753875816,101.2071,/T
2020-Oct-08 00:00,,,297.42689,-21.37109,0.503,6.369,41.816007,27.307675,9.77400303252521,100.2342,/T
2020-Oct-09 00:00,,,297.44331,-21.36905,0.507,6.370,132.517105,27.303306,9.79035007123528,99.2622,/T
2020-Oct-10 00:00,,,297.46147,-21.36670,0.511,6.370,223.216272,27.298370,9.80674399451665,98.2913,/T
2020-Oct-11 00:00,,,297.48138,-21.36405,0.515,6.371,313.913532,27.292868,9.82318004677592,97.3214,/T
2020-Oct-12 00:00,,,297.50302,-21.36109,0.519,6.371,44.608909,27.286799,9.83965345531372,96.3525,/T
2020-Oct-13 00:00,,,297.52638,-21.35783,0.524,6.371,135.302428,27.280164,9.85615946261614,95.3847,/T
2020-Oct-14 00:00,,,297.55147,-21.35427,0.528,6.372,225.994116,27.272962,9.87269322610566,94.4178,/T
2020-Oct-15 00:00,,,297.57828,-21.35039,0.532,6.372,316.683999,27.265195,9.88924981673112,93.4519,/T
2020-Oct-16 00:00,,,297.60680,-21.34620,0.535,6.372,47.372105,27.256861,9.90582422364996,92.4871,/T
2020-Oct-17 00:00,,,297.63705,-21.34169,0.539,6.373,138.058463,27.247962,9.92241132334325,91.5233,/T
2020-Oct-18 00:00,,,297.66904,-21.33687,0.543,6.373,228.743104,27.238499,9.93900606461469,90.5606,/T
2020-Oct-19 00:00,,,297.70275,-21.33172,0.547,6.373,319.426060,27.228471,9.95560333805497,89.5990,/T
2020-Oct-20 00:00,,m,297.73818,-21.32627,0.551,6.373,50.107363,27.217881,9.97219806156953,88.6385,/T
2020-Oct-21 00:00,,m,297.77532,-21.32052,0.555,6.374,140.787045,27.206731,9.98878523328809,87.6791,/T
2020-Oct-22 00:00,,m,297.81414,-21.31446,0.558,6.374,231.465140,27.195021,10.0053599522293,86.7208,/T
2020-Oct-23 00:00,,m,297.85462,-21.30811,0.562,6.374,322.141683,27.182756,10.0219174086280,85.7636,/T
2020-Oct-24 00:00,,m,297.89675,-21.30145,0.565,6.374,52.816706,27.169937,10.0384529021200,84.8076,/T
2020-Oct-25 00:00,,m,297.94052,-21.29450,0.569,6.374,143.490243,27.156567,10.0549617306164,83.8526,/T
2020-Oct-26 00:00,,m,297.98590,-21.28724,0.573,6.374,234.162330,27.142648,10.0714393670730,82.8987,/T
2020-Oct-27 00:00,,m,298.03290,-21.27969,0.576,6.374,324.832998,27.128184,10.0878814077062,81.9459,/T
2020-Oct-28 00:00,,m,298.08149,-21.27183,0.579,6.374,55.502283,27.113176,10.1042835104747,80.9941,/T
2020-Oct-29 00:00,,m,298.13167,-21.26366,0.583,6.374,146.170216,27.097627,10.1206414400578,80.0434,/T
2020-Oct-30 00:00,,m,298.18344,-21.25520,0.586,6.373,236.836830,27.081539,10.1369510001547,79.0937,/T
2020-Oct-31 00:00,,m,298.23678,-21.24643,0.589,6.373,327.502158,27.064915,10.1532081005609,78.1449,/T
2020-Nov-01 00:00,,m,298.29169,-21.23736,0.593,6.373,58.166231,27.047756,10.1694087462054,77.1971,/T
2020-Nov-02 00:00,,m,298.34815,-21.22799,0.596,6.373,148.829081,27.030065,10.1855489269756,76.2503,/T
2020-Nov-03 00:00,,m,298.40615,-21.21832,0.599,6.373,239.490739,27.011844,10.2016246196594,75.3044,/T
2020-Nov-04 00:00,,m,298.46569,-21.20836,0.602,6.372,330.151236,26.993094,10.2176318631256,74.3594,/T
2020-Nov-05 00:00,,,298.52674,-21.19810,0.605,6.372,60.810602,26.973818,10.2335666232364,73.4153,/T
2020-Nov-06 00:00,,,298.58929,-21.18755,0.608,6.372,151.468869,26.954019,10.2494248851038,72.4720,/T
2020-Nov-07 00:00,,,298.65332,-21.17672,0.611,6.371,242.126067,26.933698,10.2652024930721,71.5296,/T
2020-Nov-08 00:00,,,298.71882,-21.16560,0.614,6.371,332.782229,26.912858,10.2808952083683,70.5880,/T
2020-Nov-09 00:00,,,298.78577,-21.15419,0.617,6.370,63.437387,26.891502,10.2964987774129,69.6473,/T
2020-Nov-10 00:00,,,298.85415,-21.14250,0.619,6.370,154.091575,26.869631,10.3120088986674,68.7074,/T
2020-Nov-11 00:00,,,298.92395,-21.13052,0.622,6.369,244.744826,26.847250,10.3274211766240,67.7683,/T
2020-Nov-12 00:00,,,298.99516,-21.11824,0.625,6.369,335.397177,26.824360,10.3427312049744,66.8300,/T
2020-Nov-13 00:00,,,299.06777,-21.10568,0.627,6.368,66.048662,26.800964,10.3579345116265,65.8925,/T
2020-Nov-14 00:00,,,299.14178,-21.09282,0.630,6.368,156.699319,26.777065,10.3730266892958,64.9558,/T
2020-Nov-15 00:00,,,299.21718,-21.07966,0.632,6.367,247.349186,26.752666,10.3880033803113,64.0199,/T
2020-Nov-16 00:00,,,299.29396,-21.06622,0.635,6.367,337.998300,26.727770,10.4028602188289,63.0849,/T
2020-Nov-17 00:00,,,299.37208,-21.05250,0.637,6.366,68.646700,26.702381,10.4175930147333,62.1508,/T
2020-Nov-18 00:00,,,299.45153,-21.03850,0.639,6.365,159.294424,26.676501,10.4321977386161,61.2175,/T
2020-Nov-19 00:00,,m,299.53228,-21.02423,0.642,6.365,249.941511,26.650136,10.4466705449741,60.2851,/T
2020-Nov-20 00:00,,m,299.61429,-21.00969,0.644,6.364,340.587996,26.623288,10.4610077388015,59.3536,/T
2020-Nov-21 00:00,,m,299.69755,-20.99488,0.646,6.363,71.233915,26.595962,10.4752057072530,58.4229,/T
2020-Nov-22 00:00,,m,299.78203,-20.97979,0.648,6.362,161.879305,26.568162,10.4892609082339,57.4931,/T
2020-Nov-23 00:00,,m,299.86771,-20.96444,0.650,6.362,252.524200,26.539893,10.5031699572850,56.5642,/T
2020-Nov-24 00:00,,m,299.95459,-20.94881,0.652,6.361,343.168635,26.511159,10.5169294315121,55.6361,/T
2020-Nov-25 00:00,,m,300.04264,-20.93291,0.654,6.360,73.812645,26.481964,10.5305359790944,54.7088,/T
2020-Nov-26 00:00,,m,300.13186,-20.91674,0.656,6.359,164.456264,26.452313,10.5439862788376,53.7824,/T
2020-Nov-27 00:00,,m,300.22222,-20.90031,0.657,6.358,255.099526,26.422210,10.5572770936285,52.8567,/T
2020-Nov-28 00:00,,m,300.31372,-20.88360,0.659,6.357,345.742466,26.391661,10.5704053209771,51.9318,/T
2020-Nov-29 00:00,,m,300.40633,-20.86663,0.661,6.357,76.385116,26.360668,10.5833679193618,51.0077,/T
2020-Nov-30 00:00,,m,300.50005,-20.84941,0.662,6.356,167.027510,26.329237,10.5961618627129,50.0843,/T
2020-Dec-01 00:00,,m,300.59484,-20.83192,0.664,6.355,257.669679,26.297371,10.6087842544547,49.1615,/T
2020-Dec-02 00:00,,m,300.69069,-20.81418,0.665,6.354,348.311656,26.265075,10.6212322461649,48.2395,/T
2020-Dec-03 00:00,,m,300.78757,-20.79619,0.667,6.353,78.953473,26.232353,10.6335030259099,47.3181,/T
2020-Dec-04 00:00,,,300.88547,-20.77796,0.668,6.352,169.595158,26.199207,10.6455938064516,46.3974,/T
2020-Dec-05 00:00,,,300.98437,-20.75948,0.669,6.351,260.236744,26.165643,10.6575017119385,45.4773,/T
2020-Dec-06 00:00,,,301.08423,-20.74076,0.671,6.350,350.878261,26.131663,10.6692239243368,44.5578,/T
2020-Dec-07 00:00,,,301.18504,-20.72179,0.672,6.348,81.519739,26.097273,10.6807575783214,43.6389,/T
2020-Dec-08 00:00,,,301.28678,-20.70258,0.673,6.347,172.161208,26.062476,10.6920997023062,42.7205,/T
2020-Dec-09 00:00,,,301.38944,-20.68313,0.674,6.346,262.802701,26.027277,10.7032472275259,41.8027,/T
2020-Dec-10 00:00,,,301.49300,-20.66343,0.675,6.345,353.444249,25.991679,10.7141970267653,40.8854,/T
2020-Dec-11 00:00,,,301.59747,-20.64349,0.676,6.344,84.085887,25.955689,10.7249459079874,39.9687,/T
2020-Dec-12 00:00,,,301.70282,-20.62331,0.677,6.343,174.727648,25.919311,10.7354907505581,39.0526,/T
2020-Dec-13 00:00,,,301.80904,-20.60288,0.678,6.342,265.369567,25.882550,10.7458283766384,38.1370,/T
2020-Dec-14 00:00,,,301.91611,-20.58223,0.678,6.340,356.011680,25.845412,10.7559557349521,37.2219,/T
2020-Dec-15 00:00,,,302.02400,-20.56135,0.679,6.339,86.654023,25.807902,10.7658699683424,36.3075,/T
2020-Dec-16 00:00,,,302.13268,-20.54025,0.680,6.338,177.296631,25.770027,10.7755684052462,35.3936,/T
2020-Dec-17 00:00,,,302.24212,-20.51894,0.680,6.337,267.939537,25.731792,10.7850485943353,34.4803,/T
2020-Dec-18 00:00,,m,302.35228,-20.49742,0.681,6.335,358.582777,25.693204,10.7943082612714,33.5677,/T
2020-Dec-19 00:00,,m,302.46315,-20.47568,0.681,6.334,89.226382,25.654268,10.8033452841828,32.6556,/T
2020-Dec-20 00:00,,m,302.57469,-20.45373,0.681,6.333,179.870383,25.614991,10.8121577715069,31.7441,/T
2020-Dec-21 00:00,,m,302.68689,-20.43158,0.682,6.331,270.514810,25.575378,10.8207439439591,30.8333,/T
2020-Dec-22 00:00,,m,302.79974,-20.40921,0.682,6.330,1.159692,25.535435,10.8291020439714,29.9230,/T
2020-Dec-23 00:00,,m,302.91322,-20.38664,0.682,6.329,91.805057,25.495169,10.8372304176835,29.0133,/T
2020-Dec-24 00:00,,m,303.02730,-20.36386,0.682,6.327,182.450933,25.454585,10.8451273983570,28.1042,/T
2020-Dec-25 00:00,,m,303.14199,-20.34089,0.682,6.326,273.097347,25.413691,10.8527914115260,27.1956,/T
2020-Dec-26 00:00,,m,303.25725,-20.31771,0.682,6.324,3.744326,25.372492,10.8602208752554,26.2876,/T
2020-Dec-27 00:00,,m,303.37308,-20.29434,0.682,6.323,94.391897,25.330994,10.8674141804906,25.3802,/T
2020-Dec-28 00:00,,m,303.48944,-20.27079,0.682,6.322,185.040087,25.289205,10.8743697738601,24.4732,/T
2020-Dec-29 00:00,,m,303.60633,-20.24705,0.682,6.320,275.688922,25.247131,10.8810862178388,23.5668,/T
2020-Dec-30 00:00,,m,303.72372,-20.22314,0.681,6.318,6.338427,25.204777,10.8875620781907,22.6608,/T
2020-Dec-31 00:00,,m,303.84157,-20.19905,0.681,6.317,96.988629,25.162150,10.8937960141227,21.7552,/T
2021-Jan-01 00:00,,m,303.95988,-20.17480,0.680,6.315,187.639552,25.119256,10.8997866537246,20.8501,/T
2021-Jan-02 00:00,,,304.07861,-20.15038,0.680,6.313,278.291223,25.076101,10.9055326810989,19.9454,/T
2021-Jan-03 00:00,,,304.19773,-20.12580,0.679,6.312,8.943664,25.032691,10.9110328499393,19.0411,/T
2021-Jan-04 00:00,,,304.31724,-20.10106,0.678,6.310,99.596900,24.989032,10.9162858527962,18.1372,/T
2021-Jan-05 00:00,,,304.43712,-20.07616,0.677,6.308,190.250957,24.945130,10.9212903598316,17.2336,/T
2021-Jan-06 00:00,,,304.55734,-20.05110,0.676,6.306,280.905858,24.900990,10.9260450392013,16.3304,/T
2021-Jan-07 00:00,,,304.67791,-20.02587,0.674,6.303,11.561628,24.856620,10.9305485399490,15.4275,/T
2021-Jan-08 00:00,,,304.79880,-20.00049,0.672,6.301,102.218294,24.812025,10.9347995319839,14.5249,/T
2021-Jan-09 00:00,,,304.92001,-19.97496,0.671,6.298,192.875878,24.767213,10.9387966613441,13.6226,/T
2021-Jan-10 00:00,,,305.04152,-19.94928,0.668,6.295,283.534410,24.722190,10.9425385085550,12.7207,/T
2021-Jan-11 00:00,,,305.16330,-19.92347,0.666,6.292,14.193914,24.676965,10.9460238078575,11.8192,/T
2021-Jan-12 00:00,,,305.28533,-19.89752,0.663,6.289,104.854417,24.631545,10.9492513588136,10.9180,/T
2021-Jan-13 00:00,,,305.40757,-19.87145,0.659,6.285,195.515947,24.585938,10.9522201240451,10.0173,/T
2021-Jan-14 00:00,,,305.52999,-19.84527,0.655,6.280,286.178529,24.540152,10.9549292205169,9.1170,/T
2021-Jan-15 00:00,,,305.65257,-19.81897,0.650,6.275,16.842189,24.494197,10.9573779436411,8.2172,/T
2021-Jan-16 00:00,,m,305.77527,-19.79257,0.644,6.268,107.506951,24.448080,10.9595658174725,7.3180,/T
2021-Jan-17 00:00,,m,305.89809,-19.76605,0.637,6.261,198.172839,24.401809,10.9614925952872,6.4195,/T
2021-Jan-18 00:00,,m,306.02099,-19.73943,0.629,6.253,288.839875,24.355393,10.9631580842457,5.5219,/T
2021-Jan-19 00:00,,m,306.14397,-19.71270,0.620,6.243,19.508080,24.308840,10.9645622565127,4.6254,/T
2021-Jan-20 00:00,,m,306.26702,-19.68587,0.608,6.231,110.177474,24.262157,10.9657051894256,3.7307,/T
2021-Jan-21 00:00,,m,306.39010,-19.65895,0.594,6.218,200.848076,24.215353,10.9665870557391,2.8392,/T
2021-Jan-22 00:00,,m,306.51323,-19.63194,0.578,6.201,291.519904,24.168436,10.9672081379192,1.9546,/T
2021-Jan-23 00:00,,m,306.63639,-19.60486,0.559,6.182,22.192976,24.121413,10.9675686877948,1.0932,/T
2021-Jan-24 00:00,,m,306.75952,-19.57791,0.542,6.165,112.867309,24.074293,10.9676689979649,0.4281,/T
2021-Jan-25 00:00,,m,306.88233,-19.55050,0.556,6.179,203.542919,24.027082,10.9675094213331,0.8852,/L
2021-Jan-26 00:00,,m,307.00540,-19.52313,0.577,6.201,294.219822,23.979791,10.9670902894006,1.7305,/L
2021-Jan-27 00:00,,m,307.12836,-19.49574,0.596,6.219,24.898032,23.932425,10.9664118916930,2.6106,/L
2021-Jan-28 00:00,,m,307.25123,-19.46831,0.611,6.235,115.577567,23.884994,10.9654745134105,3.4991,/L
2021-Jan-29 00:00,,m,307.37396,-19.44083,0.625,6.249,206.258443,23.837505,10.9642783695513,4.3909,/L
2021-Jan-30 00:00,,m,307.49655,-19.41331,0.636,6.261,296.940675,23.789967,10.9628237792131,5.2841,/L
2021-Jan-31 00:00,,,307.61898,-19.38575,0.646,6.271,27.624278,23.742387,10.9611109993207,6.1782,/L
2021-Feb-01 00:00,,,307.74122,-19.35815,0.655,6.280,118.309270,23.694773,10.9591402536755,7.0728,/L
2021-Feb-02 00:00,,,307.86328,-19.33051,0.662,6.288,208.995667,23.647133,10.9569117843358,7.9677,/L
2021-Feb-03 00:00,,,307.98513,-19.30284,0.668,6.295,299.683485,23.599475,10.9544258669221,8.8627,/L
2021-Feb-04 00:00,,,308.10676,-19.27514,0.674,6.301,30.372741,23.551807,10.9516828155265,9.7580,/L
2021-Feb-05 00:00,,,308.22817,-19.24741,0.679,6.307,121.063452,23.504138,10.9486830195885,10.6533,/L
2021-Feb-06 00:00,,,308.34933,-19.21967,0.684,6.312,211.755636,23.456475,10.9454268561513,11.5488,/L
2021-Feb-07 00:00,,,308.47022,-19.19191,0.688,6.317,302.449307,23.408828,10.9419148533725,12.4443,/L
2021-Feb-08 00:00,,,308.59083,-19.16416,0.691,6.321,33.144484,23.361205,10.9381476863274,13.3399,/L
2021-Feb-09 00:00,,,308.71111,-19.13641,0.695,6.325,123.841183,23.313616,10.9341260835817,14.2355,/L
2021-Feb-10 00:00,,,308.83104,-19.10867,0.698,6.329,214.539417,23.266070,10.9298509077530,15.1312,/L
2021-Feb-11 00:00,,,308.95060,-19.08096,0.701,6.333,305.239203,23.218578,10.9253230798140,16.0269,/L
2021-Feb-12 00:00,,,309.06976,-19.05327,0.703,6.337,35.940555,23.171148,10.9205436635120,16.9227,/L
2021-Feb-13 00:00,,,309.18849,-19.02560,0.706,6.340,126.643488,23.123791,10.9155138738199,17.8184,/L
2021-Feb-14 00:00,A,m,309.30680,-18.99797,0.708,6.344,217.348014,23.076516,10.9102350022445,18.7141,/L
2021-Feb-15 00:00,A,m,309.42465,-18.97038,0.710,6.347,308.054147,23.029335,10.9047084125903,19.6098,/L
2021-Feb-16 00:00,A,m,309.54203,-18.94283,0.712,6.350,38.761898,22.982256,10.8989356626781,20.5055,/L
2021-Feb-17 00:00,A,m,309.65893,-18.91532,0.714,6.353,129.471278,22.935289,10.8929183736645,21.4012,/L
2021-Feb-18 00:00,A,m,309.77533,-18.88786,0.716,6.356,220.182298,22.888443,10.8866583338328,22.2969,/L
2021-Feb-19 00:00,A,m,309.89122,-18.86047,0.718,6.359,310.894968,22.841729,10.8801573598995,23.1925,/L
2021-Feb-20 00:00,A,m,310.00658,-18.83313,0.719,6.362,41.609296,22.795155,10.8734173232178,24.0882,/L
2021-Feb-21 00:00,A,m,310.12139,-18.80587,0.721,6.365,132.325291,22.748730,10.8664402272040,24.9839,/L
2021-Feb-22 00:00,A,m,310.23562,-18.77870,0.722,6.368,223.042958,22.702463,10.8592281426164,25.8796,/L
2021-Feb-23 00:00,A,m,310.34927,-18.75160,0.724,6.371,313.762306,22.656364,10.8517831285605,26.7754,/L
2021-Feb-24 00:00,A,m,310.46230,-18.72461,0.725,6.374,44.483338,22.610440,10.8441072738338,27.6712,/L
2021-Feb-25 00:00,A,m,310.57470,-18.69771,0.726,6.377,135.206062,22.564701,10.8362026151800,28.5670,/L
2021-Feb-26 00:00,A,m,310.68645,-18.67092,0.727,6.380,225.930481,22.519155,10.8280711791950,29.4630,/L
2021-Feb-27 00:00,A,m,310.79752,-18.64425,0.729,6.383,316.656601,22.473812,10.8197149446628,30.3591,/L
2021-Feb-28 00:00,A,m,310.90790,-18.61768,0.730,6.385,47.384427,22.428679,10.8111356878894,31.2553,/L
2021-Mar-01 00:00,A,,311.01759,-18.59124,0.731,6.388,138.113966,22.383765,10.8023351473722,32.1518,/L
2021-Mar-02 00:00,A,,311.12656,-18.56491,0.731,6.391,228.845225,22.339080,10.7933150027649,33.0484,/L
2021-Mar-03 00:00,A,,311.23482,-18.53871,0.732,6.394,319.578212,22.294633,10.7840769328479,33.9452,/L
2021-Mar-04 00:00,A,,311.34235,-18.51263,0.733,6.396,50.312935,22.250432,10.7746226459629,34.8424,/L
2021-Mar-05 00:00,A,,311.44914,-18.48669,0.734,6.399,141.049404,22.206488,10.7649538987173,35.7398,/L
2021-Mar-06 00:00,A,,311.55517,-18.46090,0.734,6.401,231.787627,22.162810,10.7550725346348,36.6376,/L
2021-Mar-07 00:00,A,,311.66042,-18.43526,0.735,6.404,322.527612,22.119407,10.7449806480248,37.5356,/L
2021-Mar-08 00:00,A,,311.76485,-18.40979,0.735,6.407,53.269368,22.076289,10.7346804163247,38.4341,/L
2021-Mar-09 00:00,A,,311.86845,-18.38449,0.736,6.409,144.012903,22.033467,10.7241741900739,39.3328,/L
2021-Mar-10 00:00,A,,311.97118,-18.35937,0.736,6.412,234.758221,21.990950,10.7134644620601,40.2319,/L
2021-Mar-11 00:00,A,,312.07302,-18.33444,0.736,6.414,325.505330,21.948748,10.7025538648813,41.1314,/L
2021-Mar-12 00:00,A,,312.17396,-18.30969,0.736,6.417,56.254234,21.906871,10.6914452135810,42.0313,/L
2021-Mar-13 00:00,A,,312.27397,-18.28513,0.737,6.419,147.004935,21.865330,10.6801413928424,42.9315,/L
2021-Mar-14 00:00,A,,312.37306,-18.26077,0.737,6.421,237.757437,21.824135,10.6686452878779,43.8320,/L
2021-Mar-15 00:00,N,m,312.47119,-18.23662,0.737,6.424,328.511741,21.783294,10.6569598778194,44.7329,/L
2021-Mar-16 00:00,N,m,312.56837,-18.21267,0.736,6.426,59.267850,21.742820,10.6450881863440,45.6342,/L
2021-Mar-17 00:00,N,m,312.66457,-18.18893,0.736,6.428,150.025765,21.702720,10.6330332503320,46.5358,/L
2021-Mar-18 00:00,N,m,312.75979,-18.16541,0.736,6.431,240.785487,21.663006,10.6207981748992,47.4378,/L
2021-Mar-19 00:00,N,m,312.85401,-18.14212,0.736,6.433,331.547016,21.623686,10.6083860258403,48.3401,/L
2021-Mar-20 00:00,N,m,312.94722,-18.11906,0.735,6.435,62.310353,21.584771,10.5958000163196,49.2428,/L
2021-Mar-21 00:00,N,m,313.03939,-18.09625,0.735,6.437,153.075498,21.546269,10.5830434349379,50.1459,/L
2021-Mar-22 00:00,N,m,313.13051,-18.07369,0.734,6.439,243.842449,21.508189,10.5701195953406,51.0494,/L
2021-Mar-23 00:00,N,m,313.22056,-18.05138,0.734,6.442,334.611204,21.470541,10.5570318436109,51.9533,/L
2021-Mar-24 00:00,N,m,313.30951,-18.02934,0.733,6.444,65.381762,21.433332,10.5437835861931,52.8576,/L
2021-Mar-25 00:00,N,m,313.39736,-18.00757,0.733,6.446,156.154119,21.396572,10.5303782256230,53.7624,/L
2021-Mar-26 00:00,N,m,313.48408,-17.98608,0.732,6.448,246.928273,21.360267,10.5168192349401,54.6676,/L
2021-Mar-27 00:00,N,m,313.56966,-17.96486,0.731,6.450,337.704219,21.324427,10.5031099523884,55.5733,/L
2021-Mar-28 00:00,N,m,313.65408,-17.94392,0.730,6.452,68.481954,21.289058,10.4892536393569,56.4795,/L
2021-Mar-29 00:00,N,m,313.73734,-17.92327,0.729,6.454,159.261474,21.254168,10.4752535090614,57.3862,/L
2021-Mar-30 00:00,N,,313.81944,-17.90290,0.728,6.455,250.042777,21.219766,10.4611126459552,58.2935,/L
2021-Mar-31 00:00,N,,313.90037,-17.88281,0.727,6.457,340.825861,21.185860,10.4468340581819,59.2014,/L
2021-Apr-01 00:00,N,,313.98013,-17.86302,0.726,6.459,71.610723,21.152458,10.4324206740187,60.1100,/L
2021-Apr-02 00:00,N,,314.05870,-17.84354,0.724,6.461,162.397365,21.119568,10.4178754097628,61.0193,/L
2021-Apr-03 00:00,N,,314.13606,-17.82437,0.723,6.463,253.185787,21.087200,10.4032013293069,61.9292,/L
2021-Apr-04 00:00,N,,314.21219,-17.80552,0.722,6.464,343.975988,21.055363,10.3884016407402,62.8399,/L
2021-Apr-05 00:00,N,,314.28706,-17.78700,0.720,6.466,74.767969,21.024067,10.3734796283013,63.7513,/L
2021-Apr-06 00:00,N,,314.36064,-17.76882,0.719,6.468,165.561729,20.993319,10.3584388040350,64.6635,/L
2021-Apr-07 00:00,N,,314.43293,-17.75099,0.717,6.469,256.357266,20.963130,10.3432827991905,65.5765,/L
2021-Apr-08 00:00,N,,314.50390,-17.73349,0.715,6.471,347.154577,20.933507,10.3280154685761,66.4903,/L
2021-Apr-09 00:00,N,,314.57353,-17.71635,0.713,6.472,77.953659,20.904461,10.3126407900389,67.4048,/L
2021-Apr-10 00:00,N,,314.64182,-17.69956,0.712,6.474,168.754506,20.875999,10.2971628045795,68.3202,/L
2021-Apr-11 00:00,N,,314.70876,-17.68313,0.710,6.475,259.557113,20.848129,10.2815856638516,69.2364,/L
2021-Apr-12 00:00,N,,314.77434,-17.66706,0.708,6.476,350.361473,20.820860,10.2659136608815,70.1533,/L
2021-Apr-13 00:00,C,m,314.83854,-17.65135,0.706,6.478,81.167577,20.794199,10.2501510846815,71.0711,/L
2021-Apr-14 00:00,C,m,314.90137,-17.63600,0.704,6.479,171.975417,20.768154,10.2343022760446,71.9896,/L
2021-Apr-15 00:00,C,m,314.96280,-17.62104,0.702,6.480,262.784984,20.742733,10.2183715125275,72.9090,/L
2021-Apr-16 00:00,C,m,315.02284,-17.60645,0.699,6.481,353.596267,20.717942,10.2023630544499,73.8292,/L
2021-Apr-17 00:00,C,m,315.08147,-17.59226,0.697,6.482,84.409257,20.693789,10.1862812105919,74.7501,/L
2021-Apr-18 00:00,C,m,315.13867,-17.57846,0.695,6.483,175.223942,20.670281,10.1701301993999,75.6719,/L
2021-Apr-19 00:00,C,m,315.19443,-17.56506,0.692,6.485,266.040314,20.647424,10.1539142211754,76.5945,/L
2021-Apr-20 00:00,C,m,315.24874,-17.55206,0.690,6.486,356.858360,20.625225,10.1376374890074,77.5180,/L
2021-Apr-21 00:00,C,m,315.30158,-17.53948,0.687,6.486,87.678072,20.603690,10.1213042333879,78.4423,/L
2021-Apr-22 00:00,C,m,315.35294,-17.52731,0.685,6.487,178.499437,20.582825,10.1049187145065,79.3674,/L
2021-Apr-23 00:00,C,m,315.40280,-17.51555,0.682,6.488,269.322443,20.562635,10.0884851799703,80.2934,/L
2021-Apr-24 00:00,C,m,315.45117,-17.50422,0.679,6.489,0.147079,20.543125,10.0720077519270,81.2202,/L
2021-Apr-25 00:00,C,m,315.49803,-17.49330,0.676,6.490,90.973333,20.524299,10.0554906085513,82.1480,/L
2021-Apr-26 00:00,C,m,315.54338,-17.48280,0.673,6.491,181.801194,20.506163,10.0389378355426,83.0767,/L
2021-Apr-27 00:00,C,m,315.58723,-17.47272,0.671,6.491,272.630649,20.488721,10.0223534581896,84.0064,/L
2021-Apr-28 00:00,C,,315.62958,-17.46306,0.668,6.492,3.461688,20.471978,10.0057414321944,84.9370,/L
2021-Apr-29 00:00,C,,315.67043,-17.45382,0.664,6.492,94.294300,20.455937,9.98910566885822,85.8687,/L
2021-Apr-30 00:00,C,,315.70975,-17.44502,0.661,6.493,185.128475,20.440604,9.97245013183217,86.8015,/L
2021-May-01 00:00,C,,315.74753,-17.43665,0.658,6.493,275.964201,20.425985,9.95577888410721,87.7353,/L
2021-May-02 00:00,C,,315.78376,-17.42874,0.655,6.494,6.801469,20.412083,9.93909596878344,88.6703,/L
2021-May-03 00:00,C,,315.81842,-17.42127,0.652,6.494,97.640267,20.398906,9.92240553406188,89.6065,/L
2021-May-04 00:00,C,,315.85149,-17.41426,0.648,6.495,188.480584,20.386458,9.90571184110140,90.5438,/L
2021-May-05 00:00,C,,315.88296,-17.40771,0.645,6.495,279.322409,20.374744,9.88901924134779,91.4822,/L
2021-May-06 00:00,C,,315.91283,-17.40161,0.642,6.495,10.165729,20.363769,9.87233224838482,92.4219,/L
2021-May-07 00:00,C,,315.94109,-17.39597,0.638,6.495,101.010529,20.353537,9.85565539024918,93.3628,/L
2021-May-08 00:00,C,,315.96774,-17.39079,0.634,6.495,191.856795,20.344053,9.83899330548059,94.3048,/L
2021-May-09 00:00,C,,315.99277,-17.38607,0.631,6.495,282.704513,20.335321,9.82235076767640,95.2481,/L
2021-May-10 00:00,*,,316.01619,-17.38181,0.627,6.495,13.553666,20.327343,9.80573262095180,96.1926,/L
2021-May-11 00:00,*,,316.03799,-17.37801,0.623,6.495,104.404235,20.320122,9.78914373188685,97.1382,/L
2021-May-12 00:00,*,m,316.05817,-17.37467,0.620,6.495,195.256202,20.313662,9.77258903228352,98.0851,/L
2021-May-13 00:00,*,m,316.07672,-17.37180,0.616,6.495,286.109548,20.307963,9.75607341783580,99.0331,/L
2021-May-14 00:00,*,m,316.09365,-17.36939,0.612,6.495,16.964253,20.303027,9.73960189690673,99.9824,/L
2021-May-15 00:00,*,m,316.10895,-17.36746,0.608,6.495,107.820293,20.298855,9.72317940797266,100.9328,/L
2021-May-16 00:00,*,m,316.12261,-17.36601,0.604,6.494,198.677648,20.295449,9.70681079347174,101.8844,/L
2021-May-17 00:00,*,m,316.13463,-17.36502,0.600,6.494,289.536294,20.292809,9.69050084584471,102.8372,/L
2021-May-18 00:00,*,m,316.14501,-17.36452,0.596,6.494,20.396209,20.290934,9.67425427351129,103.7911,/L
2021-May-19 00:00,*,m,316.15374,-17.36449,0.592,6.493,111.257370,20.289825,9.65807569307725,104.7462,/L
2021-May-20 00:00,*,m,316.16083,-17.36494,0.588,6.493,202.119754,20.289481,9.64196963449563,105.7025,/L
2021-May-21 00:00,*,m,316.16627,-17.36586,0.583,6.492,292.983337,20.289902,9.62594046505976,106.6600,/L
2021-May-22 00:00,*,m,316.17006,-17.36725,0.579,6.492,23.848098,20.291086,9.60999250994604,107.6186,/L
2021-May-23 00:00,*,m,316.17222,-17.36911,0.575,6.491,114.714015,20.293031,9.59413007843875,108.5784,/L
2021-May-24 00:00,*,m,316.17276,-17.37143,0.571,6.490,205.581065,20.295736,9.57835733257338,109.5394,/L
2021-May-25 00:00,*,m,316.17169,-17.37421,0.566,6.489,296.449226,20.299199,9.56267840853131,110.5016,/L
2021-May-26 00:00,*,m,316.16902,-17.37744,0.562,6.489,27.318478,20.303417,9.54709735264880,111.4650,/L
2021-May-27 00:00,*,,316.16475,-17.38114,0.558,6.488,118.188799,20.308389,9.53161825434022,112.4297,/L
2021-May-28 00:00,*,,316.15888,-17.38530,0.553,6.487,209.060168,20.314112,9.51624529154578,113.3957,/L
2021-May-29 00:00,*,,316.15139,-17.38992,0.549,6.486,299.932565,20.320584,9.50098269662434,114.3630,/L
2021-May-30 00:00,*,,316.14228,-17.39501,0.544,6.485,30.805965,20.327802,9.48583475614356,115.3316,/L
2021-May-31 00:00,*,,316.13155,-17.40057,0.540,6.484,121.680347,20.335765,9.47080593583206,116.3017,/L
2021-Jun-01 00:00,*,,316.11920,-17.40658,0.535,6.483,212.555686,20.344469,9.45590073019532,117.2730,/L
2021-Jun-02 00:00,*,,316.10523,-17.41306,0.530,6.482,303.431955,20.353912,9.44112372073373,118.2458,/L
2021-Jun-03 00:00,*,,316.08965,-17.41998,0.526,6.480,34.309129,20.364090,9.42647944182068,119.2199,/L
2021-Jun-04 00:00,*,,316.07247,-17.42735,0.521,6.479,125.187179,20.375001,9.41197237298946,120.1955,/L
2021-Jun-05 00:00,*,,316.05371,-17.43517,0.516,6.478,216.066080,20.386639,9.39760705653797,121.1724,/L
2021-Jun-06 00:00,*,,316.03337,-17.44342,0.512,6.476,306.945801,20.399001,9.38338802674896,122.1506,/L
2021-Jun-07 00:00,*,,316.01148,-17.45211,0.507,6.475,37.826314,20.412081,9.36931978150381,123.1302,/L
2021-Jun-08 00:00,*,,315.98804,-17.46124,0.502,6.473,128.707590,20.425874,9.35540683371204,124.1112,/L
2021-Jun-09 00:00,*,,315.96305,-17.47079,0.498,6.472,219.589597,20.440375,9.34165369121500,125.0935,/L
2021-Jun-10 00:00,*,,315.93655,-17.48077,0.493,6.470,310.472305,20.455575,9.32806488767565,126.0771,/L
2021-Jun-11 00:00,*,m,315.90852,-17.49118,0.488,6.469,41.355681,20.471469,9.31464499378034,127.0620,/L
2021-Jun-12 00:00,*,m,315.87899,-17.50200,0.483,6.467,132.239691,20.488049,9.30139843455358,128.0482,/L
2021-Jun-13 00:00,*,m,315.84796,-17.51325,0.478,6.465,223.124303,20.505305,9.28832964833408,129.0356,/L
2021-Jun-14 00:00,*,m,315.81544,-17.52490,0.474,6.464,314.009479,20.523230,9.27544300549982,130.0243,/L
2021-Jun-15 00:00,*,m,315.78144,-17.53696,0.469,6.462,44.895187,20.541814,9.26274279843370,131.0142,/L
2021-Jun-16 00:00,*,m,315.74599,-17.54943,0.464,6.460,135.781388,20.561048,9.25023319565518,132.0053,/L
2021-Jun-17 00:00,*,m,315.70909,-17.56228,0.459,6.458,226.668046,20.580921,9.23791818555561,132.9975,/L
2021-Jun-18 00:00,*,m,315.67077,-17.57552,0.454,6.456,317.555126,20.601422,9.22580155786330,133.9910,/L
2021-Jun-19 00:00,*,m,315.63105,-17.58913,0.449,6.454,48.442591,20.622542,9.21388701517019,134.9855,/L
2021-Jun-20 00:00,*,m,315.58996,-17.60310,0.445,6.452,139.330405,20.644270,9.20217800915661,135.9812,/L
2021-Jun-21 00:00,*,m,315.54753,-17.61743,0.440,6.450,230.218534,20.666594,9.19067781982024,136.9779,/L
2021-Jun-22 00:00,*,m,315.50378,-17.63211,0.435,6.448,321.106946,20.689504,9.17938960476964,137.9758,/L
2021-Jun-23 00:00,*,m,315.45875,-17.64713,0.430,6.446,51.995606,20.712989,9.16831642488648,138.9748,/L
2021-Jun-24 00:00,*,m,315.41244,-17.66249,0.425,6.443,142.884483,20.737038,9.15746139287256,139.9749,/L
2021-Jun-25 00:00,*,,315.36486,-17.67818,0.421,6.441,233.773545,20.761640,9.14682760930604,140.9762,/L
2021-Jun-26 00:00,*,,315.31603,-17.69421,0.416,6.439,324.662758,20.786783,9.13641820026920,141.9786,/L
2021-Jun-27 00:00,*,,315.26595,-17.71057,0.411,6.436,55.552091,20.812457,9.12623643205024,142.9821,/L
2021-Jun-28 00:00,*,,315.21464,-17.72724,0.406,6.434,146.441510,20.838650,9.11628569829955,143.9868,/L
2021-Jun-29 00:00,*,,315.16211,-17.74422,0.402,6.432,237.330977,20.865350,9.10656943542566,144.9926,/L
2021-Jun-30 00:00,*,,315.10839,-17.76150,0.397,6.429,328.220457,20.892544,9.09709115934302,145.9996,/L
2021-Jul-01 00:00,*,,315.05352,-17.77906,0.392,6.427,59.109912,20.920222,9.08785429497949,147.0078,/L
2021-Jul-02 00:00,*,,314.99751,-17.79691,0.387,6.424,149.999302,20.948368,9.07886231780254,148.0170,/L
2021-Jul-03 00:00,*,,314.94040,-17.81501,0.383,6.422,240.888587,20.976970,9.07011863749007,149.0274,/L
2021-Jul-04 00:00,*,,314.88223,-17.83338,0.378,6.419,331.777725,21.006013,9.06162651516513,150.0389,/L
2021-Jul-05 00:00,*,,314.82302,-17.85199,0.373,6.416,62.666676,21.035485,9.05338908052833,151.0514,/L
2021-Jul-06 00:00,*,,314.76280,-17.87085,0.369,6.414,153.555399,21.065370,9.04540935768536,152.0649,/L
2021-Jul-07 00:00,*,,314.70160,-17.88993,0.364,6.411,244.443852,21.095654,9.03769025001288,153.0794,/L
2021-Jul-08 00:00,*,,314.63945,-17.90925,0.360,6.408,335.331993,21.126322,9.03023462519479,154.0949,/L
2021-Jul-09 00:00,*,,314.57638,-17.92878,0.355,6.405,66.219780,21.157358,9.02304518581185,155.1113,/L
2021-Jul-10 00:00,*,m,314.51242,-17.94852,0.351,6.402,157.107171,21.188747,9.01612453216159,156.1286,/L
2021-Jul-11 00:00,*,m,314.44758,-17.96846,0.346,6.400,247.994125,21.220472,9.00947524722203,157.1467,/L
2021-Jul-12 00:00,*,m,314.38191,-17.98859,0.342,6.397,338.880599,21.252516,9.00309976975793,158.1656,/L
2021-Jul-13 00:00,*,m,314.31543,-18.00890,0.337,6.394,69.766549,21.284863,8.99700044678110,159.1853,/L
2021-Jul-14 00:00,*,m,314.24816,-18.02938,0.333,6.390,160.651933,21.317495,8.99117944158321,160.2056,/L
2021-Jul-15 00:00,*,m,314.18016,-18.05001,0.328,6.387,251.536708,21.350395,8.98563875857393,161.2266,/L
2021-Jul-16 00:00,*,m,314.11146,-18.07078,0.323,6.384,342.420833,21.383544,8.98038029519082,162.2481,/L
2021-Jul-17 00:00,*,m,314.04209,-18.09167,0.319,6.380,73.304263,21.416925,8.97540578870443,163.2702,/L
2021-Jul-18 00:00,*,m,313.97211,-18.11268,0.314,6.377,164.186959,21.450520,8.97071670048833,164.2928,/L
2021-Jul-19 00:00,*,m,313.90156,-18.13378,0.309,6.373,255.068878,21.484311,8.96631436806746,165.3158,/L
2021-Jul-20 00:00,*,m,313.83048,-18.15498,0.304,6.369,345.949981,21.518281,8.96219990668069,166.3392,/L
2021-Jul-21 00:00,*,m,313.75890,-18.17626,0.299,6.365,76.830231,21.552413,8.95837433780398,167.3628,/L
2021-Jul-22 00:00,*,m,313.68686,-18.19761,0.293,6.360,167.709588,21.586690,8.95483856106337,168.3867,/L
2021-Jul-23 00:00,*,m,313.61438,-18.21904,0.287,6.355,258.588016,21.621096,8.95159335783261,169.4106,/L
2021-Jul-24 00:00,*,,313.54148,-18.24053,0.281,6.349,349.465479,21.655615,8.94863954380426,170.4345,/L
2021-Jul-25 00:00,*,,313.46818,-18.26208,0.274,6.342,80.341942,21.690230,8.94597802224132,171.4582,/L
2021-Jul-26 00:00,*,,313.39453,-18.28366,0.266,6.335,171.217368,21.724926,8.94360971197848,172.4814,/L
2021-Jul-27 00:00,*,,313.32055,-18.30528,0.257,6.326,262.091720,21.759687,8.94153558936065,173.5035,/L
2021-Jul-28 00:00,*,,313.24629,-18.32691,0.246,6.316,352.964960,21.794495,8.93975661963845,174.5236,/L
2021-Jul-29 00:00,*,,313.17178,-18.34854,0.234,6.305,83.837050,21.829334,8.93827375567065,175.5402,/L
2021-Jul-30 00:00,*,,313.09706,-18.37016,0.220,6.291,174.707950,21.864187,8.93708800659203,176.5495,/L
2021-Jul-31 00:00,*,,313.02219,-18.39176,0.203,6.274,265.577622,21.899037,8.93620022818378,177.5420,/L
2021-Aug-01 00:00,*,,312.94720,-18.41332,0.184,6.255,356.446025,21.933867,8.93561119671416,178.4835,/L
2021-Aug-02 00:00,*,,312.87213,-18.43485,0.167,6.238,87.313119,21.968659,8.93532158009566,179.1737,/L
2021-Aug-03 00:00,*,,312.79702,-18.45632,0.173,6.244,178.178864,22.003395,8.93533193063609,178.9079,/T
2021-Aug-04 00:00,*,,312.72191,-18.47774,0.192,6.263,269.043218,22.038058,8.93564265904640,178.0425,/T
2021-Aug-05 00:00,*,,312.64683,-18.49909,0.209,6.280,359.906142,22.072631,8.93625399106740,177.0672,/T
2021-Aug-06 00:00,*,,312.57184,-18.52036,0.224,6.294,90.767597,22.107097,8.93716587905922,176.0626,/T
2021-Aug-07 00:00,*,,312.49696,-18.54154,0.237,6.307,181.627544,22.141437,8.93837819123446,175.0465,/T
2021-Aug-08 00:00,*,m,312.42222,-18.56263,0.247,6.317,272.485945,22.175634,8.93989058884785,174.0246,/T
2021-Aug-09 00:00,*,m,312.34767,-18.58361,0.256,6.325,3.342763,22.209672,8.94170254907567,172.9995,/T
2021-Aug-10 00:00,*,m,312.27334,-18.60448,0.264,6.333,94.197962,22.243533,8.94381338032334,171.9724,/T
2021-Aug-11 00:00,*,m,312.19927,-18.62522,0.271,6.339,185.051508,22.277200,8.94622219321504,170.9441,/T
2021-Aug-12 00:00,C,m,312.12552,-18.64581,0.277,6.344,275.903367,22.310656,8.94892799660990,169.9149,/T
2021-Aug-13 00:00,C,m,312.05211,-18.66624,0.283,6.349,6.753507,22.343884,8.95192966539781,168.8852,/T
2021-Aug-14 00:00,C,m,311.97910,-18.68651,0.288,6.353,97.601896,22.376866,8.95522585893249,167.8552,/T
2021-Aug-15 00:00,C,m,311.90654,-18.70660,0.293,6.357,188.448504,22.409587,8.95881511617986,166.8250,/T
2021-Aug-16 00:00,C,m,311.83447,-18.72650,0.297,6.361,279.293302,22.442031,8.96269590430342,165.7947,/T
2021-Aug-17 00:00,C,m,311.76292,-18.74620,0.302,6.364,10.136264,22.474181,8.96686657148055,164.7645,/T
2021-Aug-18 00:00,C,m,311.69193,-18.76570,0.306,6.367,100.977361,22.506024,8.97132545777743,163.7344,/T
2021-Aug-19 00:00,C,m,311.62153,-18.78500,0.310,6.370,191.816568,22.537544,8.97607074407168,162.7044,/T
2021-Aug-20 00:00,C,m,311.55174,-18.80409,0.314,6.373,282.653859,22.568727,8.98110059535015,161.6746,/T
2021-Aug-21 00:00,C,m,311.48258,-18.82296,0.318,6.375,13.489212,22.599561,8.98641317839023,160.6451,/T
2021-Aug-22 00:00,C,m,311.41409,-18.84161,0.322,6.378,104.322601,22.630032,8.99200661387280,159.6158,/T
2021-Aug-23 00:00,C,,311.34630,-18.86002,0.326,6.380,195.154004,22.660127,8.99787895976821,158.5867,/T
2021-Aug-24 00:00,C,,311.27924,-18.87818,0.330,6.383,285.983397,22.689834,9.00402826849871,157.5580,/T
2021-Aug-25 00:00,C,,311.21296,-18.89608,0.334,6.385,16.810759,22.719141,9.01045253188259,156.5295,/T
2021-Aug-26 00:00,C,,311.14748,-18.91372,0.338,6.387,107.636069,22.748036,9.01714981112837,155.5013,/T
2021-Aug-27 00:00,C,,311.08286,-18.93109,0.342,6.389,198.459303,22.776505,9.02411809135371,154.4735,/T
2021-Aug-28 00:00,C,,311.01912,-18.94817,0.346,6.392,289.280440,22.804538,9.03135525340617,153.4461,/T
2021-Aug-29 00:00,C,,310.95631,-18.96497,0.350,6.394,20.099461,22.832120,9.03885917432131,152.4190,/T
2021-Aug-30 00:00,C,,310.89444,-18.98147,0.354,6.396,110.916343,22.859242,9.04662765030033,151.3923,/T
2021-Aug-31 00:00,N,,310.83356,-18.99768,0.358,6.398,201.731067,22.885889,9.05465842409219,150.3661,/T
2021-Sep-01 00:00,N,,310.77370,-19.01358,0.362,6.400,292.543612,22.912050,9.06294913065017,149.3403,/T
2021-Sep-02 00:00,N,,310.71487,-19.02918,0.366,6.402,23.353959,22.937714,9.07149725102422,148.3150,/T
2021-Sep-03 00:00,N,,310.65712,-19.04446,0.370,6.404,114.162090,22.962868,9.08030017323135,147.2902,/T
2021-Sep-04 00:00,N,,310.60047,-19.05942,0.375,6.406,204.967985,22.987500,9.08935520122914,146.2660,/T
2021-Sep-05 00:00,N,,310.54494,-19.07406,0.379,6.408,295.771628,23.011601,9.09865937237285,145.2423,/T
2021-Sep-06 00:00,N,,310.49056,-19.08837,0.383,6.410,26.573002,23.035157,9.10820956696132,144.2193,/T
2021-Sep-07 00:00,N,,310.43737,-19.10233,0.387,6.412,117.372095,23.058160,9.11800239651095,143.1970,/T
2021-Sep-08 00:00,N,m,310.38539,-19.11595,0.392,6.414,208.168892,23.080598,9.12803430525795,142.1754,/T
2021-Sep-09 00:00,N,m,310.33466,-19.12921,0.396,6.416,298.963384,23.102462,9.13830158081314,141.1546,/T
2021-Sep-10 00:00,N,m,310.28522,-19.14210,0.401,6.418,29.755563,23.123742,9.14880030617004,140.1345,/T
2021-Sep-11 00:00,N,m,310.23709,-19.15462,0.405,6.419,120.545422,23.144430,9.15952642266674,139.1153,/T
2021-Sep-12 00:00,N,m,310.19032,-19.16676,0.410,6.421,211.332958,23.164516,9.17047587355959,138.0969,/T
2021-Sep-13 00:00,N,m,310.14492,-19.17853,0.414,6.423,302.118169,23.183994,9.18164455110388,137.0795,/T
2021-Sep-14 00:00,N,m,310.10090,-19.18992,0.419,6.425,32.901053,23.202856,9.19302838659148,136.0630,/T
2021-Sep-15 00:00,N,m,310.05829,-19.20094,0.423,6.426,123.681608,23.221093,9.20462331512882,135.0474,/T
2021-Sep-16 00:00,N,m,310.01710,-19.21157,0.428,6.428,214.459837,23.238701,9.21642527701388,134.0328,/T
2021-Sep-17 00:00,N,m,309.97732,-19.22182,0.432,6.430,305.235741,23.255672,9.22843037407358,133.0191,/T
2021-Sep-18 00:00,N,m,309.93898,-19.23169,0.437,6.431,36.009319,23.272002,9.24063472937850,132.0064,/T
2021-Sep-19 00:00,A,m,309.90209,-19.24117,0.441,6.433,126.780574,23.287683,9.25303448348779,130.9946,/T
2021-Sep-20 00:00,A,m,309.86668,-19.25025,0.446,6.435,217.549507,23.302711,9.26562578582328,129.9838,/T
2021-Sep-21 00:00,A,m,309.83275,-19.25892,0.451,6.436,308.316118,23.317081,9.27840477594678,128.9739,/T
2021-Sep-22 00:00,A,m,309.80033,-19.26719,0.455,6.438,39.080412,23.330788,9.29136756543803,127.9650,/T
2021-Sep-23 00:00,A,m,309.76945,-19.27505,0.460,6.439,129.842389,23.343827,9.30451024545826,126.9571,/T
2021-Sep-24 00:00,A,,309.74013,-19.28250,0.464,6.441,220.602054,23.356195,9.31782872237812,125.9500,/T
2021-Sep-25 00:00,A,,309.71239,-19.28953,0.469,6.442,311.359410,23.367887,9.33131891045586,124.9440,/T
2021-Sep-26 00:00,A,,309.68623,-19.29615,0.474,6.443,42.114464,23.378898,9.34497667737236,123.9388,/T
2021-Sep-27 00:00,A,,309.66167,-19.30236,0.478,6.445,132.867220,23.389225,9.35879785452621,122.9346,/T
2021-Sep-28 00:00,A,,309.63874,-19.30814,0.483,6.446,223.617687,23.398864,9.37277824480217,121.9314,/T
2021-Sep-29 00:00,A,,309.61742,-19.31352,0.488,6.447,314.365871,23.407811,9.38691357496822,120.9291,/T
2021-Sep-30 00:00,A,,309.59774,-19.31848,0.492,6.449,45.111780,23.416061,9.40119954138399,119.9277,/T
2021-Oct-01 00:00,A,,309.57970,-19.32302,0.497,6.450,135.855423,23.423612,9.41563187285815,118.9274,/T
2021-Oct-02 00:00,A,,309.56331,-19.32714,0.501,6.451,226.596809,23.430458,9.43020618820574,117.9280,/T
2021-Oct-03 00:00,A,,309.54857,-19.33084,0.506,6.452,317.335948,23.436597,9.44491800749710,116.9296,/T
2021-Oct-04 00:00,A,,309.53549,-19.33411,0.511,6.454,48.072851,23.442025,9.45976278243321,115.9322,/T
2021-Oct-05 00:00,A,,309.52409,-19.33696,0.515,6.455,138.807528,23.446738,9.47473580838968,114.9359,/T
2021-Oct-06 00:00,A,,309.51438,-19.33937,0.520,6.456,229.539994,23.450734,9.48983231861715,113.9406,/T
2021-Oct-07 00:00,A,,309.50638,-19.34134,0.524,6.457,320.270262,23.454009,9.50504731584030,112.9465,/T
2021-Oct-08 00:00,,,309.50010,-19.34287,0.529,6.458,50.998348,23.456562,9.52037562135168,111.9534,/T
2021-Oct-09 00:00,,,309.49556,-19.34396,0.533,6.459,141.724273,23.458391,9.53581197607194,110.9615,/T
2021-Oct-10 00:00,,m,309.49276,-19.34461,0.538,6.460,232.448054,23.459494,9.55135108581932,109.9707,/T
2021-Oct-11 00:00,,m,309.49171,-19.34482,0.542,6.461,323.169716,23.459873,9.56698762002181,108.9812,/T
2021-Oct-12 00:00,,m,309.49240,-19.34461,0.547,6.462,53.889281,23.459526,9.58271634460720,107.9928,/T
2021-Oct-13 00:00,,m,309.49482,-19.34396,0.551,6.462,144.606773,23.458453,9.59853205494412,107.0057,/T
2021-Oct-14 00:00,,m,309.49896,-19.34289,0.556,6.463,235.322219,23.456657,9.61442976160362,106.0198,/T
2021-Oct-15 00:00,,m,309.50481,-19.34139,0.560,6.464,326.035641,23.454137,9.63040462172613,105.0350,/T
2021-Oct-16 00:00,,m,309.51237,-19.33946,0.565,6.465,56.747065,23.450894,9.64645185796455,104.0515,/T
2021-Oct-17 00:00,,m,309.52164,-19.33710,0.569,6.466,147.456515,23.446929,9.66256681821321,103.0691,/T
2021-Oct-18 00:00,,m,309.53261,-19.33431,0.573,6.466,238.164015,23.442244,9.67874494365374,102.0880,/T
2021-Oct-19 00:00,,m,309.54529,-19.33108,0.578,6.467,328.869589,23.436838,9.69498175822974,101.1079,/T
2021-Oct-20 00:00,,m,309.55969,-19.32742,0.582,6.468,59.573259,23.430714,9.71127286342753,100.1290,/T
2021-Oct-21 00:00,,m,309.57581,-19.32332,0.586,6.468,150.275050,23.423872,9.72761381506540,99.1513,/T
2021-Oct-22 00:00,,m,309.59364,-19.31879,0.590,6.469,240.974984,23.416313,9.74400012929658,98.1746,/T
2021-Oct-23 00:00,,m,309.61319,-19.31383,0.595,6.469,331.673085,23.408038,9.76042737115402,97.1991,/T
2021-Oct-24 00:00,,m,309.63446,-19.30844,0.599,6.470,62.369376,23.399050,9.77689098406682,96.2246,/T
2021-Oct-25 00:00,,,309.65743,-19.30262,0.603,6.470,153.063883,23.389348,9.79338637840076,95.2512,/T
2021-Oct-26 00:00,,,309.68211,-19.29637,0.607,6.471,243.756629,23.378936,9.80990884985626,94.2788,/T
2021-Oct-27 00:00,,,309.70849,-19.28971,0.611,6.471,334.447642,23.367814,9.82645365767677,93.3075,/T
2021-Oct-28 00:00,,,309.73655,-19.28263,0.615,6.471,65.136948,23.355985,9.84301609248588,92.3372,/T
2021-Oct-29 00:00,,,309.76630,-19.27513,0.619,6.472,155.824574,23.343449,9.85959143625163,91.3680,/T
2021-Oct-30 00:00,,,309.79770,-19.26721,0.623,6.472,246.510548,23.330209,9.87617488170986,90.3998,/T
2021-Oct-31 00:00,,,309.83077,-19.25888,0.627,6.472,337.194899,23.316266,9.89276167021993,89.4326,/T
2021-Nov-01 00:00,,,309.86549,-19.25012,0.631,6.473,67.877655,23.301622,9.90934699090088,88.4665,/T
2021-Nov-02 00:00,,,309.90186,-19.24095,0.635,6.473,158.558846,23.286278,9.92592603429775,87.5014,/T
2021-Nov-03 00:00,,,309.93988,-19.23135,0.638,6.473,249.238502,23.270237,9.94249393530952,86.5373,/T
2021-Nov-04 00:00,,,309.97955,-19.22133,0.642,6.473,339.916653,23.253499,9.95904569068998,85.5743,/T
2021-Nov-05 00:00,,,310.02087,-19.21088,0.646,6.473,70.593332,23.236068,9.97557630311709,84.6123,/T
2021-Nov-06 00:00,,,310.06383,-19.20002,0.650,6.473,161.268573,23.217946,9.99208076945410,83.6515,/T
2021-Nov-07 00:00,,,310.10843,-19.18873,0.653,6.474,251.942407,23.199136,10.0085540648064,82.6918,/T
2021-Nov-08 00:00,,m,310.15465,-19.17704,0.657,6.474,342.614872,23.179642,10.0249911979451,81.7331,/T
2021-Nov-09 00:00,,m,310.20246,-19.16494,0.660,6.474,73.286001,23.159467,10.0413872362887,80.7756,/T
2021-Nov-10 00:00,,m,310.25184,-19.15245,0.664,6.474,163.955832,23.138617,10.0577373322711,79.8193,/T
2021-Nov-11 00:00,,m,310.30277,-19.13956,0.667,6.474,254.624399,23.117096,10.0740368518696,78.8641,/T
2021-Nov-12 00:00,,m,310.35523,-19.12627,0.671,6.473,345.291738,23.094908,10.0902811855670,77.9100,/T
2021-Nov-13 00:00,,m,310.40921,-19.11259,0.674,6.473,75.957884,23.072061,10.1064658691525,76.9571,/T
2021-Nov-14 00:00,,m,310.46469,-19.09851,0.677,6.473,166.622874,23.048557,10.1225865728676,76.0052,/T
2021-Nov-15 00:00,,m,310.52167,-19.08403,0.680,6.473,257.286742,23.024402,10.1386391006899,75.0545,/T
2021-Nov-16 00:00,,m,310.58014,-19.06916,0.683,6.473,347.949522,22.999600,10.1546193783526,74.1048,/T
2021-Nov-17 00:00,,m,310.64009,-19.05390,0.687,6.473,78.611246,22.974157,10.1705234030312,73.1561,/T
2021-Nov-18 00:00,,m,310.70150,-19.03825,0.690,6.472,169.271949,22.948076,10.1863471824109,72.2085,/T
2021-Nov-19 00:00,,m,310.76436,-19.02221,0.693,6.472,259.931664,22.921363,10.2020868781379,71.2619,/T
2021-Nov-20 00:00,,m,310.82867,-19.00579,0.696,6.472,350.590421,22.894021,10.2177386805965,70.3163,/T
2021-Nov-21 00:00,,m,310.89440,-18.98899,0.699,6.471,81.248253,22.866055,10.2332987703015,69.3717,/T
2021-Nov-22 00:00,,m,310.96154,-18.97181,0.701,6.471,171.905192,22.837469,10.2487633466741,68.4280,/T
2021-Nov-23 00:00,,m,311.03007,-18.95426,0.704,6.471,262.561268,22.808267,10.2641285394548,67.4853,/T
2021-Nov-24 00:00,,,311.09998,-18.93635,0.707,6.470,353.216513,22.778454,10.2793905087829,66.5435,/T
2021-Nov-25 00:00,,,311.17123,-18.91807,0.710,6.470,83.870959,22.748033,10.2945453583894,65.6025,/T
2021-Nov-26 00:00,,,311.24383,-18.89943,0.712,6.469,174.524637,22.717011,10.3095890753697,64.6625,/T
2021-Nov-27 00:00,,,311.31775,-18.88043,0.715,6.469,265.177582,22.685391,10.3245175976041,63.7233,/T
2021-Nov-28 00:00,,,311.39297,-18.86107,0.717,6.468,355.829825,22.653178,10.3393268781070,62.7850,/T
2021-Nov-29 00:00,,,311.46948,-18.84135,0.720,6.468,86.481402,22.620377,10.3540128109868,61.8476,/T
2021-Nov-30 00:00,,,311.54727,-18.82128,0.722,6.467,177.132347,22.586993,10.3685713409592,60.9110,/T
2021-Dec-01 00:00,,,311.62634,-18.80084,0.725,6.467,267.782694,22.553030,10.3829983049229,59.9752,/T
2021-Dec-02 00:00,,,311.70667,-18.78005,0.727,6.466,358.432480,22.518493,10.3972895685674,59.0403,/T
2021-Dec-03 00:00,,,311.78825,-18.75890,0.729,6.466,89.081741,22.483389,10.4114410606371,58.1063,/T
2021-Dec-04 00:00,,,311.87108,-18.73740,0.731,6.465,179.730514,22.447721,10.4254487278012,57.1731,/T
2021-Dec-05 00:00,,,311.95512,-18.71555,0.733,6.464,270.378837,22.411496,10.4393085750410,56.2408,/T
2021-Dec-06 00:00,,,312.04035,-18.69337,0.736,6.463,1.026746,22.374720,10.4530167468792,55.3094,/T
2021-Dec-07 00:00,,,312.12673,-18.67087,0.738,6.463,91.674280,22.337399,10.4665695300332,54.3789,/T
2021-Dec-08 00:00,,m,312.21424,-18.64804,0.740,6.462,182.321474,22.299540,10.4799634595597,53.4493,/T
2021-Dec-09 00:00,,m,312.30285,-18.62488,0.741,6.461,272.968364,22.261151,10.4931952003542,52.5207,/T
2021-Dec-10 00:00,,m,312.39254,-18.60141,0.743,6.460,3.614984,22.222237,10.5062614672790,51.5929,/T
2021-Dec-11 00:00,,m,312.48329,-18.57762,0.745,6.460,94.261369,22.182807,10.5191591389729,50.6661,/T
2021-Dec-12 00:00,,m,312.57509,-18.55351,0.747,6.459,184.907552,22.142867,10.5318851340100,49.7402,/T
2021-Dec-13 00:00,,m,312.66792,-18.52909,0.748,6.458,275.553567,22.102425,10.5444364602953,48.8152,/T
2021-Dec-14 00:00,,m,312.76178,-18.50435,0.750,6.457,6.199447,22.061488,10.5568101621783,47.8911,/T
2021-Dec-15 00:00,,m,312.85665,-18.47931,0.751,6.456,96.845222,22.020062,10.5690033183717,46.9678,/T
2021-Dec-16 00:00,,m,312.95250,-18.45396,0.753,6.455,187.490928,21.978155,10.5810131120902,46.0453,/T
2021-Dec-17 00:00,,m,313.04932,-18.42831,0.754,6.454,278.136594,21.935774,10.5928368767828,45.1237,/T
2021-Dec-18 00:00,,m,313.14710,-18.40237,0.756,6.453,8.782252,21.892926,10.6044719307146,44.2029,/T
2021-Dec-19 00:00,,m,313.24581,-18.37614,0.757,6.453,99.427933,21.849616,10.6159157021390,43.2829,/T
2021-Dec-20 00:00,,m,313.34542,-18.34963,0.758,6.452,190.073667,21.805851,10.6271656347424,42.3636,/T
2021-Dec-21 00:00,,m,313.44591,-18.32285,0.759,6.451,280.719483,21.761639,10.6382192494468,41.4451,/T
2021-Dec-22 00:00,,m,313.54727,-18.29579,0.760,6.450,11.365412,21.716984,10.6490741395110,40.5272,/T
2021-Dec-23 00:00,,,313.64947,-18.26846,0.762,6.449,102.011480,21.671893,10.6597278464219,39.6101,/T
2021-Dec-24 00:00,,,313.75248,-18.24086,0.762,6.447,192.657717,21.626373,10.6701778832075,38.6937,/T
2021-Dec-25 00:00,,,313.85630,-18.21300,0.763,6.446,283.304152,21.580429,10.6804217916206,37.7779,/T
2021-Dec-26 00:00,,,313.96090,-18.18488,0.764,6.445,13.950814,21.534069,10.6904570495077,36.8628,/T
2021-Dec-27 00:00,,,314.06627,-18.15650,0.765,6.444,104.597730,21.487299,10.7002810776839,35.9483,/T
2021-Dec-28 00:00,,,314.17240,-18.12785,0.766,6.443,195.244931,21.440126,10.7098912173140,35.0345,/T
2021-Dec-29 00:00,,,314.27928,-18.09895,0.766,6.442,285.892447,21.392556,10.7192846967577,34.1213,/T
2021-Dec-30 00:00,,,314.38690,-18.06979,0.767,6.441,16.540309,21.344597,10.7284588334027,33.2086,/T
2021-Dec-31 00:00,,,314.49524,-18.04039,0.768,6.440,107.188550,21.296257,10.7374109167594,32.2966,/T
2022-Jan-01 00:00,,,314.60428,-18.01074,0.768,6.439,197.837201,21.247542,10.7461382757048,31.3853,/T
2022-Jan-02 00:00,,,314.71399,-17.98086,0.769,6.437,288.486296,21.198462,10.7546383450195,30.4745,/T
2022-Jan-03 00:00,,,314.82435,-17.95076,0.769,6.436,19.135867,21.149024,10.7629087336877,29.5644,/T
2022-Jan-04 00:00,,,314.93532,-17.92044,0.769,6.435,109.785947,21.099238,10.7709472667267,28.6550,/T
2022-Jan-05 00:00,,,315.04686,-17.88991,0.769,6.434,200.436566,21.049111,10.7787520401829,27.7462,/T
2022-Jan-06 00:00,,m,315.15895,-17.85917,0.770,6.432,291.087755,20.998653,10.7863212613063,26.8381,/T
2022-Jan-07 00:00,,m,315.27158,-17.82823,0.770,6.431,21.739543,20.947873,10.7936533918997,25.9308,/T
2022-Jan-08 00:00,,m,315.38471,-17.79708,0.770,6.430,112.391957,20.896779,10.8007470680134,25.0241,/T
2022-Jan-09 00:00,,m,315.49835,-17.76573,0.770,6.428,203.045023,20.845381,10.8076010219570,24.1181,/T
2022-Jan-10 00:00,,m,315.61247,-17.73418,0.769,6.427,293.698767,20.793686,10.8142140689336,23.2128,/T
2022-Jan-11 00:00,,m,315.72706,-17.70244,0.769,6.426,24.353212,20.741704,10.8205850022965,22.3081,/T
2022-Jan-12 00:00,,m,315.84211,-17.67051,0.769,6.424,115.008383,20.689442,10.8267126391598,21.4042,/T
2022-Jan-13 00:00,,m,315.95759,-17.63841,0.769,6.423,205.664305,20.636910,10.8325958684474,20.5009,/T
2022-Jan-14 00:00,,m,316.07349,-17.60612,0.768,6.421,296.320999,20.584117,10.8382335522350,19.5983,/T
2022-Jan-15 00:00,,m,316.18978,-17.57367,0.767,6.419,26.978491,20.531070,10.8436245390912,18.6964,/T
2022-Jan-16 00:00,,m,316.30645,-17.54106,0.767,6.418,117.636803,20.477779,10.8487677705350,17.7951,/T
2022-Jan-17 00:00,,m,316.42347,-17.50830,0.766,6.416,208.295959,20.424251,10.8536622004552,16.8944,/T
2022-Jan-18 00:00,,m,316.54081,-17.47539,0.765,6.414,298.955981,20.370496,10.8583069266898,15.9944,/T
2022-Jan-19 00:00,,m,316.65846,-17.44234,0.764,6.412,29.616892,20.316520,10.8627010299452,15.0950,/T
2022-Jan-20 00:00,,m,316.77639,-17.40915,0.762,6.410,120.278713,20.262332,10.8668436014658,14.1962,/T
2022-Jan-21 00:00,,,316.89458,-17.37583,0.761,6.408,210.941467,20.207941,10.8707338048607,13.2981,/T
2022-Jan-22 00:00,,,317.01301,-17.34237,0.759,6.405,301.605174,20.153354,10.8743708525117,12.4007,/T
2022-Jan-23 00:00,,,317.13168,-17.30879,0.756,6.402,32.269855,20.098578,10.8777539222757,11.5040,/T
2022-Jan-24 00:00,,,317.25055,-17.27508,0.754,6.399,122.935532,20.043623,10.8808822183359,10.6080,/T
2022-Jan-25 00:00,,,317.36964,-17.24125,0.751,6.396,213.602226,19.988495,10.8837548598776,9.7129,/T
2022-Jan-26 00:00,,,317.48891,-17.20730,0.747,6.392,304.269959,19.933204,10.8863710065429,8.8188,/T
2022-Jan-27 00:00,,,317.60837,-17.17323,0.743,6.387,34.938751,19.877758,10.8887298196286,7.9259,/T
2022-Jan-28 00:00,,,317.72800,-17.13906,0.738,6.382,125.608624,19.822166,10.8908303623490,7.0345,/T
2022-Jan-29 00:00,,,317.84776,-17.10478,0.732,6.376,216.279603,19.766437,10.8926717282088,6.1451,/T
2022-Jan-30 00:00,,,317.96764,-17.07043,0.725,6.368,306.951710,19.710582,10.8942530635154,5.2587,/T
2022-Jan-31 00:00,,,318.08761,-17.03599,0.717,6.360,37.624968,19.654609,10.8955736518384,4.3766,/T
2022-Feb-01 00:00,,,318.20763,-17.00149,0.707,6.350,128.299401,19.598531,10.8966329759646,3.5021,/T
2022-Feb-02 00:00,,,318.32767,-16.96693,0.696,6.339,218.975031,19.542357,10.8974306822245,2.6424,/T
2022-Feb-03 00:00,,m,318.44772,-16.93231,0.683,6.326,309.651881,19.486097,10.8979665979274,1.8177,/T
2022-Feb-04 00:00,,m,318.56776,-16.89767,0.671,6.313,40.329970,19.429764,10.8982408668530,1.1088,/T
2022-Feb-05 00:00,,m,318.68766,-16.86301,0.667,6.310,131.009317,19.373366,10.8982537529876,0.8695,/T
2022-Feb-06 00:00,,m,318.80753,-16.82816,0.678,6.321,221.689940,19.316914,10.8980056981186,1.3717,/L
2022-Feb-07 00:00,,m,318.92741,-16.79329,0.694,6.337,312.371857,19.260418,10.8974972132699,2.1458,/L
2022-Feb-08 00:00,,m,319.04722,-16.75841,0.707,6.351,43.055082,19.203888,10.8967288943398,2.9870,/L
2022-Feb-09 00:00,,m,319.16693,-16.72350,0.720,6.363,133.739630,19.147334,10.8957014563036,3.8515,/L
2022-Feb-10 00:00,,m,319.28652,-16.68858,0.730,6.374,224.425516,19.090765,10.8944156556242,4.7262,/L
2022-Feb-11 00:00,,m,319.40598,-16.65364,0.740,6.384,315.112752,19.034190,10.8928721825040,5.6062,/L
2022-Feb-12 00:00,,m,319.52529,-16.61869,0.748,6.392,45.801352,18.977620,10.8910717755245,6.4893,/L
2022-Feb-13 00:00,,m,319.64443,-16.58374,0.755,6.400,136.491329,18.921063,10.8890151408675,7.3742,/L
2022-Feb-14 00:00,A,m,319.76337,-16.54881,0.761,6.407,227.182695,18.864530,10.8867029826147,8.2603,/L
2022-Feb-15 00:00,A,m,319.88209,-16.51388,0.767,6.413,317.875462,18.808029,10.8841360065314,9.1472,/L
2022-Feb-16 00:00,A,m,320.00058,-16.47898,0.772,6.418,48.569645,18.751571,10.8813148193508,10.0346,/L
2022-Feb-17 00:00,A,m,320.11881,-16.44411,0.776,6.423,139.265254,18.695163,10.8782400938306,10.9224,/L
2022-Feb-18 00:00,A,m,320.23677,-16.40926,0.780,6.428,229.962305,18.638817,10.8749125388825,11.8104,/L
2022-Feb-19 00:00,A,,320.35445,-16.37445,0.784,6.433,320.660809,18.582540,10.8713328580882,12.6986,/L
2022-Feb-20 00:00,A,,320.47182,-16.33968,0.787,6.437,51.360779,18.526342,10.8675017532302,13.5870,/L
2022-Feb-21 00:00,A,,320.58889,-16.30494,0.790,6.441,142.062228,18.470232,10.8634199408039,14.4755,/L
2022-Feb-22 00:00,A,,320.70563,-16.27025,0.793,6.445,232.765170,18.414220,10.8590881353769,15.3641,/L
2022-Feb-23 00:00,A,,320.82204,-16.23561,0.796,6.449,323.469618,18.358314,10.8545071917356,16.2528,/L
2022-Feb-24 00:00,A,,320.93811,-16.20103,0.799,6.452,54.175584,18.302525,10.8496779126478,17.1417,/L
2022-Feb-25 00:00,A,,321.05380,-16.16651,0.801,6.456,144.883083,18.246862,10.8446011603887,18.0306,/L
2022-Feb-26 00:00,A,,321.16911,-16.13208,0.804,6.459,235.592126,18.191335,10.8392778879215,18.9196,/L
2022-Feb-27 00:00,A,,321.28399,-16.09773,0.806,6.462,326.302729,18.135956,10.8337091371650,19.8087,/L
2022-Feb-28 00:00,A,,321.39842,-16.06347,0.808,6.466,57.014901,18.080734,10.8278960607163,20.6979,/L
2022-Mar-01 00:00,A,,321.51238,-16.02932,0.810,6.469,147.728657,18.025681,10.8218398953996,21.5872,/L
2022-Mar-02 00:00,A,,321.62585,-15.99528,0.812,6.472,238.444007,17.970809,10.8155419340599,22.4765,/L
2022-Mar-03 00:00,A,,321.73879,-15.96136,0.814,6.475,329.160964,17.916129,10.8090036839775,23.3658,/L
2022-Mar-04 00:00,A,,321.85121,-15.92755,0.815,6.478,59.879539,17.861651,10.8022268006061,24.2552,/L
2022-Mar-05 00:00,A,m,321.96309,-15.89387,0.817,6.482,150.599740,17.807389,10.7952130261226,25.1446,/L
2022-Mar-06 00:00,A,m,322.07442,-15.86032,0.818,6.485,241.321577,17.753352,10.7879642648727,26.0341,/L
2022-Mar-07 00:00,A,m,322.18517,-15.82690,0.820,6.488,332.045059,17.699551,10.7804824747586,26.9235,/L
2022-Mar-08 00:00,A,m,322.29535,-15.79362,0.821,6.491,62.770192,17.645998,10.7727697807522,27.8130,/L
2022-Mar-09 00:00,A,m,322.40492,-15.76049,0.823,6.494,153.496983,17.592702,10.7648283913662,28.7025,/L
2022-Mar-10 00:00,A,m,322.51388,-15.72753,0.824,6.496,244.225438,17.539674,10.7566605264235,29.5921,/L
2022-Mar-11 00:00,A,m,322.62220,-15.69473,0.825,6.499,334.955562,17.486924,10.7482684497474,30.4817,/L
2022-Mar-12 00:00,A,m,322.72986,-15.66210,0.826,6.502,65.687359,17.434461,10.7396545307098,31.3713,/L
2022-Mar-13 00:00,A,m,322.83684,-15.62967,0.827,6.505,156.420834,17.382295,10.7308211255645,32.2610,/L
2022-Mar-14 00:00,A,m,322.94313,-15.59742,0.828,6.508,247.155989,17.330435,10.7217706618355,33.1509,/L
2022-Mar-15 00:00,N,m,323.04870,-15.56536,0.829,6.511,337.892827,17.278892,10.7125054602378,34.0408,/L
2022-Mar-16 00:00,N,m,323.15353,-15.53352,0.830,6.514,68.631352,17.227674,10.7030278107153,34.9308,/L
2022-Mar-17 00:00,N,m,323.25762,-15.50188,0.831,6.516,159.371566,17.176790,10.6933400047284,35.8211,/L
2022-Mar-18 00:00,N,m,323.36094,-15.47045,0.832,6.519,250.113471,17.126251,10.6834442271563,36.7114,/L
2022-Mar-19 00:00,N,m,323.46349,-15.43924,0.832,6.522,340.857071,17.076065,10.6733425656881,37.6020,/L
2022-Mar-20 00:00,N,,323.56526,-15.40824,0.833,6.524,71.602371,17.026242,10.6630370599670,38.4929,/L
2022-Mar-21 00:00,N,,323.66625,-15.37747,0.833,6.527,162.349375,16.976790,10.6525297073273,39.3840,/L
2022-Mar-22 00:00,N,,323.76644,-15.34693,0.834,6.530,253.098089,16.927721,10.6418225683029,40.2754,/L
2022-Mar-23 00:00,N,,323.86582,-15.31662,0.834,6.532,343.848519,16.879042,10.6309177356984,41.1671,/L
2022-Mar-24 00:00,N,,323.96437,-15.28656,0.834,6.535,74.600669,16.830765,10.6198172795441,42.0592,/L
2022-Mar-25 00:00,N,,324.06207,-15.25676,0.835,6.537,165.354547,16.782900,10.6085234556354,42.9517,/L
2022-Mar-26 00:00,N,,324.15890,-15.22722,0.835,6.540,256.110157,16.735456,10.5970386213104,43.8446,/L
2022-Mar-27 00:00,N,,324.25482,-15.19795,0.835,6.542,346.867506,16.688445,10.5853653110558,44.7380,/L
2022-Mar-28 00:00,N,,324.34981,-15.16897,0.835,6.545,77.626597,16.641876,10.5735061948994,45.6317,/L
2022-Mar-29 00:00,N,,324.44386,-15.14028,0.835,6.547,168.387434,16.595762,10.5614640605005,46.5259,/L
2022-Mar-30 00:00,N,,324.53694,-15.11188,0.835,6.550,259.150019,16.550112,10.5492418536236,47.4205,/L
2022-Mar-31 00:00,N,,324.62904,-15.08378,0.835,6.552,349.914355,16.504937,10.5368427175005,48.3156,/L
2022-Apr-01 00:00,N,,324.72015,-15.05599,0.834,6.554,80.680441,16.460249,10.5242697923481,49.2112,/L
2022-Apr-02 00:00,N,,324.81026,-15.02849,0.834,6.557,171.448279,16.416058,10.5115263049357,50.1071,/L
2022-Apr-03 00:00,N,m,324.89936,-15.00132,0.834,6.559,262.217866,16.372373,10.4986154926716,51.0036,/L
2022-Apr-04 00:00,N,m,324.98744,-14.97446,0.833,6.561,352.989202,16.329207,10.4855406377220,51.9004,/L
2022-Apr-05 00:00,N,m,325.07448,-14.94793,0.833,6.563,83.762286,16.286568,10.4723051127676,52.7977,/L
2022-Apr-06 00:00,N,m,325.16048,-14.92173,0.832,6.565,174.537117,16.244466,10.4589122568488,53.6955,/L
2022-Apr-07 00:00,N,m,325.24541,-14.89588,0.831,6.568,265.313691,16.202912,10.4453654316458,54.5938,/L
2022-Apr-08 00:00,N,m,325.32925,-14.87038,0.830,6.570,356.092007,16.161914,10.4316680992419,55.4925,/L
2022-Apr-09 00:00,N,m,325.41199,-14.84525,0.830,6.572,86.872061,16.121481,10.4178237660049,56.3917,/L
2022-Apr-10 00:00,N,m,325.49360,-14.82047,0.829,6.574,177.653851,16.081621,10.4038359691185,57.2914,/L
2022-Apr-11 00:00,N,m,325.57408,-14.79608,0.828,6.576,268.437371,16.042345,10.3897082839625,58.1916,/L
2022-Apr-12 00:00,N,m,325.65340,-14.77206,0.827,6.578,359.222618,16.003659,10.3754442318303,59.0924,/L
2022-Apr-13 00:00,C,m,325.73155,-14.74842,0.826,6.580,90.009586,15.965571,10.3610474550996,59.9937,/L
2022-Apr-14 00:00,C,m,325.80852,-14.72517,0.824,6.581,180.798271,15.928091,10.3465215417159,60.8955,/L
2022-Apr-15 00:00,C,m,325.88430,-14.70231,0.823,6.583,271.588666,15.891224,10.3318700046521,61.7980,/L
2022-Apr-16 00:00,C,m,325.95889,-14.67984,0.822,6.585,2.380765,15.854979,10.3170962759835,62.7011,/L
2022-Apr-17 00:00,C,m,326.03227,-14.65776,0.820,6.587,93.174565,15.819363,10.3022036977384,63.6049,/L
2022-Apr-18 00:00,C,,326.10446,-14.63608,0.819,6.588,183.970059,15.784385,10.2871955157588,64.5094,/L
2022-Apr-19 00:00,C,,326.17543,-14.61480,0.817,6.590,274.767245,15.750051,10.2720749417727,65.4146,/L
2022-Apr-20 00:00,C,,326.24519,-14.59394,0.816,6.592,5.566120,15.716371,10.2568450478702,66.3206,/L
2022-Apr-21 00:00,C,,326.31370,-14.57349,0.814,6.593,96.366681,15.683352,10.2415089718033,67.2274,/L
2022-Apr-22 00:00,C,,326.38095,-14.55347,0.812,6.595,187.168927,15.651004,10.2260699788642,68.1350,/L
2022-Apr-23 00:00,C,,326.44692,-14.53390,0.810,6.596,277.972856,15.619335,10.2105314379287,69.0435,/L
2022-Apr-24 00:00,C,,326.51157,-14.51477,0.809,6.598,8.778465,15.588354,10.1948969063843,69.9529,/L
2022-Apr-25 00:00,C,,326.57490,-14.49609,0.807,6.599,99.585751,15.558071,10.1791700533128,70.8632,/L
2022-Apr-26 00:00,C,,326.63688,-14.47787,0.805,6.600,190.394711,15.528494,10.1633547356263,71.7744,/L
2022-Apr-27 00:00,C,,326.69751,-14.46010,0.803,6.602,281.205339,15.499632,10.1474550330088,72.6865,/L
2022-Apr-28 00:00,C,,326.75677,-14.44279,0.800,6.603,12.017629,15.471494,10.1314751407533,73.5995,/L
2022-Apr-29 00:00,C,,326.81467,-14.42595,0.798,6.604,102.831572,15.444087,10.1154193121031,74.5135,/L
2022-Apr-30 00:00,C,,326.87119,-14.40958,0.796,6.605,193.647162,15.417419,10.0992919511149,75.4285,/L
2022-May-01 00:00,C,,326.92632,-14.39367,0.793,6.606,284.464387,15.391498,10.0830974688577,76.3444,/L
2022-May-02 00:00,C,m,326.98006,-14.37825,0.791,6.608,15.283237,15.366331,10.0668403793515,77.2612,/L
2022-May-03 00:00,C,m,327.03240,-14.36331,0.789,6.609,106.103700,15.341925,10.0505251234841,78.1790,/L
2022-May-04 00:00,C,m,327.08333,-14.34885,0.786,6.610,196.925765,15.318287,10.0341560619986,79.0977,/L
2022-May-05 00:00,C,m,327.13283,-14.33490,0.783,6.610,287.749420,15.295423,10.0177375548403,80.0174,/L
2022-May-06 00:00,C,m,327.18088,-14.32144,0.781,6.611,18.574653,15.273338,10.0012739503196,80.9380,/L
2022-May-07 00:00,C,m,327.22749,-14.30850,0.778,6.612,109.401452,15.252040,9.98476953245262,81.8596,/L
2022-May-08 00:00,C,m,327.27263,-14.29606,0.775,6.613,200.229804,15.231532,9.96822860047120,82.7822,/L
2022-May-09 00:00,C,m,327.31630,-14.28414,0.772,6.614,291.059697,15.211821,9.95165539954755,83.7057,/L
2022-May-10 00:00,*,m,327.35847,-14.27274,0.769,6.614,21.891119,15.192911,9.93505422663236,84.6302,/L
2022-May-11 00:00,*,m,327.39916,-14.26186,0.766,6.615,112.724057,15.174807,9.91842943510909,85.5558,/L
2022-May-12 00:00,*,m,327.43835,-14.25150,0.763,6.616,203.558496,15.157512,9.90178527474211,86.4823,/L
2022-May-13 00:00,*,m,327.47604,-14.24166,0.760,6.616,294.394424,15.141030,9.88512599805540,87.4099,/L
2022-May-14 00:00,*,m,327.51222,-14.23234,0.757,6.617,25.231828,15.125365,9.86845580663341,88.3386,/L
2022-May-15 00:00,*,m,327.54691,-14.22353,0.754,6.617,116.070692,15.110519,9.85177887167508,89.2683,/L
2022-May-16 00:00,*,m,327.58010,-14.21525,0.750,6.617,206.911004,15.096497,9.83509932121870,90.1991,/L
2022-May-17 00:00,*,,327.61179,-14.20749,0.747,6.618,297.752751,15.083302,9.81842119055244,91.1311,/L
2022-May-18 00:00,*,,327.64197,-14.20026,0.743,6.618,28.595919,15.070937,9.80174842588627,92.0643,/L
2022-May-19 00:00,*,,327.67063,-14.19357,0.740,6.618,119.440496,15.059405,9.78508508156268,92.9987,/L
2022-May-20 00:00,*,,327.69774,-14.18742,0.736,6.618,210.286471,15.048712,9.76843518275076,93.9344,/L
2022-May-21 00:00,*,,327.72330,-14.18182,0.733,6.618,301.133829,15.038861,9.75180283996892,94.8713,/L
2022-May-22 00:00,*,,327.74728,-14.17677,0.729,6.619,31.982558,15.029856,9.73519222837315,95.8096,/L
2022-May-23 00:00,*,,327.76968,-14.17227,0.725,6.619,122.832646,15.021702,9.71860762674675,96.7491,/L
2022-May-24 00:00,*,,327.79050,-14.16832,0.722,6.619,213.684077,15.014403,9.70205350320031,97.6901,/L
2022-May-25 00:00,*,,327.80974,-14.16492,0.718,6.618,304.536838,15.007961,9.68553444439797,98.6323,/L
2022-May-26 00:00,*,,327.82739,-14.16208,0.714,6.618,35.390911,15.002380,9.66905507272620,99.5759,/L
2022-May-27 00:00,*,,327.84346,-14.15978,0.710,6.618,126.246279,14.997663,9.65262014521330,100.5208,/L
2022-May-28 00:00,*,,327.85795,-14.15803,0.706,6.618,217.102925,14.993811,9.63623450078217,101.4671,/L
2022-May-29 00:00,*,,327.87085,-14.15684,0.702,6.617,307.960829,14.990826,9.61990303747488,102.4148,/L
2022-May-30 00:00,*,,327.88217,-14.15620,0.698,6.617,38.819970,14.988708,9.60363072929438,103.3638,/L
2022-May-31 00:00,*,m,327.89189,-14.15611,0.694,6.617,129.680326,14.987459,9.58742246070382,104.3141,/L
2022-Jun-01 00:00,*,m,327.90003,-14.15658,0.690,6.616,220.541875,14.987077,9.57128317592435,105.2658,/L
2022-Jun-02 00:00,*,m,327.90656,-14.15761,0.686,6.616,311.404595,14.987563,9.55521780904806,106.2188,/L
2022-Jun-03 00:00,*,m,327.91150,-14.15920,0.681,6.615,42.268460,14.988915,9.53923121637512,107.1731,/L
2022-Jun-04 00:00,*,m,327.91484,-14.16134,0.677,6.614,133.133446,14.991131,9.52332814468088,108.1287,/L
2022-Jun-05 00:00,*,m,327.91657,-14.16405,0.673,6.614,223.999529,14.994210,9.50751324381259,109.0857,/L
2022-Jun-06 00:00,*,m,327.91671,-14.16731,0.668,6.613,314.866683,14.998150,9.49179103340264,110.0439,/L
2022-Jun-07 00:00,*,m,327.91525,-14.17112,0.664,6.612,45.734885,15.002948,9.47616604290575,111.0035,/L
2022-Jun-08 00:00,*,m,327.91220,-14.17548,0.659,6.611,136.604110,15.008600,9.46064263190584,111.9643,/L
2022-Jun-09 00:00,*,m,327.90756,-14.18039,0.655,6.610,227.474333,15.015105,9.44522507722033,112.9265,/L
2022-Jun-10 00:00,*,m,327.90135,-14.18584,0.650,6.609,318.345530,15.022456,9.42991762963700,113.8899,/L
2022-Jun-11 00:00,*,m,327.89358,-14.19182,0.646,6.608,49.217677,15.030652,9.41472446826007,114.8547,/L
2022-Jun-12 00:00,*,m,327.88427,-14.19834,0.641,6.607,140.090751,15.039686,9.39964973416631,115.8208,/L
2022-Jun-13 00:00,*,m,327.87341,-14.20538,0.637,6.606,230.964726,15.049555,9.38469747907486,116.7882,/L
2022-Jun-14 00:00,*,m,327.86103,-14.21294,0.632,6.605,321.839579,15.060254,9.36987166792465,117.7570,/L
2022-Jun-15 00:00,*,,327.84711,-14.22103,0.627,6.604,52.715288,15.071777,9.35517632860768,118.7271,/L
2022-Jun-16 00:00,*,,327.83165,-14.22965,0.623,6.603,143.591828,15.084122,9.34061555347498,119.6987,/L
2022-Jun-17 00:00,*,,327.81465,-14.23880,0.618,6.601,234.469176,15.097282,9.32619344051397,120.6717,/L
2022-Jun-18 00:00,*,,327.79611,-14.24847,0.613,6.600,325.347306,15.111253,9.31191422858034,121.6461,/L
2022-Jun-19 00:00,*,,327.77601,-14.25867,0.609,6.598,56.226192,15.126032,9.29778217695998,122.6220,/L
2022-Jun-20 00:00,*,,327.75439,-14.26938,0.604,6.597,147.105808,15.141612,9.28380167799423,123.5994,/L
2022-Jun-21 00:00,*,,327.73124,-14.28060,0.599,6.595,237.986125,15.157989,9.26997715284788,124.5783,/L
2022-Jun-22 00:00,*,,327.70659,-14.29232,0.594,6.594,328.867115,15.175157,9.25631296701601,125.5587,/L
2022-Jun-23 00:00,*,,327.68044,-14.30454,0.589,6.592,59.748748,15.193109,9.24281346620560,126.5405,/L
2022-Jun-24 00:00,*,,327.65283,-14.31724,0.584,6.591,150.630994,15.211838,9.22948304869686,127.5238,/L
2022-Jun-25 00:00,*,,327.62375,-14.33043,0.580,6.589,241.513821,15.231338,9.21632606887791,128.5085,/L
2022-Jun-26 00:00,*,,327.59323,-14.34411,0.575,6.587,332.397198,15.251599,9.20334692353990,129.4947,/L
2022-Jun-27 00:00,*,,327.56128,-14.35825,0.570,6.585,63.281093,15.272613,9.19054992570897,130.4823,/L
2022-Jun-28 00:00,*,,327.52790,-14.37287,0.565,6.583,154.165473,15.294370,9.17793936997910,131.4713,/L
2022-Jun-29 00:00,*,m,327.49310,-14.38796,0.560,6.581,245.050303,15.316861,9.16551960936687,132.4617,/L
2022-Jun-30 00:00,*,m,327.45691,-14.40350,0.555,6.579,335.935549,15.340074,9.15329490700973,133.4534,/L
2022-Jul-01 00:00,*,m,327.41933,-14.41950,0.550,6.577,66.821175,15.363998,9.14126945883690,134.4465,/L
2022-Jul-02 00:00,*,m,327.38037,-14.43595,0.545,6.575,157.707145,15.388622,9.12944738462009,135.4409,/L
2022-Jul-03 00:00,*,m,327.34006,-14.45284,0.540,6.573,248.593422,15.413933,9.11783271344364,136.4365,/L
2022-Jul-04 00:00,*,m,327.29841,-14.47015,0.536,6.571,339.479968,15.439919,9.10642939929656,137.4334,/L
2022-Jul-05 00:00,*,m,327.25544,-14.48789,0.531,6.569,70.366746,15.466565,9.09524125957838,138.4316,/L
2022-Jul-06 00:00,*,m,327.21119,-14.50603,0.526,6.567,161.253719,15.493859,9.08427184202100,139.4309,/L
2022-Jul-07 00:00,*,m,327.16567,-14.52457,0.521,6.564,252.140847,15.521786,9.07352460667009,140.4315,/L
2022-Jul-08 00:00,*,m,327.11891,-14.54349,0.516,6.562,343.028095,15.550333,9.06300280350967,141.4331,/L
2022-Jul-09 00:00,*,m,327.07096,-14.56279,0.511,6.560,73.915427,15.579485,9.05270953939469,142.4360,/L
2022-Jul-10 00:00,*,m,327.02182,-14.58245,0.506,6.557,164.802807,15.609229,9.04264775823768,143.4399,/L
2022-Jul-11 00:00,*,m,326.97154,-14.60246,0.501,6.555,255.690199,15.639548,9.03282024857415,144.4450,/L
2022-Jul-12 00:00,*,m,326.92013,-14.62282,0.497,6.552,346.577571,15.670430,9.02322975160177,145.4512,/L
2022-Jul-13 00:00,*,m,326.86761,-14.64353,0.492,6.550,77.464890,15.701859,9.01387904975237,146.4585,/L
2022-Jul-14 00:00,*,,326.81398,-14.66457,0.487,6.547,168.352119,15.733822,9.00477087080608,147.4669,/L
2022-Jul-15 00:00,*,,326.75925,-14.68595,0.482,6.545,259.239228,15.766303,8.99590802670584,148.4764,/L
2022-Jul-16 00:00,*,,326.70345,-14.70765,0.478,6.542,350.126181,15.799289,8.98729342568091,149.4871,/L
2022-Jul-17 00:00,*,,326.64659,-14.72965,0.473,6.539,81.012943,15.832766,8.97893007480295,150.4988,/L
2022-Jul-18 00:00,*,,326.58871,-14.75195,0.468,6.536,171.899476,15.866718,8.97082112952983,151.5117,/L
2022-Jul-19 00:00,*,,326.52983,-14.77453,0.463,6.534,262.785742,15.901129,8.96296968547189,152.5257,/L
2022-Jul-20 00:00,*,,326.46999,-14.79738,0.459,6.531,353.671701,15.935985,8.95537881618742,153.5407,/L
2022-Jul-21 00:00,*,,326.40923,-14.82049,0.454,6.528,84.557314,15.971268,8.94805156751556,154.5568,/L
2022-Jul-22 00:00,*,,326.34758,-14.84384,0.450,6.525,175.442538,16.006961,8.94099088001316,155.5739,/L
2022-Jul-23 00:00,*,,326.28506,-14.86742,0.445,6.522,266.327331,16.043048,8.93419953231903,156.5919,/L
2022-Jul-24 00:00,*,,326.22171,-14.89123,0.440,6.519,357.211652,16.079511,8.92768017258127,157.6109,/L
2022-Jul-25 00:00,*,,326.15757,-14.91526,0.436,6.516,88.095460,16.116331,8.92143524082526,158.6307,/L
2022-Jul-26 00:00,*,,326.09265,-14.93949,0.431,6.513,178.978713,16.153490,8.91546717328373,159.6513,/L
2022-Jul-27 00:00,*,,326.02698,-14.96392,0.427,6.510,269.861369,16.190970,8.90977826331726,160.6727,/L
2022-Jul-28 00:00,*,m,325.96060,-14.98853,0.422,6.507,0.743386,16.228750,8.90437066779178,161.6947,/L
2022-Jul-29 00:00,*,m,325.89354,-15.01332,0.418,6.503,91.624724,16.266812,8.89924645421698,162.7174,/L
2022-Jul-30 00:00,*,m,325.82582,-15.03826,0.413,6.500,182.505340,16.305135,8.89440758303975,163.7405,/L
2022-Jul-31 00:00,*,m,325.75748,-15.06334,0.408,6.496,273.385193,16.343700,8.88985592148790,164.7639,/L
2022-Aug-01 00:00,*,m,325.68856,-15.08856,0.404,6.493,4.264240,16.382484,8.88559323592000,165.7876,/L
2022-Aug-02 00:00,*,m,325.61910,-15.11389,0.399,6.489,95.142441,16.421468,8.88162106950915,166.8114,/L
2022-Aug-03 00:00,*,m,325.54913,-15.13931,0.394,6.484,186.019753,16.460631,8.87794084098759,167.8350,/L
2022-Aug-04 00:00,*,m,325.47870,-15.16482,0.388,6.480,276.896136,16.499951,8.87455386392393,168.8583,/L
2022-Aug-05 00:00,*,m,325.40785,-15.19039,0.383,6.475,7.771549,16.539407,8.87146121589812,169.8808,/L
2022-Aug-06 00:00,*,m,325.33663,-15.21601,0.376,6.470,98.645952,16.578979,8.86866381591682,170.9020,/L
2022-Aug-07 00:00,*,m,325.26508,-15.24167,0.370,6.464,189.519305,16.618646,8.86616230551686,171.9214,/L
2022-Aug-08 00:00,*,m,325.19324,-15.26737,0.363,6.457,280.391572,16.658388,8.86395716955592,172.9377,/L
2022-Aug-09 00:00,*,m,325.12113,-15.29308,0.354,6.449,11.262717,16.698184,8.86204878558953,173.9492,/L
2022-Aug-10 00:00,*,m,325.04879,-15.31880,0.345,6.440,102.132703,16.738016,8.86043740160275,174.9528,/L
2022-Aug-11 00:00,*,m,324.97623,-15.34453,0.335,6.430,193.001497,16.777865,8.85912317077937,175.9420,/L
2022-Aug-12 00:00,C,,324.90349,-15.37025,0.323,6.418,283.869066,16.817712,8.85810633564855,176.9029,/L
2022-Aug-13 00:00,C,,324.83059,-15.39594,0.310,6.405,14.735376,16.857539,8.85738715951212,177.7971,/L
2022-Aug-14 00:00,C,,324.75757,-15.42160,0.298,6.393,105.600393,16.897327,8.85696604881564,178.4996,/L
2022-Aug-15 00:00,C,,324.68447,-15.44721,0.294,6.390,196.464083,16.937058,8.85684341514573,178.6621,/L
2022-Aug-16 00:00,C,,324.61134,-15.47274,0.303,6.398,287.326411,16.976713,8.85701964317128,178.1368,/T
2022-Aug-17 00:00,C,,324.53821,-15.49820,0.315,6.410,18.187339,17.016272,8.85749516767846,177.2984,/T
2022-Aug-18 00:00,C,,324.46514,-15.52356,0.327,6.422,109.046833,17.055717,8.85827037044744,176.3567,/T
2022-Aug-19 00:00,C,,324.39215,-15.54881,0.337,6.432,199.904854,17.095028,8.85934551883671,175.3743,/T
2022-Aug-20 00:00,C,,324.31929,-15.57394,0.346,6.441,290.761365,17.134185,8.86072076143362,174.3722,/T
2022-Aug-21 00:00,C,,324.24660,-15.59895,0.354,6.448,21.616330,17.173168,8.86239606704919,173.3592,/T
2022-Aug-22 00:00,C,,324.17411,-15.62382,0.361,6.455,112.469712,17.211957,8.86437126371817,172.3396,/T
2022-Aug-23 00:00,C,,324.10185,-15.64854,0.367,6.460,203.321473,17.250532,8.86664605257438,171.3157,/T
2022-Aug-24 00:00,C,,324.02987,-15.67310,0.373,6.465,294.171579,17.288873,8.86921982388906,170.2888,/T
2022-Aug-25 00:00,C,,323.95820,-15.69749,0.378,6.469,25.019995,17.326962,8.87209182040143,169.2598,/T
2022-Aug-26 00:00,C,,323.88687,-15.72169,0.383,6.473,115.866687,17.364778,8.87526108987793,168.2293,/T
2022-Aug-27 00:00,C,,323.81593,-15.74570,0.387,6.477,206.711625,17.402303,8.87872654560648,167.1976,/T
2022-Aug-28 00:00,C,m,323.74541,-15.76950,0.391,6.480,297.554775,17.439515,8.88248695766362,166.1651,/T
2022-Aug-29 00:00,C,m,323.67535,-15.79307,0.395,6.483,28.396109,17.476398,8.88654090913269,165.1319,/T
2022-Aug-30 00:00,C,m,323.60579,-15.81640,0.399,6.486,119.235597,17.512931,8.89088680738834,164.0984,/T
2022-Aug-31 00:00,N,m,323.53679,-15.83948,0.403,6.489,210.073211,17.549095,8.89552302466298,163.0646,/T
2022-Sep-01 00:00,N,m,323.46837,-15.86230,0.407,6.491,300.908925,17.584872,8.90044774281030,162.0306,/T
2022-Sep-02 00:00,N,m,323.40059,-15.88483,0.411,6.494,31.742712,17.620245,8.90565901550204,160.9966,/T
2022-Sep-03 00:00,N,m,323.33349,-15.90707,0.415,6.496,122.574550,17.655194,8.91115476356077,159.9626,/T
2022-Sep-04 00:00,N,m,323.26709,-15.92902,0.419,6.499,213.404413,17.689704,8.91693277093451,158.9288,/T
2022-Sep-05 00:00,N,m,323.20144,-15.95066,0.423,6.501,304.232281,17.723757,8.92299080409709,157.8952,/T
2022-Sep-06 00:00,N,m,323.13655,-15.97200,0.427,6.504,35.058133,17.757338,8.92932650533313,156.8618,/T
2022-Sep-07 00:00,N,m,323.07245,-15.99301,0.431,6.506,125.881948,17.790432,8.93593739313646,155.8287,/T
2022-Sep-08 00:00,N,m,323.00916,-16.01370,0.435,6.508,216.703708,17.823024,8.94282095887136,154.7959,/T
2022-Sep-09 00:00,N,m,322.94671,-16.03406,0.439,6.510,307.523396,17.855100,8.94997468510806,153.7634,/T
2022-Sep-10 00:00,N,m,322.88513,-16.05407,0.443,6.512,38.340993,17.886647,8.95739603326940,152.7313,/T
2022-Sep-11 00:00,N,m,322.82445,-16.07373,0.447,6.515,129.156485,17.917653,8.96508251882836,151.6996,/T
2022-Sep-12 00:00,N,,322.76471,-16.09302,0.451,6.517,219.969853,17.948104,8.97303156456085,150.6683,/T
2022-Sep-13 00:00,N,,322.70595,-16.11193,0.455,6.519,310.781084,17.977988,8.98124068163230,149.6373,/T
2022-Sep-14 00:00,N,,322.64820,-16.13046,0.459,6.521,41.590160,18.007292,8.98970738345316,148.6068,/T
2022-Sep-15 00:00,N,,322.59149,-16.14859,0.463,6.523,132.397067,18.036002,8.99842911925649,147.5768,/T
2022-Sep-16 00:00,N,,322.53586,-16.16632,0.468,6.525,223.201788,18.064107,9.00740326394146,146.5472,/T
2022-Sep-17 00:00,N,,322.48133,-16.18365,0.472,6.527,314.004309,18.091594,9.01662711569228,145.5180,/T
2022-Sep-18 00:00,N,,322.42792,-16.20057,0.476,6.529,44.804617,18.118448,9.02609788249231,144.4894,/T
2022-Sep-19 00:00,A,,322.37566,-16.21707,0.481,6.531,135.602696,18.144659,9.03581275523223,143.4613,/T
2022-Sep-20 00:00,A,,322.32458,-16.23315,0.485,6.533,226.398534,18.170213,9.04576873990073,142.4338,/T
2022-Sep-21 00:00,A,,322.27469,-16.24880,0.489,6.535,317.192118,18.195098,9.05596269808393,141.4069,/T
2022-Sep-22 00:00,A,,322.22603,-16.26402,0.494,6.536,47.983437,18.219302,9.06639141412643,140.3806,/T
2022-Sep-23 00:00,A,,322.17862,-16.27879,0.498,6.538,138.772480,18.242814,9.07705147811127,139.3550,/T
2022-Sep-24 00:00,A,,322.13248,-16.29311,0.503,6.540,229.559238,18.265622,9.08793934111304,138.3301,/T
2022-Sep-25 00:00,A,,322.08764,-16.30697,0.507,6.542,320.343702,18.287715,9.09905121057555,137.3060,/T
2022-Sep-26 00:00,A,,322.04414,-16.32036,0.512,6.544,51.125866,18.309083,9.11038309071692,136.2826,/T
2022-Sep-27 00:00,A,,322.00200,-16.33328,0.517,6.545,141.905729,18.329716,9.12193087725260,135.2600,/T
2022-Sep-28 00:00,A,,321.96125,-16.34570,0.521,6.547,232.683285,18.349604,9.13369035353727,134.2383,/T
2022-Sep-29 00:00,A,m,321.92192,-16.35764,0.526,6.549,323.458536,18.368739,9.14565711749777,133.2175,/T
2022-Sep-30 00:00,A,m,321.88403,-16.36909,0.530,6.550,54.231483,18.387112,9.15782674459744,132.1977,/T
2022-Oct-01 00:00,A,m,321.84761,-16.38003,0.535,6.552,145.002129,18.404714,9.17019470584215,131.1788,/T
2022-Oct-02 00:00,A,m,321.81267,-16.39048,0.540,6.554,235.770479,18.421539,9.18275653019373,130.1609,/T
2022-Oct-03 00:00,A,m,321.77921,-16.40043,0.544,6.555,326.536537,18.437580,9.19550775858505,129.1440,/T
2022-Oct-04 00:00,A,m,321.74725,-16.40987,0.549,6.557,57.300311,18.452831,9.20844390035704,128.1281,/T
2022-Oct-05 00:00,A,m,321.71679,-16.41882,0.554,6.558,148.061807,18.467286,9.22156053698005,127.1133,/T
2022-Oct-06 00:00,A,m,321.68784,-16.42726,0.558,6.560,238.821034,18.480941,9.23485336096944,126.0995,/T
2022-Oct-07 00:00,A,m,321.66040,-16.43519,0.563,6.561,329.577998,18.493790,9.24831810879366,125.0868,/T
2022-Oct-08 00:00,,m,321.63449,-16.44261,0.568,6.563,60.332708,18.505829,9.26195058817749,124.0752,/T
2022-Oct-09 00:00,,m,321.61014,-16.44951,0.572,6.564,151.085172,18.517056,9.27574657948806,123.0646,/T
2022-Oct-10 00:00,,m,321.58736,-16.45588,0.577,6.566,241.835397,18.527465,9.28970184779933,122.0550,/T
2022-Oct-11 00:00,,m,321.56616,-16.46172,0.582,6.567,332.583393,18.537054,9.30381222651666,121.0464,/T
2022-Oct-12 00:00,,m,321.54658,-16.46703,0.586,6.568,63.329168,18.545819,9.31807342174544,120.0389,/T
2022-Oct-13 00:00,,m,321.52861,-16.47181,0.591,6.570,154.072731,18.553757,9.33248109427522,119.0324,/T
2022-Oct-14 00:00,,,321.51227,-16.47606,0.596,6.571,244.814094,18.560864,9.34703084217771,118.0269,/T
2022-Oct-15 00:00,,,321.49757,-16.47979,0.601,6.572,335.553269,18.567138,9.36171823597670,117.0225,/T
2022-Oct-16 00:00,,,321.48451,-16.48298,0.605,6.573,66.290266,18.572574,9.37653883707388,116.0190,/T
2022-Oct-17 00:00,,,321.47309,-16.48565,0.610,6.574,157.025098,18.577171,9.39148816937023,115.0166,/T
2022-Oct-18 00:00,,,321.46331,-16.48778,0.615,6.576,247.757780,18.580924,9.40656162808595,114.0152,/T
2022-Oct-19 00:00,,,321.45520,-16.48939,0.619,6.577,338.488325,18.583832,9.42175466612686,113.0148,/T
2022-Oct-20 00:00,,,321.44873,-16.49046,0.624,6.578,69.216748,18.585890,9.43706267000086,112.0155,/T
2022-Oct-21 00:00,,,321.44393,-16.49099,0.628,6.579,159.943064,18.587098,9.45248098435195,111.0173,/T
2022-Oct-22 00:00,,,321.44080,-16.49099,0.633,6.580,250.667288,18.587451,9.46800487953959,110.0201,/T
2022-Oct-23 00:00,,,321.43935,-16.49044,0.638,6.581,341.389438,18.586949,9.48362948507763,109.0240,/T
2022-Oct-24 00:00,,,321.43959,-16.48935,0.642,6.582,72.109532,18.585589,9.49934987311658,108.0291,/T
2022-Oct-25 00:00,,,321.44152,-16.48771,0.647,6.583,162.827588,18.583370,9.51516102269996,107.0353,/T
2022-Oct-26 00:00,,,321.44517,-16.48552,0.651,6.583,253.543626,18.580291,9.53105771149569,106.0426,/T
2022-Oct-27 00:00,,,321.45054,-16.48278,0.656,6.584,344.257669,18.576351,9.54703459223551,105.0511,/T
2022-Oct-28 00:00,,,321.45764,-16.47950,0.660,6.585,74.969741,18.571551,9.56308625439477,104.0609,/T
2022-Oct-29 00:00,,m,321.46646,-16.47566,0.665,6.586,165.679867,18.565892,9.57920724162589,103.0718,/T
2022-Oct-30 00:00,,m,321.47698,-16.47129,0.669,6.587,256.388075,18.559374,9.59539220668050,102.0841,/T
2022-Oct-31 00:00,,m,321.48921,-16.46639,0.674,6.587,347.094392,18.552000,9.61163577773221,101.0975,/T
2022-Nov-01 00:00,,m,321.50313,-16.46095,0.678,6.588,77.798848,18.543773,9.62793272376760,100.1123,/T
2022-Nov-02 00:00,,m,321.51872,-16.45498,0.682,6.589,168.501471,18.534695,9.64427799623270,99.1283,/T
2022-Nov-03 00:00,,m,321.53597,-16.44849,0.687,6.589,259.202290,18.524769,9.66066669865960,98.1456,/T
2022-Nov-04 00:00,,m,321.55489,-16.44146,0.691,6.590,349.901333,18.513998,9.67709405338583,97.1641,/T
2022-Nov-05 00:00,,m,321.57547,-16.43390,0.695,6.591,80.598628,18.502385,9.69355542170723,96.1839,/T
2022-Nov-06 00:00,,m,321.59772,-16.42581,0.699,6.591,171.294202,18.489934,9.71004621815862,95.2049,/T
2022-Nov-07 00:00,,m,321.62162,-16.41719,0.704,6.592,261.988083,18.476647,9.72656203876876,94.2272,/T
2022-Nov-08 00:00,,m,321.64719,-16.40804,0.708,6.592,352.680296,18.462528,9.74309849135580,93.2506,/T
2022-Nov-09 00:00,,m,321.67442,-16.39835,0.712,6.592,83.370867,18.447579,9.75965113498035,92.2752,/T
2022-Nov-10 00:00,,m,321.70331,-16.38815,0.716,6.593,174.059823,18.431805,9.77621552992811,91.3010,/T
2022-Nov-11 00:00,,m,321.73384,-16.37742,0.720,6.593,264.747190,18.415208,9.79278715775387,90.3280,/T
2022-Nov-12 00:00,,m,321.76601,-16.36618,0.724,6.594,355.432995,18.397790,9.80936146833023,89.3560,/T
2022-Nov-13 00:00,,,321.79980,-16.35443,0.728,6.594,86.117265,18.379557,9.82593384380580,88.3852,/T
2022-Nov-14 00:00,,,321.83521,-16.34217,0.732,6.594,176.800028,18.360510,9.84249955465722,87.4155,/T
2022-Nov-15 00:00,,,321.87223,-16.32941,0.736,6.594,267.481316,18.340654,9.85905386466577,86.4469,/T
2022-Nov-16 00:00,,,321.91083,-16.31615,0.740,6.595,358.161155,18.319992,9.87559210330261,85.4794,/T
2022-Nov-17 00:00,,,321.95102,-16.30238,0.743,6.595,88.839578,18.298527,9.89210953304037,84.5130,/T
2022-Nov-18 00:00,,,321.99279,-16.28811,0.747,6.595,179.516613,18.276263,9.90860146665473,83.5477,/T
2022-Nov-19 00:00,,,322.03612,-16.27334,0.751,6.595,270.192294,18.253204,9.92506314537937,82.5835,/T
2022-Nov-20 00:00,,,322.08101,-16.25807,0.754,6.595,0.866649,18.229352,9.94148984660724,81.6204,/T
2022-Nov-21 00:00,,,322.12746,-16.24230,0.758,6.595,91.539713,18.204713,9.95787687599788,80.6583,/T
2022-Nov-22 00:00,,,322.17546,-16.22602,0.762,6.595,182.211516,18.179290,9.97421946980829,79.6974,/T
2022-Nov-23 00:00,,,322.22501,-16.20925,0.765,6.595,272.882091,18.153087,9.99051278356795,78.7376,/T
2022-Nov-24 00:00,,,322.27611,-16.19198,0.769,6.595,3.551473,18.126109,10.0067519966966,77.7789,/T
2022-Nov-25 00:00,,,322.32873,-16.17423,0.772,6.595,94.219695,18.098361,10.0229322371163,76.8214,/T
2022-Nov-26 00:00,,,322.38287,-16.15599,0.775,6.595,184.886793,18.069848,10.0390486801574,75.8650,/T
2022-Nov-27 00:00,,m,322.43850,-16.13727,0.779,6.595,275.552803,18.040578,10.0550964989213,74.9098,/T
2022-Nov-28 00:00,,m,322.49559,-16.11809,0.782,6.595,6.217761,18.010556,10.0710708782704,73.9558,/T
2022-Nov-29 00:00,,m,322.55411,-16.09845,0.785,6.595,96.881704,17.979790,10.0869672052172,73.0030,/T
2022-Nov-30 00:00,,m,322.61406,-16.07835,0.788,6.595,187.544669,17.948288,10.1027809912991,72.0514,/T
2022-Dec-01 00:00,,m,322.67541,-16.05780,0.791,6.595,278.206692,17.916056,10.1185078960056,71.1009,/T
2022-Dec-02 00:00,,m,322.73815,-16.03678,0.795,6.594,8.867809,17.883104,10.1341437263070,70.1517,/T
2022-Dec-03 00:00,,m,322.80227,-16.01531,0.798,6.594,99.528056,17.849437,10.1496844251508,69.2036,/T
2022-Dec-04 00:00,,m,322.86777,-15.99339,0.801,6.594,190.187467,17.815065,10.1651260911892,68.2567,/T
2022-Dec-05 00:00,,m,322.93463,-15.97102,0.803,6.594,280.846076,17.779992,10.1804650029351,67.3109,/T
2022-Dec-06 00:00,,m,323.00283,-15.94821,0.806,6.593,11.503916,17.744228,10.1956974135433,66.3663,/T
2022-Dec-07 00:00,,m,323.07237,-15.92496,0.809,6.593,102.161019,17.707778,10.2108196998599,65.4227,/T
2022-Dec-08 00:00,,m,323.14323,-15.90127,0.812,6.592,192.817418,17.670649,10.2258282828611,64.4802,/T
2022-Dec-09 00:00,,m,323.21538,-15.87716,0.814,6.592,283.473143,17.632847,10.2407196320771,63.5387,/T
2022-Dec-10 00:00,,m,323.28880,-15.85264,0.817,6.592,14.128226,17.594380,10.2554902321154,62.5983,/T
2022-Dec-11 00:00,,m,323.36349,-15.82769,0.820,6.591,104.782697,17.555254,10.2701364942810,61.6589,/T
2022-Dec-12 00:00,,,323.43941,-15.80234,0.822,6.591,195.436588,17.515475,10.2846547712608,60.7205,/T
2022-Dec-13 00:00,,,323.51655,-15.77658,0.825,6.590,286.089929,17.475050,10.2990414491513,59.7830,/T
2022-Dec-14 00:00,,,323.59490,-15.75042,0.827,6.590,16.742752,17.433985,10.3132928161949,58.8466,/T
2022-Dec-15 00:00,,,323.67444,-15.72386,0.829,6.589,107.395090,17.392288,10.3274051007172,57.9111,/T
2022-Dec-16 00:00,,,323.75515,-15.69690,0.832,6.589,198.046975,17.349965,10.3413745210604,56.9765,/T
2022-Dec-17 00:00,,,323.83702,-15.66955,0.834,6.588,288.698440,17.307023,10.3551972531109,56.0429,/T
2022-Dec-18 00:00,,,323.92004,-15.64181,0.836,6.587,19.349519,17.263469,10.3688695777240,55.1101,/T
2022-Dec-19 00:00,,,324.00420,-15.61367,0.838,6.587,110.000245,17.219311,10.3823877403231,54.1784,/T
2022-Dec-20 00:00,,,324.08949,-15.58515,0.840,6.586,200.650654,17.174555,10.3957479639107,53.2475,/T
2022-Dec-21 00:00,,,324.17589,-15.55624,0.842,6.585,291.300778,17.129209,10.4089465122674,52.3175,/T
2022-Dec-22 00:00,,,324.26339,-15.52696,0.844,6.585,21.950654,17.083281,10.4219797091704,51.3885,/T
2022-Dec-23 00:00,,,324.35197,-15.49731,0.846,6.584,112.600317,17.036778,10.4348439072242,50.4604,/T
2022-Dec-24 00:00,,,324.44160,-15.46730,0.848,6.583,203.249802,16.989708,10.4475355873033,49.5333,/T
2022-Dec-25 00:00,,,324.53225,-15.43693,0.850,6.582,293.899143,16.942081,10.4600512512300,48.6071,/T
2022-Dec-26 00:00,,m,324.62389,-15.40623,0.851,6.582,24.548378,16.893907,10.4723876330284,47.6819,/T
2022-Dec-27 00:00,,m,324.71649,-15.37519,0.853,6.581,115.197539,16.845193,10.4845416583023,46.7577,/T
2022-Dec-28 00:00,,m,324.81002,-15.34381,0.854,6.580,205.846660,16.795951,10.4965103622808,45.8345,/T
2022-Dec-29 00:00,,m,324.90448,-15.31210,0.856,6.579,296.495773,16.746190,10.5082909023977,44.9123,/T
2022-Dec-30 00:00,,m,324.99986,-15.28006,0.857,6.578,27.144912,16.695921,10.5198805271815,43.9911,/T
2022-Dec-31 00:00,,m,325.09613,-15.24769,0.859,6.578,117.794106,16.645151,10.5312765789491,43.0709,/T
2023-Jan-01 00:00,,m,325.19329,-15.21501,0.860,6.577,208.443387,16.593892,10.5424765389720,42.1516,/T
2023-Jan-02 00:00,,m,325.29132,-15.18201,0.861,6.576,299.092785,16.542153,10.5534779060537,41.2333,/T
2023-Jan-03 00:00,,m,325.39020,-15.14870,0.863,6.575,29.742331,16.489943,10.5642782204789,40.3159,/T
2023-Jan-04 00:00,,m,325.48992,-15.11509,0.864,6.574,120.392053,16.437271,10.5748751837852,39.3995,/T
2023-Jan-05 00:00,,m,325.59044,-15.08119,0.865,6.573,211.041982,16.384145,10.5852665242819,38.4839,/T
2023-Jan-06 00:00,,m,325.69175,-15.04701,0.866,6.572,301.692143,16.330576,10.5954500828316,37.5693,/T
2023-Jan-07 00:00,,m,325.79382,-15.01254,0.867,6.571,32.342567,16.276570,10.6054236986548,36.6555,/T
2023-Jan-08 00:00,,m,325.89663,-14.97781,0.868,6.570,122.993279,16.222137,10.6151852406788,35.7425,/T
2023-Jan-09 00:00,,m,326.00016,-14.94280,0.869,6.569,213.644308,16.167285,10.6247326624722,34.8303,/T
2023-Jan-10 00:00,,,326.10438,-14.90754,0.869,6.568,304.295678,16.112022,10.6340639642647,33.9190,/T
2023-Jan-11 00:00,,,326.20929,-14.87201,0.870,6.567,34.947418,16.056356,10.6431770669160,33.0085,/T
2023-Jan-12 00:00,,,326.31486,-14.83624,0.871,6.566,125.599552,16.000296,10.6520699238054,32.0987,/T
2023-Jan-13 00:00,,,326.42109,-14.80021,0.871,6.565,216.252107,15.943851,10.6607404044982,31.1897,/T
2023-Jan-14 00:00,,,326.52794,-14.76393,0.872,6.564,306.905109,15.887029,10.6691863886689,30.2814,/T
2023-Jan-15 00:00,,,326.63542,-14.72741,0.872,6.563,37.558585,15.829838,10.6774057202226,29.3739,/T
2023-Jan-16 00:00,,,326.74352,-14.69064,0.873,6.561,128.212562,15.772287,10.6853961203559,28.4670,/T
2023-Jan-17 00:00,,,326.85221,-14.65364,0.873,6.560,218.867068,15.714386,10.6931553203586,27.5610,/T
2023-Jan-18 00:00,,,326.96149,-14.61642,0.873,6.559,309.522132,15.656144,10.7006810958023,26.6556,/T
2023-Jan-19 00:00,,,327.07134,-14.57897,0.873,6.558,40.177784,15.597570,10.7079712462206,25.7510,/T
2023-Jan-20 00:00,,,327.18172,-14.54131,0.874,6.557,130.834051,15.538675,10.7150236460944,24.8471,/T
2023-Jan-21 00:00,,,327.29262,-14.50344,0.874,6.555,221.490963,15.479468,10.7218362508555,23.9439,/T
2023-Jan-22 00:00,,,327.40399,-14.46539,0.874,6.554,312.148550,15.419960,10.7284071527261,23.0416,/T
2023-Jan-23 00:00,,,327.51580,-14.42716,0.874,6.553,42.806841,15.360162,10.7347347619162,22.1400,/T
2023-Jan-24 00:00,,m,327.62804,-14.38875,0.873,6.552,133.465863,15.300086,10.7408176342222,21.2393,/T
2023-Jan-25 00:00,,m,327.74067,-14.35016,0.873,6.550,224.125642,15.239741,10.7466545624982,20.3394,/T
2023-Jan-26 00:00,,m,327.85369,-14.31140,0.873,6.549,314.786204,15.179141,10.7522445310509,19.4403,/T
2023-Jan-27 00:00,,m,327.96708,-14.27247,0.872,6.547,45.447572,15.118294,10.7575866896128,18.5422,/T
2023-Jan-28 00:00,,m,328.08084,-14.23338,0.872,6.546,136.109769,15.057214,10.7626803121404,17.6449,/T
2023-Jan-29 00:00,,m,328.19494,-14.19414,0.871,6.544,226.772816,14.995908,10.7675247193682,16.7486,/T
2023-Jan-30 00:00,,m,328.30937,-14.15475,0.870,6.543,317.436732,14.934390,10.7721191520732,15.8533,/T
2023-Jan-31 00:00,,m,328.42412,-14.11521,0.870,6.541,48.101541,14.872668,10.7764629330967,14.9590,/T
2023-Feb-01 00:00,,m,328.53915,-14.07555,0.868,6.539,138.767261,14.810753,10.7805553794999,14.0656,/T
2023-Feb-02 00:00,,m,328.65445,-14.03577,0.867,6.537,229.433914,14.748655,10.7843958151435,13.1734,/T
2023-Feb-03 00:00,,m,328.77000,-13.99587,0.866,6.535,320.101519,14.686384,10.7879836055927,12.2824,/T
2023-Feb-04 00:00,,m,328.88577,-13.95586,0.864,6.533,50.770096,14.623949,10.7913180951125,11.3926,/T
2023-Feb-05 00:00,,m,329.00174,-13.91576,0.862,6.530,141.439666,14.561362,10.7943987395333,10.5043,/T
2023-Feb-06 00:00,,m,329.11789,-13.87556,0.860,6.527,232.110247,14.498630,10.7972250762870,9.6176,/T
2023-Feb-07 00:00,,m,329.23420,-13.83527,0.857,6.524,322.781859,14.435764,10.7997966321074,8.7329,/T
2023-Feb-08 00:00,,,329.35065,-13.79489,0.854,6.521,53.454520,14.372773,10.8021129562479,7.8506,/T
2023-Feb-09 00:00,,,329.46724,-13.75444,0.850,6.517,144.128249,14.309666,10.8041736697993,6.9714,/T
2023-Feb-10 00:00,,,329.58394,-13.71391,0.846,6.512,234.803065,14.246453,10.8059783880171,6.0965,/T
2023-Feb-11 00:00,,,329.70074,-13.67330,0.841,6.507,325.478984,14.183144,10.8075268223337,5.2276,/T
2023-Feb-12 00:00,,,329.81764,-13.63263,0.835,6.501,56.156025,14.119746,10.8088185775400,4.3682,/T
2023-Feb-13 00:00,,,329.93462,-13.59190,0.828,6.494,146.834206,14.056272,10.8098532512357,3.5249,/T
2023-Feb-14 00:00,A,,330.05167,-13.55112,0.820,6.486,237.513544,13.992729,10.8106304551966,2.7121,/T
2023-Feb-15 00:00,A,,330.16878,-13.51029,0.812,6.478,328.194059,13.929129,10.8111497627948,1.9678,/T
2023-Feb-16 00:00,A,,330.28590,-13.46945,0.805,6.471,58.875769,13.865481,10.8114107002973,1.4046,/T
2023-Feb-17 00:00,A,,330.40298,-13.42858,0.805,6.470,149.558694,13.801797,10.8114128156742,1.2865,/T
2023-Feb-18 00:00,A,,330.52003,-13.38763,0.812,6.478,240.242855,13.738089,10.8111556745239,1.7080,/L
2023-Feb-19 00:00,A,,330.63707,-13.34668,0.822,6.488,330.928270,13.674367,10.8106390602200,2.3995,/L
2023-Feb-20 00:00,A,,330.75404,-13.30573,0.832,6.498,61.614962,13.610643,10.8098629344061,3.1897,/L
2023-Feb-21 00:00,A,,330.87090,-13.26480,0.842,6.508,152.302947,13.546931,10.8088274107114,4.0205,/L
2023-Feb-22 00:00,A,m,330.98764,-13.22388,0.850,6.516,242.992245,13.483241,10.8075328878508,4.8711,/L
2023-Feb-23 00:00,A,m,331.10424,-13.18298,0.857,6.524,333.682872,13.419586,10.8059799615394,5.7324,/L
2023-Feb-24 00:00,A,m,331.22071,-13.14210,0.863,6.531,64.374844,13.355978,10.8041694587441,6.6001,/L
2023-Feb-25 00:00,A,m,331.33702,-13.10124,0.869,6.537,155.068173,13.292428,10.8021023433710,7.4719,/L
2023-Feb-26 00:00,A,m,331.45315,-13.06041,0.874,6.543,245.762874,13.228948,10.7997796211118,8.3463,/L
2023-Feb-27 00:00,A,m,331.56910,-13.01963,0.879,6.548,336.458957,13.165547,10.7972023646786,9.2225,/L
2023-Feb-28 00:00,A,m,331.68483,-12.97890,0.884,6.553,67.156435,13.102237,10.7943717651376,10.0999,/L
2023-Mar-01 00:00,A,m,331.80033,-12.93823,0.887,6.558,157.855316,13.039028,10.7912889385405,10.9782,/L
2023-Mar-02 00:00,A,m,331.91559,-12.89762,0.891,6.562,248.555612,12.975931,10.7879550217908,11.8572,/L
2023-Mar-03 00:00,A,m,332.03056,-12.85709,0.895,6.566,339.257331,12.912955,10.7843710547381,12.7366,/L
2023-Mar-04 00:00,A,m,332.14525,-12.81665,0.898,6.570,69.960485,12.850111,10.7805380703150,13.6163,/L
2023-Mar-05 00:00,A,m,332.25963,-12.77630,0.901,6.574,160.665083,12.787409,10.7764571315461,14.4962,/L
2023-Mar-06 00:00,A,m,332.37368,-12.73605,0.904,6.578,251.371135,12.724859,10.7721292476439,15.3764,/L
2023-Mar-07 00:00,A,m,332.48739,-12.69589,0.906,6.581,342.078652,12.662471,10.7675553894139,16.2566,/L
2023-Mar-08 00:00,A,m,332.60074,-12.65585,0.909,6.585,72.787644,12.600254,10.7627365988214,17.1370,/L
2023-Mar-09 00:00,A,,332.71372,-12.61592,0.911,6.588,163.498122,12.538220,10.7576739242870,18.0175,/L
2023-Mar-10 00:00,A,,332.82632,-12.57610,0.914,6.592,254.210095,12.476377,10.7523684710959,18.8980,/L
2023-Mar-11 00:00,A,,332.93852,-12.53640,0.916,6.595,344.923575,12.414735,10.7468213589292,19.7786,/L
2023-Mar-12 00:00,A,,333.05033,-12.49683,0.918,6.599,75.638571,12.353304,10.7410336530939,20.6593,/L
2023-Mar-13 00:00,A,,333.16171,-12.45740,0.920,6.602,166.355093,12.292094,10.7350065475799,21.5402,/L
2023-Mar-14 00:00,A,,333.27267,-12.41810,0.922,6.605,257.073153,12.231116,10.7287412531266,22.4211,/L
2023-Mar-15 00:00,N,,333.38318,-12.37895,0.924,6.608,347.792759,12.170379,10.7222390063654,23.3021,/L
2023-Mar-16 00:00,N,,333.49321,-12.33996,0.926,6.612,78.513923,12.109895,10.7155010658162,24.1833,/L
2023-Mar-17 00:00,N,,333.60274,-12.30114,0.927,6.615,169.236654,12.049673,10.7085287252969,25.0646,/L
2023-Mar-18 00:00,N,,333.71176,-12.26250,0.929,6.618,259.960963,11.989726,10.7013233440422,25.9460,/L
2023-Mar-19 00:00,N,,333.82022,-12.22404,0.931,6.621,350.686858,11.930066,10.6938864309860,26.8275,/L
2023-Mar-20 00:00,N,,333.92811,-12.18579,0.932,6.624,81.414352,11.870703,10.6862194800546,27.7092,/L
2023-Mar-21 00:00,N,,334.03541,-12.14773,0.934,6.627,172.143451,11.811652,10.6783241629124,28.5910,/L
2023-Mar-22 00:00,N,,334.14212,-12.10989,0.935,6.630,262.874168,11.752923,10.6702023260206,29.4729,/L
2023-Mar-23 00:00,N,m,334.24822,-12.07225,0.936,6.633,353.606508,11.694529,10.6618559930920,30.3549,/L
2023-Mar-24 00:00,N,m,334.35370,-12.03482,0.938,6.636,84.340479,11.636481,10.6532873678458,31.2369,/L
2023-Mar-25 00:00,N,m,334.45855,-11.99762,0.939,6.639,175.076087,11.578792,10.6444987299043,32.1191,/L
2023-Mar-26 00:00,N,m,334.56275,-11.96065,0.940,6.642,265.813338,11.521472,10.6354924441819,33.0014,/L
2023-Mar-27 00:00,N,m,334.66628,-11.92392,0.941,6.645,356.552235,11.464532,10.6262710306583,33.8838,/L
2023-Mar-28 00:00,N,m,334.76913,-11.88745,0.942,6.648,87.292782,11.407981,10.6168370377647,34.7663,/L
2023-Mar-29 00:00,N,m,334.87127,-11.85123,0.943,6.651,178.034982,11.351832,10.6071930167682,35.6488,/L
2023-Mar-30 00:00,N,m,334.97269,-11.81528,0.944,6.653,268.778838,11.296092,10.5973415787864,36.5316,/L
2023-Mar-31 00:00,N,m,335.07335,-11.77960,0.944,6.656,359.524350,11.240773,10.5872852972982,37.4145,/L
2023-Apr-01 00:00,N,m,335.17325,-11.74421,0.945,6.659,90.271522,11.185883,10.5770268458876,38.2975,/L
2023-Apr-02 00:00,N,m,335.27238,-11.70910,0.946,6.662,181.020353,11.131432,10.5665688327702,39.1807,/L
2023-Apr-03 00:00,N,m,335.37071,-11.67429,0.946,6.665,271.770844,11.077429,10.5559137781818,40.0642,/L
2023-Apr-04 00:00,N,m,335.46823,-11.63978,0.947,6.667,2.522997,11.023884,10.5450641590210,40.9478,/L
2023-Apr-05 00:00,N,m,335.56494,-11.60556,0.947,6.670,93.276813,10.970806,10.5340224245883,41.8317,/L
2023-Apr-06 00:00,N,m,335.66082,-11.57166,0.947,6.673,184.032294,10.918204,10.5227909368692,42.7160,/L
2023-Apr-07 00:00,N,,335.75588,-11.53807,0.948,6.675,274.789442,10.866088,10.5113720580066,43.6005,/L
2023-Apr-08 00:00,N,,335.85009,-11.50479,0.948,6.678,5.548259,10.814467,10.4997680309635,44.4853,/L
2023-Apr-09 00:00,N,,335.94344,-11.47183,0.948,6.680,96.308749,10.763349,10.4879811589815,45.3706,/L
2023-Apr-10 00:00,N,,336.03594,-11.43920,0.948,6.683,187.070915,10.712746,10.4760138159771,46.2563,/L
2023-Apr-11 00:00,N,,336.12755,-11.40691,0.948,6.685,277.834761,10.662665,10.4638683624856,47.1424,/L
2023-Apr-12 00:00,N,,336.21826,-11.37497,0.948,6.688,8.600290,10.613118,10.4515472289884,48.0290,/L
2023-Apr-13 00:00,C,,336.30804,-11.34338,0.948,6.690,99.367506,10.564114,10.4390529232179,48.9160,/L
2023-Apr-14 00:00,C,,336.39687,-11.31216,0.947,6.693,190.136412,10.515664,10.4263880782164,49.8037,/L
2023-Apr-15 00:00,C,,336.48473,-11.28131,0.947,6.695,280.907012,10.467778,10.4135555081959,50.6918,/L
2023-Apr-16 00:00,C,,336.57159,-11.25085,0.947,6.697,11.679308,10.420468,10.4005581266481,51.5806,/L
2023-Apr-17 00:00,C,,336.65744,-11.22077,0.946,6.700,102.453300,10.373744,10.3873989316231,52.4699,/L
2023-Apr-18 00:00,C,,336.74226,-11.19108,0.946,6.702,193.228991,10.327617,10.3740811514147,53.3597,/L
2023-Apr-19 00:00,C,,336.82606,-11.16179,0.945,6.704,284.006378,10.282098,10.3606080765484,54.2502,/L
2023-Apr-20 00:00,C,,336.90882,-11.13290,0.945,6.706,14.785462,10.237197,10.3469831306491,55.1413,/L
2023-Apr-21 00:00,C,m,336.99053,-11.10441,0.944,6.708,105.566239,10.192927,10.3332097497933,56.0329,/L
2023-Apr-22 00:00,C,m,337.07118,-11.07634,0.943,6.710,196.348708,10.149295,10.3192913909869,56.9251,/L
2023-Apr-23 00:00,C,m,337.15076,-11.04869,0.942,6.712,287.132867,10.106313,10.3052315966798,57.8179,/L
2023-Apr-24 00:00,C,m,337.22925,-11.02147,0.941,6.714,17.918710,10.063990,10.2910339735562,58.7113,/L
2023-Apr-25 00:00,C,m,337.30662,-10.99469,0.940,6.716,108.706234,10.022334,10.2767020729277,59.6053,/L
2023-Apr-26 00:00,C,m,337.38287,-10.96835,0.939,6.718,199.495437,9.981355,10.2622395136911,60.4999,/L
2023-Apr-27 00:00,C,m,337.45797,-10.94247,0.938,6.720,290.286312,9.941060,10.2476499094025,61.3951,/L
2023-Apr-28 00:00,C,m,337.53191,-10.91705,0.937,6.722,21.078856,9.901458,10.2329369395114,62.2909,/L
2023-Apr-29 00:00,C,m,337.60467,-10.89210,0.935,6.724,111.873063,9.862557,10.2181043426147,63.1874,/L
2023-Apr-30 00:00,C,m,337.67625,-10.86761,0.934,6.726,202.668926,9.824365,10.2031557776118,64.0846,/L
2023-May-01 00:00,C,m,337.74662,-10.84360,0.932,6.728,293.466442,9.786888,10.1880949458980,64.9825,/L
2023-May-02 00:00,C,m,337.81578,-10.82006,0.931,6.729,24.265602,9.750134,10.1729255763640,65.8811,/L
2023-May-03 00:00,C,m,337.88372,-10.79701,0.929,6.731,115.066400,9.714111,10.1576513620112,66.7804,/L
2023-May-04 00:00,C,m,337.95044,-10.77444,0.928,6.732,205.868829,9.678825,10.1422759305503,67.6805,/L
2023-May-05 00:00,C,m,338.01594,-10.75235,0.926,6.734,296.672883,9.644283,10.1268028121635,68.5814,/L
2023-May-06 00:00,C,,338.08020,-10.73075,0.924,6.736,27.478555,9.610492,10.1112354025585,69.4831,/L
2023-May-07 00:00,C,,338.14322,-10.70964,0.922,6.737,118.285840,9.577460,10.0955771321378,70.3857,/L
2023-May-08 00:00,C,,338.20500,-10.68903,0.920,6.738,209.094732,9.545193,10.0798312935870,71.2892,/L
2023-May-09 00:00,C,,338.26550,-10.66894,0.918,6.740,299.905229,9.513700,10.0640011666902,72.1936,/L
2023-May-10 00:00,*,,338.32472,-10.64936,0.916,6.741,30.717325,9.482988,10.0480900709876,73.0990,/L
2023-May-11 00:00,*,,338.38263,-10.63030,0.914,6.742,121.531018,9.453065,10.0321014202888,74.0054,/L
2023-May-12 00:00,*,,338.43921,-10.61178,0.912,6.744,212.346304,9.423939,10.0160387871623,74.9128,/L
2023-May-13 00:00,*,,338.49444,-10.59380,0.910,6.745,303.163179,9.395618,9.99990589891381,75.8213,/L
2023-May-14 00:00,*,,338.54830,-10.57636,0.907,6.746,33.981637,9.368112,9.98370656382139,76.7309,/L
2023-May-15 00:00,*,,338.60080,-10.55947,0.905,6.747,124.801674,9.341428,9.96744483369206,77.6416,/L
2023-May-16 00:00,*,,338.65192,-10.54312,0.902,6.748,215.623281,9.315574,9.95112494264887,78.5534,/L
2023-May-17 00:00,*,,338.70165,-10.52732,0.900,6.749,306.446451,9.290558,9.93475124289587,79.4663,/L
2023-May-18 00:00,*,,338.75000,-10.51208,0.897,6.750,37.271173,9.266388,9.91832823022497,80.3803,/L
2023-May-19 00:00,*,,338.79696,-10.49739,0.894,6.751,128.097438,9.243069,9.90186040221015,81.2955,/L
2023-May-20 00:00,*,m,338.84251,-10.48327,0.892,6.752,218.925232,9.220610,9.88535235569575,82.2117,/L
2023-May-21 00:00,*,m,338.88664,-10.46971,0.889,6.753,309.754543,9.199015,9.86880870480728,83.1291,/L
2023-May-22 00:00,*,m,338.92935,-10.45673,0.886,6.753,40.585358,9.178290,9.85223396798275,84.0476,/L
2023-May-23 00:00,*,m,338.97062,-10.44433,0.883,6.754,131.417663,9.158441,9.83563257438134,84.9673,/L
2023-May-24 00:00,*,m,339.01043,-10.43252,0.880,6.755,222.251445,9.139471,9.81900894771435,85.8880,/L
2023-May-25 00:00,*,m,339.04877,-10.42130,0.877,6.755,313.086689,9.121387,9.80236743169262,86.8099,/L
2023-May-26 00:00,*,m,339.08565,-10.41067,0.874,6.756,43.923383,9.104191,9.78571242801510,87.7329,/L
2023-May-27 00:00,*,m,339.12103,-10.40063,0.870,6.756,134.761513,9.087888,9.76904823458571,88.6571,/L
2023-May-28 00:00,*,m,339.15494,-10.39120,0.867,6.757,225.601064,9.072480,9.75237914607003,89.5824,/L
2023-May-29 00:00,*,m,339.18735,-10.38236,0.864,6.757,316.442024,9.057971,9.73570951785441,90.5090,/L
2023-May-30 00:00,*,m,339.21826,-10.37411,0.860,6.758,47.284376,9.044364,9.71904369388194,91.4367,/L
2023-May-31 00:00,*,m,339.24768,-10.36646,0.857,6.758,138.128107,9.031661,9.70238598942974,92.3655,/L
2023-Jun-01 00:00,*,m,339.27560,-10.35941,0.853,6.758,228.973201,9.019865,9.68574069869315,93.2957,/L
2023-Jun-02 00:00,*,m,339.30203,-10.35296,0.850,6.758,319.819643,9.008977,9.66911204185981,94.2270,/L
2023-Jun-03 00:00,*,m,339.32697,-10.34709,0.846,6.758,50.667418,8.998999,9.65250426221852,95.1597,/L
2023-Jun-04 00:00,*,,339.35041,-10.34183,0.842,6.758,141.516510,8.989934,9.63592155970900,96.0936,/L
2023-Jun-05 00:00,*,,339.37234,-10.33717,0.839,6.758,232.366904,8.981783,9.61936798049083,97.0289,/L
2023-Jun-06 00:00,*,,339.39276,-10.33311,0.835,6.758,323.218585,8.974548,9.60284758266673,97.9655,/L
2023-Jun-07 00:00,*,,339.41164,-10.32967,0.831,6.758,54.071539,8.968232,9.58636437405532,98.9035,/L
2023-Jun-08 00:00,*,,339.42899,-10.32684,0.827,6.758,144.925752,8.962837,9.56992243076966,99.8429,/L
2023-Jun-09 00:00,*,,339.44477,-10.32464,0.823,6.758,235.781209,8.958367,9.55352588606000,100.7838,/L
2023-Jun-10 00:00,*,,339.45900,-10.32305,0.819,6.757,326.637896,8.954824,9.53717892622619,101.7262,/L
2023-Jun-11 00:00,*,,339.47166,-10.32208,0.815,6.757,57.495797,8.952210,9.52088586806627,102.6701,/L
2023-Jun-12 00:00,*,,339.48277,-10.32173,0.811,6.757,148.354896,8.950528,9.50465126060861,103.6155,/L
2023-Jun-13 00:00,*,,339.49232,-10.32199,0.807,6.756,239.215176,8.949780,9.48847970785274,104.5624,/L
2023-Jun-14 00:00,*,,339.50031,-10.32286,0.802,6.756,330.076618,8.949966,9.47237596159815,105.5108,/L
2023-Jun-15 00:00,*,,339.50675,-10.32435,0.798,6.755,60.939202,8.951087,9.45634482234667,106.4608,/L
2023-Jun-16 00:00,*,,339.51164,-10.32645,0.794,6.755,151.802907,8.953144,9.44039117355302,107.4122,/L
2023-Jun-17 00:00,*,,339.51497,-10.32916,0.790,6.754,242.667712,8.956135,9.42452001251482,108.3652,/L
2023-Jun-18 00:00,*,m,339.51675,-10.33249,0.785,6.753,333.533592,8.960058,9.40873629753269,109.3197,/L
2023-Jun-19 00:00,*,m,339.51696,-10.33643,0.781,6.752,64.400524,8.964913,9.39304493915098,110.2757,/L
2023-Jun-20 00:00,*,m,339.51560,-10.34099,0.776,6.752,155.268481,8.970695,9.37745084556835,111.2331,/L
2023-Jun-21 00:00,*,m,339.51268,-10.34617,0.772,6.751,246.137439,8.977403,9.36195884853334,112.1920,/L
2023-Jun-22 00:00,*,m,339.50820,-10.35196,0.767,6.750,337.007370,8.985033,9.34657369103063,113.1524,/L
2023-Jun-23 00:00,*,m,339.50215,-10.35836,0.763,6.749,67.878248,8.993579,9.33130000643871,114.1143,/L
2023-Jun-24 00:00,*,m,339.49455,-10.36536,0.758,6.748,158.750046,9.003039,9.31614221650860,115.0776,/L
2023-Jun-25 00:00,*,m,339.48540,-10.37297,0.753,6.747,249.622738,9.013407,9.30110474899285,116.0424,/L
2023-Jun-26 00:00,*,m,339.47472,-10.38117,0.749,6.745,340.496299,9.024677,9.28619193022401,117.0086,/L
2023-Jun-27 00:00,*,m,339.46251,-10.38996,0.744,6.744,71.370701,9.036845,9.27140800724228,117.9762,/L
2023-Jun-28 00:00,*,m,339.44878,-10.39933,0.739,6.743,162.245918,9.049903,9.25675715322725,118.9453,/L
2023-Jun-29 00:00,*,m,339.43355,-10.40929,0.734,6.742,253.121925,9.063846,9.24224348263690,119.9158,/L
2023-Jun-30 00:00,*,m,339.41684,-10.41981,0.730,6.740,343.998696,9.078667,9.22787106912882,120.8877,/L
2023-Jul-01 00:00,*,m,339.39864,-10.43090,0.725,6.739,74.876203,9.094359,9.21364400093230,121.8611,/L
2023-Jul-02 00:00,*,m,339.37898,-10.44255,0.720,6.737,165.754420,9.110915,9.19956620673218,122.8359,/L
2023-Jul-03 00:00,*,,339.35785,-10.45476,0.715,6.736,256.633323,9.128327,9.18564160846489,123.8123,/L
2023-Jul-04 00:00,*,,339.33524,-10.46753,0.710,6.734,347.512884,9.146590,9.17187415271399,124.7901,/L
2023-Jul-05 00:00,*,,339.31117,-10.48087,0.705,6.732,78.393077,9.165695,9.15826779606274,125.7694,/L
2023-Jul-06 00:00,*,,339.28563,-10.49475,0.700,6.731,169.273876,9.185635,9.14482658164353,126.7503,/L
2023-Jul-07 00:00,*,,339.25862,-10.50919,0.695,6.729,260.155252,9.206405,9.13155454803022,127.7327,/L
2023-Jul-08 00:00,*,,339.23016,-10.52418,0.690,6.727,351.037177,9.227997,9.11845579240013,128.7167,/L
2023-Jul-09 00:00,*,,339.20027,-10.53969,0.685,6.725,81.919622,9.250403,9.10553452121425,129.7023,/L
2023-Jul-10 00:00,*,,339.16896,-10.55573,0.680,6.723,172.802556,9.273616,9.09279495342840,130.6894,/L
2023-Jul-11 00:00,*,,339.13626,-10.57229,0.675,6.722,263.685948,9.297626,9.08024126595488,131.6781,/L
2023-Jul-12 00:00,*,,339.10219,-10.58935,0.670,6.720,354.569765,9.322425,9.06787768355144,132.6683,/L
2023-Jul-13 00:00,*,,339.06675,-10.60692,0.665,6.717,85.453976,9.348003,9.05570836797542,133.6601,/L
2023-Jul-14 00:00,*,,339.02996,-10.62499,0.661,6.715,176.338547,9.374349,9.04373757251280,134.6534,/L
2023-Jul-15 00:00,*,,338.99184,-10.64355,0.656,6.713,267.223443,9.401451,9.03196948650256,135.6482,/L
2023-Jul-16 00:00,*,,338.95239,-10.66259,0.651,6.711,358.108629,9.429297,9.02040821905969,136.6445,/L
2023-Jul-17 00:00,*,m,338.91163,-10.68211,0.646,6.709,88.994070,9.457874,9.00905786263683,137.6422,/L
2023-Jul-18 00:00,*,m,338.86958,-10.70210,0.641,6.707,179.879728,9.487168,8.99792248743443,138.6413,/L
2023-Jul-19 00:00,*,m,338.82625,-10.72255,0.636,6.704,270.765567,9.517166,8.98700607254550,139.6419,/L
2023-Jul-20 00:00,*,m,338.78166,-10.74346,0.631,6.702,1.651547,9.547852,8.97631253981745,140.6437,/L
2023-Jul-21 00:00,*,m,338.73582,-10.76480,0.626,6.700,92.537632,9.579211,8.96584563099840,141.6469,/L
2023-Jul-22 00:00,*,m,338.68877,-10.78657,0.621,6.697,183.423782,9.611228,8.95560900954916,142.6514,/L
2023-Jul-23 00:00,*,m,338.64054,-10.80875,0.616,6.695,274.309958,9.643887,8.94560625893883,143.6571,/L
2023-Jul-24 00:00,*,m,338.59114,-10.83134,0.611,6.692,5.196121,9.677170,8.93584071532096,144.6641,/L
2023-Jul-25 00:00,*,m,338.54062,-10.85432,0.606,6.689,96.082231,9.711061,8.92631555776223,145.6722,/L
2023-Jul-26 00:00,*,m,338.48899,-10.87767,0.601,6.687,186.968251,9.745543,8.91703376517943,146.6815,/L
2023-Jul-27 00:00,*,m,338.43630,-10.90138,0.596,6.684,277.854142,9.780599,8.90799817952519,147.6919,/L
2023-Jul-28 00:00,*,m,338.38257,-10.92544,0.591,6.682,8.739869,9.816211,8.89921153194272,148.7035,/L
2023-Jul-29 00:00,*,m,338.32782,-10.94984,0.586,6.679,99.625392,9.852362,8.89067639629434,149.7161,/L
2023-Jul-30 00:00,*,m,338.27209,-10.97457,0.582,6.676,190.510679,9.889035,8.88239518354992,150.7297,/L
2023-Jul-31 00:00,*,m,338.21539,-10.99962,0.577,6.673,281.395692,9.926211,8.87437033919119,151.7444,/L
2023-Aug-01 00:00,*,m,338.15773,-11.02499,0.572,6.671,12.280397,9.963874,8.86660422673949,152.7601,/L
2023-Aug-02 00:00,*,,338.09914,-11.05066,0.567,6.668,103.164758,10.002006,8.85909926464071,153.7767,/L
2023-Aug-03 00:00,*,,338.03962,-11.07662,0.563,6.665,194.048742,10.040590,8.85185788905192,154.7944,/L
2023-Aug-04 00:00,*,,337.97920,-11.10286,0.558,6.662,284.932312,10.079610,8.84488259454690,155.8130,/L
2023-Aug-05 00:00,*,,337.91793,-11.12937,0.553,6.659,15.815431,10.119047,8.83817603164964,156.8325,/L
2023-Aug-06 00:00,*,,337.85582,-11.15613,0.549,6.656,106.698060,10.158885,8.83174092807764,157.8530,/L
2023-Aug-07 00:00,*,,337.79293,-11.18311,0.544,6.653,197.580160,10.199105,8.82557995298691,158.8742,/L
2023-Aug-08 00:00,*,,337.72929,-11.21032,0.540,6.650,288.461690,10.239689,8.81969575178637,159.8963,/L
2023-Aug-09 00:00,*,,337.66492,-11.23773,0.535,6.647,19.342608,10.280616,8.81409085918624,160.9190,/L
2023-Aug-10 00:00,*,,337.59987,-11.26534,0.531,6.643,110.222874,10.321866,8.80876768927317,161.9423,/L
2023-Aug-11 00:00,*,,337.53416,-11.29313,0.526,6.640,201.102443,10.363420,8.80372854874837,162.9661,/L
2023-Aug-12 00:00,C,,337.46782,-11.32109,0.522,6.637,291.981275,10.405256,8.79897547681756,163.9902,/L
2023-Aug-13 00:00,C,,337.40088,-11.34921,0.517,6.633,22.859329,10.447353,8.79451042877524,165.0145,/L
2023-Aug-14 00:00,C,,337.33337,-11.37748,0.512,6.630,113.736562,10.489689,8.79033525534149,166.0386,/L
2023-Aug-15 00:00,C,,337.26533,-11.40588,0.508,6.626,204.612934,10.532242,8.78645168650340,167.0624,/L
2023-Aug-16 00:00,C,m,337.19678,-11.43440,0.503,6.622,295.488403,10.574989,8.78286131831285,168.0854,/L
2023-Aug-17 00:00,C,m,337.12776,-11.46301,0.498,6.618,26.362929,10.617908,8.77956561954963,169.1072,/L
2023-Aug-18 00:00,C,m,337.05831,-11.49172,0.493,6.614,117.236471,10.660975,8.77656590356394,170.1271,/L
2023-Aug-19 00:00,C,m,336.98847,-11.52048,0.488,6.609,208.108988,10.704167,8.77386347056386,171.1441,/L
2023-Aug-20 00:00,C,m,336.91828,-11.54930,0.482,6.604,298.980439,10.747461,8.77145940859971,172.1568,/L
2023-Aug-21 00:00,C,m,336.84778,-11.57815,0.476,6.598,29.850786,10.790834,8.76935465230854,173.1628,/L
2023-Aug-22 00:00,C,m,336.77702,-11.60702,0.469,6.592,120.719987,10.834261,8.76754999863923,174.1584,/L
2023-Aug-23 00:00,C,m,336.70603,-11.63588,0.462,6.585,211.588003,10.877720,8.76604606194680,175.1369,/L
2023-Aug-24 00:00,C,m,336.63486,-11.66473,0.454,6.577,302.454796,10.921188,8.76484331053002,176.0848,/L
2023-Aug-25 00:00,C,m,336.56355,-11.69354,0.446,6.569,33.320329,10.964640,8.76394198041152,176.9728,/L
2023-Aug-26 00:00,C,m,336.49214,-11.72231,0.437,6.561,124.184564,11.008056,8.76334203854261,177.7287,/L
2023-Aug-27 00:00,C,m,336.42066,-11.75102,0.432,6.556,215.047466,11.051412,8.76304332432369,178.1793,/L
2023-Aug-28 00:00,C,m,336.34914,-11.77966,0.432,6.556,305.909003,11.094687,8.76304556692101,178.0934,/L
2023-Aug-29 00:00,C,m,336.27761,-11.80823,0.438,6.562,36.769141,11.137859,8.76334835763259,177.5258,/T
2023-Aug-30 00:00,C,m,336.20609,-11.83670,0.446,6.569,127.627850,11.180910,8.76395130406061,176.7172,/T
2023-Aug-31 00:00,N,m,336.13461,-11.86507,0.453,6.576,218.485099,11.223817,8.76485396434586,175.8046,/T
2023-Sep-01 00:00,N,,336.06321,-11.89332,0.460,6.583,309.340857,11.266561,8.76605605019870,174.8427,/T
2023-Sep-02 00:00,N,,335.99194,-11.92144,0.466,6.589,40.195094,11.309123,8.76755736908519,173.8544,/T
2023-Sep-03 00:00,N,,335.92083,-11.94939,0.472,6.594,131.047777,11.351482,8.76935773776344,172.8505,/T
2023-Sep-04 00:00,N,,335.84994,-11.97718,0.477,6.599,221.898874,11.393617,8.77145697516491,171.8368,/T
2023-Sep-05 00:00,N,,335.77930,-12.00478,0.482,6.603,312.748352,11.435510,8.77385492277647,170.8164,/T
2023-Sep-06 00:00,N,,335.70894,-12.03219,0.486,6.607,43.596177,11.477137,8.77655131715320,169.7912,/T
2023-Sep-07 00:00,N,,335.63891,-12.05938,0.491,6.610,134.442316,11.518478,8.77954583883984,168.7625,/T
2023-Sep-08 00:00,N,,335.56923,-12.08636,0.495,6.613,225.286733,11.559512,8.78283793213493,167.7312,/T
2023-Sep-09 00:00,N,,335.49995,-12.11311,0.499,6.616,316.129397,11.600218,8.78642684655240,166.6980,/T
2023-Sep-10 00:00,N,,335.43108,-12.13962,0.503,6.619,46.970275,11.640573,8.79031170645879,165.6631,/T
2023-Sep-11 00:00,N,,335.36268,-12.16587,0.506,6.622,137.809336,11.680556,8.79449138698461,164.6271,/T
2023-Sep-12 00:00,N,,335.29477,-12.19185,0.510,6.625,228.646548,11.720147,8.79896455959654,163.5901,/T
2023-Sep-13 00:00,N,,335.22740,-12.21755,0.514,6.627,319.481883,11.759325,8.80372968880752,162.5523,/T
2023-Sep-14 00:00,N,,335.16059,-12.24295,0.518,6.630,50.315312,11.798069,8.80878506105048,161.5141,/T
2023-Sep-15 00:00,N,,335.09439,-12.26804,0.522,6.632,141.146811,11.836358,8.81412886835593,160.4754,/T
2023-Sep-16 00:00,N,,335.02884,-12.29280,0.526,6.634,231.976353,11.874172,8.81975918523987,159.4365,/T
2023-Sep-17 00:00,N,,334.96399,-12.31722,0.529,6.637,322.803914,11.911492,8.82567385292555,158.3974,/T
2023-Sep-18 00:00,N,m,334.89986,-12.34128,0.533,6.639,53.629472,11.948297,8.83187066643915,157.3582,/T
2023-Sep-19 00:00,A,m,334.83650,-12.36497,0.537,6.641,144.453003,11.984569,8.83834726805133,156.3191,/T
2023-Sep-20 00:00,A,m,334.77395,-12.38828,0.541,6.644,235.274488,12.020288,8.84510123056606,155.2802,/T
2023-Sep-21 00:00,A,m,334.71225,-12.41119,0.545,6.646,326.093907,12.055437,8.85212999737555,154.2414,/T
2023-Sep-22 00:00,A,m,334.65141,-12.43370,0.549,6.648,56.911242,12.089997,8.85943084429491,153.2029,/T
2023-Sep-23 00:00,A,m,334.59148,-12.45580,0.553,6.650,147.726474,12.123952,8.86700095757424,152.1647,/T
2023-Sep-24 00:00,A,m,334.53248,-12.47747,0.558,6.652,238.539589,12.157285,8.87483748632184,151.1269,/T
2023-Sep-25 00:00,A,m,334.47443,-12.49873,0.562,6.654,329.350571,12.189982,8.88293740732696,150.0895,/T
2023-Sep-26 00:00,A,m,334.41736,-12.51954,0.566,6.657,60.159406,12.222026,8.89129762425482,149.0526,/T
2023-Sep-27 00:00,A,m,334.36127,-12.53992,0.570,6.659,150.966083,12.253406,8.89991496428499,148.0162,/T
2023-Sep-28 00:00,A,m,334.30621,-12.55984,0.574,6.661,241.770590,12.284106,8.90878624077816,146.9802,/T
2023-Sep-29 00:00,A,m,334.25221,-12.57930,0.579,6.663,332.572918,12.314116,8.91790838031516,145.9448,/T
2023-Sep-30 00:00,A,m,334.19929,-12.59829,0.583,6.665,63.373056,12.343421,8.92727827860810,144.9100,/T
2023-Oct-01 00:00,A,m,334.14750,-12.61678,0.588,6.667,154.170995,12.372011,8.93689287905381,143.8756,/T
2023-Oct-02 00:00,A,m,334.09686,-12.63478,0.592,6.669,244.966725,12.399874,8.94674918274761,142.8419,/T
2023-Oct-03 00:00,A,,334.04740,-12.65228,0.596,6.671,335.760236,12.426996,8.95684419622953,141.8086,/T
2023-Oct-04 00:00,A,,333.99915,-12.66927,0.601,6.673,66.551519,12.453364,8.96717487919832,140.7760,/T
2023-Oct-05 00:00,A,,333.95213,-12.68575,0.605,6.675,157.340566,12.478968,8.97773812806882,139.7440,/T
2023-Oct-06 00:00,A,,333.90635,-12.70172,0.610,6.676,248.127366,12.503794,8.98853065901585,138.7126,/T
2023-Oct-07 00:00,A,,333.86184,-12.71716,0.615,6.678,338.911913,12.527829,8.99954920222635,137.6818,/T
2023-Oct-08 00:00,,,333.81861,-12.73207,0.619,6.680,69.694200,12.551062,9.01079035234809,136.6517,/T
2023-Oct-09 00:00,,,333.77668,-12.74644,0.624,6.682,160.474219,12.573481,9.02225055827296,135.6224,/T
2023-Oct-10 00:00,,,333.73608,-12.76027,0.629,6.684,251.251965,12.595074,9.03392612718138,134.5938,/T
2023-Oct-11 00:00,,,333.69684,-12.77354,0.633,6.685,342.027433,12.615831,9.04581319740935,133.5659,/T
2023-Oct-12 00:00,,,333.65897,-12.78626,0.638,6.687,72.800622,12.635740,9.05790777268658,132.5389,/T
2023-Oct-13 00:00,,,333.62251,-12.79840,0.643,6.689,163.571528,12.654791,9.07020572100942,131.5128,/T
2023-Oct-14 00:00,,,333.58747,-12.80997,0.647,6.691,254.340152,12.672975,9.08270265760614,130.4875,/T
2023-Oct-15 00:00,,,333.55389,-12.82096,0.652,6.692,345.106497,12.690283,9.09539407444341,129.4631,/T
2023-Oct-16 00:00,,,333.52178,-12.83135,0.657,6.694,75.870566,12.706705,9.10827540206056,128.4397,/T
2023-Oct-17 00:00,,,333.49117,-12.84115,0.662,6.695,166.632363,12.722234,9.12134194271490,127.4173,/T
2023-Oct-18 00:00,,,333.46208,-12.85034,0.666,6.697,257.391897,12.736862,9.13458898182886,126.3959,/T
2023-Oct-19 00:00,,m,333.43452,-12.85894,0.671,6.698,348.149175,12.750582,9.14801167516009,125.3756,/T
2023-Oct-20 00:00,,m,333.40850,-12.86693,0.676,6.700,78.904207,12.763388,9.16160518085578,124.3564,/T
2023-Oct-21 00:00,,m,333.38403,-12.87431,0.681,6.701,169.657004,12.775275,9.17536470558695,123.3383,/T
2023-Oct-22 00:00,,m,333.36111,-12.88109,0.685,6.703,260.407578,12.786237,9.18928545869847,122.3213,/T
2023-Oct-23 00:00,,m,333.33975,-12.88727,0.690,6.704,351.155940,12.796271,9.20336263212963,121.3055,/T
2023-Oct-24 00:00,,m,333.31994,-12.89284,0.695,6.706,81.902105,12.805372,9.21759151890607,120.2909,/T
2023-Oct-25 00:00,,m,333.30170,-12.89779,0.700,6.707,172.646085,12.813538,9.23196742660855,119.2774,/T
2023-Oct-26 00:00,,m,333.28504,-12.90214,0.705,6.708,263.387895,12.820766,9.24648581919971,118.2651,/T
2023-Oct-27 00:00,,m,333.26997,-12.90586,0.709,6.710,354.127548,12.827055,9.26114217234740,117.2540,/T
2023-Oct-28 00:00,,m,333.25651,-12.90896,0.714,6.711,84.865057,12.832403,9.27593194147255,116.2441,/T
2023-Oct-29 00:00,,m,333.24467,-12.91144,0.719,6.712,175.600439,12.836808,9.29085065064749,115.2353,/T
2023-Oct-30 00:00,,m,333.23447,-12.91328,0.724,6.713,266.333705,12.840268,9.30589382882117,114.2277,/T
2023-Oct-31 00:00,,m,333.22591,-12.91451,0.728,6.714,357.064873,12.842782,9.32105697575348,113.2212,/T
2023-Nov-01 00:00,,m,333.21899,-12.91511,0.733,6.716,87.793956,12.844348,9.33633555516648,112.2158,/T
2023-Nov-02 00:00,,,333.21372,-12.91508,0.738,6.717,178.520970,12.844965,9.35172493756894,111.2116,/T
2023-Nov-03 00:00,,,333.21010,-12.91444,0.743,6.718,269.245934,12.844630,9.36722048172633,110.2084,/T
2023-Nov-04 00:00,,,333.20811,-12.91319,0.747,6.719,359.968862,12.843342,9.38281757673534,109.2065,/T
2023-Nov-05 00:00,,,333.20777,-12.91131,0.752,6.720,90.689773,12.841099,9.39851146805998,108.2056,/T
2023-Nov-06 00:00,,,333.20907,-12.90881,0.756,6.721,181.408687,12.837901,9.41429740477744,107.2059,/T
2023-Nov-07 00:00,,,333.21202,-12.90569,0.761,6.722,272.125623,12.833745,9.43017057131401,106.2073,/T
2023-Nov-08 00:00,,,333.21663,-12.90195,0.766,6.723,2.840599,12.828632,9.44612614981183,105.2099,/T
2023-Nov-09 00:00,,,333.22289,-12.89758,0.770,6.724,93.553637,12.822560,9.46215929841056,104.2137,/T
2023-Nov-10 00:00,,,333.23082,-12.89258,0.775,6.724,184.264757,12.815529,9.47826507306160,103.2186,/T
2023-Nov-11 00:00,,,333.24042,-12.88695,0.779,6.725,274.973982,12.807540,9.49443839952839,102.2248,/T
2023-Nov-12 00:00,,,333.25169,-12.88069,0.784,6.726,5.681333,12.798592,9.51067419930260,101.2322,/T
2023-Nov-13 00:00,,,333.26465,-12.87381,0.788,6.727,96.386836,12.788688,9.52696723785600,100.2408,/T
2023-Nov-14 00:00,,,333.27929,-12.86629,0.793,6.727,187.090516,12.777827,9.54331219630319,99.2507,/T
2023-Nov-15 00:00,,,333.29562,-12.85814,0.797,6.728,277.792399,12.766013,9.55970365040212,98.2619,/T
2023-Nov-16 00:00,,,333.31363,-12.84938,0.802,6.729,8.492514,12.753247,9.57613609704825,97.2744,/T
2023-Nov-17 00:00,,m,333.33330,-12.83999,0.806,6.729,99.190890,12.739535,9.59260413003208,96.2882,/T
2023-Nov-18 00:00,,m,333.35462,-12.83000,0.810,6.730,189.887559,12.724878,9.60910238157766,95.3034,/T
2023-Nov-19 00:00,,m,333.37759,-12.81940,0.815,6.731,280.582552,12.709281,9.62562552729271,94.3199,/T
2023-Nov-20 00:00,,m,333.40218,-12.80820,0.819,6.731,11.275900,12.692750,9.64216837879138,93.3378,/T
2023-Nov-21 00:00,,m,333.42838,-12.79640,0.823,6.732,101.967636,12.675290,9.65872590722816,92.3570,/T
2023-Nov-22 00:00,,m,333.45619,-12.78400,0.827,6.732,192.657791,12.656906,9.67529324283178,91.3776,/T
2023-Nov-23 00:00,,m,333.48560,-12.77100,0.831,6.732,283.346395,12.637603,9.69186572463295,90.3996,/T
2023-Nov-24 00:00,,m,333.51662,-12.75740,0.835,6.733,14.033480,12.617389,9.70843871808784,89.4229,/T
2023-Nov-25 00:00,,m,333.54924,-12.74321,0.840,6.733,104.719075,12.596267,9.72500778530647,88.4476,/T
2023-Nov-26 00:00,,m,333.58346,-12.72842,0.844,6.734,195.403209,12.574245,9.74156859496666,87.4735,/T
2023-Nov-27 00:00,,m,333.61926,-12.71304,0.848,6.734,286.085910,12.551327,9.75811684742345,86.5008,/T
2023-Nov-28 00:00,,m,333.65665,-12.69708,0.851,6.734,16.767206,12.527518,9.77464822114692,85.5293,/T
2023-Nov-29 00:00,,m,333.69561,-12.68054,0.855,6.734,107.447126,12.502825,9.79115833145362,84.5591,/T
2023-Nov-30 00:00,,m,333.73612,-12.66344,0.859,6.735,198.125698,12.477253,9.80764270659917,83.5901,/T
2023-Dec-01 00:00,,,333.77816,-12.64577,0.863,6.735,288.802951,12.450806,9.82409689643800,82.6223,/T
2023-Dec-02 00:00,,,333.82173,-12.62754,0.867,6.735,19.478914,12.423490,9.84051632585741,81.6558,/T
2023-Dec-03 00:00,,,333.86681,-12.60875,0.870,6.735,110.153619,12.395311,9.85689635964689,80.6904,/T
2023-Dec-04 00:00,,,333.91340,-12.58941,0.874,6.735,200.827096,12.366273,9.87323239238809,79.7263,/T
2023-Dec-05 00:00,,,333.96147,-12.56951,0.878,6.735,291.499377,12.336382,9.88951979546245,78.7633,/T
2023-Dec-06 00:00,,,334.01103,-12.54907,0.881,6.735,22.170494,12.305645,9.90575401485703,77.8016,/T
2023-Dec-07 00:00,,,334.06206,-12.52808,0.885,6.735,112.840478,12.274066,9.92193046479929,76.8410,/T
2023-Dec-08 00:00,,,334.11457,-12.50654,0.888,6.735,203.509363,12.241652,9.93804453346266,75.8816,/T
2023-Dec-09 00:00,,,334.16853,-12.48446,0.892,6.735,294.177181,12.208408,9.95409166826138,74.9233,/T
2023-Dec-10 00:00,,,334.22395,-12.46183,0.895,6.735,24.843965,12.174342,9.97006735984782,73.9663,/T
2023-Dec-11 00:00,,,334.28082,-12.43867,0.898,6.735,115.509749,12.139459,9.98596702654761,73.0105,/T
2023-Dec-12 00:00,,,334.33911,-12.41497,0.902,6.735,206.174565,12.103766,10.0017861157574,72.0559,/T
2023-Dec-13 00:00,,,334.39883,-12.39075,0.905,6.735,296.838448,12.067271,10.0175199767968,71.1024,/T
2023-Dec-14 00:00,,,334.45995,-12.36601,0.908,6.735,27.501434,12.029982,10.0331640232071,70.1503,/T
2023-Dec-15 00:00,,,334.52245,-12.34076,0.911,6.735,118.163557,11.991907,10.0487136830834,69.1994,/T
2023-Dec-16 00:00,,m,334.58630,-12.31501,0.914,6.734,208.824853,11.953055,10.0641643558273,68.2497,/T
2023-Dec-17 00:00,,m,334.65148,-12.28877,0.917,6.734,299.485359,11.913436,10.0795115189605,67.3013,/T
2023-Dec-18 00:00,,m,334.71797,-12.26204,0.920,6.734,30.145113,11.873059,10.0947508162064,66.3542,/T
2023-Dec-19 00:00,,m,334.78575,-12.23482,0.923,6.733,120.804150,11.831934,10.1098780359381,65.4084,/T
2023-Dec-20 00:00,,m,334.85481,-12.20713,0.926,6.733,211.462507,11.790071,10.1248891860645,64.4639,/T
2023-Dec-21 00:00,,m,334.92514,-12.17895,0.929,6.733,302.120218,11.747481,10.1397803940096,63.5206,/T
2023-Dec-22 00:00,,m,334.99673,-12.15031,0.931,6.732,32.777319,11.704173,10.1545479323150,62.5786,/T
2023-Dec-23 00:00,,m,335.06957,-12.12119,0.934,6.732,123.433843,11.660158,10.1691883219608,61.6379,/T
2023-Dec-24 00:00,,m,335.14364,-12.09161,0.936,6.732,214.089824,11.615444,10.1836981523818,60.6983,/T
2023-Dec-25 00:00,,m,335.21893,-12.06158,0.939,6.731,304.745292,11.570040,10.1980741234078,59.7600,/T
2023-Dec-26 00:00,,m,335.29541,-12.03110,0.941,6.731,35.400278,11.523956,10.2123129740593,58.8229,/T
2023-Dec-27 00:00,,m,335.37306,-12.00018,0.944,6.730,126.054813,11.477201,10.2264114823493,57.8869,/T
2023-Dec-28 00:00,,m,335.45186,-11.96884,0.946,6.730,216.708928,11.429783,10.2403664765129,56.9521,/T
2023-Dec-29 00:00,,m,335.53179,-11.93707,0.949,6.729,307.362651,11.381710,10.2541747791054,56.0183,/T
2023-Dec-30 00:00,,,335.61283,-11.90488,0.951,6.728,38.016012,11.332991,10.2678330559242,55.0857,/T
2023-Dec-31 00:00,,,335.69496,-11.87228,0.953,6.728,128.669041,11.283635,10.2813379898661,54.1542,/T
2024-Jan-01 00:00,,,335.77818,-11.83927,0.955,6.727,219.321769,11.233649,10.2946861798670,53.2237,/T
2024-Jan-02 00:00,,,335.86245,-11.80586,0.957,6.727,309.974226,11.183044,10.3078742132264,52.2943,/T
2024-Jan-03 00:00,,,335.94778,-11.77204,0.959,6.726,40.626443,11.131826,10.3208986517174,51.3659,/T
2024-Jan-04 00:00,,,336.03415,-11.73783,0.961,6.725,131.278453,11.080007,10.3337559972481,50.4386,/T
2024-Jan-05 00:00,,,336.12155,-11.70323,0.963,6.725,221.930287,11.027594,10.3464428128884,49.5123,/T
2024-Jan-06 00:00,,,336.20996,-11.66823,0.965,6.724,312.581977,10.974596,10.3589557515448,48.5870,/T
2024-Jan-07 00:00,,,336.29937,-11.63286,0.967,6.723,43.233557,10.921023,10.3712914474861,47.6627,/T
2024-Jan-08 00:00,,,336.38977,-11.59710,0.968,6.722,133.885058,10.866885,10.3834465710519,46.7394,/T
2024-Jan-09 00:00,,,336.48114,-11.56098,0.970,6.722,224.536513,10.812190,10.3954178364604,45.8172,/T
2024-Jan-10 00:00,,,336.57346,-11.52449,0.972,6.721,315.187956,10.756949,10.4072019896606,44.8959,/T
2024-Jan-11 00:00,,,336.66669,-11.48765,0.973,6.720,45.839419,10.701172,10.4187959387412,43.9757,/T
2024-Jan-12 00:00,,,336.76082,-11.45047,0.975,6.719,136.490933,10.644869,10.4301965854780,43.0565,/T
2024-Jan-13 00:00,,,336.85581,-11.41296,0.976,6.718,227.142534,10.588053,10.4414009463916,42.1384,/T
2024-Jan-14 00:00,,m,336.95164,-11.37513,0.977,6.717,317.794251,10.530735,10.4524061969803,41.2214,/T
2024-Jan-15 00:00,,m,337.04829,-11.33697,0.979,6.717,48.446119,10.472925,10.4632096695712,40.3054,/T
2024-Jan-16 00:00,,m,337.14573,-11.29851,0.980,6.716,139.098166,10.414638,10.4738088247829,39.3905,/T
2024-Jan-17 00:00,,m,337.24397,-11.25973,0.981,6.715,229.750423,10.355883,10.4842012601919,38.4767,/T
2024-Jan-18 00:00,,m,337.34299,-11.22064,0.982,6.714,320.402920,10.296675,10.4943846079444,37.5640,/T
2024-Jan-19 00:00,,m,337.44277,-11.18126,0.983,6.713,51.055686,10.237023,10.5043567193037,36.6524,/T
2024-Jan-20 00:00,,m,337.54330,-11.14158,0.984,6.712,141.708749,10.176940,10.5141155377209,35.7419,/T
2024-Jan-21 00:00,,m,337.64457,-11.10162,0.985,6.711,232.362137,10.116436,10.5236590598530,34.8324,/T
2024-Jan-22 00:00,,m,337.74654,-11.06139,0.986,6.710,323.015877,10.055523,10.5329853813277,33.9239,/T
2024-Jan-23 00:00,,m,337.84919,-11.02089,0.987,6.709,53.669994,9.994210,10.5420926493810,33.0165,/T
2024-Jan-24 00:00,,m,337.95250,-10.98014,0.987,6.708,144.324516,9.932509,10.5509791179173,32.1100,/T
2024-Jan-25 00:00,,m,338.05644,-10.93914,0.988,6.707,234.979466,9.870429,10.5596431134498,31.2046,/T
2024-Jan-26 00:00,,m,338.16100,-10.89790,0.989,6.706,325.634870,9.807981,10.5680829268592,30.3001,/T
2024-Jan-27 00:00,,m,338.26615,-10.85642,0.989,6.705,56.290752,9.745173,10.5762968801349,29.3965,/T
2024-Jan-28 00:00,,,338.37188,-10.81472,0.990,6.704,146.947136,9.682016,10.5842833828439,28.4939,/T
2024-Jan-29 00:00,,,338.47817,-10.77279,0.990,6.703,237.604047,9.618520,10.5920407913371,27.5922,/T
2024-Jan-30 00:00,,,338.58501,-10.73064,0.990,6.701,328.261506,9.554695,10.5995675016896,26.6915,/T
2024-Jan-31 00:00,,,338.69238,-10.68828,0.991,6.700,58.919538,9.490550,10.6068617929211,25.7916,/T
2024-Feb-01 00:00,,,338.80027,-10.64570,0.991,6.699,149.578166,9.426095,10.6139219258010,24.8926,/T
2024-Feb-02 00:00,,,338.90867,-10.60292,0.991,6.698,240.237415,9.361340,10.6207461742822,23.9945,/T
2024-Feb-03 00:00,,,339.01757,-10.55994,0.991,6.697,330.897309,9.296296,10.6273327701190,23.0974,/T
2024-Feb-04 00:00,,,339.12695,-10.51677,0.991,6.696,61.557873,9.230974,10.6336798824108,22.2011,/T
2024-Feb-05 00:00,,,339.23680,-10.47341,0.991,6.695,152.219132,9.165383,10.6397857402230,21.3057,/T
2024-Feb-06 00:00,,,339.34709,-10.42988,0.991,6.693,242.881113,9.099535,10.6456485691225,20.4113,/T
2024-Feb-07 00:00,,,339.45781,-10.38617,0.991,6.692,333.543841,9.033440,10.6512667269427,19.5178,/T
2024-Feb-08 00:00,,,339.56892,-10.34231,0.991,6.691,64.207341,8.967111,10.6566386281227,18.6253,/T
2024-Feb-09 00:00,,,339.68039,-10.29831,0.990,6.689,154.871642,8.900558,10.6617627263245,17.7338,/T
2024-Feb-10 00:00,,,339.79220,-10.25417,0.990,6.688,245.536767,8.833795,10.6666377003188,16.8435,/T
2024-Feb-11 00:00,,,339.90432,-10.20990,0.990,6.687,336.202742,8.766833,10.6712624268111,15.9543,/T
2024-Feb-12 00:00,,m,340.01673,-10.16550,0.989,6.685,66.869592,8.699685,10.6756360023412,15.0663,/T
2024-Feb-13 00:00,,m,340.12943,-10.12099,0.988,6.684,157.537338,8.632364,10.6797577330116,14.1797,/T
2024-Feb-14 00:00,A,m,340.24239,-10.07636,0.987,6.682,248.206003,8.564883,10.6836270801903,13.2946,/T
2024-Feb-15 00:00,A,m,340.35562,-10.03162,0.986,6.680,338.875607,8.497254,10.6872436614959,12.4111,/T
2024-Feb-16 00:00,A,m,340.46910,-9.98678,0.985,6.679,69.546168,8.429488,10.6906072626538,11.5294,/T
2024-Feb-17 00:00,A,m,340.58280,-9.94185,0.984,6.677,160.217705,8.361598,10.6937175920912,10.6499,/T
2024-Feb-18 00:00,A,m,340.69670,-9.89684,0.982,6.675,250.890235,8.293596,10.6965744024971,9.7727,/T
2024-Feb-19 00:00,A,m,340.81079,-9.85175,0.981,6.673,341.563777,8.225491,10.6991774222354,8.8985,/T
2024-Feb-20 00:00,A,m,340.92505,-9.80660,0.979,6.670,72.238347,8.157295,10.7015264116336,8.0279,/T
2024-Feb-21 00:00,A,m,341.03944,-9.76140,0.976,6.668,162.913963,8.089019,10.7036211777829,7.1620,/T
2024-Feb-22 00:00,A,m,341.15394,-9.71615,0.974,6.665,253.590643,8.020673,10.7054615152834,6.3024,/T
2024-Feb-23 00:00,A,m,341.26855,-9.67086,0.971,6.661,344.268402,7.952267,10.7070472057365,5.4517,/T
2024-Feb-24 00:00,A,m,341.38324,-9.62554,0.968,6.658,74.947259,7.883813,10.7083781587902,4.6146,/T
2024-Feb-25 00:00,A,m,341.49799,-9.58020,0.964,6.654,165.627229,7.815320,10.7094542935393,3.7995,/T
2024-Feb-26 00:00,A,m,341.61279,-9.53483,0.960,6.650,256.308328,7.746797,10.7102755666486,3.0239,/T
2024-Feb-27 00:00,A,,341.72764,-9.48945,0.955,6.645,346.990573,7.678257,10.7108419637273,2.3269,/T
2024-Feb-28 00:00,A,,341.84250,-9.44407,0.952,6.642,77.673979,7.609707,10.7111534440854,1.8014,/T
2024-Feb-29 00:00,A,,341.95734,-9.39869,0.952,6.642,168.358562,7.541159,10.7112100877321,1.6226,/T
2024-Mar-01 00:00,A,,342.07218,-9.35327,0.956,6.646,259.044336,7.472623,10.7110119634460,1.8910,/L
2024-Mar-02 00:00,A,,342.18703,-9.30784,0.962,6.652,349.731318,7.404108,10.7105590828354,2.4641,/L
2024-Mar-03 00:00,A,,342.30186,-9.26242,0.968,6.658,80.419522,7.335627,10.7098514350271,3.1809,/L
2024-Mar-04 00:00,A,,342.41665,-9.21704,0.974,6.665,171.108963,7.267189,10.7088890012446,3.9641,/L
2024-Mar-05 00:00,A,,342.53138,-9.17168,0.980,6.671,261.799658,7.198805,10.7076717212659,4.7809,/L
2024-Mar-06 00:00,A,,342.64602,-9.12636,0.985,6.676,352.491624,7.130486,10.7061995871740,5.6165,/L
2024-Mar-07 00:00,A,,342.76054,-9.08110,0.990,6.682,83.184877,7.062245,10.7044725035786,6.4634,/L
2024-Mar-08 00:00,A,,342.87493,-9.03590,0.995,6.687,173.879434,6.994093,10.7024905176121,7.3178,/L
2024-Mar-09 00:00,A,,342.98915,-8.99076,0.999,6.691,264.575314,6.926043,10.7002538429168,8.1770,/L
2024-Mar-10 00:00,A,,343.10318,-8.94571,1.003,6.696,355.272533,6.858106,10.6977628595050,9.0397,/L
2024-Mar-11 00:00,A,,343.21702,-8.90073,1.007,6.700,85.971107,6.790297,10.6950181643085,9.9048,/L
2024-Mar-12 00:00,A,m,343.33065,-8.85585,1.010,6.704,176.671052,6.722627,10.6920205751932,10.7716,/L
2024-Mar-13 00:00,A,m,343.44406,-8.81105,1.013,6.708,267.372381,6.655109,10.6887711210771,11.6398,/L
2024-Mar-14 00:00,N,m,343.55724,-8.76634,1.017,6.712,358.075106,6.587756,10.6852711032849,12.5089,/L
2024-Mar-15 00:00,N,m,343.67017,-8.72175,1.019,6.716,88.779238,6.520579,10.6815219123597,13.3787,/L
2024-Mar-16 00:00,N,m,343.78283,-8.67727,1.022,6.719,179.484786,6.453589,10.6775249731444,14.2490,/L
2024-Mar-17 00:00,N,m,343.89520,-8.63291,1.025,6.723,270.191761,6.386797,10.6732818065823,15.1197,/L
2024-Mar-18 00:00,N,m,344.00727,-8.58869,1.028,6.726,0.900168,6.320215,10.6687938927649,15.9906,/L
2024-Mar-19 00:00,N,m,344.11899,-8.54462,1.030,6.730,91.610018,6.253852,10.6640627432487,16.8618,/L
2024-Mar-20 00:00,N,m,344.23037,-8.50070,1.033,6.733,182.321315,6.187718,10.6590897692420,17.7331,/L
2024-Mar-21 00:00,N,m,344.34137,-8.45694,1.035,6.737,273.034070,6.121825,10.6538762862238,18.6046,/L
2024-Mar-22 00:00,N,m,344.45199,-8.41334,1.037,6.740,3.748289,6.056181,10.6484236094531,19.4761,/L
2024-Mar-23 00:00,N,m,344.56222,-8.36992,1.039,6.744,94.463982,5.990796,10.6427330838404,20.3478,/L
2024-Mar-24 00:00,N,m,344.67202,-8.32668,1.042,6.747,185.181156,5.925682,10.6368059768280,21.2194,/L
2024-Mar-25 00:00,N,m,344.78141,-8.28362,1.044,6.750,275.899819,5.860846,10.6306436137004,22.0912,/L
2024-Mar-26 00:00,N,m,344.89036,-8.24075,1.046,6.753,6.619981,5.796300,10.6242472750459,22.9630,/L
2024-Mar-27 00:00,N,,344.99886,-8.19806,1.048,6.757,97.341650,5.732052,10.6176183347465,23.8350,/L
2024-Mar-28 00:00,N,,345.10691,-8.15558,1.049,6.760,188.064834,5.668113,10.6107582308338,24.7070,/L
2024-Mar-29 00:00,N,,345.21448,-8.11330,1.051,6.763,278.789542,5.604493,10.6036683630999,25.5791,/L
2024-Mar-30 00:00,N,,345.32157,-8.07123,1.053,6.766,9.515782,5.541201,10.5963501694946,26.4514,/L
2024-Mar-31 00:00,N,,345.42816,-8.02937,1.054,6.770,100.243562,5.478247,10.5888051603573,27.3238,/L
2024-Apr-01 00:00,N,,345.53423,-7.98775,1.056,6.773,190.972891,5.415642,10.5810348706343,28.1964,/L
2024-Apr-02 00:00,N,,345.63976,-7.94636,1.058,6.776,281.703776,5.353396,10.5730408914313,29.0692,/L
2024-Apr-03 00:00,N,,345.74472,-7.90521,1.059,6.779,12.436225,5.291521,10.5648247935555,29.9421,/L
2024-Apr-04 00:00,N,,345.84910,-7.86432,1.060,6.782,103.170246,5.230026,10.5563881190506,30.8153,/L
2024-Apr-05 00:00,N,,345.95287,-7.82370,1.062,6.785,193.905848,5.168924,10.5477325552473,31.6887,/L
2024-Apr-06 00:00,N,,346.05602,-7.78335,1.063,6.788,284.643038,5.108226,10.5388597945858,32.5623,/L
2024-Apr-07 00:00,N,,346.15852,-7.74328,1.064,6.791,15.381825,5.047945,10.5297716475063,33.4361,/L
2024-Apr-08 00:00,N,,346.26036,-7.70350,1.065,6.794,106.122217,4.988091,10.5204700526847,34.3102,/L
2024-Apr-09 00:00,N,,346.36155,-7.66400,1.066,6.797,196.864222,4.928678,10.5109571372859,35.1844,/L
2024-Apr-10 00:00,N,m,346.46206,-7.62480,1.067,6.800,287.607845,4.869718,10.5012352612345,36.0589,/L
2024-Apr-11 00:00,N,m,346.56189,-7.58589,1.068,6.803,18.353092,4.811221,10.4913069822277,36.9336,/L
2024-Apr-12 00:00,C,m,346.66102,-7.54730,1.069,6.806,109.099966,4.753199,10.4811748793850,37.8085,/L
2024-Apr-13 00:00,C,m,346.75943,-7.50902,1.070,6.809,199.848471,4.695662,10.4708416935513,38.6836,/L
2024-Apr-14 00:00,C,m,346.85709,-7.47108,1.070,6.812,290.598609,4.638621,10.4603102148634,39.5589,/L
2024-Apr-15 00:00,C,m,346.95398,-7.43347,1.071,6.814,21.350381,4.582084,10.4495832771141,40.4345,/L
2024-Apr-16 00:00,C,m,347.05008,-7.39622,1.072,6.817,112.103788,4.526061,10.4386637403692,41.3102,/L
2024-Apr-17 00:00,C,m,347.14538,-7.35932,1.072,6.820,202.858831,4.470562,10.4275543915651,42.1863,/L
2024-Apr-18 00:00,C,m,347.23986,-7.32277,1.072,6.823,293.615510,4.415595,10.4162580433546,43.0626,/L
2024-Apr-19 00:00,C,m,347.33351,-7.28660,1.073,6.826,24.373824,4.361169,10.4047775289131,43.9393,/L
2024-Apr-20 00:00,C,m,347.42631,-7.25079,1.073,6.828,115.133774,4.307294,10.3931155857892,44.8162,/L
2024-Apr-21 00:00,C,m,347.51826,-7.21536,1.073,6.831,205.895360,4.253977,10.3812748683424,45.6935,/L
2024-Apr-22 00:00,C,m,347.60935,-7.18031,1.073,6.833,296.658580,4.201227,10.3692579849440,46.5712,/L
2024-Apr-23 00:00,C,m,347.69956,-7.14564,1.074,6.836,27.423438,4.149054,10.3570674544876,47.4493,/L
2024-Apr-24 00:00,C,m,347.78890,-7.11136,1.074,6.839,118.189932,4.097465,10.3447058666947,48.3278,/L
2024-Apr-25 00:00,C,,347.87735,-7.07748,1.073,6.841,208.958066,4.046469,10.3321757070785,49.2068,/L
2024-Apr-26 00:00,C,,347.96489,-7.04399,1.073,6.844,299.727841,3.996076,10.3194794575071,50.0863,/L
2024-Apr-27 00:00,C,,348.05152,-7.01090,1.073,6.846,30.499258,3.946293,10.3066196538385,50.9664,/L
2024-Apr-28 00:00,C,,348.13722,-6.97823,1.073,6.849,121.272320,3.897131,10.2935988871433,51.8470,/L
2024-Apr-29 00:00,C,,348.22196,-6.94599,1.072,6.851,212.047029,3.848597,10.2804197893523,52.7282,/L
2024-Apr-30 00:00,C,,348.30573,-6.91417,1.072,6.853,302.823387,3.800702,10.2670850690282,53.6101,/L
2024-May-01 00:00,C,,348.38850,-6.88279,1.072,6.856,33.601398,3.753456,10.2535974376640,54.4926,/L
2024-May-02 00:00,C,,348.47025,-6.85187,1.071,6.858,124.381061,3.706867,10.2399597985737,55.3758,/L
2024-May-03 00:00,C,,348.55097,-6.82140,1.070,6.860,215.162379,3.660946,10.2261751769430,56.2597,/L
2024-May-04 00:00,C,,348.63063,-6.79139,1.070,6.862,305.945352,3.615704,10.2122466544036,57.1443,/L
2024-May-05 00:00,C,,348.70924,-6.76185,1.069,6.865,36.729980,3.571152,10.1981774624888,58.0297,/L
2024-May-06 00:00,C,,348.78677,-6.73278,1.068,6.867,127.516262,3.527298,10.1839709219186,58.9159,/L
2024-May-07 00:00,C,,348.86323,-6.70418,1.067,6.869,218.304199,3.484154,10.1696305106099,59.8028,/L
2024-May-08 00:00,C,,348.93861,-6.67606,1.066,6.871,309.093786,3.441731,10.1551598225687,60.6905,/L
2024-May-09 00:00,C,m,349.01289,-6.64842,1.065,6.873,39.885021,3.400036,10.1405624700538,61.5790,/L
2024-May-10 00:00,*,m,349.08606,-6.62128,1.064,6.875,130.677901,3.359080,10.1258421115909,62.4682,/L
2024-May-11 00:00,*,m,349.15809,-6.59465,1.063,6.877,221.472420,3.318872,10.1110025327028,63.3581,/L
2024-May-12 00:00,*,m,349.22897,-6.56852,1.061,6.879,312.268575,3.279419,10.0960474814965,64.2489,/L
2024-May-13 00:00,*,m,349.29867,-6.54292,1.060,6.880,43.066360,3.240728,10.0809807742027,65.1404,/L
2024-May-14 00:00,*,m,349.36719,-6.51785,1.059,6.882,133.865770,3.202808,10.0658061571021,66.0327,/L
2024-May-15 00:00,*,m,349.43450,-6.49331,1.057,6.884,224.666798,3.165665,10.0505273931936,66.9259,/L
2024-May-16 00:00,*,m,349.50059,-6.46930,1.055,6.886,315.469440,3.129305,10.0351483166799,67.8198,/L
2024-May-17 00:00,*,m,349.56546,-6.44583,1.054,6.887,46.273688,3.093737,10.0196727555287,68.7146,/L
2024-May-18 00:00,*,m,349.62909,-6.42291,1.052,6.889,137.079536,3.058966,10.0041044865006,69.6102,/L
2024-May-19 00:00,*,m,349.69148,-6.40053,1.050,6.891,227.886976,3.024998,9.98844732059527,70.5068,/L
2024-May-20 00:00,*,m,349.75263,-6.37869,1.048,6.892,318.696001,2.991840,9.97270502110175,71.4042,/L
2024-May-21 00:00,*,m,349.81252,-6.35741,1.046,6.894,49.506604,2.959497,9.95688136333258,72.3026,/L
2024-May-22 00:00,*,m,349.87116,-6.33668,1.044,6.895,140.318777,2.927977,9.94098005228770,73.2020,/L
2024-May-23 00:00,*,m,349.92852,-6.31651,1.042,6.896,231.132512,2.897284,9.92500461753200,74.1024,/L
2024-May-24 00:00,*,,349.98461,-6.29689,1.040,6.898,321.947804,2.867426,9.90895859219003,75.0038,/L
2024-May-25 00:00,*,,350.03942,-6.27785,1.038,6.899,52.764646,2.838407,9.89284545250249,75.9062,/L
2024-May-26 00:00,*,,350.09292,-6.25938,1.036,6.900,143.583031,2.810236,9.87666865334402,76.8098,/L
2024-May-27 00:00,*,,350.14510,-6.24149,1.033,6.901,234.402955,2.782918,9.86043164886308,77.7145,/L
2024-May-28 00:00,*,,350.19594,-6.22418,1.031,6.903,325.224413,2.756459,9.84413792121626,78.6204,/L
2024-May-29 00:00,*,,350.24543,-6.20748,1.028,6.904,56.047401,2.730868,9.82779104298542,79.5275,/L
2024-May-30 00:00,*,,350.29354,-6.19137,1.026,6.905,146.871912,2.706151,9.81139479961152,80.4358,/L
2024-May-31 00:00,*,,350.34026,-6.17587,1.023,6.906,237.697941,2.682315,9.79495300981542,81.3454,/L
2024-Jun-01 00:00,*,,350.38560,-6.16098,1.020,6.906,328.525482,2.659368,9.77846968241741,82.2563,/L
2024-Jun-02 00:00,*,,350.42953,-6.14670,1.017,6.907,59.354528,2.637316,9.76194898674124,83.1684,/L
2024-Jun-03 00:00,*,,350.47206,-6.13302,1.014,6.908,150.185069,2.616167,9.74539527333545,84.0820,/L
2024-Jun-04 00:00,*,,350.51319,-6.11996,1.012,6.909,241.017096,2.595927,9.72881308242347,84.9968,/L
2024-Jun-05 00:00,*,,350.55291,-6.10751,1.009,6.910,331.850597,2.576603,9.71220702231257,85.9129,/L
2024-Jun-06 00:00,*,m,350.59120,-6.09569,1.005,6.910,62.685559,2.558199,9.69558172223998,86.8304,/L
2024-Jun-07 00:00,*,m,350.62805,-6.08449,1.002,6.911,153.521969,2.540721,9.67894190232349,87.7492,/L
2024-Jun-08 00:00,*,m,350.66345,-6.07392,0.999,6.911,244.359812,2.524174,9.66229223697175,88.6694,/L
2024-Jun-09 00:00,*,m,350.69739,-6.06400,0.996,6.912,335.199074,2.508560,9.64563731403891,89.5908,/L
2024-Jun-10 00:00,*,m,350.72984,-6.05472,0.992,6.912,66.039739,2.493884,9.62898166262502,90.5136,/L
2024-Jun-11 00:00,*,m,350.76081,-6.04608,0.989,6.912,156.881792,2.480147,9.61232967862183,91.4377,/L
2024-Jun-12 00:00,*,m,350.79029,-6.03810,0.985,6.913,247.725218,2.467353,9.59568581711519,92.3631,/L
2024-Jun-13 00:00,*,m,350.81827,-6.03076,0.982,6.913,338.570003,2.455504,9.57905448137176,93.2899,/L
2024-Jun-14 00:00,*,m,350.84476,-6.02406,0.978,6.913,69.416131,2.444601,9.56244001135222,94.2180,/L
2024-Jun-15 00:00,*,m,350.86974,-6.01802,0.975,6.913,160.263586,2.434646,9.54584674000249,95.1475,/L
2024-Jun-16 00:00,*,m,350.89322,-6.01262,0.971,6.913,251.112354,2.425640,9.52927903228608,96.0783,/L
2024-Jun-17 00:00,*,m,350.91520,-6.00786,0.967,6.913,341.962418,2.417585,9.51274123174669,97.0106,/L
2024-Jun-18 00:00,*,m,350.93568,-6.00375,0.963,6.913,72.813761,2.410481,9.49623773289584,97.9442,/L
2024-Jun-19 00:00,*,m,350.95466,-6.00028,0.959,6.913,163.666368,2.404329,9.47977280366520,98.8793,/L
2024-Jun-20 00:00,*,m,350.97214,-5.99745,0.955,6.913,254.520222,2.399129,9.46335072851292,99.8158,/L
2024-Jun-21 00:00,*,m,350.98811,-5.99527,0.951,6.913,345.375304,2.394883,9.44697579591601,100.7537,/L
2024-Jun-22 00:00,*,,351.00257,-5.99373,0.947,6.912,76.231599,2.391591,9.43065220230380,101.6932,/L
2024-Jun-23 00:00,*,,351.01551,-5.99284,0.943,6.912,167.089089,2.389253,9.41438408520950,102.6342,/L
2024-Jun-24 00:00,*,,351.02691,-5.99261,0.939,6.911,257.947757,2.387869,9.39817550303023,103.5768,/L
2024-Jun-25 00:00,*,,351.03678,-5.99303,0.935,6.911,348.807587,2.387442,9.38203048832957,104.5209,/L
2024-Jun-26 00:00,*,,351.04510,-5.99411,0.930,6.910,79.668562,2.387972,9.36595316572697,105.4666,/L
2024-Jun-27 00:00,*,,351.05187,-5.99585,0.926,6.910,170.530667,2.389459,9.34994769837511,106.4140,/L
2024-Jun-28 00:00,*,,351.05709,-5.99824,0.922,6.909,261.393884,2.391905,9.33401828651472,107.3630,/L
2024-Jun-29 00:00,*,,351.06076,-6.00129,0.917,6.908,352.258196,2.395311,9.31816933924880,108.3138,/L
2024-Jun-30 00:00,*,,351.06290,-6.00498,0.913,6.908,83.123585,2.399676,9.30240536418379,109.2662,/L
2024-Jul-01 00:00,*,,351.06350,-6.00932,0.908,6.907,173.990030,2.405000,9.28673107321551,110.2203,/L
2024-Jul-02 00:00,*,,351.06256,-6.01431,0.903,6.906,264.857512,2.411284,9.27115125125953,111.1761,/L
2024-Jul-03 00:00,*,,351.06010,-6.01994,0.899,6.905,355.726007,2.418524,9.25567073938386,112.1336,/L
2024-Jul-04 00:00,*,,351.05609,-6.02621,0.894,6.904,86.595491,2.426719,9.24029448848005,113.0927,/L
2024-Jul-05 00:00,*,m,351.05055,-6.03313,0.889,6.903,177.465940,2.435865,9.22502753148121,114.0536,/L
2024-Jul-06 00:00,*,m,351.04347,-6.04069,0.885,6.901,268.337328,2.445960,9.20987481841194,115.0161,/L
2024-Jul-07 00:00,*,m,351.03484,-6.04890,0.880,6.900,359.209625,2.456998,9.19484128551007,115.9803,/L
2024-Jul-08 00:00,*,m,351.02466,-6.05775,0.875,6.899,90.082804,2.468974,9.17993172880371,116.9461,/L
2024-Jul-09 00:00,*,m,351.01295,-6.06724,0.870,6.898,180.956838,2.481882,9.16515086857057,117.9135,/L
2024-Jul-10 00:00,*,m,350.99971,-6.07736,0.865,6.896,271.831696,2.495717,9.15050333751029,118.8825,/L
2024-Jul-11 00:00,*,m,350.98495,-6.08810,0.860,6.895,2.707350,2.510471,9.13599354435283,119.8531,/L
2024-Jul-12 00:00,*,m,350.96869,-6.09947,0.855,6.893,93.583771,2.526137,9.12162579546088,120.8253,/L
2024-Jul-13 00:00,*,m,350.95093,-6.11144,0.850,6.892,184.460932,2.542709,9.10740432741344,121.7991,/L
2024-Jul-14 00:00,*,m,350.93170,-6.12403,0.845,6.890,275.338804,2.560177,9.09333330844439,122.7745,/L
2024-Jul-15 00:00,*,m,350.91100,-6.13720,0.840,6.888,6.217358,2.578535,9.07941686231736,123.7514,/L
2024-Jul-16 00:00,*,m,350.88885,-6.15097,0.835,6.887,97.096567,2.597773,9.06565903901425,124.7298,/L
2024-Jul-17 00:00,*,m,350.86525,-6.16532,0.830,6.885,187.976402,2.617883,9.05206378359662,125.7099,/L
2024-Jul-18 00:00,*,m,350.84023,-6.18025,0.825,6.883,278.856834,2.638855,9.03863512003980,126.6914,/L
2024-Jul-19 00:00,*,m,350.81379,-6.19574,0.820,6.881,9.737834,2.660682,9.02537696806793,127.6746,/L
2024-Jul-20 00:00,*,m,350.78594,-6.21181,0.815,6.879,100.619375,2.683353,9.01229321404611,128.6593,/L
2024-Jul-21 00:00,*,,350.75668,-6.22844,0.809,6.877,191.501426,2.706860,8.99938769607702,129.6456,/L
2024-Jul-22 00:00,*,,350.72601,-6.24563,0.804,6.875,282.383959,2.731192,8.98666423766872,130.6335,/L
2024-Jul-23 00:00,*,,350.69393,-6.26337,0.799,6.873,13.266943,2.756342,8.97412670959454,131.6229,/L
2024-Jul-24 00:00,*,,350.66048,-6.28167,0.794,6.871,104.150349,2.782299,8.96177901284892,132.6140,/L
2024-Jul-25 00:00,*,,350.62564,-6.30050,0.789,6.869,195.034146,2.809055,8.94962497343235,133.6068,/L
2024-Jul-26 00:00,*,,350.58946,-6.31987,0.784,6.866,285.918303,2.836600,8.93766850522114,134.6011,/L
2024-Jul-27 00:00,*,,350.55194,-6.33975,0.778,6.864,16.802788,2.864924,8.92591356640752,135.5971,/L
2024-Jul-28 00:00,*,,350.51312,-6.36014,0.773,6.862,107.687567,2.894017,8.91436413459637,136.5947,/L
2024-Jul-29 00:00,*,,350.47301,-6.38104,0.768,6.860,198.572608,2.923867,8.90302424278221,137.5939,/L
2024-Jul-30 00:00,*,,350.43164,-6.40242,0.763,6.857,289.457875,2.954462,8.89189785298323,138.5947,/L
2024-Jul-31 00:00,*,,350.38900,-6.42429,0.758,6.855,20.343333,2.985789,8.88098898576163,139.5971,/L
2024-Aug-01 00:00,*,,350.34513,-6.44663,0.753,6.852,111.228947,3.017834,8.87030168501275,140.6010,/L
2024-Aug-02 00:00,*,,350.30002,-6.46945,0.747,6.850,202.114677,3.050583,8.85983992519529,141.6064,/L
2024-Aug-03 00:00,*,,350.25371,-6.49273,0.742,6.847,293.000488,3.084021,8.84960759693244,142.6133,/L
2024-Aug-04 00:00,*,m,350.20619,-6.51645,0.737,6.844,23.886338,3.118131,8.83960855094153,143.6217,/L
2024-Aug-05 00:00,*,m,350.15750,-6.54062,0.732,6.842,114.772189,3.152896,8.82984651232617,144.6314,/L
2024-Aug-06 00:00,*,m,350.10765,-6.56522,0.727,6.839,205.658002,3.188299,8.82032520771918,145.6425,/L
2024-Aug-07 00:00,*,m,350.05668,-6.59022,0.722,6.836,296.543734,3.224323,8.81104815536702,146.6549,/L
2024-Aug-08 00:00,*,m,350.00462,-6.61563,0.717,6.834,27.429347,3.260950,8.80201872002672,147.6685,/L
2024-Aug-09 00:00,*,m,349.95149,-6.64142,0.712,6.831,118.314798,3.298160,8.79324015383589,148.6834,/L
2024-Aug-10 00:00,*,m,349.89733,-6.66758,0.707,6.828,209.200047,3.335934,8.78471553814993,149.6994,/L
2024-Aug-11 00:00,C,m,349.84216,-6.69409,0.702,6.825,300.085053,3.374255,8.77644776838285,150.7165,/L
2024-Aug-12 00:00,C,m,349.78604,-6.72094,0.697,6.822,30.969775,3.413101,8.76843955444603,151.7347,/L
2024-Aug-13 00:00,C,m,349.72897,-6.74812,0.692,6.819,121.854176,3.452454,8.76069338717490,152.7539,/L
2024-Aug-14 00:00,C,m,349.67100,-6.77561,0.687,6.816,212.738215,3.492294,8.75321169244321,153.7741,/L
2024-Aug-15 00:00,C,m,349.61215,-6.80340,0.683,6.813,303.621854,3.532601,8.74599679998654,154.7952,/L
2024-Aug-16 00:00,C,m,349.55244,-6.83147,0.678,6.810,34.505057,3.573356,8.73905085064168,155.8171,/L
2024-Aug-17 00:00,C,m,349.49191,-6.85982,0.673,6.807,125.387784,3.614537,8.73237594919740,156.8399,/L
2024-Aug-18 00:00,C,m,349.43056,-6.88843,0.668,6.804,216.270000,3.656127,8.72597409818017,157.8633,/L
2024-Aug-19 00:00,C,m,349.36843,-6.91730,0.664,6.801,307.151669,3.698104,8.71984732683908,158.8874,/L
2024-Aug-20 00:00,C,,349.30553,-6.94641,0.659,6.798,38.032753,3.740450,8.71399767350144,159.9121,/L
2024-Aug-21 00:00,C,,349.24190,-6.97575,0.655,6.795,128.913216,3.783146,8.70842716154751,160.9372,/L
2024-Aug-22 00:00,C,,349.17756,-7.00529,0.650,6.792,219.793019,3.826171,8.70313786412671,161.9628,/L
2024-Aug-23 00:00,C,,349.11257,-7.03503,0.646,6.789,310.672127,3.869508,8.69813200384896,162.9885,/L
2024-Aug-24 00:00,C,,349.04695,-7.06495,0.641,6.785,41.550496,3.913135,8.69341177575379,164.0143,/L
2024-Aug-25 00:00,C,,348.98075,-7.09502,0.637,6.782,132.428089,3.957033,8.68897940327357,165.0399,/L
2024-Aug-26 00:00,C,,348.91400,-7.12524,0.632,6.779,223.304862,4.001179,8.68483697167254,166.0651,/L
2024-Aug-27 00:00,C,,348.84674,-7.15559,0.628,6.775,314.180775,4.045553,8.68098644820751,167.0893,/L
2024-Aug-28 00:00,C,,348.77899,-7.18606,0.624,6.772,45.055785,4.090132,8.67742973092756,168.1121,/L
2024-Aug-29 00:00,C,,348.71078,-7.21663,0.619,6.768,135.929849,4.134893,8.67416852136652,169.1327,/L
2024-Aug-30 00:00,C,,348.64214,-7.24730,0.615,6.765,226.802927,4.179811,8.67120433021706,170.1501,/L
2024-Aug-31 00:00,N,,348.57310,-7.27805,0.610,6.761,317.674976,4.224865,8.66853854576620,171.1628,/L
2024-Sep-01 00:00,N,,348.50370,-7.30886,0.606,6.757,48.545957,4.270028,8.66617241335610,172.1687,/L
2024-Sep-02 00:00,N,,348.43398,-7.33971,0.601,6.753,139.415828,4.315276,8.66410707415833,173.1642,/L
2024-Sep-03 00:00,N,,348.36397,-7.37059,0.596,6.748,230.284548,4.360586,8.66234354044445,174.1437,/L
2024-Sep-04 00:00,N,,348.29372,-7.40148,0.591,6.744,321.152078,4.405931,8.66088258194834,175.0969,/L
2024-Sep-05 00:00,N,m,348.22326,-7.43236,0.586,6.739,52.018378,4.451287,8.65972493326642,176.0045,/L
2024-Sep-06 00:00,N,m,348.15265,-7.46321,0.582,6.734,142.883408,4.496628,8.65887117706325,176.8265,/L
2024-Sep-07 00:00,N,m,348.08192,-7.49401,0.577,6.730,233.747131,4.541931,8.65832175767191,177.4769,/L
2024-Sep-08 00:00,N,m,348.01111,-7.52474,0.575,6.728,324.609507,4.587169,8.65807694862802,177.7973,/L
2024-Sep-09 00:00,N,m,347.94027,-7.55538,0.575,6.728,55.470499,4.632319,8.65813683608518,177.6480,/L
2024-Sep-10 00:00,N,m,347.86944,-7.58593,0.578,6.731,146.330070,4.677356,8.65850133398699,177.1003,/T
2024-Sep-11 00:00,N,m,347.79866,-7.61636,0.582,6.735,237.188182,4.722255,8.65917023686540,176.3281,/T
2024-Sep-12 00:00,N,m,347.72796,-7.64666,0.586,6.739,328.044802,4.766993,8.66014303564729,175.4439,/T
2024-Sep-13 00:00,N,m,347.65738,-7.67682,0.590,6.742,58.899895,4.811546,8.66141905326425,174.5013,/T
2024-Sep-14 00:00,N,m,347.58695,-7.70682,0.594,6.746,149.753430,4.855892,8.66299746566186,173.5257,/T
2024-Sep-15 00:00,N,m,347.51670,-7.73665,0.598,6.749,240.605376,4.900008,8.66487732732236,172.5299,/T
2024-Sep-16 00:00,N,m,347.44666,-7.76630,0.602,6.753,331.455704,4.943872,8.66705767907108,171.5211,/T
2024-Sep-17 00:00,N,m,347.37686,-7.79575,0.606,6.756,62.304386,4.987463,8.66953747238399,170.5033,/T
2024-Sep-18 00:00,N,m,347.30734,-7.82499,0.609,6.759,153.151393,5.030760,8.67231567597129,169.4790,/T
2024-Sep-19 00:00,A,m,347.23813,-7.85400,0.613,6.761,243.996698,5.073743,8.67539138857538,168.4501,/T
2024-Sep-20 00:00,A,m,347.16930,-7.88276,0.617,6.764,334.840274,5.116391,8.67876378892606,167.4175,/T
2024-Sep-21 00:00,A,,347.10087,-7.91126,0.620,6.767,65.682092,5.158684,8.68243207585970,166.3821,/T
2024-Sep-22 00:00,A,,347.03289,-7.93947,0.624,6.769,156.522121,5.200602,8.68639549593570,165.3446,/T
2024-Sep-23 00:00,A,,346.96539,-7.96739,0.628,6.772,247.360333,5.242122,8.69065319010815,164.3052,/T
2024-Sep-24 00:00,A,,346.89839,-7.99501,0.631,6.775,338.196698,5.283223,8.69520432017503,163.2644,/T
2024-Sep-25 00:00,A,,346.83194,-8.02232,0.635,6.777,69.031186,5.323884,8.70004786590201,162.2225,/T
2024-Sep-26 00:00,A,,346.76606,-8.04930,0.639,6.779,159.863766,5.364083,8.70518257118136,161.1797,/T
2024-Sep-27 00:00,A,,346.70078,-8.07594,0.643,6.782,250.694410,5.403797,8.71060697891861,160.1361,/T
2024-Sep-28 00:00,A,,346.63613,-8.10224,0.646,6.784,341.523091,5.443006,8.71631943321380,159.0919,/T
2024-Sep-29 00:00,A,,346.57216,-8.12816,0.650,6.787,72.349782,5.481688,8.72231805327143,158.0473,/T
2024-Sep-30 00:00,A,,346.50891,-8.15370,0.654,6.789,163.174458,5.519822,8.72860079534904,157.0024,/T
2024-Oct-01 00:00,A,,346.44640,-8.17885,0.658,6.791,253.997095,5.557386,8.73516535285601,155.9574,/T
2024-Oct-02 00:00,A,,346.38468,-8.20358,0.662,6.794,344.817673,5.594360,8.74200930377132,154.9122,/T
2024-Oct-03 00:00,A,,346.32378,-8.22788,0.667,6.796,75.636170,5.630724,8.74913015647095,153.8671,/T
2024-Oct-04 00:00,A,,346.26375,-8.25174,0.671,6.798,166.452566,5.666458,8.75652523463012,152.8221,/T
2024-Oct-05 00:00,A,,346.20463,-8.27514,0.675,6.801,257.266845,5.701543,8.76419177434382,151.7772,/T
2024-Oct-06 00:00,A,,346.14644,-8.29808,0.679,6.803,348.078988,5.735959,8.77212686138513,150.7326,/T
2024-Oct-07 00:00,,m,346.08921,-8.32053,0.684,6.805,78.888981,5.769690,8.78032750530287,149.6883,/T
2024-Oct-08 00:00,,m,346.03299,-8.34249,0.688,6.807,169.696808,5.802716,8.78879066891945,148.6444,/T
2024-Oct-09 00:00,,m,345.97780,-8.36394,0.692,6.809,260.502456,5.835022,8.79751319004234,147.6010,/T
2024-Oct-10 00:00,,m,345.92366,-8.38489,0.697,6.812,351.305912,5.866590,8.80649173177285,146.5580,/T
2024-Oct-11 00:00,,m,345.87059,-8.40532,0.701,6.814,82.107165,5.897405,8.81572293508549,145.5157,/T
2024-Oct-12 00:00,,m,345.81863,-8.42522,0.706,6.816,172.906204,5.927453,8.82520327990870,144.4739,/T
2024-Oct-13 00:00,,m,345.76778,-8.44459,0.710,6.818,263.703023,5.956719,8.83492919477621,143.4327,/T
2024-Oct-14 00:00,,m,345.71808,-8.46341,0.715,6.820,354.497611,5.985190,8.84489697197655,142.3923,/T
2024-Oct-15 00:00,,m,345.66954,-8.48169,0.720,6.822,85.289966,6.012854,8.85510281812186,141.3525,/T
2024-Oct-16 00:00,,m,345.62219,-8.49941,0.724,6.824,176.080082,6.039699,8.86554301419370,140.3134,/T
2024-Oct-17 00:00,,m,345.57607,-8.51655,0.729,6.826,266.867955,6.065715,8.87621392238433,139.2751,/T
2024-Oct-18 00:00,,m,345.53121,-8.53312,0.734,6.828,357.653582,6.090890,8.88711193100819,138.2375,/T
2024-Oct-19 00:00,,m,345.48764,-8.54908,0.738,6.830,88.436959,6.115214,8.89823352745339,137.2006,/T
2024-Oct-20 00:00,,m,345.44537,-8.56446,0.743,6.832,179.218084,6.138675,8.90957522422431,136.1645,/T
2024-Oct-21 00:00,,,345.40443,-8.57923,0.748,6.834,269.996953,6.161264,8.92113356296419,135.1292,/T
2024-Oct-22 00:00,,,345.36483,-8.59340,0.753,6.836,0.773562,6.182968,8.93290510062329,134.0946,/T
2024-Oct-23 00:00,,,345.32657,-8.60696,0.758,6.838,91.547908,6.203777,8.94488620334086,133.0608,/T
2024-Oct-24 00:00,,,345.28968,-8.61990,0.762,6.840,182.319989,6.223678,8.95707318082817,132.0278,/T
2024-Oct-25 00:00,,,345.25417,-8.63223,0.767,6.841,273.089804,6.242663,8.96946223787831,130.9956,/T
2024-Oct-26 00:00,,,345.22005,-8.64393,0.772,6.843,3.857351,6.260719,8.98204946623000,129.9643,/T
2024-Oct-27 00:00,,,345.18736,-8.65500,0.777,6.845,94.622629,6.277837,8.99483081505122,128.9339,/T
2024-Oct-28 00:00,,,345.15612,-8.66543,0.782,6.847,185.385641,6.294007,9.00780205554645,127.9045,/T
2024-Oct-29 00:00,,,345.12634,-8.67520,0.787,6.848,276.146389,6.309220,9.02095874793303,126.8760,/T
2024-Oct-30 00:00,,,345.09804,-8.68432,0.792,6.850,6.904878,6.323467,9.03429640955714,125.8485,/T
2024-Oct-31 00:00,,,345.07126,-8.69278,0.797,6.852,97.661111,6.336740,9.04781034484012,124.8220,/T
2024-Nov-01 00:00,,,345.04601,-8.70057,0.802,6.853,188.415098,6.349031,9.06149572813677,123.7966,/T
2024-Nov-02 00:00,,,345.02230,-8.70768,0.807,6.855,279.166847,6.360334,9.07534763591775,122.7723,/T
2024-Nov-03 00:00,,,345.00016,-8.71411,0.812,6.856,9.916369,6.370643,9.08936106282544,121.7491,/T
2024-Nov-04 00:00,,,344.97959,-8.71987,0.816,6.858,100.663676,6.379950,9.10353101716917,120.7271,/T
2024-Nov-05 00:00,,,344.96060,-8.72494,0.821,6.859,191.408781,6.388252,9.11785245712694,119.7063,/T
2024-Nov-06 00:00,,m,344.94321,-8.72933,0.826,6.861,282.151699,6.395544,9.13232025428391,118.6868,/T
2024-Nov-07 00:00,,m,344.92740,-8.73303,0.831,6.862,12.892445,6.401823,9.14692932718614,117.6684,/T
2024-Nov-08 00:00,,m,344.91320,-8.73605,0.836,6.864,103.631035,6.407084,9.16167463835513,116.6514,/T
2024-Nov-09 00:00,,m,344.90059,-8.73839,0.841,6.865,194.367488,6.411327,9.17655114222788,115.6357,/T
2024-Nov-10 00:00,,m,344.88957,-8.74004,0.846,6.866,285.101819,6.414549,9.19155387295544,114.6212,/T
2024-Nov-11 00:00,,m,344.88017,-8.74102,0.851,6.868,15.834048,6.416750,9.20667781485836,113.6081,/T
2024-Nov-12 00:00,,m,344.87237,-8.74130,0.856,6.869,106.564194,6.417929,9.22191808241198,112.5964,/T
2024-Nov-13 00:00,,m,344.86619,-8.74090,0.861,6.870,197.292275,6.418086,9.23726986986909,111.5860,/T
2024-Nov-14 00:00,,m,344.86165,-8.73980,0.866,6.871,288.018311,6.417223,9.25272839248691,110.5769,/T
2024-Nov-15 00:00,,m,344.85876,-8.73801,0.870,6.872,18.742320,6.415339,9.26828889712248,109.5691,/T
2024-Nov-16 00:00,,m,344.85751,-8.73553,0.875,6.873,109.464323,6.412436,9.28394671028965,108.5627,/T
2024-Nov-17 00:00,,m,344.85793,-8.73235,0.880,6.875,200.184338,6.408515,9.29969716467389,107.5575,/T
2024-Nov-18 00:00,,m,344.85999,-8.72849,0.885,6.876,290.902387,6.403575,9.31553568447714,106.5537,/T
2024-Nov-19 00:00,,m,344.86369,-8.72395,0.889,6.877,21.618488,6.397618,9.33145759155508,105.5511,/T
2024-Nov-20 00:00,,,344.86903,-8.71872,0.894,6.878,112.332661,6.390643,9.34745814484939,104.5498,/T
2024-Nov-21 00:00,,,344.87600,-8.71283,0.899,6.879,203.044929,6.382650,9.36353262313829,103.5497,/T
2024-Nov-22 00:00,,,344.88460,-8.70625,0.904,6.879,293.755313,6.373641,9.37967623351677,102.5509,/T
2024-Nov-23 00:00,,,344.89483,-8.69900,0.908,6.880,24.463833,6.363615,9.39588415153762,101.5534,/T
2024-Nov-24 00:00,,,344.90669,-8.69107,0.913,6.881,115.170515,6.352574,9.41215148479426,100.5572,/T
2024-Nov-25 00:00,,,344.92019,-8.68246,0.917,6.882,205.875380,6.340519,9.42847328078695,99.5622,/T
2024-Nov-26 00:00,,,344.93533,-8.67317,0.922,6.883,296.578453,6.327452,9.44484461302818,98.5686,/T
2024-Nov-27 00:00,,,344.95211,-8.66321,0.926,6.883,27.279759,6.313373,9.46126054050768,97.5763,/T
2024-Nov-28 00:00,,,344.97054,-8.65256,0.931,6.884,117.979323,6.298287,9.47771596272499,96.5853,/T
2024-Nov-29 00:00,,,344.99061,-8.64123,0.935,6.885,208.677169,6.282195,9.49420576811606,95.5956,/T
2024-Nov-30 00:00,,,345.01233,-8.62923,0.940,6.886,299.373327,6.265101,9.51072471491561,94.6074,/T
2024-Dec-01 00:00,,,345.03569,-8.61655,0.944,6.886,30.067823,6.247009,9.52726753840745,93.6205,/T
2024-Dec-02 00:00,,,345.06069,-8.60320,0.949,6.887,120.760686,6.227923,9.54382890768180,92.6350,/T
2024-Dec-03 00:00,,,345.08732,-8.58919,0.953,6.887,211.451948,6.207847,9.56040340160416,91.6509,/T
2024-Dec-04 00:00,,,345.11556,-8.57453,0.957,6.888,302.141641,6.186788,9.57698560949845,90.6683,/T
2024-Dec-05 00:00,,m,345.14540,-8.55921,0.961,6.888,32.829796,6.164752,9.59357023708337,89.6871,/T
2024-Dec-06 00:00,,m,345.17683,-8.54324,0.965,6.889,123.516447,6.141744,9.61015201362745,88.7074,/T
2024-Dec-07 00:00,,m,345.20983,-8.52664,0.970,6.889,214.201626,6.117771,9.62672579576185,87.7291,/T
2024-Dec-08 00:00,,m,345.24439,-8.50940,0.974,6.889,304.885370,6.092842,9.64328652240925,86.7524,/T
2024-Dec-09 00:00,,m,345.28050,-8.49153,0.978,6.890,35.567710,6.066964,9.65982926827126,85.7771,/T
2024-Dec-10 00:00,,m,345.31816,-8.47303,0.982,6.890,126.248681,6.040145,9.67634936280592,84.8033,/T
2024-Dec-11 00:00,,m,345.35735,-8.45390,0.986,6.890,216.928314,6.012393,9.69284223128621,83.8310,/T
2024-Dec-12 00:00,,m,345.39809,-8.43415,0.990,6.891,307.606642,5.983717,9.70930344005671,82.8602,/T
2024-Dec-13 00:00,,m,345.44036,-8.41377,0.993,6.891,38.283696,5.954125,9.72572870284676,81.8908,/T
2024-Dec-14 00:00,,m,345.48415,-8.39278,0.997,6.891,128.959507,5.923625,9.74211384173406,80.9229,/T
2024-Dec-15 00:00,,m,345.52945,-8.37118,1.001,6.891,219.634103,5.892225,9.75845473465059,79.9564,/T
2024-Dec-16 00:00,,m,345.57623,-8.34899,1.005,6.891,310.307515,5.859932,9.77474725719557,78.9913,/T
2024-Dec-17 00:00,,m,345.62449,-8.32620,1.008,6.891,40.979771,5.826755,9.79098712665611,78.0275,/T
2024-Dec-18 00:00,,m,345.67419,-8.30284,1.012,6.891,131.650902,5.792700,9.80717009826837,77.0651,/T
2024-Dec-19 00:00,,,345.72534,-8.27890,1.016,6.891,222.320938,5.757773,9.82329184256556,76.1040,/T
2024-Dec-20 00:00,,,345.77790,-8.25439,1.019,6.891,312.989908,5.721984,9.83934797313486,75.1443,/T
2024-Dec-21 00:00,,,345.83188,-8.22930,1.022,6.891,43.657846,5.685338,9.85533406606228,74.1858,/T
2024-Dec-22 00:00,,,345.88727,-8.20366,1.026,6.891,134.324783,5.647843,9.87124566418151,73.2287,/T
2024-Dec-23 00:00,,,345.94405,-8.17745,1.029,6.891,224.990751,5.609507,9.88707834979586,72.2729,/T
2024-Dec-24 00:00,,,346.00223,-8.15067,1.032,6.891,315.655784,5.570337,9.90282778601436,71.3183,/T
2024-Dec-25 00:00,,,346.06178,-8.12335,1.036,6.891,46.319913,5.530342,9.91848957916119,70.3651,/T
2024-Dec-26 00:00,,,346.12271,-8.09547,1.039,6.891,136.983172,5.489530,9.93405937246378,69.4132,/T
2024-Dec-27 00:00,,,346.18500,-8.06704,1.042,6.890,227.645594,5.447909,9.94953287321509,68.4625,/T
2024-Dec-28 00:00,,,346.24863,-8.03807,1.045,6.890,318.307213,5.405488,9.96490578620638,67.5132,/T
2024-Dec-29 00:00,,,346.31360,-8.00857,1.048,6.890,48.968061,5.362277,9.98017389229092,66.5652,/T
2024-Dec-30 00:00,,,346.37988,-7.97854,1.051,6.890,139.628172,5.318285,9.99533287955979,65.6185,/T
2024-Dec-31 00:00,,,346.44746,-7.94799,1.054,6.889,230.287579,5.273521,10.0103784286299,64.6731,/T
2025-Jan-01 00:00,,,346.51631,-7.91693,1.057,6.889,320.946319,5.227996,10.0253062673014,63.7291,/T
2025-Jan-02 00:00,,,346.58642,-7.88538,1.059,6.888,51.604424,5.181721,10.0401121412888,62.7864,/T
2025-Jan-03 00:00,,m,346.65775,-7.85334,1.062,6.888,142.261932,5.134707,10.0547917949670,61.8451,/T
2025-Jan-04 00:00,,m,346.73029,-7.82081,1.065,6.888,232.918878,5.086965,10.0693410999412,60.9051,/T
2025-Jan-05 00:00,,m,346.80403,-7.78780,1.067,6.887,323.575297,5.038508,10.0837560005521,59.9666,/T
2025-Jan-06 00:00,,m,346.87895,-7.75433,1.070,6.887,54.231226,4.989347,10.0980327137074,59.0294,/T
2025-Jan-07 00:00,,m,346.95504,-7.72038,1.072,6.886,144.886699,4.939495,10.1121676092434,58.0936,/T
2025-Jan-08 00:00,,m,347.03228,-7.68598,1.075,6.886,235.541751,4.888963,10.1261571871382,57.1591,/T
2025-Jan-09 00:00,,m,347.11068,-7.65112,1.077,6.885,326.196415,4.837764,10.1399981628649,56.2261,/T
2025-Jan-10 00:00,,m,347.19020,-7.61580,1.079,6.884,56.850722,4.785909,10.1536874304667,55.2943,/T
2025-Jan-11 00:00,,m,347.27083,-7.58005,1.082,6.884,147.504705,4.733409,10.1672220272242,54.3640,/T
2025-Jan-12 00:00,,m,347.35255,-7.54387,1.084,6.883,238.158393,4.680275,10.1805991114657,53.4349,/T
2025-Jan-13 00:00,,m,347.43532,-7.50727,1.086,6.882,328.811815,4.626517,10.1938158370626,52.5071,/T
2025-Jan-14 00:00,,m,347.51914,-7.47026,1.088,6.882,59.465000,4.572147,10.2068693971569,51.5805,/T
2025-Jan-15 00:00,,m,347.60396,-7.43286,1.090,6.881,150.117976,4.517174,10.2197570431530,50.6552,/T
2025-Jan-16 00:00,,m,347.68979,-7.39505,1.092,6.880,240.770770,4.461609,10.2324758874975,49.7311,/T
2025-Jan-17 00:00,,,347.77659,-7.35686,1.093,6.880,331.423410,4.405460,10.2450230008355,48.8082,/T
2025-Jan-18 00:00,,,347.86437,-7.31829,1.095,6.879,62.075925,4.348738,10.2573953296381,47.8864,/T
2025-Jan-19 00:00,,,347.95310,-7.27933,1.097,6.878,152.728345,4.291453,10.2695897953936,46.9658,/T
2025-Jan-20 00:00,,,348.04279,-7.24000,1.099,6.877,243.380698,4.233615,10.2816033368103,46.0464,/T
2025-Jan-21 00:00,,,348.13340,-7.20030,1.100,6.876,334.033015,4.175235,10.2934328674126,45.1281,/T
2025-Jan-22 00:00,,,348.22495,-7.16024,1.102,6.875,64.685325,4.116322,10.3050752561148,44.2109,/T
2025-Jan-23 00:00,,,348.31739,-7.11981,1.103,6.874,155.337661,4.056889,10.3165275032141,43.2949,/T
2025-Jan-24 00:00,,,348.41073,-7.07904,1.105,6.874,245.990051,3.996944,10.3277866240442,42.3799,/T
2025-Jan-25 00:00,,,348.50495,-7.03792,1.106,6.873,336.642527,3.936500,10.3388497318005,41.4661,/T
2025-Jan-26 00:00,,,348.60002,-6.99646,1.107,6.872,67.295118,3.875567,10.3497139665335,40.5533,/T
2025-Jan-27 00:00,,,348.69592,-6.95468,1.108,6.871,157.947856,3.814157,10.3603764783235,39.6417,/T
2025-Jan-28 00:00,,,348.79263,-6.91258,1.110,6.870,248.600771,3.752282,10.3708345655963,38.7312,/T
2025-Jan-29 00:00,,,348.89012,-6.87018,1.111,6.869,339.253893,3.689954,10.3810856111040,37.8218,/T
2025-Jan-30 00:00,,,348.98836,-6.82748,1.112,6.868,69.907252,3.627184,10.3911270357038,36.9136,/T
2025-Jan-31 00:00,,,349.08735,-6.78450,1.113,6.867,160.560877,3.563986,10.4009563603434,36.0065,/T
2025-Feb-01 00:00,,m,349.18704,-6.74123,1.114,6.866,251.214798,3.500374,10.4105712049043,35.1005,/T
2025-Feb-02 00:00,,m,349.28744,-6.69770,1.114,6.865,341.869044,3.436359,10.4199693107889,34.1957,/T
2025-Feb-03 00:00,,m,349.38853,-6.65389,1.115,6.864,72.523643,3.371956,10.4291486146631,33.2921,/T
2025-Feb-04 00:00,,m,349.49029,-6.60983,1.116,6.862,163.178624,3.307177,10.4381070660017,32.3897,/T
2025-Feb-05 00:00,,m,349.59272,-6.56550,1.117,6.861,253.834014,3.242036,10.4468428004954,31.4885,/T
2025-Feb-06 00:00,,m,349.69580,-6.52093,1.117,6.860,344.489838,3.176545,10.4553541035677,30.5885,/T
2025-Feb-07 00:00,,m,349.79951,-6.47613,1.118,6.859,75.146123,3.110717,10.4636393987446,29.6896,/T
2025-Feb-08 00:00,,m,349.90382,-6.43109,1.118,6.858,165.802895,3.044564,10.4716972165888,28.7919,/T
2025-Feb-09 00:00,,m,350.00871,-6.38584,1.119,6.857,256.460176,2.978097,10.4795261544164,27.8954,/T
2025-Feb-10 00:00,,m,350.11415,-6.34038,1.119,6.856,347.117990,2.911328,10.4871248376376,27.0000,/T
2025-Feb-11 00:00,,m,350.22011,-6.29473,1.119,6.854,77.776361,2.844267,10.4944920540309,26.1057,/T
2025-Feb-12 00:00,,m,350.32659,-6.24889,1.119,6.853,168.435310,2.776925,10.5016265730496,25.2126,/T
2025-Feb-13 00:00,,m,350.43355,-6.20286,1.120,6.852,259.094858,2.709313,10.5085271562475,24.3205,/T
2025-Feb-14 00:00,A,m,350.54099,-6.15666,1.120,6.851,349.755029,2.641441,10.5151925894959,23.4296,/T
2025-Feb-15 00:00,A,,350.64890,-6.11028,1.120,6.849,80.415842,2.573321,10.5216216236374,22.5398,/T
2025-Feb-16 00:00,A,,350.75725,-6.06374,1.120,6.848,171.077319,2.504961,10.5278130549164,21.6511,/T
2025-Feb-17 00:00,A,,350.86605,-6.01703,1.120,6.847,261.739481,2.436373,10.5337656123359,20.7635,/T
2025-Feb-18 00:00,A,,350.97528,-5.97017,1.120,6.846,352.402348,2.367568,10.5394779199420,19.8771,/T
2025-Feb-19 00:00,A,,351.08492,-5.92316,1.119,6.844,83.065944,2.298557,10.5449485976534,18.9918,/T
2025-Feb-20 00:00,A,,351.19496,-5.87600,1.119,6.843,173.730290,2.229349,10.5501762886675,18.1077,/T
2025-Feb-21 00:00,A,,351.30539,-5.82871,1.119,6.842,264.395408,2.159957,10.5551595879255,17.2249,/T
2025-Feb-22 00:00,A,,351.41618,-5.78129,1.118,6.841,355.061321,2.090392,10.5598971645468,16.3434,/T
2025-Feb-23 00:00,A,,351.52732,-5.73375,1.118,6.839,85.728052,2.020665,10.5643876343377,15.4632,/T
2025-Feb-24 00:00,A,,351.63879,-5.68611,1.118,6.838,176.395625,1.950787,10.5686297420008,14.5846,/T
2025-Feb-25 00:00,A,,351.75055,-5.63836,1.117,6.837,267.064063,1.880772,10.5726223393815,13.7077,/T
2025-Feb-26 00:00,A,,351.86258,-5.59053,1.116,6.835,357.733389,1.810629,10.5763643297661,12.8325,/T
2025-Feb-27 00:00,A,,351.97486,-5.54262,1.116,6.834,88.403624,1.740373,10.5798547126102,11.9594,/T
2025-Feb-28 00:00,A,,352.08737,-5.49464,1.115,6.833,179.074794,1.670017,10.5830926657555,11.0888,/T
2025-Mar-01 00:00,A,,352.20009,-5.44659,1.114,6.831,269.746919,1.599572,10.5860775273161,10.2209,/T
2025-Mar-02 00:00,A,m,352.31301,-5.39849,1.113,6.830,0.420020,1.529052,10.5888089025270,9.3565,/T
2025-Mar-03 00:00,A,m,352.42612,-5.35034,1.112,6.828,91.094118,1.458471,10.5912865254837,8.4962,/T
2025-Mar-04 00:00,A,m,352.53941,-5.30214,1.112,6.827,181.769230,1.387841,10.5935102512665,7.6414,/T
2025-Mar-05 00:00,A,m,352.65286,-5.25390,1.110,6.826,272.445374,1.317175,10.5954801434971,6.7937,/T
2025-Mar-06 00:00,A,m,352.76646,-5.20563,1.109,6.824,3.122567,1.246486,10.5971963051367,5.9559,/T
2025-Mar-07 00:00,A,m,352.88017,-5.15735,1.108,6.823,93.800824,1.175784,10.5986588901318,5.1324,/T
2025-Mar-08 00:00,A,m,352.99399,-5.10905,1.107,6.821,184.480162,1.105082,10.5998680326167,4.3309,/T
2025-Mar-09 00:00,A,m,353.10788,-5.06076,1.106,6.820,275.160594,1.034390,10.6008238559318,3.5658,/T
2025-Mar-10 00:00,A,m,353.22183,-5.01249,1.105,6.819,5.842138,0.963719,10.6015265419256,2.8658,/T
2025-Mar-11 00:00,A,m,353.33580,-4.96424,1.105,6.818,96.524806,0.893080,10.6019763302229,2.2904,/T
2025-Mar-12 00:00,A,m,353.44977,-4.91603,1.105,6.819,187.208613,0.822482,10.6021733716159,1.9524,/T
2025-Mar-13 00:00,A,m,353.56373,-4.86784,1.106,6.820,277.893576,0.751936,10.6021179027036,1.9766,/T
2025-Mar-14 00:00,A,m,353.67768,-4.81966,1.109,6.823,8.579707,0.681452,10.6018101467456,2.3513,/L
2025-Mar-15 00:00,N,m,353.79161,-4.77153,1.112,6.826,99.267021,0.611041,10.6012503983711,2.9451,/L
2025-Mar-16 00:00,N,,353.90552,-4.72345,1.116,6.830,189.955531,0.540711,10.6004389892788,3.6524,/L
2025-Mar-17 00:00,N,,354.01938,-4.67542,1.119,6.833,280.645252,0.470473,10.5993762110548,4.4187,/L
2025-Mar-18 00:00,N,,354.13318,-4.62745,1.123,6.837,11.336197,0.400337,10.5980623828903,5.2179,/L
2025-Mar-19 00:00,N,,354.24691,-4.57955,1.126,6.841,102.028380,0.330313,10.5964979074249,6.0368,/L
2025-Mar-20 00:00,N,,354.36054,-4.53171,1.130,6.845,192.721813,0.260412,10.5946831452208,6.8682,/L
2025-Mar-21 00:00,N,,354.47408,-4.48396,1.134,6.850,283.416509,0.190645,10.5926184451467,7.7079,/L
2025-Mar-22 00:00,N,,354.58748,-4.43630,1.138,6.854,14.112484,0.121021,10.5903041052202,8.5535,/L
2025-Mar-23 00:00,N,,354.70075,-4.38874,1.143,6.859,104.809749,0.051552,10.5877403693138,9.4032,/L
2025-Mar-24 00:00,N,,354.81385,-4.34128,1.150,6.867,195.508320,-0.017752,10.5849275827582,10.2560,/L
2025-Mar-25 00:00,N,,354.92677,-4.29394,1.151,6.869,286.208211,-0.086879,10.5818660381381,11.1111,/L
2025-Mar-26 00:00,N,,355.03947,-4.24672,1.153,6.871,16.909438,-0.155817,10.5785560651252,11.9680,/L
2025-Mar-27 00:00,N,,355.15195,-4.19964,1.154,6.873,107.612015,-0.224556,10.5749980995398,12.8262,/L
2025-Mar-28 00:00,N,,355.26417,-4.15271,1.156,6.876,198.315958,-0.293082,10.5711927333513,13.6855,/L
2025-Mar-29 00:00,N,,355.37614,-4.10592,1.157,6.878,289.021282,-0.361385,10.5671407407456,14.5456,/L
2025-Mar-30 00:00,N,,355.48783,-4.05929,1.158,6.880,19.728000,-0.429450,10.5628431275787,15.4064,/L
2025-Mar-31 00:00,N,m,355.59925,-4.01281,1.160,6.882,110.436126,-0.497266,10.5583010199926,16.2677,/L
2025-Apr-01 00:00,N,m,355.71037,-3.96650,1.161,6.884,201.145671,-0.564821,10.5535158605862,17.1294,/L
2025-Apr-02 00:00,N,m,355.82118,-3.92036,1.162,6.886,291.856645,-0.632103,10.5484892742490,17.9914,/L
2025-Apr-03 00:00,N,m,355.93165,-3.87441,1.163,6.889,22.569058,-0.699102,10.5432229939643,18.8536,/L
2025-Apr-04 00:00,N,m,356.04177,-3.82864,1.164,6.891,113.282916,-0.765805,10.5377188244576,19.7160,/L
2025-Apr-05 00:00,N,m,356.15151,-3.78309,1.165,6.893,203.998227,-0.832203,10.5319785463079,20.5785,/L
2025-Apr-06 00:00,N,m,356.26085,-3.73774,1.166,6.895,294.714996,-0.898287,10.5260039357024,21.4411,/L
2025-Apr-07 00:00,N,m,356.36976,-3.69262,1.167,6.897,25.433230,-0.964046,10.5197967610758,22.3038,/L
2025-Apr-08 00:00,N,m,356.47824,-3.64773,1.167,6.899,116.152935,-1.029471,10.5133586486164,23.1666,/L
2025-Apr-09 00:00,N,m,356.58627,-3.60307,1.168,6.901,206.874117,-1.094553,10.5066911471729,24.0295,/L
2025-Apr-10 00:00,N,m,356.69384,-3.55865,1.169,6.903,297.596784,-1.159284,10.4997958205119,24.8925,/L
2025-Apr-11 00:00,N,m,356.80093,-3.51448,1.169,6.905,28.320942,-1.223653,10.4926741764737,25.7555,/L
2025-Apr-12 00:00,N,m,356.90755,-3.47055,1.170,6.907,119.046598,-1.287652,10.4853277955221,26.6187,/L
2025-Apr-13 00:00,C,m,357.01367,-3.42687,1.170,6.909,209.773761,-1.351272,10.4777581843733,27.4820,/L
2025-Apr-14 00:00,C,,357.11929,-3.38346,1.171,6.911,300.502437,-1.414504,10.4699668726721,28.3455,/L
2025-Apr-15 00:00,C,,357.22440,-3.34030,1.171,6.913,31.232633,-1.477338,10.4619554790927,29.2091,/L
2025-Apr-16 00:00,C,,357.32897,-3.29742,1.172,6.915,121.964358,-1.539766,10.4537256720512,30.0729,/L
2025-Apr-17 00:00,C,,357.43300,-3.25481,1.172,6.917,212.697619,-1.601779,10.4452791057264,30.9370,/L
2025-Apr-18 00:00,C,,357.53646,-3.21249,1.172,6.919,303.432421,-1.663366,10.4366175149804,31.8012,/L
2025-Apr-19 00:00,C,,357.63934,-3.17046,1.172,6.921,34.168773,-1.724518,10.4277426170852,32.6658,/L
2025-Apr-20 00:00,C,,357.74161,-3.12873,1.172,6.923,124.906682,-1.785225,10.4186562482142,33.5306,/L
2025-Apr-21 00:00,C,,357.84326,-3.08731,1.172,6.925,215.646152,-1.845478,10.4093602516682,34.3957,/L
2025-Apr-22 00:00,C,,357.94427,-3.04621,1.172,6.926,306.387193,-1.905265,10.3998564008293,35.2611,/L
2025-Apr-23 00:00,C,,358.04461,-3.00544,1.172,6.928,37.129809,-1.964578,10.3901465170369,36.1268,/L
2025-Apr-24 00:00,C,,358.14427,-2.96500,1.172,6.930,127.874009,-2.023404,10.3802324561894,36.9930,/L
2025-Apr-25 00:00,C,,358.24324,-2.92491,1.171,6.932,218.619800,-2.081733,10.3701161491562,37.8594,/L
2025-Apr-26 00:00,C,,358.34151,-2.88517,1.171,6.934,309.367189,-2.139555,10.3597996530415,38.7263,/L
2025-Apr-27 00:00,C,,358.43906,-2.84578,1.171,6.935,40.116184,-2.196857,10.3492851344848,39.5935,/L
2025-Apr-28 00:00,C,m,358.53589,-2.80674,1.170,6.937,130.866791,-2.253629,10.3385749538951,40.4611,/L
2025-Apr-29 00:00,C,m,358.63199,-2.76807,1.170,6.939,221.619014,-2.309859,10.3276717731791,41.3290,/L
2025-Apr-30 00:00,C,m,358.72733,-2.72976,1.169,6.941,312.372859,-2.365539,10.3165783456100,42.1974,/L
2025-May-01 00:00,C,m,358.82190,-2.69184,1.168,6.942,43.128328,-2.420657,10.3052975904059,43.0660,/L
2025-May-02 00:00,C,m,358.91566,-2.65431,1.168,6.944,133.885422,-2.475204,10.2938324699986,43.9351,/L
2025-May-03 00:00,C,m,359.00859,-2.61718,1.167,6.945,224.644143,-2.529173,10.2821860139552,44.8045,/L
2025-May-04 00:00,C,m,359.10067,-2.58046,1.166,6.947,315.404491,-2.582554,10.2703613104998,45.6744,/L
2025-May-05 00:00,C,m,359.19189,-2.54415,1.165,6.949,46.166465,-2.635340,10.2583614121494,46.5446,/L
2025-May-06 00:00,C,m,359.28223,-2.50827,1.164,6.950,136.930065,-2.687522,10.2461892664271,47.4153,/L
2025-May-07 00:00,C,m,359.37169,-2.47281,1.159,6.948,227.695291,-2.739093,10.2338478559568,48.2864,/L
2025-May-08 00:00,C,m,359.46025,-2.43778,1.155,6.946,318.462140,-2.790045,10.2213400750198,49.1580,/L
2025-May-09 00:00,C,m,359.54791,-2.40319,1.152,6.945,49.230614,-2.840370,10.2086687647168,50.0301,/L
2025-May-10 00:00,*,m,359.63466,-2.36903,1.148,6.945,140.000710,-2.890062,10.1958366847596,50.9028,/L
2025-May-11 00:00,*,m,359.72049,-2.33531,1.146,6.945,230.772430,-2.939112,10.1828464688559,51.7760,/L
2025-May-12 00:00,*,m,359.80538,-2.30203,1.143,6.945,321.545774,-2.987513,10.1697008012488,52.6498,/L
2025-May-13 00:00,*,,359.88934,-2.26921,1.140,6.945,52.320743,-3.035257,10.1564023623219,53.5242,/L
2025-May-14 00:00,*,,359.97234,-2.23684,1.137,6.945,143.097338,-3.082336,10.1429538013783,54.3994,/L
2025-May-15 00:00,*,,0.05436,-2.20493,1.134,6.945,233.875561,-3.128744,10.1293577889329,55.2752,/L
2025-May-16 00:00,*,,0.13539,-2.17349,1.131,6.945,324.655413,-3.174471,10.1156170442801,56.1517,/L
2025-May-17 00:00,*,,0.21542,-2.14253,1.129,6.945,55.436896,-3.219510,10.1017343317535,57.0290,/L
2025-May-18 00:00,*,,0.29441,-2.11205,1.126,6.945,146.220010,-3.263852,10.0877125630981,57.9071,/L
2025-May-19 00:00,*,,0.37236,-2.08207,1.123,6.945,237.004759,-3.307489,10.0735546029164,58.7860,/L
2025-May-20 00:00,*,,0.44923,-2.05259,1.120,6.945,327.791141,-3.350412,10.0592634328835,59.6658,/L
2025-May-21 00:00,*,,0.52502,-2.02361,1.117,6.945,58.579160,-3.392613,10.0448421471947,60.5465,/L
2025-May-22 00:00,*,,0.59972,-1.99515,1.114,6.946,149.368814,-3.434082,10.0302939353967,61.4281,/L
2025-May-23 00:00,*,,0.67330,-1.96721,1.111,6.946,240.160103,-3.474809,10.0156220790332,62.3107,/L
2025-May-24 00:00,*,,0.74577,-1.93979,1.108,6.946,330.953027,-3.514787,10.0008299306117,63.1942,/L
2025-May-25 00:00,*,,0.81712,-1.91289,1.105,6.946,61.747584,-3.554005,9.98592090661775,64.0787,/L
2025-May-26 00:00,*,,0.88734,-1.88652,1.102,6.946,152.543773,-3.592454,9.97089863698405,64.9641,/L
2025-May-27 00:00,*,m,0.95642,-1.86069,1.098,6.946,243.341592,-3.630125,9.95576683578104,65.8506,/L
2025-May-28 00:00,*,m,1.02434,-1.83540,1.095,6.946,334.141036,-3.667012,9.94052927439464,66.7380,/L
2025-May-29 00:00,*,m,1.09107,-1.81066,1.092,6.946,64.942101,-3.703105,9.92518984386197,67.6263,/L
2025-May-30 00:00,*,m,1.15658,-1.78648,1.088,6.946,155.744782,-3.738399,9.90975244476360,68.5157,/L
2025-May-31 00:00,*,m,1.22087,-1.76287,1.085,6.946,246.549075,-3.772886,9.89422106810164,69.4060,/L
2025-Jun-01 00:00,*,m,1.28392,-1.73984,1.082,6.946,337.354972,-3.806561,9.87859967184298,70.2974,/L
2025-Jun-02 00:00,*,m,1.34570,-1.71738,1.078,6.946,68.162466,-3.839419,9.86289214496734,71.1897,/L
2025-Jun-03 00:00,*,m,1.40622,-1.69551,1.074,6.946,158.971552,-3.871453,9.84710238617462,72.0831,/L
2025-Jun-04 00:00,*,m,1.46547,-1.67422,1.071,6.945,249.782222,-3.902659,9.83123434350029,72.9774,/L
2025-Jun-05 00:00,*,m,1.52344,-1.65351,1.067,6.945,340.594470,-3.933031,9.81529190264469,73.8729,/L
2025-Jun-06 00:00,*,m,1.58012,-1.63339,1.064,6.945,71.408287,-3.962565,9.79927899227613,74.7694,/L
2025-Jun-07 00:00,*,m,1.63551,-1.61386,1.060,6.945,162.223665,-3.991255,9.78319943055236,75.6671,/L
2025-Jun-08 00:00,*,m,1.68961,-1.59492,1.056,6.945,253.040597,-4.019096,9.76705705148464,76.5659,/L
2025-Jun-09 00:00,*,m,1.74240,-1.57658,1.052,6.944,343.859074,-4.046083,9.75085568017231,77.4659,/L
2025-Jun-10 00:00,*,m,1.79387,-1.55883,1.048,6.944,74.679089,-4.072212,9.73459902165099,78.3670,/L
2025-Jun-11 00:00,*,,1.84402,-1.54168,1.044,6.944,165.500633,-4.097478,9.71829069528137,79.2694,/L
2025-Jun-12 00:00,*,,1.89283,-1.52515,1.040,6.943,256.323701,-4.121874,9.70193429610299,80.1730,/L
2025-Jun-13 00:00,*,,1.94029,-1.50922,1.036,6.943,347.148285,-4.145397,9.68553338932900,81.0780,/L
2025-Jun-14 00:00,*,,1.98637,-1.49392,1.032,6.943,77.974378,-4.168042,9.66909160306662,81.9842,/L
2025-Jun-15 00:00,*,,2.03107,-1.47923,1.028,6.942,168.801975,-4.189802,9.65261255989534,82.8919,/L
2025-Jun-16 00:00,*,,2.07437,-1.46518,1.024,6.942,259.631070,-4.210672,9.63609988123419,83.8009,/L
2025-Jun-17 00:00,*,,2.11626,-1.45177,1.020,6.941,350.461657,-4.230647,9.61955737944960,84.7113,/L
2025-Jun-18 00:00,*,,2.15673,-1.43899,1.016,6.941,81.293728,-4.249722,9.60298893722257,85.6233,/L
2025-Jun-19 00:00,*,,2.19577,-1.42685,1.011,6.940,172.127277,-4.267890,9.58639858535852,86.5366,/L
2025-Jun-20 00:00,*,,2.23337,-1.41536,1.007,6.940,262.962295,-4.285145,9.56979046900183,87.4516,/L
2025-Jun-21 00:00,*,,2.26953,-1.40450,1.003,6.939,353.798775,-4.301482,9.55316887584806,88.3680,/L
2025-Jun-22 00:00,*,,2.30426,-1.39430,0.998,6.938,84.636706,-4.316896,9.53653829101396,89.2860,/L
2025-Jun-23 00:00,*,,2.33753,-1.38473,0.994,6.938,175.476076,-4.331381,9.51990339094111,90.2055,/L
2025-Jun-24 00:00,*,,2.36934,-1.37582,0.989,6.937,266.316873,-4.344932,9.50326884988687,91.1266,/L
2025-Jun-25 00:00,*,m,2.39968,-1.36756,0.985,6.936,357.159081,-4.357547,9.48663945324192,92.0492,/L
2025-Jun-26 00:00,*,m,2.42853,-1.35996,0.980,6.935,88.002687,-4.369221,9.47001996492063,92.9734,/L
2025-Jun-27 00:00,*,m,2.45587,-1.35303,0.975,6.935,178.847674,-4.379953,9.45341513408922,93.8991,/L
2025-Jun-28 00:00,*,m,2.48169,-1.34677,0.971,6.934,269.694025,-4.389740,9.43682966495202,94.8263,/L
2025-Jun-29 00:00,*,m,2.50599,-1.34119,0.966,6.933,0.541724,-4.398581,9.42026810413257,95.7551,/L
2025-Jun-30 00:00,*,m,2.52875,-1.33627,0.961,6.932,91.390754,-4.406477,9.40373493816621,96.6854,/L
2025-Jul-01 00:00,*,m,2.55000,-1.33203,0.957,6.931,182.241100,-4.413425,9.38723465922615,97.6173,/L
2025-Jul-02 00:00,*,m,2.56971,-1.32846,0.952,6.930,273.092743,-4.419427,9.37077169322553,98.5506,/L
2025-Jul-03 00:00,*,m,2.58790,-1.32555,0.947,6.929,3.945667,-4.424482,9.35435042864344,99.4856,/L
2025-Jul-04 00:00,*,m,2.60457,-1.32331,0.942,6.928,94.799856,-4.428590,9.33797523944703,100.4221,/L
2025-Jul-05 00:00,*,m,2.61972,-1.32173,0.937,6.927,185.655291,-4.431752,9.32165045214457,101.3601,/L
2025-Jul-06 00:00,*,m,2.63334,-1.32081,0.933,6.926,276.511957,-4.433968,9.30538051018349,102.2998,/L
2025-Jul-07 00:00,*,m,2.64543,-1.32055,0.928,6.925,7.369833,-4.435238,9.28916977732774,103.2411,/L
2025-Jul-08 00:00,*,m,2.65600,-1.32096,0.923,6.924,98.228902,-4.435563,9.27302258463682,104.1840,/L
2025-Jul-09 00:00,*,m,2.66504,-1.32202,0.918,6.923,189.089145,-4.434945,9.25694324916187,105.1286,/L
2025-Jul-10 00:00,*,,2.67253,-1.32374,0.913,6.922,279.950543,-4.433382,9.24093606111497,106.0748,/L
2025-Jul-11 00:00,*,,2.67849,-1.32613,0.908,6.920,10.813076,-4.430877,9.22500525219141,107.0227,/L
2025-Jul-12 00:00,*,,2.68289,-1.32918,0.903,6.919,101.676726,-4.427431,9.20915501240656,107.9724,/L
2025-Jul-13 00:00,*,,2.68575,-1.33290,0.898,6.918,192.541474,-4.423043,9.19338938889968,108.9237,/L
2025-Jul-14 00:00,*,,2.68704,-1.33729,0.893,6.916,283.407301,-4.417716,9.17771249991485,109.8769,/L
2025-Jul-15 00:00,*,,2.68678,-1.34234,0.888,6.915,14.274188,-4.411449,9.16212850965915,110.8318,/L
2025-Jul-16 00:00,*,,2.68497,-1.34805,0.882,6.914,105.142116,-4.404243,9.14664160921973,111.7886,/L
2025-Jul-17 00:00,*,,2.68161,-1.35442,0.877,6.912,196.011067,-4.396101,9.13125610857371,112.7471,/L
2025-Jul-18 00:00,*,,2.67672,-1.36145,0.872,6.911,286.881021,-4.387023,9.11597639383917,113.7076,/L
2025-Jul-19 00:00,*,,2.67029,-1.36913,0.867,6.909,17.751955,-4.377010,9.10080702801068,114.6698,/L
2025-Jul-20 00:00,*,,2.66233,-1.37745,0.862,6.908,108.623849,-4.366065,9.08575275269785,115.6340,/L
2025-Jul-21 00:00,*,,2.65284,-1.38642,0.857,6.906,199.496678,-4.354191,9.07081837565612,116.6000,/L
2025-Jul-22 00:00,*,,2.64183,-1.39603,0.852,6.905,290.370417,-4.341392,9.05600877335859,117.5679,/L
2025-Jul-23 00:00,*,,2.62928,-1.40628,0.846,6.903,21.245040,-4.327671,9.04132895974301,118.5376,/L
2025-Jul-24 00:00,*,m,2.61519,-1.41718,0.841,6.901,112.120516,-4.313034,9.02678391948895,119.5091,/L
2025-Jul-25 00:00,*,m,2.59956,-1.42872,0.836,6.900,202.996817,-4.297488,9.01237867081733,120.4824,/L
2025-Jul-26 00:00,*,m,2.58240,-1.44089,0.831,6.898,293.873912,-4.281038,8.99811805315696,121.4576,/L
2025-Jul-27 00:00,*,m,2.56371,-1.45370,0.826,6.896,24.751769,-4.263693,8.98400676410710,122.4344,/L
2025-Jul-28 00:00,*,m,2.54351,-1.46714,0.820,6.895,115.630356,-4.245460,8.97004940245820,123.4131,/L
2025-Jul-29 00:00,*,m,2.52182,-1.48119,0.815,6.893,206.509642,-4.226349,8.95625040846610,124.3934,/L
2025-Jul-30 00:00,*,m,2.49866,-1.49585,0.810,6.891,297.389596,-4.206367,8.94261402691687,125.3754,/L
2025-Jul-31 00:00,*,m,2.47403,-1.51111,0.805,6.889,28.270186,-4.185526,8.92914441625711,126.3592,/L
2025-Aug-01 00:00,*,m,2.44796,-1.52696,0.800,6.887,119.151381,-4.163833,8.91584560630595,127.3446,/L
2025-Aug-02 00:00,*,m,2.42047,-1.54338,0.795,6.885,210.033152,-4.141300,8.90272162975676,128.3317,/L
2025-Aug-03 00:00,*,m,2.39156,-1.56039,0.789,6.883,300.915466,-4.117935,8.88977647790771,129.3204,/L
2025-Aug-04 00:00,*,m,2.36124,-1.57795,0.784,6.881,31.798292,-4.093749,8.87701400599211,130.3108,/L
2025-Aug-05 00:00,*,m,2.32954,-1.59608,0.779,6.879,122.681599,-4.068753,8.86443809103435,131.3029,/L
2025-Aug-06 00:00,*,m,2.29645,-1.61476,0.774,6.877,213.565357,-4.042958,8.85205257168032,132.2965,/L
2025-Aug-07 00:00,*,m,2.26199,-1.63398,0.769,6.875,304.449532,-4.016374,8.83986127423058,133.2919,/L
2025-Aug-08 00:00,*,m,2.22618,-1.65375,0.764,6.873,35.334093,-3.989011,8.82786799122760,134.2888,/L
2025-Aug-09 00:00,*,,2.18901,-1.67405,0.759,6.871,126.219007,-3.960882,8.81607644432881,135.2874,/L
2025-Aug-10 00:00,*,,2.15050,-1.69488,0.754,6.869,217.104242,-3.931996,8.80449031807614,136.2876,/L
2025-Aug-11 00:00,*,,2.11067,-1.71623,0.749,6.867,307.989763,-3.902365,8.79311337776264,137.2895,/L
2025-Aug-12 00:00,C,,2.06954,-1.73808,0.744,6.865,38.875538,-3.872000,8.78194927581942,138.2930,/L
2025-Aug-13 00:00,C,,2.02713,-1.76044,0.739,6.863,129.761533,-3.840913,8.77100167978994,139.2982,/L
2025-Aug-14 00:00,C,,1.98347,-1.78329,0.734,6.860,220.647712,-3.809115,8.76027423176091,140.3050,/L
2025-Aug-15 00:00,C,,1.93858,-1.80661,0.729,6.858,311.534042,-3.776618,8.74977061274273,141.3134,/L
2025-Aug-16 00:00,C,,1.89248,-1.83039,0.724,6.856,42.420486,-3.743435,8.73949459233877,142.3234,/L
2025-Aug-17 00:00,C,,1.84521,-1.85463,0.719,6.854,133.307007,-3.709581,8.72944993514100,143.3351,/L
2025-Aug-18 00:00,C,,1.79676,-1.87931,0.715,6.851,224.193569,-3.675069,8.71964037296601,144.3483,/L
2025-Aug-19 00:00,C,,1.74716,-1.90443,0.710,6.849,315.080133,-3.639914,8.71006971396579,145.3630,/L
2025-Aug-20 00:00,C,,1.69643,-1.92998,0.705,6.847,45.966659,-3.604133,8.70074174011162,146.3792,/L
2025-Aug-21 00:00,C,,1.64456,-1.95594,0.700,6.844,136.853107,-3.567743,8.69166018228165,147.3968,/L
2025-Aug-22 00:00,C,,1.59160,-1.98232,0.696,6.842,227.739435,-3.530762,8.68282870506272,148.4159,/L
2025-Aug-23 00:00,C,,1.53756,-2.00909,0.691,6.840,318.625600,-3.493208,8.67425078943548,149.4362,/L
2025-Aug-24 00:00,C,m,1.48247,-2.03623,0.687,6.837,49.511561,-3.455100,8.66592989466748,150.4578,/L
2025-Aug-25 00:00,C,m,1.42637,-2.06375,0.682,6.835,140.397274,-3.416457,8.65786932903908,151.4806,/L
2025-Aug-26 00:00,C,m,1.36929,-2.09161,0.678,6.832,231.282695,-3.377301,8.65007220472826,152.5046,/L
2025-Aug-27 00:00,C,m,1.31127,-2.11980,0.673,6.830,322.167780,-3.337650,8.64254144238793,153.5295,/L
2025-Aug-28 00:00,C,m,1.25234,-2.14830,0.669,6.827,53.052488,-3.297525,8.63527978650847,154.5554,/L
2025-Aug-29 00:00,C,m,1.19254,-2.17710,0.665,6.825,143.936776,-3.256947,8.62828977830143,155.5823,/L
2025-Aug-30 00:00,C,m,1.13190,-2.20618,0.660,6.822,234.820599,-3.215937,8.62157385130224,156.6099,/L
2025-Aug-31 00:00,N,m,1.07045,-2.23553,0.656,6.820,325.703918,-3.174516,8.61513415886796,157.6382,/L
2025-Sep-01 00:00,N,m,1.00822,-2.26514,0.652,6.817,56.586690,-3.132705,8.60897274387024,158.6670,/L
2025-Sep-02 00:00,N,m,0.94525,-2.29498,0.648,6.815,147.468878,-3.090524,8.60309157137717,159.6964,/L
2025-Sep-03 00:00,N,m,0.88156,-2.32505,0.644,6.812,238.350440,-3.047997,8.59749248986740,160.7260,/L
2025-Sep-04 00:00,N,m,0.81717,-2.35533,0.640,6.810,329.231337,-3.005142,8.59217727201948,161.7558,/L
2025-Sep-05 00:00,N,m,0.75212,-2.38580,0.636,6.807,60.111530,-2.961982,8.58714757615425,162.7855,/L
2025-Sep-06 00:00,N,m,0.68643,-2.41647,0.632,6.805,150.990982,-2.918538,8.58240499246913,163.8150,/L
2025-Sep-07 00:00,N,m,0.62014,-2.44731,0.629,6.802,241.869653,-2.874831,8.57795115951959,164.8439,/L
2025-Sep-08 00:00,N,m,0.55327,-2.47830,0.625,6.799,332.747505,-2.830880,8.57378768968640,165.8718,/L
2025-Sep-09 00:00,N,m,0.48586,-2.50943,0.621,6.797,63.624500,-2.786707,8.56991614529725,166.8983,/L
2025-Sep-10 00:00,N,,0.41796,-2.54069,0.618,6.794,154.500598,-2.742333,8.56633817702096,167.9227,/L
2025-Sep-11 00:00,N,,0.34961,-2.57204,0.614,6.791,245.375761,-2.697778,8.56305540735797,168.9441,/L
2025-Sep-12 00:00,N,,0.28084,-2.60349,0.610,6.789,336.249947,-2.653063,8.56006953346815,169.9613,/L
2025-Sep-13 00:00,N,,0.21169,-2.63500,0.607,6.786,67.123114,-2.608211,8.55738216373612,170.9726,/L
2025-Sep-14 00:00,N,,0.14220,-2.66656,0.603,6.783,157.995222,-2.563244,8.55499476850675,171.9752,/L
2025-Sep-15 00:00,N,,0.07240,-2.69817,0.600,6.780,248.866227,-2.518184,8.55290872604217,172.9650,/L
2025-Sep-16 00:00,N,,0.00230,-2.72981,0.596,6.777,339.736090,-2.473057,8.55112532714022,173.9353,/L
2025-Sep-17 00:00,N,,359.93195,-2.76146,0.593,6.774,70.604766,-2.427886,8.54964566065551,174.8742,/L
2025-Sep-18 00:00,N,,359.86138,-2.79311,0.590,6.771,161.472216,-2.382696,8.54847070110819,175.7604,/L
2025-Sep-19 00:00,A,,359.79063,-2.82475,0.587,6.768,252.338397,-2.337513,8.54760119511001,176.5520,/L
2025-Sep-20 00:00,A,,359.71973,-2.85634,0.584,6.766,343.203270,-2.292361,8.54703777628053,177.1680,/L
2025-Sep-21 00:00,A,,359.64872,-2.88789,0.583,6.765,74.066794,-2.247267,8.54678098198220,177.4753,/L
2025-Sep-22 00:00,A,,359.57766,-2.91935,0.584,6.766,164.928929,-2.202256,8.54683111435167,177.3629,/L
2025-Sep-23 00:00,A,,359.50659,-2.95072,0.587,6.768,255.789636,-2.157354,8.54718832699643,176.8753,/T
2025-Sep-24 00:00,A,,359.43556,-2.98197,0.590,6.771,346.648878,-2.112585,8.54785263258344,176.1522,/T
2025-Sep-25 00:00,A,,359.36460,-3.01309,0.594,6.775,77.506616,-2.067977,8.54882390837213,175.3008,/T
2025-Sep-26 00:00,A,m,359.29375,-3.04405,0.598,6.779,168.362814,-2.023552,8.55010190803760,174.3790,/T
2025-Sep-27 00:00,A,m,359.22307,-3.07484,0.602,6.782,259.217434,-1.979337,8.55168618974322,173.4161,/T
2025-Sep-28 00:00,A,m,359.15258,-3.10545,0.606,6.786,350.070442,-1.935355,8.55357606403944,172.4278,/T
2025-Sep-29 00:00,A,m,359.08232,-3.13585,0.610,6.790,80.921802,-1.891630,8.55577076821130,171.4227,/T
2025-Sep-30 00:00,A,m,359.01234,-3.16604,0.614,6.793,171.771482,-1.848188,8.55826929252404,170.4062,/T
2025-Oct-01 00:00,A,m,358.94266,-3.19599,0.619,6.796,262.619449,-1.805050,8.56107046333552,169.3814,/T
2025-Oct-02 00:00,A,m,358.87331,-3.22570,0.623,6.800,353.465673,-1.762239,8.56417291752832,168.3506,/T
2025-Oct-03 00:00,A,m,358.80434,-3.25515,0.627,6.803,84.310126,-1.719779,8.56757515174873,167.3153,/T
2025-Oct-04 00:00,A,m,358.73577,-3.28433,0.631,6.806,175.152780,-1.677691,8.57127562206709,166.2765,/T
2025-Oct-05 00:00,A,m,358.66765,-3.31322,0.635,6.810,265.993609,-1.635997,8.57527275955947,165.2350,/T
2025-Oct-06 00:00,A,m,358.59999,-3.34181,0.640,6.813,356.832587,-1.594716,8.57956488941923,164.1914,/T
2025-Oct-07 00:00,A,m,358.53286,-3.37008,0.644,6.816,87.669691,-1.553870,8.58415040780866,163.1459,/T
2025-Oct-08 00:00,,m,358.46629,-3.39801,0.649,6.819,178.504896,-1.513478,8.58902776582533,162.0991,/T
2025-Oct-09 00:00,,m,358.40032,-3.42558,0.653,6.823,269.338176,-1.473561,8.59419548992661,161.0512,/T
2025-Oct-10 00:00,,m,358.33499,-3.45278,0.658,6.826,0.169509,-1.434137,8.59965219950475,160.0023,/T
2025-Oct-11 00:00,,,358.27032,-3.47961,0.662,6.829,90.998867,-1.395227,8.60539642801674,158.9526,/T
2025-Oct-12 00:00,,,358.20636,-3.50604,0.667,6.832,181.826225,-1.356851,8.61142671029680,157.9024,/T
2025-Oct-13 00:00,,,358.14311,-3.53206,0.672,6.835,272.651557,-1.319031,8.61774151569132,156.8516,/T
2025-Oct-14 00:00,,,358.08061,-3.55768,0.677,6.838,3.474838,-1.281786,8.62433912926969,155.8005,/T
2025-Oct-15 00:00,,,358.01889,-3.58287,0.681,6.841,94.296042,-1.245138,8.63121759923623,154.7492,/T
2025-Oct-16 00:00,,,357.95798,-3.60762,0.686,6.844,185.115145,-1.209108,8.63837475554950,153.6976,/T
2025-Oct-17 00:00,,,357.89792,-3.63191,0.691,6.847,275.932126,-1.173717,8.64580816081324,152.6461,/T
2025-Oct-18 00:00,,,357.83875,-3.65574,0.696,6.850,6.746962,-1.138984,8.65351528398779,151.5946,/T
2025-Oct-19 00:00,,,357.78050,-3.67908,0.701,6.853,97.559634,-1.104931,8.66149332339709,150.5432,/T
2025-Oct-20 00:00,,,357.72322,-3.70193,0.706,6.856,188.370126,-1.071575,8.66973929858835,149.4920,/T
2025-Oct-21 00:00,,,357.66694,-3.72426,0.711,6.859,279.178421,-1.038938,8.67825011994689,148.4411,/T
2025-Oct-22 00:00,,,357.61169,-3.74606,0.716,6.862,9.984504,-1.007036,8.68702258023888,147.3906,/T
2025-Oct-23 00:00,,,357.55751,-3.76731,0.721,6.865,100.788361,-0.975889,8.69605337774962,146.3405,/T
2025-Oct-24 00:00,,,357.50442,-3.78802,0.727,6.867,191.589981,-0.945512,8.70533910802986,145.2910,/T
2025-Oct-25 00:00,,,357.45246,-3.80816,0.732,6.870,282.389353,-0.915924,8.71487621023099,144.2419,/T
2025-Oct-26 00:00,,m,357.40165,-3.82773,0.737,6.873,13.186466,-0.887139,8.72466111385779,143.1935,/T
2025-Oct-27 00:00,,m,357.35202,-3.84671,0.742,6.876,103.981314,-0.859173,8.73469020080459,142.1458,/T
2025-Oct-28 00:00,,m,357.30358,-3.86511,0.747,6.878,194.773886,-0.832041,8.74495970237831,141.0988,/T
2025-Oct-29 00:00,,m,357.25636,-3.88290,0.753,6.881,285.564178,-0.805757,8.75546579474902,140.0526,/T
2025-Oct-30 00:00,,m,357.21038,-3.90010,0.758,6.883,16.352183,-0.780332,8.76620448620470,139.0072,/T
2025-Oct-31 00:00,,m,357.16566,-3.91668,0.763,6.886,107.137899,-0.755780,8.77717173871075,137.9626,/T
2025-Nov-01 00:00,,m,357.12222,-3.93265,0.769,6.888,197.921322,-0.732113,8.78836343405306,136.9189,/T
2025-Nov-02 00:00,,m,357.08008,-3.94798,0.774,6.891,288.702451,-0.709340,8.79977533069353,135.8762,/T
2025-Nov-03 00:00,,m,357.03928,-3.96269,0.779,6.893,19.481288,-0.687473,8.81140313917045,134.8344,/T
2025-Nov-04 00:00,,m,356.99983,-3.97675,0.784,6.896,110.257834,-0.666519,8.82324267838831,133.7936,/T
2025-Nov-05 00:00,,m,356.96177,-3.99015,0.790,6.898,201.032093,-0.646489,8.83528979685043,132.7537,/T
2025-Nov-06 00:00,,m,356.92511,-4.00290,0.795,6.900,291.804065,-0.627391,8.84754050147410,131.7148,/T
2025-Nov-07 00:00,,m,356.88988,-4.01497,0.800,6.902,22.573756,-0.609233,8.85999081699372,130.6769,/T
2025-Nov-08 00:00,,m,356.85608,-4.02637,0.805,6.904,113.341166,-0.592025,8.87263682744066,129.6399,/T
2025-Nov-09 00:00,,,356.82373,-4.03711,0.811,6.906,204.106299,-0.575774,8.88547471170653,128.6040,/T
2025-Nov-10 00:00,,,356.79282,-4.04717,0.816,6.908,294.869157,-0.560489,8.89850058431681,127.5690,/T
2025-Nov-11 00:00,,,356.76337,-4.05655,0.821,6.910,25.629742,-0.546181,8.91171045071144,126.5351,/T
2025-Nov-12 00:00,,,356.73539,-4.06525,0.826,6.912,116.388059,-0.532857,8.92510021901032,125.5021,/T
2025-Nov-13 00:00,,,356.70890,-4.07327,0.831,6.914,207.144111,-0.520525,8.93866565496512,124.4703,/T
2025-Nov-14 00:00,,,356.68392,-4.08059,0.836,6.915,297.897903,-0.509195,8.95240242548833,123.4395,/T
2025-Nov-15 00:00,,,356.66046,-4.08721,0.841,6.917,28.649441,-0.498874,8.96630605584985,122.4098,/T
2025-Nov-16 00:00,,,356.63856,-4.09312,0.846,6.919,119.398732,-0.489568,8.98037179804003,121.3813,/T
2025-Nov-17 00:00,,,356.61822,-4.09832,0.851,6.920,210.145785,-0.481284,8.99459482924052,120.3540,/T
2025-Nov-18 00:00,,,356.59946,-4.10280,0.856,6.922,300.890612,-0.474029,9.00897016805889,119.3279,/T
2025-Nov-19 00:00,,,356.58231,-4.10656,0.861,6.923,31.633225,-0.467807,9.02349274555201,118.3030,/T
2025-Nov-20 00:00,,,356.56677,-4.10959,0.866,6.924,122.373636,-0.462623,9.03815739489183,117.2794,/T
2025-Nov-21 00:00,,,356.55284,-4.11190,0.871,6.925,213.111862,-0.458481,9.05295885498952,116.2571,/T
2025-Nov-22 00:00,,,356.54054,-4.11347,0.876,6.926,303.847920,-0.455384,9.06789183826228,115.2362,/T
2025-Nov-23 00:00,,,356.52988,-4.11431,0.880,6.927,34.581828,-0.453336,9.08295113595686,114.2167,/T
2025-Nov-24 00:00,,,356.52084,-4.11443,0.885,6.928,125.313603,-0.452337,9.09813145158289,113.1985,/T
2025-Nov-25 00:00,,m,356.51344,-4.11382,0.889,6.929,216.043266,-0.452390,9.11342751865453,112.1818,/T
2025-Nov-26 00:00,,m,356.50767,-4.11248,0.894,6.930,306.770838,-0.453494,9.12883408753915,111.1665,/T
2025-Nov-27 00:00,,m,356.50353,-4.11042,0.898,6.931,37.496340,-0.455650,9.14434594436147,110.1527,/T
2025-Nov-28 00:00,,m,356.50102,-4.10763,0.903,6.931,128.219793,-0.458858,9.15995798088263,109.1403,/T
2025-Nov-29 00:00,,m,356.50016,-4.10412,0.907,6.932,218.941220,-0.463115,9.17566505725407,108.1295,/T
2025-Nov-30 00:00,,m,356.50093,-4.09989,0.911,6.932,309.660643,-0.468419,9.19146204616370,107.1202,/T
2025-Dec-01 00:00,,m,356.50336,-4.09493,0.915,6.933,40.378086,-0.474769,9.20734391517218,106.1124,/T
2025-Dec-02 00:00,,m,356.50744,-4.08925,0.919,6.933,131.093571,-0.482162,9.22330568682901,105.1061,/T
2025-Dec-03 00:00,,m,356.51318,-4.08284,0.923,6.933,221.807124,-0.490593,9.23934242297246,104.1014,/T
2025-Dec-04 00:00,,m,356.52059,-4.07571,0.927,6.933,312.518768,-0.500060,9.25544928635160,103.0982,/T
2025-Dec-05 00:00,,m,356.52967,-4.06786,0.931,6.933,43.228526,-0.510560,9.27162143836631,102.0964,/T
2025-Dec-06 00:00,,m,356.54039,-4.05929,0.935,6.933,133.936424,-0.522089,9.28785422259050,101.0961,/T
2025-Dec-07 00:00,,m,356.55276,-4.05001,0.938,6.933,224.642484,-0.534644,9.30414299589826,100.0973,/T
2025-Dec-08 00:00,,,356.56675,-4.04003,0.942,6.933,315.346729,-0.548224,9.32048307402332,99.0999,/T
2025-Dec-09 00:00,,,356.58236,-4.02935,0.945,6.932,46.049185,-0.562825,9.33686973332818,98.1040,/T
2025-Dec-10 00:00,,,356.59959,-4.01798,0.949,6.932,136.749876,-0.578445,9.35329820911288,97.1095,/T
2025-Dec-11 00:00,,,356.61843,-4.00591,0.952,6.932,227.448826,-0.595081,9.36976368620330,96.1164,/T
2025-Dec-12 00:00,,,356.63889,-3.99315,0.956,6.931,318.146061,-0.612731,9.38626135505679,95.1248,/T
2025-Dec-13 00:00,,,356.66097,-3.97968,0.959,6.930,48.841607,-0.631391,9.40278626828422,94.1346,/T
2025-Dec-14 00:00,,,356.68468,-3.96552,0.962,6.930,139.535490,-0.651056,9.41933346907425,93.1458,/T
2025-Dec-15 00:00,,,356.71000,-3.95067,0.965,6.929,230.227739,-0.671724,9.43589802841338,92.1586,/T
2025-Dec-16 00:00,,,356.73695,-3.93513,0.968,6.928,320.918379,-0.693388,9.45247493063905,91.1728,/T
2025-Dec-17 00:00,,,356.76551,-3.91889,0.971,6.927,51.607440,-0.716044,9.46905912978743,90.1885,/T
2025-Dec-18 00:00,,,356.79568,-3.90197,0.974,6.927,142.294951,-0.739686,9.48564545492342,89.2057,/T
2025-Dec-19 00:00,,,356.82746,-3.88437,0.977,6.926,232.980942,-0.764309,9.50222868654955,88.2244,/T
2025-Dec-20 00:00,,,356.86083,-3.86609,0.980,6.925,323.665444,-0.789905,9.51880362202683,87.2447,/T
2025-Dec-21 00:00,,,356.89578,-3.84715,0.982,6.923,54.348489,-0.816467,9.53536502623135,86.2665,/T
2025-Dec-22 00:00,,,356.93230,-3.82755,0.985,6.922,145.030110,-0.843988,9.55190760570392,85.2899,/T
2025-Dec-23 00:00,,,356.97037,-3.80730,0.987,6.921,235.710341,-0.872461,9.56842618454357,84.3148,/T
2025-Dec-24 00:00,,m,357.00998,-3.78639,0.990,6.920,326.389217,-0.901876,9.58491560776100,83.3414,/T
2025-Dec-25 00:00,,m,357.05111,-3.76485,0.992,6.918,57.066772,-0.932225,9.60137088998017,82.3695,/T
2025-Dec-26 00:00,,m,357.09376,-3.74268,0.994,6.917,147.743041,-0.963498,9.61778711551259,81.3993,/T
2025-Dec-27 00:00,,m,357.13791,-3.71987,0.997,6.915,238.418060,-0.995686,9.63415944491114,80.4307,/T
2025-Dec-28 00:00,,m,357.18355,-3.69644,0.999,6.914,329.091861,-1.028778,9.65048322859252,79.4637,/T
2025-Dec-29 00:00,,m,357.23068,-3.67240,1.001,6.912,59.764481,-1.062765,9.66675400696179,78.4983,/T
2025-Dec-30 00:00,,m,357.27929,-3.64773,1.003,6.911,150.435953,-1.097636,9.68296743812810,77.5346,/T
2025-Dec-31 00:00,,m,357.32938,-3.62245,1.005,6.909,241.106308,-1.133380,9.69911935147166,76.5724,/T
2026-Jan-01 00:00,,m,357.38092,-3.59657,1.007,6.907,331.775579,-1.169988,9.71520565875863,75.6119,/T
2026-Jan-02 00:00,,m,357.43391,-3.57009,1.008,6.906,62.443798,-1.207448,9.73122239408183,74.6529,/T
2026-Jan-03 00:00,,m,357.48832,-3.54303,1.010,6.904,153.110994,-1.245752,9.74716571137215,73.6954,/T
2026-Jan-04 00:00,,m,357.54412,-3.51539,1.012,6.902,243.777197,-1.284889,9.76303165870899,72.7395,/T
2026-Jan-05 00:00,,m,357.60130,-3.48720,1.013,6.900,334.442438,-1.324852,9.77881626865963,71.7851,/T
2026-Jan-06 00:00,,,357.65984,-3.45844,1.015,6.898,65.106747,-1.365631,9.79451551293967,70.8321,/T
2026-Jan-07 00:00,,,357.71972,-3.42913,1.016,6.896,155.770153,-1.407217,9.81012532446121,69.8806,/T
2026-Jan-08 00:00,,,357.78094,-3.39927,1.018,6.894,246.432690,-1.449603,9.82564160050360,68.9305,/T
2026-Jan-09 00:00,,,357.84350,-3.36887,1.019,6.892,337.094387,-1.492778,9.84106018350788,67.9819,/T
2026-Jan-10 00:00,,,357.90739,-3.33793,1.020,6.890,67.755278,-1.536735,9.85637684666551,67.0346,/T
2026-Jan-11 00:00,,,357.97259,-3.30644,1.021,6.888,158.415394,-1.581463,9.87158749727682,66.0888,/T
2026-Jan-12 00:00,,,358.03909,-3.27443,1.022,6.885,249.074769,-1.626953,9.88668802143260,65.1444,/T
2026-Jan-13 00:00,,,358.10689,-3.24189,1.023,6.883,339.733435,-1.673195,9.90167435390256,64.2014,/T
2026-Jan-14 00:00,,,358.17597,-3.20883,1.024,6.881,70.391425,-1.720178,9.91654245856482,63.2598,/T
2026-Jan-15 00:00,,,358.24631,-3.17526,1.025,6.879,161.048771,-1.767892,9.93128831802942,62.3196,/T
2026-Jan-16 00:00,,,358.31790,-3.14118,1.026,6.876,251.705507,-1.816327,9.94590801023796,61.3809,/T
2026-Jan-17 00:00,,,358.39071,-3.10661,1.027,6.874,342.361665,-1.865470,9.96039763606130,60.4435,/T
2026-Jan-18 00:00,,,358.46472,-3.07155,1.027,6.871,73.017278,-1.915311,9.97475322181742,59.5076,/T
2026-Jan-19 00:00,,,358.53992,-3.03602,1.028,6.869,163.672379,-1.965838,9.98897082207113,58.5731,/T
2026-Jan-20 00:00,,,358.61629,-3.00003,1.028,6.866,254.327002,-2.017039,10.0030465213405,57.6401,/T
2026-Jan-21 00:00,,m,358.69380,-2.96358,1.029,6.864,344.981182,-2.068901,10.0169764270376,56.7085,/T
2026-Jan-22 00:00,,m,358.77243,-2.92668,1.029,6.861,75.634952,-2.121412,10.0307567685646,55.7784,/T
2026-Jan-23 00:00,,m,358.85219,-2.88934,1.029,6.858,166.288348,-2.174559,10.0443837726692,54.8497,/T
2026-Jan-24 00:00,,m,358.93304,-2.85157,1.030,6.856,256.941404,-2.228329,10.0578538650175,53.9225,/T
2026-Jan-25 00:00,,m,359.01497,-2.81336,1.030,6.853,347.594154,-2.282709,10.0711636719157,52.9968,/T
2026-Jan-26 00:00,,m,359.09799,-2.77474,1.030,6.850,78.246631,-2.337685,10.0843099816867,52.0725,/T
2026-Jan-27 00:00,,m,359.18206,-2.73570,1.030,6.848,168.898869,-2.393244,10.0972897393284,51.1497,/T
2026-Jan-28 00:00,,m,359.26717,-2.69625,1.030,6.845,259.550898,-2.449374,10.1101000933821,50.2283,/T
2026-Jan-29 00:00,,m,359.35331,-2.65641,1.030,6.842,350.202751,-2.506062,10.1227383335856,49.3084,/T
2026-Jan-30 00:00,,m,359.44044,-2.61618,1.029,6.839,80.854456,-2.563295,10.1352020039980,48.3899,/T
2026-Jan-31 00:00,,m,359.52854,-2.57557,1.029,6.836,171.506041,-2.621062,10.1474886840931,47.4728,/T
2026-Feb-01 00:00,,m,359.61758,-2.53460,1.029,6.833,262.157533,-2.679351,10.1595959802935,46.5571,/T
2026-Feb-02 00:00,,m,359.70754,-2.49328,1.028,6.830,352.808958,-2.738151,10.1715215473008,45.6427,/T
2026-Feb-03 00:00,,m,359.79840,-2.45162,1.028,6.827,83.460343,-2.797451,10.1832629738161,44.7296,/T
2026-Feb-04 00:00,,,359.89015,-2.40961,1.027,6.824,174.111713,-2.857241,10.1948177836830,43.8178,/T
2026-Feb-05 00:00,,,359.98279,-2.36727,1.027,6.821,264.763095,-2.917509,10.2061833828734,42.9072,/T
2026-Feb-06 00:00,,,0.07630,-2.32460,1.026,6.818,355.414515,-2.978246,10.2173570445021,41.9979,/T
2026-Feb-07 00:00,,,0.17067,-2.28160,1.025,6.815,86.066002,-3.039441,10.2283360478116,41.0899,/T
2026-Feb-08 00:00,,,0.26589,-2.23828,1.024,6.812,176.717584,-3.101082,10.2391177075750,40.1831,/T
2026-Feb-09 00:00,,,0.36195,-2.19465,1.023,6.809,267.369289,-3.163158,10.2496992750245,39.2774,/T
2026-Feb-10 00:00,,,0.45882,-2.15071,1.022,6.806,358.021145,-3.225659,10.2600780944053,38.3730,/T
2026-Feb-11 00:00,,,0.55650,-2.10647,1.021,6.803,88.673182,-3.288572,10.2702515075608,37.4698,/T
2026-Feb-12 00:00,,,0.65496,-2.06194,1.020,6.800,179.325428,-3.351886,10.2802169906849,36.5678,/T
2026-Feb-13 00:00,,,0.75418,-2.01713,1.019,6.796,269.977913,-3.415589,10.2899721127904,35.6669,/T
2026-Feb-14 00:00,A,,0.85413,-1.97206,1.018,6.793,0.630662,-3.479668,10.2995144630456,34.7673,/T
2026-Feb-15 00:00,A,,0.95480,-1.92672,1.017,6.790,91.283707,-3.544112,10.3088416872008,33.8688,/T
2026-Feb-16 00:00,A,,1.05617,-1.88113,1.015,6.787,181.937074,-3.608908,10.3179515865609,32.9715,/T
2026-Feb-17 00:00,A,,1.15820,-1.83530,1.014,6.783,272.590791,-3.674043,10.3268419994285,32.0755,/T
2026-Feb-18 00:00,A,,1.26088,-1.78925,1.012,6.780,3.244886,-3.739503,10.3355108794599,31.1806,/T
2026-Feb-19 00:00,A,m,1.36420,-1.74297,1.011,6.777,93.899384,-3.805276,10.3439561959835,30.2870,/T
2026-Feb-20 00:00,A,m,1.46814,-1.69647,1.009,6.773,184.554315,-3.871348,10.3521759759337,29.3947,/T
2026-Feb-21 00:00,A,m,1.57269,-1.64977,1.007,6.770,275.209704,-3.937706,10.3601684350856,28.5036,/T
2026-Feb-22 00:00,A,m,1.67784,-1.60286,1.006,6.767,5.865577,-4.004337,10.3679318629834,27.6137,/T
2026-Feb-23 00:00,A,m,1.78357,-1.55576,1.004,6.763,96.521960,-4.071226,10.3754646645816,26.7252,/T
2026-Feb-24 00:00,A,m,1.88987,-1.50847,1.002,6.760,187.178879,-4.138361,10.3827653960872,25.8379,/T
2026-Feb-25 00:00,A,m,1.99671,-1.46100,1.000,6.757,277.836359,-4.205730,10.3898327641366,24.9520,/T
2026-Feb-26 00:00,A,m,2.10407,-1.41336,0.998,6.753,8.494422,-4.273320,10.3966656468595,24.0673,/T
2026-Feb-27 00:00,A,m,2.21192,-1.36557,0.996,6.750,99.153092,-4.341119,10.4032630756690,23.1840,/T
2026-Feb-28 00:00,A,m,2.32024,-1.31763,0.994,6.746,189.812390,-4.409115,10.4096240619909,22.3020,/T
2026-Mar-01 00:00,A,m,2.42900,-1.26955,0.991,6.743,280.472337,-4.477297,10.4157477722355,21.4214,/T
2026-Mar-02 00:00,A,m,2.53818,-1.22135,0.989,6.739,11.132954,-4.545656,10.4216334025010,20.5421,/T
2026-Mar-03 00:00,A,m,2.64777,-1.17303,0.987,6.736,101.794259,-4.614179,10.4272801808818,19.6641,/T
2026-Mar-04 00:00,A,m,2.75776,-1.12460,0.984,6.732,192.456272,-4.682857,10.4326873175473,18.7876,/T
2026-Mar-05 00:00,A,,2.86813,-1.07606,0.982,6.729,283.119012,-4.751679,10.4378539524473,17.9124,/T
2026-Mar-06 00:00,A,,2.97888,-1.02741,0.979,6.725,13.782498,-4.820635,10.4427791905335,17.0387,/T
2026-Mar-07 00:00,A,,3.08999,-0.97866,0.976,6.721,104.446748,-4.889714,10.4474621665750,16.1666,/T
2026-Mar-08 00:00,A,,3.20146,-0.92981,0.974,6.718,195.111782,-4.958907,10.4519018803762,15.2961,/T
2026-Mar-09 00:00,A,,3.31327,-0.88088,0.971,6.714,285.777620,-5.028201,10.4560972832074,14.4274,/T
2026-Mar-10 00:00,A,,3.42540,-0.83187,0.968,6.710,16.444281,-5.097588,10.4600473178559,13.5606,/T
2026-Mar-11 00:00,A,,3.53784,-0.78279,0.965,6.706,107.111787,-5.167054,10.4637509143533,12.6959,/T
2026-Mar-12 00:00,A,,3.65056,-0.73364,0.962,6.702,197.780159,-5.236590,10.4672071101399,11.8337,/T
2026-Mar-13 00:00,A,,3.76354,-0.68444,0.959,6.699,288.449416,-5.306185,10.4704149165259,10.9743,/T
2026-Mar-14 00:00,A,,3.87677,-0.63520,0.955,6.695,19.119582,-5.375826,10.4733733893956,10.1182,/T
2026-Mar-15 00:00,N,,3.99021,-0.58592,0.952,6.690,109.790676,-5.445503,10.4760817091389,9.2661,/T
2026-Mar-16 00:00,N,,4.10386,-0.53662,0.948,6.686,200.462720,-5.515203,10.4785391639638,8.4191,/T
2026-Mar-17 00:00,N,,4.21768,-0.48730,0.944,6.682,291.135734,-5.584915,10.4807451111411,7.5785,/T
2026-Mar-18 00:00,N,,4.33166,-0.43798,0.940,6.677,21.809739,-5.654626,10.4826990619834,6.7466,/T
2026-Mar-19 00:00,N,,4.44579,-0.38866,0.935,6.672,112.484756,-5.724325,10.4844005819618,5.9266,/T
2026-Mar-20 00:00,N,m,4.56005,-0.33934,0.930,6.667,203.160805,-5.793998,10.4858494988203,5.1239,/T
2026-Mar-21 00:00,N,m,4.67444,-0.29004,0.925,6.662,293.837902,-5.863633,10.4870457953439,4.3478,/T
2026-Mar-22 00:00,N,m,4.78893,-0.24076,0.920,6.656,24.516066,-5.933217,10.4879895585919,3.6150,/T
2026-Mar-23 00:00,N,m,4.90352,-0.19150,0.915,6.651,115.195314,-6.002739,10.4886810096693,2.9571,/T
2026-Mar-24 00:00,N,m,5.01818,-0.14229,0.910,6.646,205.875662,-6.072186,10.4891204781176,2.4348,/T
2026-Mar-25 00:00,N,m,5.13289,-0.09312,0.907,6.643,296.557124,-6.141547,10.4893083730954,2.1488,/T
2026-Mar-26 00:00,N,m,5.24761,-0.04399,0.906,6.642,27.239715,-6.210811,10.4892451957169,2.1926,/T
2026-Mar-27 00:00,N,m,5.36233,0.00508,0.907,6.643,117.923448,-6.279967,10.4889313974352,2.5487,/L
2026-Mar-28 00:00,N,m,5.47705,0.05408,0.909,6.646,208.608339,-6.349007,10.4883674556847,3.1111,/L
2026-Mar-29 00:00,N,m,5.59172,0.10299,0.912,6.648,299.294399,-6.417919,10.4875539480595,3.7886,/L
2026-Mar-30 00:00,N,m,5.70635,0.15182,0.915,6.651,29.981642,-6.486695,10.4864914069269,4.5296,/L
2026-Mar-31 00:00,N,m,5.82091,0.20054,0.918,6.654,120.670080,-6.555324,10.4851804042197,5.3072,/L
2026-Apr-01 00:00,N,m,5.93539,0.24916,0.920,6.657,211.359727,-6.623799,10.4836214582637,6.1074,/L
2026-Apr-02 00:00,N,m,6.04978,0.29768,0.922,6.659,302.050595,-6.692110,10.4818151056982,6.9222,/L
2026-Apr-03 00:00,N,,6.16407,0.34609,0.924,6.661,32.742697,-6.760247,10.4797619472298,7.7468,/L
2026-Apr-04 00:00,N,,6.27825,0.39438,0.925,6.663,123.436045,-6.828202,10.4774625919920,8.5783,/L
2026-Apr-05 00:00,N,,6.39232,0.44256,0.927,6.665,214.130651,-6.895965,10.4749175820731,9.4147,/L
2026-Apr-06 00:00,N,,6.50624,0.49061,0.928,6.667,304.826526,-6.963527,10.4721275425828,10.2549,/L
2026-Apr-07 00:00,N,,6.62000,0.53852,0.929,6.668,35.523685,-7.030878,10.4690930538328,11.0980,/L
2026-Apr-08 00:00,N,,6.73360,0.58630,0.930,6.670,126.222138,-7.098007,10.4658147456139,11.9432,/L
2026-Apr-09 00:00,N,,6.84700,0.63393,0.931,6.672,216.921898,-7.164907,10.4622932034671,12.7901,/L
2026-Apr-10 00:00,N,,6.96018,0.68139,0.931,6.673,307.622977,-7.231565,10.4585289272223,13.6384,/L
2026-Apr-11 00:00,N,,7.07314,0.72869,0.932,6.674,38.325388,-7.297973,10.4545224643489,14.4878,/L
2026-Apr-12 00:00,N,,7.18584,0.77581,0.932,6.676,129.029146,-7.364121,10.4502744154802,15.3381,/L
2026-Apr-13 00:00,C,,7.29827,0.82275,0.933,6.677,219.734263,-7.429997,10.4457853921552,16.1892,/L
2026-Apr-14 00:00,C,,7.41042,0.86949,0.933,6.678,310.440753,-7.495592,10.4410560855014,17.0409,/L
2026-Apr-15 00:00,C,,7.52226,0.91604,0.933,6.679,41.148632,-7.560894,10.4360872603069,17.8931,/L
2026-Apr-16 00:00,C,,7.63378,0.96237,0.933,6.680,131.857912,-7.625894,10.4308798246860,18.7458,/L
2026-Apr-17 00:00,C,,7.74498,1.00850,0.933,6.682,222.568606,-7.690579,10.4254349453657,19.5989,/L
2026-Apr-18 00:00,C,m,7.85583,1.05441,0.933,6.683,313.280728,-7.754938,10.4197538744264,20.4523,/L
2026-Apr-19 00:00,C,m,7.96634,1.10010,0.933,6.684,43.994289,-7.818962,10.4138380957349,21.3059,/L
2026-Apr-20 00:00,C,m,8.07648,1.14556,0.933,6.685,134.709300,-7.882638,10.4076892990715,22.1598,/L
2026-Apr-21 00:00,C,m,8.18622,1.19078,0.933,6.686,225.425770,-7.945957,10.4013093649544,23.0139,/L
2026-Apr-22 00:00,C,m,8.29554,1.23576,0.933,6.687,316.143706,-8.008908,10.3947003012101,23.8681,/L
2026-Apr-23 00:00,C,m,8.40442,1.28048,0.933,6.688,46.863115,-8.071483,10.3878641505872,24.7225,/L
2026-Apr-24 00:00,C,m,8.51283,1.32492,0.932,6.689,137.584002,-8.133672,10.3808028782112,25.5770,/L
2026-Apr-25 00:00,C,m,8.62075,1.36909,0.932,6.690,228.306373,-8.195468,10.3735185076850,26.4317,/L
2026-Apr-26 00:00,C,m,8.72818,1.41298,0.931,6.691,319.030234,-8.256861,10.3660129525390,27.2865,/L
2026-Apr-27 00:00,C,m,8.83509,1.45658,0.931,6.692,49.755589,-8.317844,10.3582880416078,28.1414,/L
2026-Apr-28 00:00,C,m,8.94148,1.49989,0.930,6.693,140.482446,-8.378410,10.3503455449522,28.9965,/L
2026-Apr-29 00:00,C,m,9.04734,1.54290,0.930,6.694,231.210809,-8.438551,10.3421871551504,29.8518,/L
2026-Apr-30 00:00,C,m,9.15267,1.58561,0.929,6.695,321.940687,-8.498259,10.3338146129670,30.7072,/L
2026-May-01 00:00,C,m,9.25745,1.62802,0.928,6.696,52.672084,-8.557526,10.3252296626887,31.5629,/L
2026-May-02 00:00,C,,9.36166,1.67012,0.927,6.697,143.405009,-8.616345,10.3164339896506,32.4189,/L
2026-May-03 00:00,C,,9.46530,1.71191,0.926,6.698,234.139468,-8.674708,10.3074293171007,33.2751,/L
2026-May-04 00:00,C,,9.56835,1.75338,0.925,6.699,324.875469,-8.732607,10.2982174453856,34.1317,/L
2026-May-05 00:00,C,,9.67079,1.79452,0.924,6.700,55.613018,-8.790033,10.2888001924161,34.9885,/L
2026-May-06 00:00,C,,9.77260,1.83533,0.923,6.701,146.352122,-8.846979,10.2791794873401,35.8458,/L
2026-May-07 00:00,C,,9.87375,1.87580,0.922,6.702,237.092787,-8.903436,10.2693571981152,36.7034,/L
2026-May-08 00:00,C,,9.97424,1.91592,0.921,6.703,327.835021,-8.959395,10.2593352812747,37.5614,/L
2026-May-09 00:00,C,,10.07404,1.95568,0.920,6.704,58.578829,-9.014848,10.2491157606241,38.4199,/L
2026-May-10 00:00,*,,10.17313,1.99508,0.919,6.704,149.324217,-9.069785,10.2387006474741,39.2789,/L
2026-May-11 00:00,*,,10.27151,2.03410,0.917,6.705,240.071193,-9.124198,10.2280919211383,40.1383,/L
2026-May-12 00:00,*,,10.36914,2.07274,0.916,6.706,330.819761,-9.178078,10.2172915909234,40.9983,/L
2026-May-13 00:00,*,,10.46603,2.11099,0.914,6.707,61.569931,-9.231415,10.2063016702837,41.8587,/L
2026-May-14 00:00,*,,10.56215,2.14886,0.913,6.708,152.321708,-9.284200,10.1951243419134,42.7197,/L
2026-May-15 00:00,*,,10.65751,2.18632,0.911,6.708,243.075100,-9.336423,10.1837618596425,43.5813,/L
2026-May-16 00:00,*,,10.75209,2.22339,0.910,6.709,333.830113,-9.388076,10.1722165884844,44.4434,/L
2026-May-17 00:00,*,m,10.84587,2.26006,0.908,6.710,64.586754,-9.439148,10.1604911477173,45.3061,/L
2026-May-18 00:00,*,m,10.93884,2.29632,0.906,6.711,155.345028,-9.489632,10.1485883343051,46.1693,/L
2026-May-19 00:00,*,m,11.03097,2.33216,0.904,6.711,246.104939,-9.539517,10.1365111516814,47.0331,/L
2026-May-20 00:00,*,m,11.12222,2.36756,0.903,6.712,336.866489,-9.588797,10.1242627167085,47.8974,/L
2026-May-21 00:00,*,m,11.21259,2.40253,0.901,6.713,67.629679,-9.637464,10.1118461849805,48.7624,/L
2026-May-22 00:00,*,m,11.30203,2.43705,0.899,6.713,158.394509,-9.685510,10.0992647862740,49.6279,/L
2026-May-23 00:00,*,m,11.39055,2.47112,0.897,6.714,249.160980,-9.732930,10.0865218124689,50.4940,/L
2026-May-24 00:00,*,m,11.47812,2.50472,0.895,6.715,339.929091,-9.779716,10.0736204258335,51.3606,/L
2026-May-25 00:00,*,m,11.56475,2.53786,0.892,6.715,70.698839,-9.825862,10.0605637750684,52.2280,/L
2026-May-26 00:00,*,m,11.65042,2.57054,0.890,6.716,161.470225,-9.871362,10.0473548743569,53.0960,/L
2026-May-27 00:00,*,m,11.73512,2.60275,0.888,6.716,252.243246,-9.916210,10.0339967022117,53.9646,/L
2026-May-28 00:00,*,m,11.81886,2.63449,0.886,6.717,343.017904,-9.960400,10.0204921821208,54.8340,/L
2026-May-29 00:00,*,m,11.90161,2.66576,0.883,6.717,73.794196,-10.003926,10.0068441110874,55.7042,/L
2026-May-30 00:00,*,m,11.98337,2.69655,0.881,6.718,164.572125,-10.046782,9.99305522075414,56.5751,/L
2026-May-31 00:00,*,,12.06412,2.72686,0.878,6.718,255.351690,-10.088961,9.97912830033223,57.4469,/L
2026-Jun-01 00:00,*,,12.14384,2.75669,0.876,6.719,346.132893,-10.130458,9.96506611607819,58.3194,/L
2026-Jun-02 00:00,*,,12.22252,2.78601,0.873,6.719,76.915735,-10.171265,9.95087148615732,59.1929,/L
2026-Jun-03 00:00,*,,12.30014,2.81484,0.871,6.720,167.700219,-10.211377,9.93654723823170,60.0673,/L
2026-Jun-04 00:00,*,,12.37668,2.84316,0.868,6.720,258.486344,-10.250787,9.92209621223232,60.9427,/L
2026-Jun-05 00:00,*,,12.45212,2.87097,0.865,6.720,349.274113,-10.289488,9.90752142018812,61.8190,/L
2026-Jun-06 00:00,*,,12.52645,2.89826,0.862,6.721,80.063527,-10.327472,9.89282590617064,62.6964,/L
2026-Jun-07 00:00,*,,12.59964,2.92501,0.859,6.721,170.854587,-10.364734,9.87801277548260,63.5748,/L
2026-Jun-08 00:00,*,,12.67168,2.95124,0.856,6.721,261.647293,-10.401264,9.86308521009261,64.4544,/L
2026-Jun-09 00:00,*,,12.74257,2.97693,0.853,6.722,352.441646,-10.437056,9.84804647446088,65.3350,/L
2026-Jun-10 00:00,*,,12.81228,3.00207,0.850,6.722,83.237646,-10.472103,9.83289992123191,66.2168,/L
2026-Jun-11 00:00,*,,12.88082,3.02667,0.847,6.722,174.035290,-10.506396,9.81764901333779,67.0997,/L
2026-Jun-12 00:00,*,,12.94817,3.05072,0.844,6.722,264.834579,-10.539929,9.80229716704557,67.9839,/L
2026-Jun-13 00:00,*,,13.01433,3.07421,0.841,6.722,355.635512,-10.572693,9.78684796831971,68.8692,/L
2026-Jun-14 00:00,*,,13.07929,3.09716,0.838,6.723,86.438087,-10.604681,9.77130512424394,69.7558,/L
2026-Jun-15 00:00,*,m,13.14301,3.11954,0.834,6.723,177.242301,-10.635888,9.75567247630319,70.6435,/L
2026-Jun-16 00:00,*,m,13.20547,3.14135,0.831,6.723,268.048150,-10.666306,9.73995399064388,71.5325,/L
2026-Jun-17 00:00,*,m,13.26666,3.16258,0.828,6.723,358.855630,-10.695930,9.72415368198822,72.4226,/L
2026-Jun-18 00:00,*,m,13.32654,3.18323,0.824,6.723,89.664735,-10.724756,9.70827563034951,73.3140,/L
2026-Jun-19 00:00,*,m,13.38511,3.20328,0.821,6.723,180.475459,-10.752778,9.69232400532463,74.2066,/L
2026-Jun-20 00:00,*,m,13.44235,3.22274,0.817,6.723,271.287796,-10.779992,9.67630289786619,75.1004,/L
2026-Jun-21 00:00,*,m,13.49825,3.24159,0.813,6.723,2.101736,-10.806396,9.66021634726876,75.9954,/L
2026-Jun-22 00:00,*,m,13.55282,3.25985,0.810,6.723,92.917274,-10.831984,9.64406840049577,76.8917,/L
2026-Jun-23 00:00,*,m,13.60604,3.27751,0.806,6.723,183.734402,-10.856754,9.62786304773042,77.7893,/L
2026-Jun-24 00:00,*,m,13.65792,3.29457,0.802,6.723,274.553111,-10.880702,9.61160434336556,78.6882,/L
2026-Jun-25 00:00,*,m,13.70844,3.31103,0.799,6.722,5.373393,-10.903823,9.59529624046432,79.5884,/L
2026-Jun-26 00:00,*,m,13.75760,3.32689,0.795,6.722,96.195239,-10.926115,9.57894262987721,80.4899,/L
2026-Jun-27 00:00,*,m,13.80538,3.34214,0.791,6.722,187.018641,-10.947574,9.56254738968310,81.3928,/L
2026-Jun-28 00:00,*,m,13.85178,3.35678,0.787,6.722,277.843591,-10.968195,9.54611436093626,82.2971,/L
2026-Jun-29 00:00,*,,13.89678,3.37082,0.783,6.722,8.670079,-10.987976,9.52964728415372,83.2029,/L
2026-Jun-30 00:00,*,,13.94037,3.38423,0.779,6.721,99.498099,-11.006913,9.51314989113613,84.1101,/L
2026-Jul-01 00:00,*,,13.98254,3.39702,0.775,6.721,190.327643,-11.025001,9.49662581306229,85.0188,/L
2026-Jul-02 00:00,*,,14.02327,3.40919,0.771,6.721,281.158704,-11.042238,9.48007878066917,85.9290,/L
2026-Jul-03 00:00,*,,14.06254,3.42072,0.767,6.720,11.991275,-11.058620,9.46351257014349,86.8408,/L
2026-Jul-04 00:00,*,,14.10036,3.43162,0.762,6.720,102.825348,-11.074142,9.44693094761947,87.7542,/L
2026-Jul-05 00:00,*,,14.13670,3.44189,0.758,6.719,193.660916,-11.088802,9.43033776711206,88.6693,/L
2026-Jul-06 00:00,*,,14.17156,3.45151,0.754,6.719,284.497973,-11.102593,9.41373697681585,89.5860,/L
2026-Jul-07 00:00,*,,14.20493,3.46048,0.749,6.718,15.336510,-11.115514,9.39713264830536,90.5043,/L
2026-Jul-08 00:00,*,,14.23681,3.46882,0.745,6.718,106.176519,-11.127559,9.38052900536344,91.4244,/L
2026-Jul-09 00:00,*,,14.26720,3.47651,0.741,6.717,197.017989,-11.138724,9.36393033972955,92.3462,/L
2026-Jul-10 00:00,*,,14.29609,3.48356,0.736,6.717,287.860911,-11.149006,9.34734106474313,93.2698,/L
2026-Jul-11 00:00,*,,14.32347,3.48997,0.732,6.716,18.705273,-11.158400,9.33076582926918,94.1951,/L
2026-Jul-12 00:00,*,,14.34933,3.49572,0.727,6.715,109.551063,-11.166904,9.31420933558839,95.1223,/L
2026-Jul-13 00:00,*,,14.37365,3.50083,0.723,6.715,200.398264,-11.174514,9.29767641120686,96.0512,/L
2026-Jul-14 00:00,*,m,14.39643,3.50528,0.718,6.714,291.246862,-11.181228,9.28117187815826,96.9818,/L
2026-Jul-15 00:00,*,m,14.41764,3.50907,0.714,6.713,22.096840,-11.187047,9.26470057148642,97.9142,/L
2026-Jul-16 00:00,*,m,14.43726,3.51219,0.709,6.712,112.948181,-11.191968,9.24826734162142,98.8484,/L
2026-Jul-17 00:00,*,m,14.45531,3.51465,0.704,6.712,203.800865,-11.195992,9.23187696867936,99.7843,/L
2026-Jul-18 00:00,*,m,14.47177,3.51644,0.700,6.711,294.654875,-11.199120,9.21553406699235,100.7220,/L
2026-Jul-19 00:00,*,m,14.48665,3.51757,0.695,6.710,25.510191,-11.201354,9.19924323343194,101.6614,/L
2026-Jul-20 00:00,*,m,14.49997,3.51803,0.690,6.709,116.366797,-11.202694,9.18300896391879,102.6025,/L
2026-Jul-21 00:00,*,m,14.51171,3.51785,0.685,6.708,207.224671,-11.203142,9.16683574698154,103.5454,/L
2026-Jul-22 00:00,*,m,14.52188,3.51701,0.680,6.707,298.083796,-11.202699,9.15072803502481,104.4900,/L
2026-Jul-23 00:00,*,m,14.53049,3.51552,0.676,6.706,28.944153,-11.201368,9.13469018103691,105.4364,/L
2026-Jul-24 00:00,*,m,14.53753,3.51339,0.671,6.705,119.805722,-11.199149,9.11872659675772,106.3846,/L
2026-Jul-25 00:00,*,m,14.54300,3.51061,0.666,6.704,210.668483,-11.196044,9.10284171853065,107.3345,/L
2026-Jul-26 00:00,*,m,14.54689,3.50719,0.661,6.703,301.532416,-11.192055,9.08703995084930,108.2863,/L
2026-Jul-27 00:00,*,m,14.54921,3.50312,0.656,6.702,32.397500,-11.187184,9.07132567016749,109.2398,/L
2026-Jul-28 00:00,*,m,14.54994,3.49840,0.651,6.701,123.263714,-11.181433,9.05570320448915,110.1953,/L
2026-Jul-29 00:00,*,,14.54909,3.49304,0.646,6.699,214.131037,-11.174802,9.04017682220871,111.1525,/L
2026-Jul-30 00:00,*,,14.54666,3.48704,0.641,6.698,304.999446,-11.167296,9.02475083255424,112.1117,/L
2026-Jul-31 00:00,*,,14.54264,3.48038,0.636,6.697,35.868921,-11.158915,9.00942938277211,113.0727,/L
2026-Aug-01 00:00,*,,14.53704,3.47309,0.631,6.696,126.739439,-11.149662,8.99421661530856,114.0357,/L
2026-Aug-02 00:00,*,,14.52986,3.46515,0.626,6.694,217.610980,-11.139540,8.97911668835435,115.0005,/L
2026-Aug-03 00:00,*,,14.52110,3.45657,0.621,6.693,308.483523,-11.128550,8.96413381063660,115.9674,/L
2026-Aug-04 00:00,*,,14.51079,3.44736,0.616,6.692,39.357045,-11.116697,8.94927226961699,116.9362,/L
2026-Aug-05 00:00,*,,14.49891,3.43752,0.611,6.690,130.231524,-11.103982,8.93453642014972,117.9070,/L
2026-Aug-06 00:00,*,,14.48549,3.42706,0.606,6.689,221.106937,-11.090408,8.91993066368348,118.8797,/L
2026-Aug-07 00:00,*,,14.47053,3.41598,0.601,6.687,311.983260,-11.075980,8.90545961870987,119.8545,/L
2026-Aug-08 00:00,*,,14.45402,3.40428,0.596,6.686,42.860468,-11.060701,8.89112801116526,120.8313,/L
2026-Aug-09 00:00,*,,14.43598,3.39198,0.591,6.684,133.738533,-11.044576,8.87694065459067,121.8101,/L
2026-Aug-10 00:00,*,,14.41639,3.37906,0.586,6.683,224.617426,-11.027610,8.86290248175407,122.7908,/L
2026-Aug-11 00:00,*,,14.39525,3.36554,0.581,6.681,315.497116,-11.009809,8.84901843280132,123.7736,/L
2026-Aug-12 00:00,C,,14.37257,3.35140,0.576,6.679,46.377573,-10.991181,8.83529352854104,124.7583,/L
2026-Aug-13 00:00,C,m,14.34836,3.33666,0.571,6.678,137.258761,-10.971732,8.82173271438489,125.7449,/L
2026-Aug-14 00:00,C,m,14.32261,3.32133,0.565,6.676,228.140645,-10.951472,8.80834074082672,126.7333,/L
2026-Aug-15 00:00,C,m,14.29537,3.30540,0.560,6.674,319.023191,-10.930410,8.79512218460076,127.7237,/L
2026-Aug-16 00:00,C,m,14.26664,3.28889,0.555,6.673,49.906363,-10.908556,8.78208148601988,128.7159,/L
2026-Aug-17 00:00,C,m,14.23646,3.27182,0.550,6.671,140.790126,-10.885920,8.76922287019340,129.7098,/L
2026-Aug-18 00:00,C,m,14.20483,3.25419,0.545,6.669,231.674445,-10.862512,8.75655047433883,130.7056,/L
2026-Aug-19 00:00,C,m,14.17179,3.23601,0.540,6.667,322.559285,-10.838344,8.74406821724268,131.7031,/L
2026-Aug-20 00:00,C,m,14.13734,3.21730,0.535,6.665,53.444613,-10.813427,8.73177997759693,132.7023,/L
2026-Aug-21 00:00,C,m,14.10150,3.19806,0.530,6.663,144.330394,-10.787770,8.71968962467912,133.7033,/L
2026-Aug-22 00:00,C,m,14.06429,3.17829,0.525,6.662,235.216594,-10.761386,8.70780094737367,134.7060,/L
2026-Aug-23 00:00,C,m,14.02571,3.15801,0.520,6.660,326.103178,-10.734286,8.69611767591885,135.7104,/L
2026-Aug-24 00:00,C,m,13.98578,3.13722,0.516,6.658,56.990111,-10.706482,8.68464352078153,136.7164,/L
2026-Aug-25 00:00,C,m,13.94452,3.11594,0.511,6.656,147.877359,-10.677984,8.67338214838498,137.7242,/L
2026-Aug-26 00:00,C,m,13.90194,3.09416,0.506,6.654,238.764886,-10.648805,8.66233726949432,138.7336,/L
2026-Aug-27 00:00,C,m,13.85806,3.07190,0.501,6.652,329.652654,-10.618956,8.65151253075108,139.7446,/L
2026-Aug-28 00:00,C,m,13.81289,3.04916,0.496,6.649,60.540628,-10.588449,8.64091146880603,140.7573,/L
2026-Aug-29 00:00,C,m,13.76646,3.02595,0.491,6.647,151.428771,-10.557297,8.63053765466708,141.7716,/L
2026-Aug-30 00:00,C,,13.71879,3.00229,0.487,6.645,242.317046,-10.525512,8.62039457283731,142.7875,/L
2026-Aug-31 00:00,N,,13.66992,2.97818,0.482,6.643,333.205415,-10.493106,8.61048569642045,143.8050,/L
2026-Sep-01 00:00,N,,13.61986,2.95365,0.477,6.641,64.093840,-10.460092,8.60081443122744,144.8241,/L
2026-Sep-02 00:00,N,,13.56865,2.92869,0.472,6.639,154.982283,-10.426484,8.59138413609736,145.8447,/L
2026-Sep-03 00:00,N,,13.51632,2.90333,0.468,6.636,245.870707,-10.392296,8.58219821657741,146.8669,/L
2026-Sep-04 00:00,N,,13.46288,2.87757,0.463,6.634,336.759072,-10.357541,8.57326017181946,147.8906,/L
2026-Sep-05 00:00,N,,13.40836,2.85143,0.459,6.632,67.647337,-10.322236,8.56457343616762,148.9158,/L
2026-Sep-06 00:00,N,,13.35276,2.82492,0.454,6.630,158.535462,-10.286396,8.55614151237037,149.9424,/L
2026-Sep-07 00:00,N,,13.29612,2.79804,0.450,6.627,249.423405,-10.250037,8.54796787020082,150.9704,/L
2026-Sep-08 00:00,N,,13.23845,2.77081,0.445,6.625,340.311123,-10.213177,8.54005599823784,151.9996,/L
2026-Sep-09 00:00,N,,13.17977,2.74323,0.441,6.622,71.198572,-10.175835,8.53240936690271,153.0301,/L
2026-Sep-10 00:00,N,,13.12011,2.71532,0.437,6.620,162.085705,-10.138028,8.52503127515195,154.0617,/L
2026-Sep-11 00:00,N,,13.05951,2.68710,0.432,6.618,252.972477,-10.099778,8.51792488956017,155.0944,/L
2026-Sep-12 00:00,N,,12.99801,2.65858,0.428,6.615,343.858842,-10.061104,8.51109326982834,156.1279,/L
2026-Sep-13 00:00,N,,12.93565,2.62978,0.424,6.613,74.744752,-10.022026,8.50453926788721,157.1623,/L
2026-Sep-14 00:00,N,m,12.87247,2.60072,0.420,6.610,165.630162,-9.982565,8.49826552542444,158.1973,/L
2026-Sep-15 00:00,N,m,12.80851,2.57141,0.415,6.608,256.515023,-9.942742,8.49227444822797,159.2328,/L
2026-Sep-16 00:00,N,m,12.74380,2.54188,0.411,6.605,347.399292,-9.902578,8.48656816860284,160.2686,/L
2026-Sep-17 00:00,N,m,12.67838,2.51214,0.407,6.603,78.282922,-9.862095,8.48114873753307,161.3046,/L
2026-Sep-18 00:00,N,m,12.61228,2.48221,0.403,6.600,169.165871,-9.821313,8.47601797319421,162.3405,/L
2026-Sep-19 00:00,A,m,12.54554,2.45209,0.399,6.597,260.048094,-9.780254,8.47117753524453,163.3761,/L
2026-Sep-20 00:00,A,m,12.47819,2.42181,0.395,6.594,350.929549,-9.738938,8.46662895765705,164.4109,/L
2026-Sep-21 00:00,A,m,12.41025,2.39137,0.391,6.592,81.810194,-9.697389,8.46237368312808,165.4446,/L
2026-Sep-22 00:00,A,m,12.34177,2.36079,0.387,6.589,172.689989,-9.655625,8.45841308636289,166.4767,/L
2026-Sep-23 00:00,A,m,12.27276,2.33009,0.383,6.586,263.568892,-9.613670,8.45474849672671,167.5064,/L
2026-Sep-24 00:00,A,m,12.20328,2.29928,0.379,6.582,354.446862,-9.571544,8.45138106954823,168.5328,/L
2026-Sep-25 00:00,A,m,12.13335,2.26838,0.375,6.579,85.323859,-9.529267,8.44831198096663,169.5547,/L
2026-Sep-26 00:00,A,m,12.06301,2.23740,0.371,6.575,176.199844,-9.486862,8.44554239248749,170.5702,/L
2026-Sep-27 00:00,A,m,11.99230,2.20635,0.366,6.571,267.074776,-9.444348,8.44307342536240,171.5766,/L
2026-Sep-28 00:00,A,m,11.92127,2.17527,0.361,6.567,357.948614,-9.401747,8.44090620505805,172.5698,/L
2026-Sep-29 00:00,A,m,11.84996,2.14415,0.356,6.563,88.821319,-9.359078,8.43904178040896,173.5434,/L
2026-Sep-30 00:00,A,,11.77840,2.11304,0.351,6.558,179.692850,-9.316365,8.43748121104653,174.4864,/L
2026-Oct-01 00:00,A,,11.70665,2.08193,0.345,6.552,270.563164,-9.273627,8.43622555898940,175.3793,/L
2026-Oct-02 00:00,A,,11.63472,2.05085,0.339,6.547,1.432221,-9.230887,8.43527576155593,176.1863,/L
2026-Oct-03 00:00,A,,11.56266,2.01980,0.334,6.542,92.299978,-9.188168,8.43463262667137,176.8398,/L
2026-Oct-04 00:00,A,,11.49048,1.98881,0.331,6.539,183.166394,-9.145492,8.43429690773508,177.2283,/L
2026-Oct-05 00:00,A,,11.41823,1.95789,0.331,6.539,274.031428,-9.102884,8.43426919270819,177.2367,/L
2026-Oct-06 00:00,A,,11.34594,1.92705,0.335,6.543,4.895038,-9.060367,8.43455002298427,176.8612,/T
2026-Oct-07 00:00,A,,11.27365,1.89630,0.340,6.548,95.757183,-9.017966,8.43513970728253,176.2141,/T
2026-Oct-08 00:00,,,11.20140,1.86567,0.346,6.554,186.617821,-8.975706,8.43603837635258,175.4083,/T
2026-Oct-09 00:00,,,11.12924,1.83518,0.353,6.560,277.476914,-8.933612,8.43724603796935,174.5130,/T
2026-Oct-10 00:00,,,11.05721,1.80484,0.359,6.566,8.334422,-8.891709,8.43876253509786,173.5654,/T
2026-Oct-11 00:00,,,10.98537,1.77468,0.364,6.571,99.190305,-8.850021,8.44058749900131,172.5854,/T
2026-Oct-12 00:00,,,10.91376,1.74472,0.370,6.576,190.044527,-8.808573,8.44272040696777,171.5841,/T
2026-Oct-13 00:00,,,10.84242,1.71498,0.375,6.580,280.897050,-8.767389,8.44516051103360,170.5684,/T
2026-Oct-14 00:00,,,10.77139,1.68547,0.380,6.584,11.747838,-8.726493,8.44790697680657,169.5424,/T
2026-Oct-15 00:00,,m,10.70072,1.65621,0.384,6.588,102.596856,-8.685909,8.45095882483660,168.5089,/T
2026-Oct-16 00:00,,m,10.63043,1.62722,0.389,6.592,193.444070,-8.645660,8.45431481020748,167.4698,/T
2026-Oct-17 00:00,,m,10.56057,1.59850,0.393,6.595,284.289448,-8.605767,8.45797354703302,166.4264,/T
2026-Oct-18 00:00,,m,10.49117,1.57008,0.398,6.599,15.132957,-8.566254,8.46193345284956,165.3796,/T
2026-Oct-19 00:00,,m,10.42226,1.54197,0.402,6.602,105.974568,-8.527143,8.46619280882343,164.3302,/T
2026-Oct-20 00:00,,m,10.35389,1.51418,0.407,6.606,196.814253,-8.488454,8.47074975175573,163.2788,/T
2026-Oct-21 00:00,,m,10.28609,1.48672,0.411,6.609,287.651984,-8.450209,8.47560224327571,162.2258,/T
2026-Oct-22 00:00,,m,10.21888,1.45961,0.416,6.612,18.487737,-8.412429,8.48074813303443,161.1715,/T
2026-Oct-23 00:00,,m,10.15232,1.43287,0.420,6.615,109.321487,-8.375134,8.48618530839852,160.1161,/T
2026-Oct-24 00:00,,m,10.08644,1.40651,0.425,6.618,200.153212,-8.338343,8.49191154099669,159.0600,/T
2026-Oct-25 00:00,,m,10.02127,1.38054,0.429,6.621,290.982890,-8.302075,8.49792462875012,158.0032,/T
2026-Oct-26 00:00,,m,9.95686,1.35498,0.434,6.624,21.810500,-8.266349,8.50422234243193,156.9460,/T
2026-Oct-27 00:00,,m,9.89325,1.32985,0.438,6.627,112.636021,-8.231183,8.51080250425572,155.8885,/T
2026-Oct-28 00:00,,m,9.83047,1.30516,0.443,6.630,203.459432,-8.196595,8.51766304985895,154.8307,/T
2026-Oct-29 00:00,,m,9.76854,1.28093,0.448,6.632,294.280713,-8.162602,8.52480192371357,153.7727,/T
2026-Oct-30 00:00,,,9.70750,1.25716,0.452,6.635,25.099841,-8.129224,8.53221701075190,152.7147,/T
2026-Oct-31 00:00,,,9.64737,1.23386,0.457,6.638,115.916797,-8.096478,8.53990619252327,151.6567,/T
2026-Nov-01 00:00,,,9.58816,1.21105,0.462,6.641,206.731557,-8.064384,8.54786722375730,150.5988,/T
2026-Nov-02 00:00,,,9.52992,1.18873,0.467,6.643,297.544102,-8.032958,8.55609770628766,149.5410,/T
2026-Nov-03 00:00,,,9.47266,1.16691,0.471,6.646,28.354410,-8.002221,8.56459504214623,148.4834,/T
2026-Nov-04 00:00,,,9.41643,1.14560,0.476,6.648,119.162464,-7.972191,8.57335631474279,147.4261,/T
2026-Nov-05 00:00,,,9.36126,1.12483,0.481,6.651,209.968246,-7.942887,8.58237848758490,146.3692,/T
2026-Nov-06 00:00,,,9.30719,1.10461,0.486,6.653,300.771741,-7.914325,8.59165832893213,145.3127,/T
2026-Nov-07 00:00,,,9.25426,1.08495,0.491,6.656,31.572934,-7.886524,8.60119241304193,144.2568,/T
2026-Nov-08 00:00,,,9.20250,1.06586,0.496,6.658,122.371814,-7.859501,8.61097714157227,143.2014,/T
2026-Nov-09 00:00,,,9.15195,1.04736,0.501,6.661,213.168369,-7.833271,8.62100878328048,142.1467,/T
2026-Nov-10 00:00,,,9.10262,1.02946,0.505,6.663,303.962593,-7.807851,8.63128349196861,141.0926,/T
2026-Nov-11 00:00,,,9.05456,1.01217,0.510,6.665,34.754476,-7.783256,8.64179741525695,140.0394,/T
2026-Nov-12 00:00,,,9.00777,0.99550,0.515,6.667,125.544012,-7.759498,8.65254651018618,138.9870,/T
2026-Nov-13 00:00,,,8.96228,0.97946,0.520,6.669,216.331197,-7.736592,8.66352669319852,137.9354,/T
2026-Nov-14 00:00,,m,8.91812,0.96405,0.525,6.672,307.116026,-7.714551,8.67473384924260,136.8848,/T
2026-Nov-15 00:00,,m,8.87529,0.94927,0.530,6.674,37.898498,-7.693385,8.68616379673812,135.8352,/T
2026-Nov-16 00:00,,m,8.83382,0.93514,0.535,6.676,128.678610,-7.673106,8.69781230751335,134.7866,/T
2026-Nov-17 00:00,,m,8.79374,0.92166,0.540,6.678,219.456361,-7.653724,8.70967501874176,133.7391,/T
2026-Nov-18 00:00,,m,8.75505,0.90884,0.545,6.680,310.231753,-7.635250,8.72174744291489,132.6926,/T
2026-Nov-19 00:00,,m,8.71778,0.89668,0.550,6.681,41.004788,-7.617692,8.73402507757672,131.6474,/T
2026-Nov-20 00:00,,m,8.68195,0.88519,0.555,6.683,131.775468,-7.601059,8.74650334128413,130.6032,/T
2026-Nov-21 00:00,,m,8.64758,0.87438,0.560,6.685,222.543801,-7.585359,8.75917756215835,129.5603,/T
2026-Nov-22 00:00,,m,8.61470,0.86425,0.565,6.687,313.309792,-7.570599,8.77204311538936,128.5186,/T
2026-Nov-23 00:00,,m,8.58333,0.85481,0.570,6.688,44.073450,-7.556786,8.78509536423896,127.4781,/T
2026-Nov-24 00:00,,m,8.55349,0.84607,0.575,6.690,134.834782,-7.543925,8.79832985219507,126.4389,/T
2026-Nov-25 00:00,,m,8.52518,0.83803,0.579,6.691,225.593797,-7.532023,8.81174219641360,125.4009,/T
2026-Nov-26 00:00,,m,8.49842,0.83070,0.584,6.693,316.350503,-7.521086,8.82532805976774,124.3641,/T
2026-Nov-27 00:00,,m,8.47320,0.82408,0.589,6.694,47.104910,-7.511119,8.83908319251013,123.3286,/T
2026-Nov-28 00:00,,,8.44953,0.81816,0.594,6.695,137.857025,-7.502129,8.85300342551533,122.2943,/T
2026-Nov-29 00:00,,,8.42741,0.81294,0.599,6.697,228.606856,-7.494121,8.86708453229712,121.2613,/T
2026-Nov-30 00:00,,,8.40685,0.80843,0.603,6.698,319.354411,-7.487102,8.88132225896086,120.2295,/T
2026-Dec-01 00:00,,,8.38787,0.80463,0.608,6.699,50.099699,-7.481077,8.89571215371021,119.1990,/T
2026-Dec-02 00:00,,,8.37049,0.80154,0.613,6.700,140.842729,-7.476051,8.91024966496845,118.1699,/T
2026-Dec-03 00:00,,,8.35471,0.79918,0.618,6.701,231.583511,-7.472031,8.92493014484413,117.1420,/T
2026-Dec-04 00:00,,,8.34057,0.79755,0.622,6.702,322.322056,-7.469019,8.93974871192986,116.1155,/T
2026-Dec-05 00:00,,,8.32807,0.79664,0.627,6.703,53.058378,-7.467021,8.95470032541143,115.0904,/T
2026-Dec-06 00:00,,,8.31723,0.79648,0.631,6.704,143.792492,-7.466039,8.96977979528180,114.0667,/T
2026-Dec-07 00:00,,,8.30805,0.79705,0.636,6.705,234.524414,-7.466077,8.98498182954664,113.0444,/T
2026-Dec-08 00:00,,,8.30055,0.79836,0.640,6.706,325.254162,-7.467136,9.00030110440169,112.0236,/T
2026-Dec-09 00:00,,,8.29473,0.80042,0.645,6.706,55.981755,-7.469218,9.01573222319303,111.0044,/T
2026-Dec-10 00:00,,,8.29059,0.80321,0.649,6.707,146.707214,-7.472324,9.03126969009341,109.9867,/T
2026-Dec-11 00:00,,,8.28812,0.80673,0.653,6.707,237.430562,-7.476453,9.04690811105830,108.9705,/T
2026-Dec-12 00:00,,,8.28733,0.81100,0.658,6.708,328.151822,-7.481606,9.06264206537349,107.9559,/T
2026-Dec-13 00:00,,m,8.28821,0.81599,0.662,6.708,58.871016,-7.487780,9.07846620416342,106.9430,/T
2026-Dec-14 00:00,,m,8.29077,0.82171,0.666,6.709,149.588169,-7.494975,9.09437518296764,105.9317,/T
2026-Dec-15 00:00,,m,8.29499,0.82816,0.670,6.709,240.303306,-7.503186,9.11036367611656,104.9221,/T
2026-Dec-16 00:00,,m,8.30089,0.83533,0.674,6.709,331.016453,-7.512413,9.12642645854323,103.9141,/T
2026-Dec-17 00:00,,m,8.30847,0.84323,0.678,6.709,61.727635,-7.522650,9.14255839564383,102.9078,/T
2026-Dec-18 00:00,,m,8.31771,0.85185,0.682,6.709,152.436878,-7.533893,9.15875430231725,101.9032,/T
2026-Dec-19 00:00,,m,8.32864,0.86118,0.686,6.710,243.144208,-7.546139,9.17500905641943,100.9003,/T
2026-Dec-20 00:00,,m,8.34125,0.87124,0.690,6.710,333.849652,-7.559382,9.19131755235792,99.8992,/T
2026-Dec-21 00:00,,m,8.35553,0.88201,0.694,6.709,64.553239,-7.573616,9.20767475384907,98.8998,/T
2026-Dec-22 00:00,,m,8.37151,0.89350,0.698,6.709,155.254995,-7.588837,9.22407574693550,97.9020,/T
2026-Dec-23 00:00,,m,8.38915,0.90570,0.702,6.709,245.954947,-7.605039,9.24051561558118,96.9060,/T
2026-Dec-24 00:00,,m,8.40846,0.91860,0.705,6.709,336.653125,-7.622216,9.25698958290733,95.9116,/T
2026-Dec-25 00:00,,m,8.42941,0.93220,0.709,6.709,67.349555,-7.640364,9.27349300572004,94.9189,/T
2026-Dec-26 00:00,,m,8.45198,0.94649,0.712,6.708,158.044265,-7.659477,9.29002129461882,93.9279,/T
2026-Dec-27 00:00,,,8.47617,0.96146,0.716,6.708,248.737280,-7.679550,9.30656985770718,92.9384,/T
2026-Dec-28 00:00,,,8.50197,0.97711,0.719,6.707,339.428627,-7.700580,9.32313407367655,91.9506,/T
2026-Dec-29 00:00,,,8.52938,0.99343,0.722,6.707,70.118334,-7.722561,9.33970921651378,90.9644,/T
2026-Dec-30 00:00,,,8.55840,1.01043,0.726,6.706,160.806428,-7.745488,9.35629062706155,89.9798,/T
2026-Dec-31 00:00,,,8.58903,1.02810,0.729,6.705,251.492936,-7.769356,9.37287352925785,88.9968,/T
2027-Jan-01 00:00,,,8.62127,1.04645,0.732,6.705,342.177887,-7.794160,9.38945309079341,88.0154,/T
2027-Jan-02 00:00,,,8.65512,1.06546,0.735,6.704,72.861310,-7.819892,9.40602444977797,87.0356,/T
2027-Jan-03 00:00,,,8.69058,1.08515,0.738,6.703,163.543234,-7.846546,9.42258270585431,86.0574,/T
2027-Jan-04 00:00,,,8.72762,1.10549,0.741,6.702,254.223689,-7.874116,9.43912293922319,85.0809,/T
2027-Jan-05 00:00,,,8.76626,1.12650,0.744,6.701,344.902705,-7.902593,9.45564018044621,84.1060,/T
2027-Jan-06 00:00,,,8.80646,1.14815,0.747,6.700,75.580315,-7.931969,9.47212932241417,83.1328,/T
2027-Jan-07 00:00,,,8.84823,1.17044,0.749,6.699,166.256550,-7.962237,9.48858528730014,82.1613,/T
2027-Jan-08 00:00,,,8.89154,1.19336,0.752,6.698,256.931445,-7.993388,9.50500303059650,81.1915,/T
2027-Jan-09 00:00,,,8.93637,1.21691,0.755,6.697,347.605032,-8.025411,9.52137748744117,80.2233,/T
2027-Jan-10 00:00,,,8.98273,1.24108,0.757,6.696,78.277348,-8.058299,9.53770367974531,79.2569,/T
2027-Jan-11 00:00,,m,9.03059,1.26586,0.759,6.694,168.948427,-8.092041,9.55397663164294,78.2922,/T
2027-Jan-12 00:00,,m,9.07993,1.29124,0.762,6.693,259.618306,-8.126626,9.57019152141812,77.3292,/T
2027-Jan-13 00:00,,m,9.13076,1.31722,0.764,6.692,350.287019,-8.162044,9.58634367067841,76.3680,/T
2027-Jan-14 00:00,,m,9.18304,1.34379,0.766,6.690,80.954601,-8.198284,9.60242847764032,75.4085,/T
2027-Jan-15 00:00,,m,9.23679,1.37094,0.768,6.689,171.621089,-8.235335,9.61844143680438,74.4508,/T
2027-Jan-16 00:00,,m,9.29198,1.39867,0.770,6.687,262.286517,-8.273186,9.63437824659391,73.4948,/T
2027-Jan-17 00:00,,m,9.34861,1.42698,0.772,6.686,352.950921,-8.311824,9.65023470839130,72.5405,/T
2027-Jan-18 00:00,,m,9.40666,1.45585,0.774,6.684,83.614333,-8.351239,9.66600684687724,71.5880,/T
2027-Jan-19 00:00,,m,9.46613,1.48528,0.776,6.682,174.276786,-8.391417,9.68169074260383,70.6372,/T
2027-Jan-20 00:00,,m,9.52698,1.51526,0.778,6.681,264.938314,-8.432349,9.69728256941210,69.6881,/T
2027-Jan-21 00:00,,m,9.58920,1.54578,0.779,6.679,355.598947,-8.474022,9.71277865534039,68.7407,/T
2027-Jan-22 00:00,,m,9.65275,1.57683,0.781,6.677,86.258715,-8.516426,9.72817537731759,67.7949,/T
2027-Jan-23 00:00,,m,9.71763,1.60840,0.783,6.675,176.917651,-8.559550,9.74346910788953,66.8508,/T
2027-Jan-24 00:00,,m,9.78380,1.64047,0.784,6.673,267.575782,-8.603385,9.75865620173166,65.9083,/T
2027-Jan-25 00:00,,,9.85126,1.67304,0.785,6.671,358.233140,-8.647921,9.77373293195088,64.9674,/T
2027-Jan-26 00:00,,,9.92000,1.70611,0.787,6.669,88.889755,-8.693148,9.78869557176007,64.0280,/T
2027-Jan-27 00:00,,,9.99002,1.73967,0.788,6.667,179.545658,-8.739058,9.80354037581290,63.0902,/T
2027-Jan-28 00:00,,,10.06131,1.77372,0.789,6.665,270.200880,-8.785639,9.81826345824202,62.1539,/T
2027-Jan-29 00:00,,,10.13386,1.80826,0.790,6.663,0.855452,-8.832881,9.83286098856371,61.2191,/T
2027-Jan-30 00:00,,,10.20766,1.84327,0.791,6.661,91.509408,-8.880775,9.84732913508420,60.2859,/T
2027-Jan-31 00:00,,,10.28268,1.87876,0.792,6.658,182.162778,-8.929309,9.86166414364966,59.3541,/T
2027-Feb-01 00:00,,,10.35892,1.91471,0.793,6.656,272.815595,-8.978472,9.87586230673227,58.4238,/T
2027-Feb-02 00:00,,,10.43635,1.95111,0.794,6.654,3.467892,-9.028253,9.88991992347664,57.4950,/T
2027-Feb-03 00:00,,,10.51495,1.98796,0.794,6.652,94.119700,-9.078639,9.90383332673584,56.5678,/T
2027-Feb-04 00:00,,,10.59471,2.02524,0.795,6.649,184.771052,-9.129619,9.91759898089559,55.6420,/T
2027-Feb-05 00:00,,,10.67560,2.06295,0.795,6.647,275.421978,-9.181181,9.93121329256501,54.7177,/T
2027-Feb-06 00:00,,,10.75761,2.10108,0.796,6.644,6.072513,-9.233311,9.94467269917141,53.7950,/T
2027-Feb-07 00:00,,,10.84071,2.13961,0.796,6.642,96.722687,-9.285999,9.95797362307496,52.8737,/T
2027-Feb-08 00:00,,,10.92490,2.17853,0.797,6.639,187.372535,-9.339230,9.97111251537172,51.9540,/T
2027-Feb-09 00:00,,m,11.01015,2.21784,0.797,6.637,278.022089,-9.392993,9.98408596582460,51.0358,/T
2027-Feb-10 00:00,,m,11.09644,2.25753,0.797,6.634,8.671383,-9.447273,9.99689061015853,50.1192,/T
2027-Feb-11 00:00,,m,11.18378,2.29760,0.797,6.631,99.320450,-9.502059,10.0095231589745,49.2040,/T
2027-Feb-12 00:00,,m,11.27213,2.33802,0.797,6.629,189.969323,-9.557336,10.0219805032809,48.2904,/T
2027-Feb-13 00:00,,m,11.36149,2.37881,0.797,6.626,280.618035,-9.613092,10.0342597019369,47.3783,/T
2027-Feb-14 00:00,A,m,11.45185,2.41995,0.797,6.623,11.266618,-9.669314,10.0463579847156,46.4678,/T
2027-Feb-15 00:00,A,m,11.54317,2.46144,0.797,6.620,101.915103,-9.725987,10.0582727827939,45.5588,/T
2027-Feb-16 00:00,A,m,11.63545,2.50325,0.796,6.618,192.563520,-9.783100,10.0700016047662,44.6513,/T
2027-Feb-17 00:00,A,m,11.72865,2.54540,0.796,6.615,283.211899,-9.840639,10.0815422362917,43.7452,/T
2027-Feb-18 00:00,A,m,11.82274,2.58785,0.796,6.612,13.860267,-9.898592,10.0928926120455,42.8407,/T
2027-Feb-19 00:00,A,m,11.91771,2.63060,0.795,6.609,104.508650,-9.956948,10.1040507512875,41.9376,/T
2027-Feb-20 00:00,A,m,12.01352,2.67364,0.794,6.606,195.157074,-10.015694,10.1150147045526,41.0359,/T
2027-Feb-21 00:00,A,m,12.11016,2.71696,0.794,6.603,285.805562,-10.074820,10.1257825043543,40.1356,/T
2027-Feb-22 00:00,A,m,12.20762,2.76055,0.793,6.600,16.454140,-10.134315,10.1363521066707,39.2367,/T
2027-Feb-23 00:00,A,,12.30589,2.80440,0.792,6.597,107.102831,-10.194168,10.1467214352302,38.3392,/T
2027-Feb-24 00:00,A,,12.40497,2.84852,0.791,6.594,197.751661,-10.254369,10.1568882067597,37.4429,/T
2027-Feb-25 00:00,A,,12.50484,2.89290,0.790,6.591,288.400655,-10.314908,10.1668500656765,36.5480,/T
2027-Feb-26 00:00,A,,12.60550,2.93754,0.789,6.588,19.049838,-10.375774,10.1766046611584,35.6543,/T
2027-Feb-27 00:00,A,,12.70692,2.98242,0.788,6.585,109.699239,-10.436956,10.1861496168215,34.7619,/T
2027-Feb-28 00:00,A,,12.80909,3.02754,0.787,6.582,200.348884,-10.498442,10.1954826254898,33.8708,/T
2027-Mar-01 00:00,A,,12.91199,3.07290,0.786,6.579,290.998800,-10.560222,10.2046013784151,32.9809,/T
2027-Mar-02 00:00,A,,13.01560,3.11847,0.785,6.575,21.649014,-10.622284,10.2135036231946,32.0922,/T
2027-Mar-03 00:00,A,,13.11988,3.16425,0.783,6.572,112.299555,-10.684616,10.2221872555845,31.2048,/T
2027-Mar-04 00:00,A,,13.22484,3.21024,0.782,6.569,202.950448,-10.747206,10.2306502676357,30.3187,/T
2027-Mar-05 00:00,A,,13.33043,3.25641,0.780,6.566,293.601720,-10.810042,10.2388906734969,29.4338,/T
2027-Mar-06 00:00,A,,13.43664,3.30277,0.779,6.562,24.253398,-10.873112,10.2469066271432,28.5502,/T
2027-Mar-07 00:00,A,,13.54346,3.34930,0.777,6.559,114.905508,-10.936403,10.2546963025619,27.6678,/T
2027-Mar-08 00:00,A,,13.65086,3.39599,0.776,6.556,205.558076,-10.999903,10.2622580349044,26.7867,/T
2027-Mar-09 00:00,A,,13.75884,3.44284,0.774,6.552,296.211126,-11.063599,10.2695901947166,25.9069,/T
2027-Mar-10 00:00,A,m,13.86737,3.48983,0.772,6.549,26.864684,-11.127479,10.2766911491004,25.0285,/T
2027-Mar-11 00:00,A,m,13.97645,3.53696,0.770,6.546,117.518776,-11.191530,10.2835593524142,24.1513,/T
2027-Mar-12 00:00,A,m,14.08606,3.58423,0.768,6.542,208.173426,-11.255739,10.2901933938745,23.2756,/T
2027-Mar-13 00:00,A,m,14.19618,3.63163,0.766,6.539,298.828659,-11.320094,10.2965919430950,22.4012,/T
2027-Mar-14 00:00,A,m,14.30681,3.67915,0.764,6.535,29.484499,-11.384584,10.3027538339584,21.5283,/T
2027-Mar-15 00:00,N,m,14.41791,3.72678,0.762,6.532,120.140970,-11.449195,10.3086779811632,20.6568,/T
2027-Mar-16 00:00,N,m,14.52946,3.77451,0.759,6.528,210.798096,-11.513917,10.3143634712283,19.7868,/T
2027-Mar-17 00:00,N,m,14.64144,3.82233,0.757,6.525,301.455898,-11.578737,10.3198096193856,18.9183,/T
2027-Mar-18 00:00,N,m,14.75382,3.87024,0.754,6.521,32.114397,-11.643645,10.3250157953312,18.0515,/T
2027-Mar-19 00:00,N,m,14.86657,3.91821,0.752,6.518,122.773613,-11.708631,10.3299814873332,17.1863,/T
2027-Mar-20 00:00,N,m,14.97967,3.96624,0.749,6.514,213.433565,-11.773684,10.3347062451792,16.3228,/T
2027-Mar-21 00:00,N,m,15.09311,4.01432,0.746,6.510,304.094272,-11.838794,10.3391896702278,15.4611,/T
2027-Mar-22 00:00,N,m,15.20689,4.06245,0.743,6.506,34.755750,-11.903951,10.3434313962961,14.6013,/T
2027-Mar-23 00:00,N,m,15.32098,4.11063,0.740,6.502,125.418017,-11.969146,10.3474310045171,13.7437,/T
2027-Mar-24 00:00,N,,15.43539,4.15884,0.737,6.498,216.081089,-12.034370,10.3511879188300,12.8883,/T
2027-Mar-25 00:00,N,,15.55011,4.20709,0.734,6.494,306.744985,-12.099613,10.3547015817639,12.0354,/T
2027-Mar-26 00:00,N,,15.66512,4.25537,0.730,6.490,37.409720,-12.164865,10.3579713150005,11.1855,/T
2027-Mar-27 00:00,N,,15.78040,4.30367,0.726,6.485,128.075315,-12.230117,10.3609964009545,10.3390,/T
2027-Mar-28 00:00,N,,15.89594,4.35198,0.722,6.481,218.741786,-12.295358,10.3637760592465,9.4966,/T
2027-Mar-29 00:00,N,,16.01172,4.40031,0.718,6.476,309.409154,-12.360580,10.3663094680844,8.6593,/T
2027-Mar-30 00:00,N,,16.12771,4.44863,0.713,6.470,40.077439,-12.425772,10.3685958883411,7.8284,/T
2027-Mar-31 00:00,N,,16.24390,4.49694,0.708,6.465,130.746659,-12.490924,10.3706346726653,7.0060,/T
2027-Apr-01 00:00,N,,16.36026,4.54523,0.702,6.458,221.416836,-12.556024,10.3724251641766,6.1951,/T
2027-Apr-02 00:00,N,,16.47678,4.59349,0.696,6.452,312.087989,-12.621064,10.3739668064423,5.4006,/T
2027-Apr-03 00:00,N,,16.59343,4.64171,0.689,6.445,42.760138,-12.686033,10.3752591415248,4.6306,/T
2027-Apr-04 00:00,N,,16.71021,4.68988,0.681,6.437,133.433304,-12.750919,10.3763018139658,3.8993,/T
2027-Apr-05 00:00,N,,16.82708,4.73800,0.674,6.429,224.107504,-12.815712,10.3770946461631,3.2323,/T
2027-Apr-06 00:00,N,,16.94405,4.78605,0.667,6.422,314.782758,-12.880400,10.3776374790935,2.6777,/T
2027-Apr-07 00:00,N,,17.06108,4.83403,0.661,6.417,45.459086,-12.944974,10.3779303145491,2.3171,/T
2027-Apr-08 00:00,N,m,17.17816,4.88194,0.659,6.414,136.136504,-13.009422,10.3779733225045,2.2451,/T
2027-Apr-09 00:00,N,m,17.29529,4.92979,0.661,6.416,226.815030,-13.073732,10.3777667975865,2.4863,/L
2027-Apr-10 00:00,N,m,17.41246,4.97756,0.665,6.420,317.494680,-13.137894,10.3773111229164,2.9649,/L
2027-Apr-11 00:00,N,m,17.52966,5.02524,0.670,6.426,48.175470,-13.201898,10.3766067835172,3.5865,/L
2027-Apr-12 00:00,N,m,17.64684,5.07281,0.676,6.431,138.857414,-13.265734,10.3756542878652,4.2892,/L
2027-Apr-13 00:00,C,m,17.76399,5.12028,0.680,6.436,229.540527,-13.329391,10.3744543354259,5.0389,/L
2027-Apr-14 00:00,C,m,17.88108,5.16762,0.685,6.440,320.224823,-13.392860,10.3730076412095,5.8171,/L
2027-Apr-15 00:00,C,m,17.99809,5.21483,0.688,6.444,50.910315,-13.456133,10.3713149433830,6.6137,/L
2027-Apr-16 00:00,C,m,18.11499,5.26191,0.692,6.448,141.597016,-13.519202,10.3693770438921,7.4225,/L
2027-Apr-17 00:00,C,m,18.23178,5.30883,0.694,6.451,232.284938,-13.582057,10.3671947670394,8.2398,/L
2027-Apr-18 00:00,C,m,18.34843,5.35560,0.697,6.454,322.974094,-13.644691,10.3647689809051,9.0633,/L
2027-Apr-19 00:00,C,m,18.46495,5.40222,0.699,6.457,53.664494,-13.707097,10.3621005493590,9.8913,/L
2027-Apr-20 00:00,C,m,18.58132,5.44868,0.701,6.459,144.356150,-13.769266,10.3591902452872,10.7227,/L
2027-Apr-21 00:00,C,m,18.69754,5.49498,0.702,6.461,235.049075,-13.831192,10.3560388671052,11.5567,/L
2027-Apr-22 00:00,C,,18.81358,5.54112,0.703,6.463,325.743279,-13.892865,10.3526472589415,12.3928,/L
2027-Apr-23 00:00,C,,18.92945,5.58709,0.704,6.465,56.438774,-13.954279,10.3490161958231,13.2305,/L
2027-Apr-24 00:00,C,,19.04511,5.63288,0.705,6.466,147.135571,-14.015425,10.3451464914769,14.0696,/L
2027-Apr-25 00:00,C,,19.16056,5.67849,0.706,6.468,237.833682,-14.076295,10.3410388791907,14.9098,/L
2027-Apr-26 00:00,C,,19.27576,5.72390,0.707,6.470,328.533119,-14.136881,10.3366941304908,15.7509,/L
2027-Apr-27 00:00,C,,19.39070,5.76912,0.707,6.471,59.233894,-14.197173,10.3321130370866,16.5928,/L
2027-Apr-28 00:00,C,,19.50537,5.81413,0.708,6.472,149.936018,-14.257164,10.3272963399772,17.4354,/L
2027-Apr-29 00:00,C,,19.61974,5.85892,0.708,6.474,240.639505,-14.316845,10.3222447395574,18.2786,/L
2027-Apr-30 00:00,C,,19.73379,5.90349,0.709,6.475,331.344367,-14.376208,10.3169590240727,19.1223,/L
2027-May-01 00:00,C,,19.84751,5.94782,0.709,6.476,62.050619,-14.435244,10.3114399889908,19.9665,/L
2027-May-02 00:00,C,,19.96088,5.99192,0.709,6.477,152.758273,-14.493944,10.3056885661523,20.8111,/L
2027-May-03 00:00,C,,20.07390,6.03578,0.709,6.479,243.467342,-14.552299,10.2997057201414,21.6562,/L
2027-May-04 00:00,C,,20.18654,6.07938,0.709,6.480,334.177841,-14.610302,10.2934924839626,22.5016,/L
2027-May-05 00:00,C,,20.29880,6.12274,0.709,6.481,64.889783,-14.667941,10.2870501025562,23.3473,/L
2027-May-06 00:00,C,,20.41065,6.16583,0.708,6.482,155.603180,-14.725209,10.2803799692582,24.1934,/L
2027-May-07 00:00,C,m,20.52210,6.20866,0.708,6.483,246.318045,-14.782097,10.2734836338405,25.0398,/L
2027-May-08 00:00,C,m,20.63310,6.25123,0.708,6.484,337.034389,-14.838595,10.2663628238338,25.8864,/L
2027-May-09 00:00,C,m,20.74365,6.29351,0.708,6.485,67.752221,-14.894694,10.2590194184992,26.7333,/L
2027-May-10 00:00,*,m,20.85372,6.33552,0.707,6.487,158.471551,-14.950388,10.2514554802492,27.5805,/L
2027-May-11 00:00,*,m,20.96328,6.37723,0.707,6.488,249.192386,-15.005666,10.2436732192661,28.4279,/L
2027-May-12 00:00,*,m,21.07230,6.41863,0.706,6.489,339.914732,-15.060523,10.2356747669758,29.2756,/L
2027-May-13 00:00,*,m,21.18077,6.45972,0.705,6.490,70.638595,-15.114951,10.2274623022763,30.1234,/L
2027-May-14 00:00,*,m,21.28867,6.50049,0.705,6.491,161.363980,-15.168943,10.2190379418138,30.9716,/L
2027-May-15 00:00,*,m,21.39599,6.54094,0.704,6.492,252.090893,-15.222494,10.2104037671799,31.8199,/L
2027-May-16 00:00,*,m,21.50272,6.58106,0.703,6.493,342.819340,-15.275597,10.2015617968863,32.6686,/L
2027-May-17 00:00,*,m,21.60887,6.62085,0.702,6.494,73.549325,-15.328247,10.1925139491336,33.5176,/L
2027-May-18 00:00,*,m,21.71441,6.66031,0.702,6.495,164.280856,-15.380438,10.1832620781016,34.3669,/L
2027-May-19 00:00,*,m,21.81935,6.69944,0.701,6.496,255.013939,-15.432163,10.1738081053418,35.2165,/L
2027-May-20 00:00,*,m,21.92365,6.73823,0.700,6.497,345.748580,-15.483417,10.1641538797646,36.0666,/L
2027-May-21 00:00,*,,22.02731,6.77668,0.698,6.498,76.484786,-15.534194,10.1543012595987,36.9170,/L
2027-May-22 00:00,*,,22.13031,6.81478,0.697,6.498,167.222565,-15.584488,10.1442521171576,37.7679,/L
2027-May-23 00:00,*,,22.23262,6.85253,0.696,6.499,257.961924,-15.634292,10.1340083411665,38.6194,/L
2027-May-24 00:00,*,,22.33423,6.88992,0.695,6.500,348.702871,-15.683599,10.1235719598910,39.4713,/L
2027-May-25 00:00,*,,22.43511,6.92693,0.694,6.501,79.445411,-15.732402,10.1129450125354,40.3238,/L
2027-May-26 00:00,*,,22.53525,6.96358,0.692,6.502,170.189552,-15.780695,10.1021295441172,41.1769,/L
2027-May-27 00:00,*,,22.63463,6.99983,0.691,6.503,260.935300,-15.828470,10.0911276648293,42.0305,/L
2027-May-28 00:00,*,,22.73323,7.03570,0.689,6.504,351.682662,-15.875720,10.0799415273732,42.8849,/L
2027-May-29 00:00,*,,22.83104,7.07117,0.688,6.505,82.431645,-15.922438,10.0685732762403,43.7398,/L
2027-May-30 00:00,*,,22.92805,7.10624,0.686,6.505,173.182255,-15.968618,10.0570251002545,44.5955,/L
2027-May-31 00:00,*,,23.02424,7.14090,0.684,6.506,263.934499,-16.014251,10.0452991086191,45.4519,/L
2027-Jun-01 00:00,*,,23.11960,7.17516,0.683,6.507,354.688386,-16.059331,10.0333975588135,46.3090,/L
2027-Jun-02 00:00,*,,23.21413,7.20900,0.681,6.508,85.443922,-16.103850,10.0213228090712,47.1668,/L
2027-Jun-03 00:00,*,,23.30780,7.24242,0.679,6.508,176.201114,-16.147802,10.0090773102998,48.0254,/L
2027-Jun-04 00:00,*,,23.40060,7.27542,0.677,6.509,266.959970,-16.191179,9.99666365793713,48.8848,/L
2027-Jun-05 00:00,*,m,23.49251,7.30800,0.675,6.510,357.720495,-16.233975,9.98408462543228,49.7449,/L
2027-Jun-06 00:00,*,m,23.58350,7.34014,0.673,6.510,88.482696,-16.276182,9.97134316770738,50.6058,/L
2027-Jun-07 00:00,*,m,23.67354,7.37185,0.671,6.511,179.246576,-16.317794,9.95844247839022,51.4675,/L
2027-Jun-08 00:00,*,m,23.76261,7.40310,0.669,6.512,270.012137,-16.358806,9.94538580681679,52.3300,/L
2027-Jun-09 00:00,*,m,23.85069,7.43389,0.667,6.512,0.779382,-16.399212,9.93217647494295,53.1932,/L
2027-Jun-10 00:00,*,m,23.93775,7.46422,0.665,6.513,91.548310,-16.439006,9.91881790577250,54.0573,/L
2027-Jun-11 00:00,*,m,24.02380,7.49408,0.662,6.514,182.318921,-16.478184,9.90531347446979,54.9222,/L
2027-Jun-12 00:00,*,m,24.10881,7.52346,0.660,6.514,273.091214,-16.516741,9.89166654447048,55.7879,/L
2027-Jun-13 00:00,*,m,24.19279,7.55237,0.658,6.515,3.865187,-16.554672,9.87788033389370,56.6545,/L
2027-Jun-14 00:00,*,m,24.27573,7.58081,0.655,6.515,94.640840,-16.591974,9.86395793986030,57.5220,/L
2027-Jun-15 00:00,*,m,24.35762,7.60877,0.653,6.516,185.418171,-16.628642,9.84990241486415,58.3903,/L
2027-Jun-16 00:00,*,m,24.43845,7.63626,0.650,6.516,276.197181,-16.664671,9.83571674916245,59.2597,/L
2027-Jun-17 00:00,*,m,24.51820,7.66326,0.647,6.517,6.977869,-16.700058,9.82140379417362,60.1300,/L
2027-Jun-18 00:00,*,m,24.59686,7.68978,0.645,6.517,97.760237,-16.734798,9.80696642560917,61.0013,/L
2027-Jun-19 00:00,*,,24.67441,7.71581,0.642,6.517,188.544286,-16.768887,9.79240746212482,61.8737,/L
2027-Jun-20 00:00,*,,24.75083,7.74134,0.639,6.518,279.330019,-16.802320,9.77772982073493,62.7471,/L
2027-Jun-21 00:00,*,,24.82609,7.76637,0.636,6.518,10.117435,-16.835092,9.76293645275297,63.6217,/L
2027-Jun-22 00:00,*,,24.90019,7.79089,0.633,6.518,100.906537,-16.867197,9.74803029793188,64.4975,/L
2027-Jun-23 00:00,*,,24.97310,7.81490,0.630,6.519,191.697328,-16.898632,9.73301439186503,65.3745,/L
2027-Jun-24 00:00,*,,25.04480,7.83839,0.627,6.519,282.489809,-16.929391,9.71789189669848,66.2527,/L
2027-Jun-25 00:00,*,,25.11530,7.86135,0.624,6.519,13.283982,-16.959468,9.70266603622844,67.1321,/L
2027-Jun-26 00:00,*,,25.18456,7.88379,0.621,6.520,104.079845,-16.988858,9.68734013861346,68.0129,/L
2027-Jun-27 00:00,*,,25.25258,7.90569,0.618,6.520,194.877401,-17.017555,9.67191756099973,68.8950,/L
2027-Jun-28 00:00,*,,25.31935,7.92706,0.615,6.520,285.676649,-17.045553,9.65640171759173,69.7784,/L
2027-Jun-29 00:00,*,,25.38487,7.94789,0.612,6.520,16.477589,-17.072848,9.64079617234128,70.6633,/L
2027-Jun-30 00:00,*,,25.44911,7.96818,0.608,6.520,107.280220,-17.099433,9.62510445938882,71.5495,/L
2027-Jul-01 00:00,*,,25.51206,7.98793,0.605,6.520,198.084541,-17.125304,9.60933018980021,72.4372,/L
2027-Jul-02 00:00,*,,25.57372,8.00713,0.601,6.521,288.890550,-17.150455,9.59347705294780,73.3263,/L
2027-Jul-03 00:00,*,,25.63406,8.02578,0.598,6.521,19.698247,-17.174881,9.57754887389637,74.2168,/L
2027-Jul-04 00:00,*,m,25.69305,8.04388,0.594,6.521,110.507629,-17.198578,9.56154964421142,75.1088,/L
2027-Jul-05 00:00,*,m,25.75068,8.06141,0.591,6.521,201.318690,-17.221541,9.54548348305318,76.0023,/L
2027-Jul-06 00:00,*,m,25.80691,8.07837,0.587,6.521,292.131428,-17.243769,9.52935451804316,76.8972,/L
2027-Jul-07 00:00,*,m,25.86173,8.09476,0.583,6.521,22.945836,-17.265256,9.51316703375377,77.7935,/L
2027-Jul-08 00:00,*,m,25.91513,8.11056,0.580,6.520,113.761906,-17.286002,9.49692530761132,78.6913,/L
2027-Jul-09 00:00,*,m,25.96711,8.12578,0.576,6.520,204.579632,-17.306003,9.48063360747240,79.5906,/L
2027-Jul-10 00:00,*,m,26.01766,8.14042,0.572,6.520,295.399005,-17.325258,9.46429615554898,80.4914,/L
2027-Jul-11 00:00,*,m,26.06678,8.15449,0.568,6.520,26.220016,-17.343763,9.44791708436552,81.3936,/L
2027-Jul-12 00:00,*,m,26.11447,8.16797,0.564,6.520,117.042658,-17.361518,9.43150054428397,82.2973,/L
2027-Jul-13 00:00,*,m,26.16072,8.18087,0.560,6.520,207.866920,-17.378519,9.41505067565924,83.2026,/L
2027-Jul-14 00:00,*,m,26.20551,8.19320,0.556,6.519,298.692793,-17.394765,9.39857149898389,84.1095,/L
2027-Jul-15 00:00,*,m,26.24883,8.20494,0.552,6.519,29.520269,-17.410253,9.38206697501797,85.0179,/L
2027-Jul-16 00:00,*,m,26.29068,8.21610,0.548,6.519,120.349337,-17.424981,9.36554102341248,85.9279,/L
2027-Jul-17 00:00,*,m,26.33104,8.22667,0.544,6.518,211.179990,-17.438947,9.34899748611801,86.8396,/L
2027-Jul-18 00:00,*,,26.36989,8.23665,0.540,6.518,302.012218,-17.452149,9.33244024057239,87.7530,/L
2027-Jul-19 00:00,*,,26.40722,8.24603,0.535,6.518,32.846014,-17.464584,9.31587304330052,88.6681,/L
2027-Jul-20 00:00,*,,26.44303,8.25481,0.531,6.517,123.681369,-17.476250,9.29929968522563,89.5849,/L
2027-Jul-21 00:00,*,,26.47729,8.26299,0.527,6.517,214.518275,-17.487145,9.28272402975885,90.5034,/L
2027-Jul-22 00:00,*,,26.51001,8.27056,0.522,6.516,305.356725,-17.497267,9.26614999600021,91.4238,/L
2027-Jul-23 00:00,*,,26.54117,8.27752,0.518,6.516,36.196711,-17.506613,9.24958154846708,92.3460,/L
2027-Jul-24 00:00,*,,26.57077,8.28388,0.514,6.515,127.038223,-17.515181,9.23302274323328,93.2700,/L
2027-Jul-25 00:00,*,,26.59880,8.28963,0.509,6.515,217.881254,-17.522969,9.21647767663563,94.1960,/L
2027-Jul-26 00:00,*,,26.62526,8.29477,0.505,6.514,308.725793,-17.529974,9.19995065638141,95.1238,/L
2027-Jul-27 00:00,*,,26.65015,8.29929,0.500,6.513,39.571830,-17.536194,9.18344607266871,96.0536,/L
2027-Jul-28 00:00,*,,26.67345,8.30322,0.496,6.513,130.419355,-17.541626,9.16696837943057,96.9853,/L
2027-Jul-29 00:00,*,,26.69515,8.30653,0.491,6.512,221.268353,-17.546268,9.15052218221694,97.9190,/L
2027-Jul-30 00:00,*,,26.71526,8.30923,0.486,6.511,312.118812,-17.550118,9.13411217803018,98.8547,/L
2027-Jul-31 00:00,*,,26.73375,8.31133,0.482,6.511,42.970718,-17.553176,9.11774319452896,99.7924,/L
2027-Aug-01 00:00,*,,26.75061,8.31280,0.477,6.510,133.824052,-17.555439,9.10142012217699,100.7320,/L
2027-Aug-02 00:00,*,,26.76582,8.31366,0.472,6.509,224.678799,-17.556908,9.08514783399566,101.6736,/L
2027-Aug-03 00:00,*,m,26.77937,8.31389,0.467,6.508,315.534939,-17.557584,9.06893124121285,102.6173,/L
2027-Aug-04 00:00,*,m,26.79126,8.31350,0.463,6.507,46.392453,-17.557467,9.05277530253574,103.5628,/L
2027-Aug-05 00:00,*,m,26.80150,8.31248,0.458,6.506,137.251320,-17.556560,9.03668484105040,104.5103,/L
2027-Aug-06 00:00,*,m,26.81008,8.31085,0.453,6.505,228.111519,-17.554864,9.02066464036178,105.4598,/L
2027-Aug-07 00:00,*,m,26.81702,8.30860,0.448,6.504,318.973028,-17.552383,9.00471932139670,106.4111,/L
2027-Aug-08 00:00,*,m,26.82233,8.30574,0.443,6.503,49.835827,-17.549118,8.98885346454626,107.3644,/L
2027-Aug-09 00:00,*,m,26.82601,8.30227,0.438,6.502,140.699894,-17.545073,8.97307162828795,108.3196,/L
2027-Aug-10 00:00,*,m,26.82805,8.29821,0.433,6.501,231.565207,-17.540250,8.95737828785494,109.2768,/L
2027-Aug-11 00:00,*,m,26.82846,8.29355,0.428,6.500,322.431744,-17.534651,8.94177785544198,110.2359,/L
2027-Aug-12 00:00,C,m,26.82723,8.28829,0.423,6.499,53.299484,-17.528279,8.92627479188605,111.1969,/L
2027-Aug-13 00:00,C,m,26.82436,8.28244,0.418,6.497,144.168404,-17.521136,8.91087352441549,112.1599,/L
2027-Aug-14 00:00,C,m,26.81984,8.27598,0.413,6.496,235.038479,-17.513226,8.89557851478734,113.1249,/L
2027-Aug-15 00:00,C,m,26.81369,8.26894,0.408,6.495,325.909687,-17.504549,8.88039415708061,114.0918,/L
2027-Aug-16 00:00,C,m,26.80589,8.26129,0.403,6.494,56.782003,-17.495110,8.86532473750728,115.0608,/L
2027-Aug-17 00:00,C,m,26.79646,8.25306,0.398,6.492,147.655404,-17.484911,8.85037458192333,116.0318,/L
2027-Aug-18 00:00,C,m,26.78540,8.24423,0.393,6.491,238.529863,-17.473955,8.83554794771975,117.0048,/L
2027-Aug-19 00:00,C,,26.77271,8.23481,0.388,6.490,329.405358,-17.462246,8.82084904810640,117.9799,/L
2027-Aug-20 00:00,C,,26.75840,8.22480,0.383,6.488,60.281864,-17.449786,8.80628207416809,118.9570,/L
2027-Aug-21 00:00,C,,26.74248,8.21422,0.378,6.487,151.159356,-17.436580,8.79185122606447,119.9362,/L
2027-Aug-22 00:00,C,,26.72496,8.20305,0.373,6.485,242.037809,-17.422631,8.77756077065301,120.9174,/L
2027-Aug-23 00:00,C,,26.70586,8.19132,0.368,6.484,332.917197,-17.407944,8.76341509391139,121.9008,/L
2027-Aug-24 00:00,C,,26.68517,8.17902,0.362,6.482,63.797496,-17.392523,8.74941853856107,122.8862,/L
2027-Aug-25 00:00,C,,26.66292,8.16617,0.357,6.480,154.678677,-17.376371,8.73557559743808,123.8738,/L
2027-Aug-26 00:00,C,,26.63909,8.15276,0.352,6.479,245.560713,-17.359495,8.72189086066708,124.8635,/L
2027-Aug-27 00:00,C,,26.61370,8.13880,0.347,6.477,336.443573,-17.341899,8.70836904491367,125.8552,/L
2027-Aug-28 00:00,C,,26.58674,8.12429,0.342,6.475,67.327228,-17.323589,8.69501498269148,126.8491,/L
2027-Aug-29 00:00,C,,26.55822,8.10924,0.337,6.474,158.211643,-17.304571,8.68183353956364,127.8451,/L
2027-Aug-30 00:00,C,,26.52814,8.09365,0.332,6.472,249.096783,-17.284853,8.66882961318796,128.8431,/L
2027-Aug-31 00:00,N,,26.49651,8.07752,0.327,6.470,339.982612,-17.264442,8.65600816173666,129.8431,/L
2027-Sep-01 00:00,N,,26.46334,8.06085,0.322,6.468,70.869091,-17.243347,8.64337400266671,130.8451,/L
2027-Sep-02 00:00,N,,26.42867,8.04365,0.317,6.467,161.756180,-17.221577,8.63093177496991,131.8491,/L
2027-Sep-03 00:00,N,m,26.39252,8.02594,0.312,6.465,252.643840,-17.199143,8.61868592815355,132.8550,/L
2027-Sep-04 00:00,N,m,26.35493,8.00773,0.307,6.463,343.532031,-17.176055,8.60664066443741,133.8627,/L
2027-Sep-05 00:00,N,m,26.31590,7.98904,0.302,6.461,74.420714,-17.152325,8.59480009588978,134.8723,/L
2027-Sep-06 00:00,N,m,26.27547,7.96986,0.297,6.459,165.309849,-17.127962,8.58316812036371,135.8836,/L
2027-Sep-07 00:00,N,m,26.23365,7.95021,0.292,6.457,256.199397,-17.102979,8.57174848058128,136.8968,/L
2027-Sep-08 00:00,N,m,26.19045,7.93011,0.287,6.455,347.089321,-17.077385,8.56054485806805,137.9117,/L
2027-Sep-09 00:00,N,m,26.14590,7.90955,0.282,6.453,77.979581,-17.051194,8.54956090371704,138.9283,/L
2027-Sep-10 00:00,N,m,26.10002,7.88855,0.277,6.451,168.870140,-17.024415,8.53880019982108,139.9466,/L
2027-Sep-11 00:00,N,m,26.05281,7.86711,0.272,6.449,259.760959,-16.997060,8.52826632922508,140.9665,/L
2027-Sep-12 00:00,N,m,26.00430,7.84524,0.267,6.446,350.651997,-16.969141,8.51796275063156,141.9882,/L
2027-Sep-13 00:00,N,m,25.95451,7.82295,0.262,6.444,81.543216,-16.940669,8.50789298374482,143.0114,/L
2027-Sep-14 00:00,N,m,25.90346,7.80024,0.258,6.442,172.434577,-16.911655,8.49806053869471,144.0363,/L
2027-Sep-15 00:00,N,m,25.85118,7.77714,0.253,6.440,263.326037,-16.882113,8.48846883451121,145.0627,/L
2027-Sep-16 00:00,N,m,25.79770,7.75363,0.248,6.438,354.217556,-16.852053,8.47912123747457,146.0907,/L
2027-Sep-17 00:00,N,m,25.74305,7.72975,0.243,6.435,85.109093,-16.821488,8.47002103249709,147.1202,/L
2027-Sep-18 00:00,N,m,25.68726,7.70550,0.239,6.433,176.000605,-16.790430,8.46117144568240,148.1512,/L
2027-Sep-19 00:00,A,m,25.63036,7.68089,0.234,6.431,266.892051,-16.758894,8.45257568811029,149.1837,/L
2027-Sep-20 00:00,A,,25.57237,7.65593,0.230,6.428,357.783389,-16.726892,8.44423686295809,150.2176,/L
2027-Sep-21 00:00,A,,25.51334,7.63065,0.225,6.426,88.674577,-16.694438,8.43615801917011,151.2529,/L
2027-Sep-22 00:00,A,,25.45328,7.60504,0.220,6.424,179.565573,-16.661546,8.42834228697359,152.2895,/L
2027-Sep-23 00:00,A,,25.39222,7.57913,0.216,6.421,270.456333,-16.628233,8.42079275902989,153.3273,/L
2027-Sep-24 00:00,A,,25.33019,7.55293,0.212,6.419,1.346813,-16.594511,8.41351259723700,154.3663,/L
2027-Sep-25 00:00,A,,25.26719,7.52644,0.207,6.416,92.236969,-16.560399,8.40650491356656,155.4065,/L
2027-Sep-26 00:00,A,,25.20327,7.49967,0.203,6.414,183.126755,-16.525912,8.39977281386096,156.4476,/L
2027-Sep-27 00:00,A,,25.13844,7.47263,0.199,6.411,274.016123,-16.491067,8.39331943759016,157.4897,/L
2027-Sep-28 00:00,A,,25.07274,7.44535,0.194,6.408,4.905024,-16.455883,8.38714787885945,158.5324,/L
2027-Sep-29 00:00,A,,25.00620,7.41782,0.190,6.406,95.793410,-16.420377,8.38126104470449,159.5757,/L
2027-Sep-30 00:00,A,,24.93889,7.39007,0.186,6.403,186.681230,-16.384570,8.37566173137029,160.6194,/L
2027-Oct-01 00:00,A,,24.87083,7.36212,0.182,6.400,277.568433,-16.348480,8.37035248717816,161.6632,/L
2027-Oct-02 00:00,A,,24.80208,7.33399,0.177,6.397,8.454969,-16.312128,8.36533567480624,162.7069,/L
2027-Oct-03 00:00,A,,24.73269,7.30569,0.173,6.395,99.340786,-16.275532,8.36061339797803,163.7500,/L
2027-Oct-04 00:00,A,m,24.66268,7.27724,0.169,6.391,190.225836,-16.238713,8.35618741762919,164.7923,/L
2027-Oct-05 00:00,A,m,24.59209,7.24866,0.165,6.388,281.110070,-16.201692,8.35205931259443,165.8331,/L
2027-Oct-06 00:00,A,m,24.52097,7.21997,0.160,6.385,11.993443,-16.164487,8.34823049083810,166.8719,/L
2027-Oct-07 00:00,A,m,24.44934,7.19116,0.156,6.381,102.875906,-16.127120,8.34470218979917,167.9077,/L
2027-Oct-08 00:00,,m,24.37724,7.16227,0.151,6.377,193.757416,-16.089610,8.34147551732186,168.9396,/L
2027-Oct-09 00:00,,m,24.30471,7.13330,0.146,6.373,284.637928,-16.051977,8.33855144785126,169.9657,/L
2027-Oct-10 00:00,,m,24.23178,7.10426,0.140,6.369,15.517398,-16.014240,8.33593085266572,170.9839,/L
2027-Oct-11 00:00,,m,24.15849,7.07518,0.134,6.363,106.395784,-15.976421,8.33361463393710,171.9908,/L
2027-Oct-12 00:00,,m,24.08489,7.04606,0.128,6.358,197.273043,-15.938539,8.33160353324951,172.9809,/L
2027-Oct-13 00:00,,m,24.01101,7.01692,0.121,6.351,288.149132,-15.900613,8.32989825483349,173.9458,/L
2027-Oct-14 00:00,,m,23.93690,6.98778,0.113,6.344,19.024011,-15.862663,8.32849944697191,174.8705,/L
2027-Oct-15 00:00,,m,23.86260,6.95866,0.105,6.336,109.897637,-15.824708,8.32740773551186,175.7284,/L
2027-Oct-16 00:00,,m,23.78816,6.92956,0.097,6.328,200.769969,-15.786768,8.32662374121172,176.4696,/L
2027-Oct-17 00:00,,m,23.71361,6.90052,0.091,6.322,291.640965,-15.748863,8.32614802025098,177.0055,/L
2027-Oct-18 00:00,,m,23.63900,6.87154,0.088,6.320,22.510582,-15.711011,8.32598099490678,177.2142,/L
2027-Oct-19 00:00,,m,23.56437,6.84265,0.091,6.322,113.378780,-15.673234,8.32612310251836,177.0254,/L
2027-Oct-20 00:00,,,23.48976,6.81385,0.098,6.329,204.245517,-15.635551,8.32657468593666,176.5022,/T
2027-Oct-21 00:00,,,23.41519,6.78517,0.106,6.337,295.110750,-15.597983,8.32733598142985,175.7664,/T
2027-Oct-22 00:00,,,23.34071,6.75661,0.115,6.345,25.974439,-15.560551,8.32840714177618,174.9092,/T
2027-Oct-23 00:00,,,23.26634,6.72819,0.123,6.353,116.836543,-15.523277,8.32978816101303,173.9819,/T
2027-Oct-24 00:00,,,23.19212,6.69992,0.130,6.360,207.697020,-15.486182,8.33147901185482,173.0122,/T
2027-Oct-25 00:00,,,23.11810,6.67181,0.137,6.367,298.555830,-15.449288,8.33347955243307,172.0155,/T
2027-Oct-26 00:00,,,23.04431,6.64389,0.143,6.372,29.412932,-15.412619,8.33578944549973,171.0005,/T
2027-Oct-27 00:00,,,22.97082,6.61617,0.149,6.377,120.268286,-15.376196,8.33840818466835,169.9729,/T
2027-Oct-28 00:00,,,22.89766,6.58868,0.155,6.382,211.121854,-15.340042,8.34133511887087,168.9360,/T
2027-Oct-29 00:00,,,22.82489,6.56142,0.160,6.387,301.973596,-15.304179,8.34456937439260,167.8924,/T
2027-Oct-30 00:00,,,22.75256,6.53443,0.165,6.391,32.823475,-15.268630,8.34810995254988,166.8436,/T
2027-Oct-31 00:00,,,22.68070,6.50772,0.170,6.394,123.671454,-15.233416,8.35195555231688,165.7908,/T
2027-Nov-01 00:00,,,22.60937,6.48131,0.174,6.398,214.517498,-15.198559,8.35610471722276,164.7350,/T
2027-Nov-02 00:00,,,22.53858,6.45520,0.179,6.402,305.361574,-15.164079,8.36055585557155,163.6767,/T
2027-Nov-03 00:00,,m,22.46838,6.42942,0.184,6.405,36.203650,-15.129996,8.36530717951560,162.6166,/T
2027-Nov-04 00:00,,m,22.39881,6.40397,0.188,6.408,127.043692,-15.096331,8.37035670828702,161.5550,/T
2027-Nov-05 00:00,,m,22.32989,6.37888,0.193,6.411,217.881673,-15.063103,8.37570227919705,160.4923,/T
2027-Nov-06 00:00,,m,22.26168,6.35414,0.197,6.414,308.717564,-15.030331,8.38134154362210,159.4287,/T
2027-Nov-07 00:00,,m,22.19420,6.32978,0.202,6.417,39.551340,-14.998034,8.38727210121619,158.3644,/T
2027-Nov-08 00:00,,m,22.12749,6.30580,0.207,6.420,130.382976,-14.966231,8.39349141572781,157.2998,/T
2027-Nov-09 00:00,,m,22.06159,6.28223,0.211,6.423,221.212449,-14.934939,8.39999678966474,156.2348,/T
2027-Nov-10 00:00,,m,21.99654,6.25907,0.216,6.426,312.039738,-14.904177,8.40678552398217,155.1696,/T
2027-Nov-11 00:00,,m,21.93238,6.23634,0.221,6.429,42.864822,-14.873960,8.41385484216408,154.1045,/T
2027-Nov-12 00:00,,m,21.86914,6.21405,0.225,6.432,133.687683,-14.844306,8.42120199786541,153.0394,/T
2027-Nov-13 00:00,,m,21.80686,6.19221,0.230,6.435,224.508303,-14.815231,8.42882421018398,151.9744,/T
2027-Nov-14 00:00,,m,21.74557,6.17085,0.235,6.437,315.326663,-14.786751,8.43671866758093,150.9096,/T
2027-Nov-15 00:00,,m,21.68531,6.14998,0.239,6.440,46.142749,-14.758881,8.44488261608762,149.8452,/T
2027-Nov-16 00:00,,m,21.62610,6.12959,0.244,6.443,136.956542,-14.731635,8.45331340018474,148.7811,/T
2027-Nov-17 00:00,,m,21.56797,6.10971,0.249,6.445,227.768026,-14.705030,8.46200829767470,147.7173,/T
2027-Nov-18 00:00,,,21.51093,6.09035,0.254,6.448,318.577183,-14.679081,8.47096460802565,146.6541,/T
2027-Nov-19 00:00,,,21.45501,6.07150,0.259,6.450,49.383997,-14.653802,8.48017950281539,145.5913,/T
2027-Nov-20 00:00,,,21.40023,6.05318,0.264,6.453,140.188453,-14.629208,8.48965007352950,144.5290,/T
2027-Nov-21 00:00,,,21.34663,6.03540,0.269,6.455,230.990533,-14.605316,8.49937330098497,143.4673,/T
2027-Nov-22 00:00,,,21.29424,6.01816,0.274,6.457,321.790223,-14.582140,8.50934591384021,142.4063,/T
2027-Nov-23 00:00,,,21.24308,6.00148,0.279,6.460,52.587510,-14.559695,8.51956443513445,141.3460,/T
2027-Nov-24 00:00,,,21.19321,5.98537,0.283,6.462,143.382381,-14.537996,8.53002523827856,140.2864,/T
2027-Nov-25 00:00,,,21.14465,5.96986,0.288,6.464,234.174827,-14.517058,8.54072450897024,139.2277,/T
2027-Nov-26 00:00,,,21.09744,5.95494,0.293,6.466,324.964839,-14.496895,8.55165828699810,138.1698,/T
2027-Nov-27 00:00,,,21.05161,5.94063,0.298,6.468,55.752409,-14.477519,8.56282243721969,137.1129,/T
2027-Nov-28 00:00,,,21.00717,5.92694,0.303,6.470,146.537535,-14.458944,8.57421262678968,136.0570,/T
2027-Nov-29 00:00,,,20.96415,5.91388,0.308,6.472,237.320211,-14.441181,8.58582453550546,135.0022,/T
2027-Nov-30 00:00,,,20.92257,5.90145,0.313,6.474,328.100436,-14.424241,8.59765371958047,133.9485,/T
2027-Dec-01 00:00,,,20.88244,5.88967,0.318,6.476,58.878211,-14.408134,8.60969567413474,132.8959,/T
2027-Dec-02 00:00,,m,20.84378,5.87852,0.323,6.478,149.653535,-14.392869,8.62194583285258,131.8446,/T
2027-Dec-03 00:00,,m,20.80661,5.86802,0.328,6.480,240.426411,-14.378454,8.63439959065710,130.7945,/T
2027-Dec-04 00:00,,m,20.77094,5.85818,0.333,6.482,331.196842,-14.364899,8.64705232449119,129.7458,/T
2027-Dec-05 00:00,,m,20.73679,5.84899,0.338,6.483,61.964832,-14.352209,8.65989938911953,128.6984,/T
2027-Dec-06 00:00,,m,20.70418,5.84046,0.343,6.485,152.730386,-14.340393,8.67293595470425,127.6524,/T
2027-Dec-07 00:00,,m,20.67314,5.83260,0.348,6.487,243.493512,-14.329456,8.68615717585585,126.6078,/T
2027-Dec-08 00:00,,m,20.64367,5.82541,0.353,6.488,334.254217,-14.319403,8.69955815589483,125.5646,/T
2027-Dec-09 00:00,,m,20.61581,5.81889,0.358,6.489,65.012512,-14.310242,8.71313395984263,124.5229,/T
2027-Dec-10 00:00,,m,20.58955,5.81306,0.363,6.491,155.768407,-14.301975,8.72687967372269,123.4827,/T
2027-Dec-11 00:00,,m,20.56493,5.80791,0.368,6.492,246.521915,-14.294608,8.74079034088671,122.4440,/T
2027-Dec-12 00:00,,m,20.54196,5.80346,0.372,6.494,337.273048,-14.288144,8.75486109073068,121.4068,/T
2027-Dec-13 00:00,,m,20.52063,5.79970,0.377,6.495,68.021822,-14.282587,8.76908719669948,120.3711,/T
2027-Dec-14 00:00,,m,20.50096,5.79664,0.382,6.496,158.768248,-14.277939,8.78346399801938,119.3369,/T
2027-Dec-15 00:00,,m,20.48294,5.79427,0.387,6.497,249.512342,-14.274205,8.79798689895854,118.3043,/T
2027-Dec-16 00:00,,m,20.46657,5.79260,0.391,6.498,340.254116,-14.271386,8.81265141405205,117.2732,/T
2027-Dec-17 00:00,,,20.45185,5.79162,0.396,6.499,70.993584,-14.269486,8.82745305677628,116.2435,/T
2027-Dec-18 00:00,,,20.43879,5.79133,0.401,6.500,161.730760,-14.268508,8.84238744154510,115.2155,/T
2027-Dec-19 00:00,,,20.42740,5.79173,0.405,6.501,252.465655,-14.268454,8.85745004837481,114.1889,/T
2027-Dec-20 00:00,,,20.41769,5.79282,0.410,6.502,343.198283,-14.269326,8.87263622460338,113.1639,/T
2027-Dec-21 00:00,,,20.40968,5.79462,0.414,6.502,73.928658,-14.271127,8.88794120890551,112.1404,/T
2027-Dec-22 00:00,,,20.40338,5.79712,0.419,6.503,164.656795,-14.273859,8.90336009440899,111.1185,/T
2027-Dec-23 00:00,,,20.39881,5.80032,0.423,6.504,255.382711,-14.277524,8.91888778627562,110.0982,/T
2027-Dec-24 00:00,,,20.39597,5.80424,0.428,6.504,346.106423,-14.282121,8.93451905356041,109.0795,/T
2027-Dec-25 00:00,,,20.39487,5.80886,0.432,6.505,76.827951,-14.287652,8.95024846933075,108.0625,/T
2027-Dec-26 00:00,,,20.39552,5.81420,0.437,6.505,167.547317,-14.294116,8.96607059636326,107.0472,/T
2027-Dec-27 00:00,,,20.39789,5.82024,0.441,6.506,258.264544,-14.301513,8.98197997523217,106.0336,/T
2027-Dec-28 00:00,,,20.40201,5.82699,0.445,6.506,348.979656,-14.309841,8.99797105202758,105.0218,/T
2027-Dec-29 00:00,,,20.40785,5.83444,0.449,6.506,79.692678,-14.319097,9.01403831203946,104.0117,/T
2027-Dec-30 00:00,,,20.41542,5.84258,0.453,6.507,170.403637,-14.329280,9.03017624402206,103.0034,/T
2027-Dec-31 00:00,,m,20.42471,5.85142,0.457,6.507,261.112561,-14.340384,9.04637942477815,101.9969,/T
2028-Jan-01 00:00,,m,20.43572,5.86095,0.461,6.507,351.819476,-14.352407,9.06264251891654,100.9923,/T
2028-Jan-02 00:00,,m,20.44845,5.87116,0.465,6.507,82.524412,-14.365344,9.07896021030626,99.9895,/T
2028-Jan-03 00:00,,m,20.46289,5.88206,0.469,6.507,173.227396,-14.379190,9.09532722122579,98.9886,/T
2028-Jan-04 00:00,,m,20.47905,5.89363,0.473,6.507,263.928458,-14.393938,9.11173843168759,97.9896,/T
2028-Jan-05 00:00,,m,20.49692,5.90588,0.477,6.507,354.627627,-14.409584,9.12818871119921,96.9924,/T
2028-Jan-06 00:00,,m,20.51650,5.91880,0.481,6.506,85.324931,-14.426121,9.14467301090071,95.9972,/T
2028-Jan-07 00:00,,m,20.53780,5.93239,0.484,6.506,176.020401,-14.443543,9.16118624538971,95.0038,/T
2028-Jan-08 00:00,,m,20.56080,5.94666,0.488,6.506,266.714066,-14.461842,9.17772336019049,94.0124,/T
2028-Jan-09 00:00,,m,20.58551,5.96158,0.492,6.505,357.405957,-14.481013,9.19427942583594,93.0228,/T
2028-Jan-10 00:00,,m,20.61190,5.97717,0.495,6.505,88.096104,-14.501048,9.21084958896867,92.0352,/T
2028-Jan-11 00:00,,m,20.63997,5.99341,0.499,6.505,178.784539,-14.521941,9.22742904301382,91.0494,/T
2028-Jan-12 00:00,,m,20.66969,6.01029,0.502,6.504,269.471292,-14.543683,9.24401313925765,90.0655,/T
2028-Jan-13 00:00,,m,20.70105,6.02781,0.505,6.503,0.156393,-14.566270,9.26059732124502,89.0834,/T
2028-Jan-14 00:00,,,20.73404,6.04596,0.508,6.503,90.839871,-14.589694,9.27717714574242,88.1031,/T
2028-Jan-15 00:00,,,20.76864,6.06472,0.512,6.502,181.521755,-14.613948,9.29374821628598,87.1246,/T
2028-Jan-16 00:00,,,20.80485,6.08411,0.515,6.501,272.202074,-14.639027,9.31030602484555,86.1479,/T
2028-Jan-17 00:00,,,20.84267,6.10410,0.518,6.500,2.880857,-14.664924,9.32684610143969,85.1730,/T
2028-Jan-18 00:00,,,20.88211,6.12471,0.521,6.500,93.558133,-14.691632,9.34336393072182,84.1998,/T
2028-Jan-19 00:00,,,20.92315,6.14594,0.524,6.499,184.233931,-14.719144,9.35985494192276,83.2284,/T
2028-Jan-20 00:00,,,20.96580,6.16777,0.527,6.498,274.908281,-14.747452,9.37631449869476,82.2587,/T
2028-Jan-21 00:00,,,21.01005,6.19020,0.529,6.497,5.581213,-14.776549,9.39273789406316,81.2908,/T
2028-Jan-22 00:00,,,21.05588,6.21324,0.532,6.495,96.252759,-14.806426,9.40912035210466,80.3247,/T
2028-Jan-23 00:00,,,21.10327,6.23686,0.535,6.494,186.922949,-14.837075,9.42545714380011,79.3604,/T
2028-Jan-24 00:00,,,21.15222,6.26106,0.537,6.493,277.591816,-14.868485,9.44174339639375,78.3978,/T
2028-Jan-25 00:00,,,21.20271,6.28584,0.540,6.492,8.259394,-14.900649,9.45797422683044,77.4371,/T
2028-Jan-26 00:00,,,21.25472,6.31118,0.542,6.491,98.925718,-14.933557,9.47414476138870,76.4781,/T
2028-Jan-27 00:00,,,21.30823,6.33708,0.544,6.489,189.590821,-14.967198,9.49025016601028,75.5210,/T
2028-Jan-28 00:00,,,21.36324,6.36352,0.547,6.488,280.254741,-15.001563,9.50628571023688,74.5657,/T
2028-Jan-29 00:00,,m,21.41973,6.39051,0.549,6.486,10.917512,-15.036640,9.52224670538837,73.6122,/T
2028-Jan-30 00:00,,m,21.47769,6.41802,0.551,6.485,101.579171,-15.072420,9.53812851254963,72.6606,/T
2028-Jan-31 00:00,,m,21.53710,6.44607,0.553,6.483,192.239755,-15.108890,9.55392668178049,71.7108,/T
2028-Feb-01 00:00,,m,21.59795,6.47463,0.555,6.482,282.899299,-15.146040,9.56963689233415,70.7629,/T
2028-Feb-02 00:00,,m,21.66023,6.50370,0.557,6.480,13.557839,-15.183858,9.58525491640239,69.8168,/T
2028-Feb-03 00:00,,m,21.72393,6.53328,0.559,6.478,104.215411,-15.222333,9.60077669067311,68.8726,/T
2028-Feb-04 00:00,,m,21.78904,6.56335,0.560,6.477,194.872050,-15.261452,9.61619821762111,67.9302,/T
2028-Feb-05 00:00,,m,21.85553,6.59392,0.562,6.475,285.527790,-15.301203,9.63151572641338,66.9897,/T
2028-Feb-06 00:00,,m,21.92340,6.62497,0.564,6.473,16.182665,-15.341576,9.64672555682009,66.0510,/T
2028-Feb-07 00:00,,m,21.99261,6.65650,0.565,6.471,106.836707,-15.382557,9.66182410598027,65.1140,/T
2028-Feb-08 00:00,,m,22.06315,6.68850,0.567,6.469,197.489949,-15.424136,9.67680786114422,64.1789,/T
2028-Feb-09 00:00,,m,22.13499,6.72094,0.568,6.467,288.142422,-15.466300,9.69167343307937,63.2456,/T
2028-Feb-10 00:00,,m,22.20811,6.75383,0.569,6.465,18.794159,-15.509041,9.70641747239168,62.3140,/T
2028-Feb-11 00:00,,m,22.28248,6.78715,0.571,6.463,109.445187,-15.552346,9.72103673272216,61.3841,/T
2028-Feb-12 00:00,,,22.35810,6.82089,0.572,6.461,200.095539,-15.596206,9.73552787603531,60.4560,/T
2028-Feb-13 00:00,,,22.43496,6.85504,0.573,6.459,290.745242,-15.640611,9.74988755695030,59.5294,/T
2028-Feb-14 00:00,A,,22.51305,6.88961,0.574,6.457,21.394329,-15.685551,9.76411244091923,58.6045,/T
2028-Feb-15 00:00,A,,22.59238,6.92460,0.575,6.455,112.042828,-15.731017,9.77819910374245,57.6813,/T
2028-Feb-16 00:00,A,,22.67291,6.95998,0.576,6.452,202.690770,-15.776999,9.79214408273869,56.7596,/T
2028-Feb-17 00:00,A,,22.75465,6.99577,0.576,6.450,293.338186,-15.823485,9.80594388258888,55.8394,/T
2028-Feb-18 00:00,A,,22.83757,7.03195,0.577,6.448,23.985108,-15.870465,9.81959501834682,54.9209,/T
2028-Feb-19 00:00,A,,22.92165,7.06852,0.578,6.445,114.631567,-15.917928,9.83309411033136,54.0039,/T
2028-Feb-20 00:00,A,,23.00688,7.10546,0.578,6.443,205.277594,-15.965863,9.84643781846324,53.0884,/T
2028-Feb-21 00:00,A,,23.09322,7.14277,0.579,6.440,295.923222,-16.014258,9.85962276744062,52.1745,/T
2028-Feb-22 00:00,A,,23.18066,7.18042,0.579,6.438,26.568481,-16.063100,9.87264570420742,51.2622,/T
2028-Feb-23 00:00,A,,23.26919,7.21842,0.579,6.436,117.213403,-16.112379,9.88550336466610,50.3514,/T
2028-Feb-24 00:00,A,,23.35877,7.25676,0.580,6.433,207.858020,-16.162082,9.89819255603962,49.4421,/T
2028-Feb-25 00:00,A,,23.44940,7.29541,0.580,6.430,298.502363,-16.212197,9.91071007424444,48.5344,/T
2028-Feb-26 00:00,A,,23.54107,7.33439,0.580,6.428,29.146464,-16.262712,9.92305270794334,47.6283,/T
2028-Feb-27 00:00,A,m,23.63375,7.37367,0.580,6.425,119.790355,-16.313615,9.93521733725290,46.7237,/T
2028-Feb-28 00:00,A,m,23.72743,7.41325,0.580,6.422,210.434069,-16.364893,9.94720098833658,45.8207,/T
2028-Feb-29 00:00,A,m,23.82210,7.45312,0.580,6.420,301.077639,-16.416535,9.95900071925721,44.9193,/T
2028-Mar-01 00:00,A,m,23.91774,7.49328,0.580,6.417,31.721097,-16.468528,9.97061374470077,44.0194,/T
2028-Mar-02 00:00,A,m,24.01433,7.53372,0.579,6.414,122.364474,-16.520860,9.98203737997303,43.1210,/T
2028-Mar-03 00:00,A,m,24.11186,7.57443,0.579,6.412,213.007802,-16.573519,9.99326911408077,42.2242,/T
2028-Mar-04 00:00,A,m,24.21031,7.61540,0.579,6.409,303.651112,-16.626492,10.0043066622268,41.3289,/T
2028-Mar-05 00:00,A,m,24.30965,7.65663,0.578,6.406,34.294434,-16.679767,10.0151478251974,40.4352,/T
2028-Mar-06 00:00,A,m,24.40986,7.69810,0.577,6.403,124.937796,-16.733333,10.0257905745737,39.5430,/T
2028-Mar-07 00:00,A,m,24.51091,7.73981,0.577,6.400,215.581225,-16.787178,10.0362330758689,38.6523,/T
2028-Mar-08 00:00,A,m,24.61277,7.78174,0.576,6.397,306.224750,-16.841290,10.0464736388364,37.7631,/T
2028-Mar-09 00:00,A,m,24.71543,7.82388,0.575,6.394,36.868393,-16.895659,10.0565106721093,36.8754,/T
2028-Mar-10 00:00,A,m,24.81886,7.86622,0.575,6.391,127.512180,-16.950272,10.0663426087749,35.9891,/T
2028-Mar-11 00:00,A,m,24.92305,7.90875,0.574,6.388,218.156133,-17.005122,10.0759677771434,35.1042,/T
2028-Mar-12 00:00,A,,25.02799,7.95147,0.573,6.385,308.800274,-17.060197,10.0853845438937,34.2207,/T
2028-Mar-13 00:00,A,,25.13369,7.99437,0.572,6.382,39.444629,-17.115489,10.0945911196149,33.3386,/T
2028-Mar-14 00:00,N,,25.24014,8.03746,0.570,6.379,130.089218,-17.170987,10.1035855934214,32.4578,/T
2028-Mar-15 00:00,N,,25.34731,8.08072,0.569,6.376,220.734068,-17.226682,10.1123659612232,31.5783,/T
2028-Mar-16 00:00,N,,25.45519,8.12416,0.568,6.373,311.379203,-17.282565,10.1209301728018,30.7000,/T
2028-Mar-17 00:00,N,,25.56377,8.16775,0.567,6.370,42.024650,-17.338625,10.1292762076093,29.8231,/T
2028-Mar-18 00:00,N,,25.67301,8.21151,0.565,6.367,132.670433,-17.394852,10.1374021121879,28.9474,/T
2028-Mar-19 00:00,N,,25.78290,8.25540,0.564,6.363,223.316579,-17.451235,10.1453058980671,28.0730,/T
2028-Mar-20 00:00,N,,25.89341,8.29943,0.562,6.360,313.963114,-17.507765,10.1529857014934,27.1998,/T
2028-Mar-21 00:00,N,,26.00452,8.34359,0.561,6.357,44.610066,-17.564429,10.1604397822467,26.3280,/T
2028-Mar-22 00:00,N,,26.11621,8.38786,0.559,6.354,135.257460,-17.621218,10.1676664776901,25.4574,/T
2028-Mar-23 00:00,N,,26.22848,8.43224,0.557,6.351,225.905321,-17.678120,10.1746642620879,24.5881,/T
2028-Mar-24 00:00,N,,26.34129,8.47671,0.555,6.347,316.553673,-17.735124,10.1814316178736,23.7201,/T
2028-Mar-25 00:00,N,,26.45463,8.52128,0.554,6.344,47.202543,-17.792218,10.1879671320310,22.8534,/T
2028-Mar-26 00:00,N,,26.56849,8.56592,0.552,6.341,137.851955,-17.849392,10.1942695013991,21.9881,/T
2028-Mar-27 00:00,N,m,26.68286,8.61065,0.549,6.337,228.501933,-17.906635,10.2003374480069,21.1242,/T
2028-Mar-28 00:00,N,m,26.79773,8.65544,0.547,6.334,319.152499,-17.963936,10.2061697001524,20.2617,/T
2028-Mar-29 00:00,N,m,26.91307,8.70029,0.545,6.330,49.803681,-18.021284,10.2117650948733,19.4006,/T
2028-Mar-30 00:00,N,m,27.02886,8.74521,0.543,6.327,140.455500,-18.078668,10.2171225109723,18.5411,/T
2028-Mar-31 00:00,N,m,27.14510,8.79017,0.540,6.323,231.107981,-18.136078,10.2222410361445,17.6832,/T
2028-Apr-01 00:00,N,m,27.26176,8.83518,0.538,6.319,321.761148,-18.193504,10.2271198191393,16.8270,/T
2028-Apr-02 00:00,N,m,27.37881,8.88022,0.535,6.316,52.415022,-18.250935,10.2317581112468,15.9725,/T
2028-Apr-03 00:00,N,m,27.49623,8.92529,0.532,6.312,143.069626,-18.308363,10.2361553557135,15.1199,/T
2028-Apr-04 00:00,N,m,27.61398,8.97037,0.529,6.308,233.724982,-18.365776,10.2403111551821,14.2694,/T
2028-Apr-05 00:00,N,m,27.73206,9.01546,0.526,6.304,324.381108,-18.423167,10.2442252307397,13.4210,/T
2028-Apr-06 00:00,N,m,27.85043,9.06054,0.522,6.300,55.038024,-18.480525,10.2478974259200,12.5750,/T
2028-Apr-07 00:00,N,m,27.96909,9.10560,0.519,6.295,145.695748,-18.537842,10.2513276044264,11.7318,/T
2028-Apr-08 00:00,N,m,28.08802,9.15065,0.515,6.290,236.354296,-18.595111,10.2545157162803,10.8917,/T
2028-Apr-09 00:00,N,m,28.20722,9.19568,0.510,6.286,327.013684,-18.652322,10.2574617391588,10.0552,/T
2028-Apr-10 00:00,N,,28.32668,9.24068,0.506,6.280,57.673929,-18.709467,10.2601654889012,9.2231,/T
2028-Apr-11 00:00,N,,28.44639,9.28566,0.501,6.274,148.335044,-18.766539,10.2626267109160,8.3963,/T
2028-Apr-12 00:00,C,,28.56633,9.33060,0.495,6.268,238.997047,-18.823529,10.2648450008093,7.5763,/T
2028-Apr-13 00:00,C,,28.68650,9.37551,0.488,6.261,329.659956,-18.880430,10.2668198901763,6.7654,/T
2028-Apr-14 00:00,C,,28.80686,9.42037,0.481,6.254,60.323787,-18.937233,10.2685508668551,5.9669,/T
2028-Apr-15 00:00,C,,28.92739,9.46518,0.473,6.246,150.988559,-18.993930,10.2700373528157,5.1862,/T
2028-Apr-16 00:00,C,,29.04808,9.50993,0.465,6.237,241.654291,-19.050513,10.2712787440120,4.4323,/T
2028-Apr-17 00:00,C,,29.16890,9.55460,0.455,6.227,332.321003,-19.106974,10.2722745838209,3.7212,/T
2028-Apr-18 00:00,C,,29.28983,9.59919,0.446,6.217,62.988713,-19.163303,10.2730244330628,3.0820,/T
2028-Apr-19 00:00,C,,29.41086,9.64369,0.437,6.208,153.657443,-19.219492,10.2735279729687,2.5686,/T
2028-Apr-20 00:00,C,,29.53196,9.68809,0.431,6.202,244.327212,-19.275533,10.2737849357150,2.2674,/T
2028-Apr-21 00:00,C,,29.65311,9.73241,0.430,6.201,334.998039,-19.331416,10.2737951416543,2.2642,/T
2028-Apr-22 00:00,C,,29.77432,9.77662,0.434,6.205,65.669943,-19.387134,10.2735586011128,2.5595,/L
2028-Apr-23 00:00,C,,29.89557,9.82073,0.441,6.212,156.342943,-19.442676,10.2730754315123,3.0680,/L
2028-Apr-24 00:00,C,,30.01685,9.86472,0.448,6.219,247.017057,-19.498034,10.2723458129235,3.7026,/L
2028-Apr-25 00:00,C,m,30.13813,9.90858,0.456,6.227,337.692303,-19.553199,10.2713700690589,4.4089,/L
2028-Apr-26 00:00,C,m,30.25941,9.95232,0.462,6.234,68.368699,-19.608162,10.2701486263346,5.1573,/L
2028-Apr-27 00:00,C,m,30.38065,9.99592,0.468,6.240,159.046259,-19.662915,10.2686820156995,5.9317,/L
2028-Apr-28 00:00,C,m,30.50185,10.03938,0.473,6.245,249.725001,-19.717449,10.2669708794736,6.7230,/L
2028-Apr-29 00:00,C,m,30.62298,10.08269,0.478,6.250,340.404939,-19.771756,10.2650158224141,7.5257,/L
2028-Apr-30 00:00,C,m,30.74401,10.12585,0.482,6.254,71.086088,-19.825828,10.2628175964120,8.3364,/L
2028-May-01 00:00,C,m,30.86491,10.16884,0.485,6.258,161.768464,-19.879659,10.2603770416251,9.1529,/L
2028-May-02 00:00,C,m,30.98568,10.21166,0.488,6.261,252.452079,-19.933240,10.2576950741198,9.9737,/L
2028-May-03 00:00,C,m,31.10627,10.25430,0.490,6.264,343.136947,-19.986566,10.2547726680774,10.7977,/L
2028-May-04 00:00,C,m,31.22669,10.29675,0.492,6.267,73.823081,-20.039629,10.2516108435837,11.6242,/L
2028-May-05 00:00,C,m,31.34692,10.33901,0.494,6.269,164.510493,-20.092424,10.2482106389270,12.4526,/L
2028-May-06 00:00,C,m,31.46695,10.38107,0.495,6.271,255.199193,-20.144945,10.2445732078264,13.2826,/L
2028-May-07 00:00,C,m,31.58677,10.42294,0.497,6.273,345.889194,-20.197185,10.2406996099244,14.1139,/L
2028-May-08 00:00,C,m,31.70638,10.46460,0.498,6.275,76.580507,-20.249139,10.2365908704480,14.9462,/L
2028-May-09 00:00,*,,31.82576,10.50607,0.499,6.277,167.273141,-20.300801,10.2322480007957,15.7794,/L
2028-May-10 00:00,*,,31.94489,10.54733,0.499,6.279,257.967109,-20.352165,10.2276719679225,16.6134,/L
2028-May-11 00:00,*,,32.06376,10.58838,0.500,6.280,348.662422,-20.403225,10.2228637535250,17.4481,/L
2028-May-12 00:00,*,,32.18233,10.62921,0.501,6.282,79.359090,-20.453974,10.2178242684241,18.2834,/L
2028-May-13 00:00,*,,32.30060,10.66982,0.501,6.283,170.057126,-20.504405,10.2125543512883,19.1193,/L
2028-May-14 00:00,*,,32.41853,10.71019,0.502,6.285,260.756542,-20.554514,10.2070548830739,19.9557,/L
2028-May-15 00:00,*,,32.53612,10.75032,0.502,6.286,351.457351,-20.604292,10.2013267602604,20.7926,/L
2028-May-16 00:00,*,,32.65334,10.79021,0.502,6.288,82.159565,-20.653733,10.1953708348129,21.6300,/L
2028-May-17 00:00,*,,32.77018,10.82984,0.502,6.289,172.863198,-20.702831,10.1891880304698,22.4678,/L
2028-May-18 00:00,*,,32.88662,10.86921,0.502,6.290,263.568264,-20.751580,10.1827792485532,23.3061,/L
2028-May-19 00:00,*,,33.00266,10.90831,0.502,6.292,354.274776,-20.799973,10.1761455452777,24.1447,/L
2028-May-20 00:00,*,,33.11827,10.94715,0.502,6.293,84.982748,-20.848004,10.1692880649744,24.9839,/L
2028-May-21 00:00,*,,33.23344,10.98571,0.502,6.294,175.692194,-20.895666,10.1622080018087,25.8234,/L
2028-May-22 00:00,*,,33.34816,11.02400,0.502,6.295,266.403128,-20.942952,10.1549066582000,26.6633,/L
2028-May-23 00:00,*,,33.46242,11.06201,0.501,6.297,357.115563,-20.989857,10.1473855127085,27.5037,/L
2028-May-24 00:00,*,m,33.57618,11.09973,0.501,6.298,87.829513,-21.036373,10.1396461668801,28.3445,/L
2028-May-25 00:00,*,m,33.68944,11.13717,0.501,6.299,178.544988,-21.082494,10.1316904362881,29.1856,/L
2028-May-26 00:00,*,m,33.80216,11.17431,0.500,6.300,269.262000,-21.128214,10.1235202141892,30.0272,/L
2028-May-27 00:00,*,m,33.91433,11.21115,0.500,6.301,359.980560,-21.173527,10.1151375325753,30.8691,/L
2028-May-28 00:00,*,m,34.02591,11.24769,0.499,6.303,90.700675,-21.218426,10.1065446145004,31.7115,/L
2028-May-29 00:00,*,m,34.13688,11.28390,0.498,6.304,181.422354,-21.262906,10.0977437114587,32.5542,/L
2028-May-30 00:00,*,m,34.24723,11.31979,0.498,6.305,272.145604,-21.306963,10.0887371050743,33.3973,/L
2028-May-31 00:00,*,m,34.35693,11.35534,0.497,6.306,2.870431,-21.350590,10.0795270488956,34.2409,/L
2028-Jun-01 00:00,*,m,34.46598,11.39056,0.496,6.307,93.596841,-21.393784,10.0701157648022,35.0848,/L
2028-Jun-02 00:00,*,m,34.57437,11.42544,0.495,6.308,184.324840,-21.436541,10.0605054838967,35.9292,/L
2028-Jun-03 00:00,*,m,34.68209,11.45999,0.494,6.309,275.054434,-21.478857,10.0506983935251,36.7740,/L
2028-Jun-04 00:00,*,m,34.78913,11.49419,0.493,6.310,5.785628,-21.520729,10.0406965292604,37.6194,/L
2028-Jun-05 00:00,*,m,34.89548,11.52805,0.492,6.311,96.518430,-21.562151,10.0305019576586,38.4652,/L
2028-Jun-06 00:00,*,m,35.00113,11.56158,0.491,6.312,187.252846,-21.603121,10.0201166698604,39.3116,/L
2028-Jun-07 00:00,*,,35.10605,11.59475,0.490,6.313,277.988883,-21.643635,10.0095426718202,40.1586,/L
2028-Jun-08 00:00,*,,35.21022,11.62758,0.489,6.314,8.726548,-21.683688,9.99878194705169,41.0062,/L
2028-Jun-09 00:00,*,,35.31362,11.66005,0.487,6.315,99.465849,-21.723275,9.98783645040990,41.8545,/L
2028-Jun-10 00:00,*,,35.41623,11.69216,0.486,6.316,190.206795,-21.762394,9.97670820574072,42.7035,/L
2028-Jun-11 00:00,*,,35.51803,11.72389,0.485,6.317,280.949392,-21.801037,9.96539935728041,43.5532,/L
2028-Jun-12 00:00,*,,35.61899,11.75525,0.483,6.318,11.693649,-21.839201,9.95391204236499,44.4038,/L
2028-Jun-13 00:00,*,,35.71911,11.78623,0.482,6.319,102.439573,-21.876880,9.94224846298662,45.2551,/L
2028-Jun-14 00:00,*,,35.81837,11.81681,0.480,6.320,193.187172,-21.914070,9.93041083393222,46.1072,/L
2028-Jun-15 00:00,*,,35.91676,11.84701,0.478,6.321,283.936452,-21.950765,9.91840139181393,46.9602,/L
2028-Jun-16 00:00,*,,36.01426,11.87681,0.477,6.322,14.687421,-21.986962,9.90622247361103,47.8141,/L
2028-Jun-17 00:00,*,,36.11086,11.90622,0.475,6.322,105.440088,-22.022654,9.89387636088166,48.6689,/L
2028-Jun-18 00:00,*,,36.20654,11.93522,0.473,6.323,196.194459,-22.057837,9.88136538071672,49.5246,/L
2028-Jun-19 00:00,*,,36.30130,11.96382,0.471,6.324,286.950542,-22.092508,9.86869196350712,50.3812,/L
2028-Jun-20 00:00,*,,36.39512,11.99201,0.469,6.325,17.708348,-22.126661,9.85585865218110,51.2389,/L
2028-Jun-21 00:00,*,,36.48796,12.01980,0.467,6.326,108.467881,-22.160292,9.84286810648205,52.0975,/L
2028-Jun-22 00:00,*,,36.57982,12.04718,0.465,6.326,199.229150,-22.193396,9.82972313477435,52.9571,/L
2028-Jun-23 00:00,*,m,36.67067,12.07413,0.463,6.327,289.992162,-22.225969,9.81642662407547,53.8177,/L
2028-Jun-24 00:00,*,m,36.76048,12.10067,0.461,6.328,20.756922,-22.258007,9.80298174061257,54.6794,/L
2028-Jun-25 00:00,*,m,36.84922,12.12677,0.458,6.329,111.523435,-22.289507,9.78939177700297,55.5421,/L
2028-Jun-26 00:00,*,m,36.93687,12.15244,0.456,6.329,202.291703,-22.320464,9.77566013129219,56.4057,/L
2028-Jun-27 00:00,*,m,37.02341,12.17766,0.454,6.330,293.061728,-22.350875,9.76179029142459,57.2705,/L
2028-Jun-28 00:00,*,m,37.10883,12.20243,0.451,6.330,23.833510,-22.380737,9.74778577196755,58.1362,/L
2028-Jun-29 00:00,*,m,37.19313,12.22675,0.449,6.331,114.607050,-22.410047,9.73365009819277,59.0030,/L
2028-Jun-30 00:00,*,m,37.27630,12.25062,0.446,6.332,205.382346,-22.438802,9.71938675948125,59.8709,/L
2028-Jul-01 00:00,*,m,37.35832,12.27404,0.444,6.332,296.159397,-22.467000,9.70499905861971,60.7399,/L
2028-Jul-02 00:00,*,m,37.43920,12.29701,0.441,6.333,26.938201,-22.494638,9.69049020466159,61.6101,/L
2028-Jul-03 00:00,*,m,37.51892,12.31953,0.438,6.333,117.718759,-22.521714,9.67586335030687,62.4813,/L
2028-Jul-04 00:00,*,m,37.59746,12.34160,0.436,6.334,208.501071,-22.548227,9.66112152761990,63.3538,/L
2028-Jul-05 00:00,*,m,37.67479,12.36322,0.433,6.334,299.285136,-22.574172,9.64626776065414,64.2275,/L
2028-Jul-06 00:00,*,m,37.75091,12.38438,0.430,6.335,30.070958,-22.599549,9.63130496652062,65.1025,/L
2028-Jul-07 00:00,*,,37.82579,12.40507,0.427,6.335,120.858537,-22.624354,9.61623609161622,65.9787,/L
2028-Jul-08 00:00,*,,37.89941,12.42529,0.424,6.335,211.647876,-22.648585,9.60106416631976,66.8563,/L
2028-Jul-09 00:00,*,,37.97176,12.44504,0.421,6.336,302.438977,-22.672238,9.58579226135741,67.7353,/L
2028-Jul-10 00:00,*,,38.04281,12.46430,0.418,6.336,33.231842,-22.695311,9.57042346768988,68.6157,/L
2028-Jul-11 00:00,*,,38.11256,12.48309,0.415,6.336,124.026474,-22.717800,9.55496101430227,69.4976,/L
2028-Jul-12 00:00,*,,38.18098,12.50139,0.412,6.337,214.822875,-22.739702,9.53940818447517,70.3809,/L
2028-Jul-13 00:00,*,,38.24808,12.51920,0.408,6.337,305.621045,-22.761014,9.52376844515266,71.2657,/L
2028-Jul-14 00:00,*,,38.31383,12.53652,0.405,6.337,36.420986,-22.781731,9.50804530314001,72.1521,/L
2028-Jul-15 00:00,*,,38.37822,12.55334,0.402,6.337,127.222698,-22.801851,9.49224228088129,73.0401,/L
2028-Jul-16 00:00,*,,38.44125,12.56967,0.398,6.337,218.026180,-22.821371,9.47636300594581,73.9297,/L
2028-Jul-17 00:00,*,,38.50290,12.58551,0.395,6.338,308.831432,-22.840286,9.46041115783805,74.8209,/L
2028-Jul-18 00:00,*,,38.56315,12.60085,0.391,6.338,39.638453,-22.858595,9.44439045190036,75.7138,/L
2028-Jul-19 00:00,*,,38.62199,12.61569,0.388,6.338,130.447242,-22.876294,9.42830467252156,76.6083,/L
2028-Jul-20 00:00,*,,38.67939,12.63002,0.384,6.338,221.257797,-22.893380,9.41215764964278,77.5045,/L
2028-Jul-21 00:00,*,,38.73534,12.64385,0.380,6.338,312.070117,-22.909852,9.39595336005085,78.4024,/L
2028-Jul-22 00:00,*,m,38.78980,12.65718,0.377,6.338,42.884197,-22.925707,9.37969597924465,79.3020,/L
2028-Jul-23 00:00,*,m,38.84277,12.66998,0.373,6.338,133.700036,-22.940943,9.36338971164296,80.2032,/L
2028-Jul-24 00:00,*,m,38.89421,12.68226,0.369,6.338,224.517626,-22.955559,9.34703890362743,81.1062,/L
2028-Jul-25 00:00,*,m,38.94412,12.69401,0.365,6.338,315.336961,-22.969554,9.33064794030736,82.0109,/L
2028-Jul-26 00:00,*,m,38.99250,12.70524,0.361,6.337,46.158034,-22.982927,9.31422126689768,82.9173,/L
2028-Jul-27 00:00,*,m,39.03934,12.71594,0.357,6.337,136.980836,-22.995677,9.29776334270882,83.8253,/L
2028-Jul-28 00:00,*,m,39.08464,12.72612,0.353,6.337,227.805358,-23.007804,9.28127855319242,84.7351,/L
2028-Jul-29 00:00,*,m,39.12840,12.73578,0.349,6.337,318.631589,-23.019306,9.26477118408572,85.6466,/L
2028-Jul-30 00:00,*,m,39.17060,12.74492,0.345,6.337,49.459520,-23.030183,9.24824555557391,86.5599,/L
2028-Jul-31 00:00,*,m,39.21124,12.75355,0.341,6.336,140.289140,-23.040434,9.23170587261311,87.4749,/L
2028-Aug-01 00:00,*,m,39.25029,12.76165,0.337,6.336,231.120438,-23.050058,9.21515627610132,88.3917,/L
2028-Aug-02 00:00,*,m,39.28776,12.76922,0.332,6.336,321.953403,-23.059054,9.19860080038583,89.3103,/L
2028-Aug-03 00:00,*,m,39.32361,12.77628,0.328,6.335,52.788028,-23.067422,9.18204337662371,90.2308,/L
2028-Aug-04 00:00,*,m,39.35785,12.78280,0.324,6.335,143.624300,-23.075161,9.16548797211736,91.1531,/L
2028-Aug-05 00:00,*,m,39.39045,12.78879,0.319,6.334,234.462212,-23.082270,9.14893851725244,92.0774,/L
2028-Aug-06 00:00,*,,39.42142,12.79424,0.315,6.334,325.301753,-23.088748,9.13239890009613,93.0036,/L
2028-Aug-07 00:00,*,,39.45074,12.79916,0.311,6.333,56.142916,-23.094595,9.11587305925623,93.9317,/L
2028-Aug-08 00:00,*,,39.47840,12.80354,0.306,6.333,146.985691,-23.099810,9.09936500113570,94.8618,/L
2028-Aug-09 00:00,*,,39.50441,12.80739,0.302,6.332,237.830070,-23.104393,9.08287880201394,95.7939,/L
2028-Aug-10 00:00,*,,39.52875,12.81069,0.297,6.332,328.676041,-23.108341,9.06641867105107,96.7281,/L
2028-Aug-11 00:00,C,,39.55143,12.81346,0.292,6.331,59.523596,-23.111655,9.04998879841312,97.6644,/L
2028-Aug-12 00:00,C,,39.57243,12.81569,0.288,6.330,150.372724,-23.114334,9.03359354369807,98.6027,/L
2028-Aug-13 00:00,C,,39.59174,12.81739,0.283,6.330,241.223412,-23.116376,9.01723739018428,99.5432,/L
2028-Aug-14 00:00,C,,39.60937,12.81855,0.278,6.329,332.075649,-23.117782,9.00092491856118,100.4858,/L
2028-Aug-15 00:00,C,,39.62531,12.81918,0.274,6.328,62.929419,-23.118550,8.98466079411090,101.4306,/L
2028-Aug-16 00:00,C,,39.63954,12.81928,0.269,6.327,153.784709,-23.118679,8.96844975300582,102.3775,/L
2028-Aug-17 00:00,C,,39.65205,12.81884,0.264,6.326,244.641502,-23.118171,8.95229658665375,103.3266,/L
2028-Aug-18 00:00,C,,39.66282,12.81786,0.259,6.325,335.499780,-23.117024,8.93620624116332,104.2779,/L
2028-Aug-19 00:00,C,,39.67186,12.81635,0.254,6.324,66.359525,-23.115240,8.92018364940644,105.2314,/L
2028-Aug-20 00:00,C,,39.67914,12.81429,0.250,6.324,157.220716,-23.112820,8.90423376139885,106.1870,/L
2028-Aug-21 00:00,C,,39.68467,12.81168,0.245,6.323,248.083333,-23.109765,8.88836159228680,107.1448,/L
2028-Aug-22 00:00,C,m,39.68845,12.80854,0.240,6.321,338.947353,-23.106079,8.87257212352265,108.1047,/L
2028-Aug-23 00:00,C,m,39.69049,12.80485,0.235,6.320,69.812752,-23.101764,8.85687033976878,109.0667,/L
2028-Aug-24 00:00,C,m,39.69080,12.80063,0.230,6.319,160.679506,-23.096822,8.84126109319245,110.0309,/L
2028-Aug-25 00:00,C,m,39.68939,12.79589,0.225,6.318,251.547591,-23.091257,8.82574909851684,110.9971,/L
2028-Aug-26 00:00,C,m,39.68627,12.79062,0.220,6.317,342.416982,-23.085073,8.81033902416322,111.9654,/L
2028-Aug-27 00:00,C,m,39.68144,12.78484,0.215,6.316,73.287653,-23.078271,8.79503549575870,112.9357,/L
2028-Aug-28 00:00,C,m,39.67489,12.77855,0.210,6.315,164.159580,-23.070855,8.77984301981730,113.9082,/L
2028-Aug-29 00:00,C,m,39.66662,12.77174,0.205,6.313,255.032736,-23.062829,8.76476611636498,114.8827,/L
2028-Aug-30 00:00,C,m,39.65663,12.76442,0.199,6.312,345.907096,-23.054194,8.74980921276661,115.8594,/L
2028-Aug-31 00:00,N,m,39.64492,12.75659,0.194,6.311,76.782635,-23.044953,8.73497679065305,116.8381,/L
2028-Sep-01 00:00,N,m,39.63150,12.74825,0.189,6.309,167.659324,-23.035110,8.72027331157307,117.8189,/L
2028-Sep-02 00:00,N,m,39.61637,12.73940,0.184,6.308,258.537137,-23.024666,8.70570313241146,118.8019,/L
2028-Sep-03 00:00,N,m,39.59953,12.73004,0.179,6.306,349.416045,-23.013627,8.69127055618925,119.7870,/L
2028-Sep-04 00:00,N,m,39.58101,12.72018,0.174,6.305,80.296022,-23.001994,8.67697987538398,120.7742,/L
2028-Sep-05 00:00,N,m,39.56081,12.70981,0.169,6.303,171.177039,-22.989771,8.66283533491795,121.7635,/L
2028-Sep-06 00:00,N,m,39.53894,12.69895,0.164,6.302,262.059068,-22.976963,8.64884120590982,122.7550,/L
2028-Sep-07 00:00,N,,39.51542,12.68759,0.158,6.300,352.942081,-22.963572,8.63500170637061,123.7487,/L
2028-Sep-08 00:00,N,,39.49025,12.67575,0.153,6.298,83.826049,-22.949605,8.62132105917509,124.7445,/L
2028-Sep-09 00:00,N,,39.46345,12.66343,0.148,6.297,174.710943,-22.935064,8.60780362585507,125.7425,/L
2028-Sep-10 00:00,N,,39.43503,12.65064,0.143,6.295,265.596734,-22.919955,8.59445376525925,126.7427,/L
2028-Sep-11 00:00,N,,39.40500,12.63738,0.138,6.293,356.483390,-22.904283,8.58127590982744,127.7450,/L
2028-Sep-12 00:00,N,,39.37336,12.62365,0.133,6.292,87.370880,-22.888052,8.56827454052015,128.7495,/L
2028-Sep-13 00:00,N,,39.34012,12.60947,0.128,6.290,178.259170,-22.871267,8.55545422853012,129.7562,/L
2028-Sep-14 00:00,N,,39.30529,12.59483,0.122,6.288,269.148227,-22.853935,8.54281967385647,130.7650,/L
2028-Sep-15 00:00,N,,39.26888,12.57974,0.117,6.286,0.038013,-22.836060,8.53037566616673,131.7760,/L
2028-Sep-16 00:00,N,,39.23088,12.56420,0.112,6.284,90.928490,-22.817650,8.51812694956771,132.7891,/L
2028-Sep-17 00:00,N,,39.19133,12.54821,0.107,6.282,181.819619,-22.798712,8.50607835943834,133.8043,/L
2028-Sep-18 00:00,N,,39.15023,12.53178,0.102,6.280,272.711356,-22.779252,8.49423465674601,134.8215,/L
2028-Sep-19 00:00,A,,39.10763,12.51491,0.097,6.278,3.603659,-22.759280,8.48260051433290,135.8406,/L
2028-Sep-20 00:00,A,,39.06354,12.49763,0.092,6.276,94.496481,-22.738804,8.47118042585235,136.8618,/L
2028-Sep-21 00:00,A,,39.01801,12.47993,0.087,6.274,185.389779,-22.717835,8.45997861423247,137.8848,/L
2028-Sep-22 00:00,A,m,38.97106,12.46183,0.082,6.272,276.283508,-22.696381,8.44899912265208,138.9097,/L
2028-Sep-23 00:00,A,m,38.92272,12.44335,0.077,6.270,7.177622,-22.674452,8.43824584032866,139.9364,/L
2028-Sep-24 00:00,A,m,38.87300,12.42449,0.072,6.268,98.072077,-22.652060,8.42772243390318,140.9648,/L
2028-Sep-25 00:00,A,m,38.82193,12.40526,0.067,6.265,188.966830,-22.629214,8.41743243608545,141.9950,/L
2028-Sep-26 00:00,A,m,38.76953,12.38567,0.062,6.263,279.861838,-22.605924,8.40737928507239,143.0268,/L
2028-Sep-27 00:00,A,m,38.71581,12.36573,0.057,6.261,10.757057,-22.582200,8.39756633886842,144.0602,/L
2028-Sep-28 00:00,A,m,38.66081,12.34544,0.052,6.259,101.652444,-22.558052,8.38799700252428,145.0953,/L
2028-Sep-29 00:00,A,m,38.60455,12.32480,0.048,6.256,192.547956,-22.533491,8.37867455202881,146.1320,/L
2028-Sep-30 00:00,A,m,38.54705,12.30383,0.043,6.254,283.443548,-22.508527,8.36960224386892,147.1701,/L
2028-Oct-01 00:00,A,m,38.48834,12.28254,0.038,6.252,14.339176,-22.483169,8.36078333447067,148.2098,/L
2028-Oct-02 00:00,A,m,38.42847,12.26093,0.033,6.249,105.234795,-22.457430,8.35222105280862,149.2509,/L
2028-Oct-03 00:00,A,m,38.36746,12.23902,0.029,6.247,196.130360,-22.431318,8.34391855522393,150.2934,/L
2028-Oct-04 00:00,A,m,38.30535,12.21681,0.024,6.244,287.025823,-22.404845,8.33587892162632,151.3373,/L
2028-Oct-05 00:00,A,m,38.24217,12.19432,0.019,6.242,17.921141,-22.378023,8.32810507421311,152.3825,/L
2028-Oct-06 00:00,A,m,38.17795,12.17156,0.015,6.239,108.816265,-22.350863,8.32059995615076,153.4290,/L
2028-Oct-07 00:00,,m,38.11274,12.14855,0.010,6.237,199.711149,-22.323378,8.31336641947461,154.4766,/L
2028-Oct-08 00:00,,,38.04656,12.12529,0.006,6.234,290.605748,-22.295580,8.30640722187134,155.5253,/L
2028-Oct-09 00:00,,,37.97945,12.10180,0.001,6.232,21.500014,-22.267482,8.29972510741533,156.5751,/L
2028-Oct-10 00:00,,,37.91142,12.07808,-0.003,6.229,112.393900,-22.239097,8.29332277712647,157.6257,/L
2028-Oct-11 00:00,,,37.84252,12.05416,-0.007,6.226,203.287360,-22.210439,8.28720297043619,158.6772,/L
2028-Oct-12 00:00,,,37.77276,12.03003,-0.012,6.223,294.180344,-22.181521,8.28136843569658,159.7292,/L
2028-Oct-13 00:00,,,37.70218,12.00571,-0.016,6.221,25.072802,-22.152360,8.27582185107739,160.7818,/L
2028-Oct-14 00:00,,,37.63082,11.98121,-0.021,6.218,115.964687,-22.122968,8.27056589266173,161.8345,/L
2028-Oct-15 00:00,,,37.55870,11.95654,-0.025,6.215,206.855945,-22.093361,8.26560327101064,162.8873,/L
2028-Oct-16 00:00,,,37.48588,11.93171,-0.030,6.211,297.746524,-22.063556,8.26093657600598,163.9397,/L
2028-Oct-17 00:00,,,37.41240,11.90674,-0.034,6.208,28.636370,-22.033567,8.25656832640666,164.9913,/L
2028-Oct-18 00:00,,,37.33832,11.88164,-0.039,6.204,119.525429,-22.003413,8.25250076560617,166.0417,/L
2028-Oct-19 00:00,,,37.26368,11.85644,-0.044,6.201,210.413644,-21.973109,8.24873591898057,167.0900,/L
2028-Oct-20 00:00,,,37.18854,11.83115,-0.049,6.197,301.300963,-21.942672,8.24527557106475,168.1354,/L
2028-Oct-21 00:00,,,37.11294,11.80578,-0.054,6.192,32.187330,-21.912121,8.24212117794348,169.1768,/L
2028-Oct-22 00:00,,m,37.03690,11.78036,-0.060,6.187,123.072695,-21.881471,8.23927387018450,170.2123,/L
2028-Oct-23 00:00,,m,36.96048,11.75489,-0.067,6.181,213.957005,-21.850742,8.23673458489564,171.2395,/L
2028-Oct-24 00:00,,m,36.88371,11.72938,-0.074,6.175,304.840213,-21.819949,8.23450404339124,172.2548,/L
2028-Oct-25 00:00,,m,36.80662,11.70385,-0.082,6.167,35.722271,-21.789110,8.23258288724664,173.2523,/L
2028-Oct-26 00:00,,m,36.72927,11.67831,-0.091,6.159,126.603131,-21.758241,8.23097160899013,174.2222,/L
2028-Oct-27 00:00,,m,36.65169,11.65277,-0.101,6.149,217.482748,-21.727362,8.22967054264432,175.1475,/L
2028-Oct-28 00:00,,m,36.57393,11.62725,-0.111,6.139,308.361077,-21.696487,8.22868002542597,175.9966,/L
2028-Oct-29 00:00,,m,36.49603,11.60176,-0.122,6.129,39.238074,-21.665635,8.22800031701643,176.7093,/L
2028-Oct-30 00:00,,m,36.41805,11.57632,-0.129,6.121,130.113695,-21.634821,8.22763162495487,177.1796,/L
2028-Oct-31 00:00,,m,36.34002,11.55093,-0.131,6.120,220.987897,-21.604063,8.22757409331229,177.2780,/L
2028-Nov-01 00:00,,m,36.26199,11.52562,-0.126,6.125,311.860636,-21.573377,8.22782779350165,176.9676,/T
2028-Nov-02 00:00,,m,36.18401,11.50041,-0.116,6.135,42.731870,-21.542781,8.22839277204773,176.3509,/T
2028-Nov-03 00:00,,m,36.10612,11.47530,-0.105,6.146,133.601556,-21.512290,8.22926908655776,175.5532,/T
2028-Nov-04 00:00,,m,36.02836,11.45031,-0.094,6.156,224.469650,-21.481921,8.23045660978946,174.6548,/T
2028-Nov-05 00:00,,m,35.95078,11.42546,-0.084,6.165,315.336112,-21.451691,8.23195516635037,173.6984,/T
2028-Nov-06 00:00,,,35.87341,11.40076,-0.075,6.174,46.200898,-21.421618,8.23376445507387,172.7067,/T
2028-Nov-07 00:00,,,35.79629,11.37622,-0.068,6.181,137.063967,-21.391719,8.23588410220664,171.6922,/T
2028-Nov-08 00:00,,,35.71945,11.35186,-0.060,6.188,227.925278,-21.362011,8.23831366199967,170.6623,/T
2028-Nov-09 00:00,,,35.64293,11.32769,-0.054,6.193,318.784790,-21.332513,8.24105254225780,169.6215,/T
2028-Nov-10 00:00,,,35.56678,11.30371,-0.048,6.198,49.642464,-21.303242,8.24410003927509,168.5728,/T
2028-Nov-11 00:00,,,35.49103,11.27995,-0.043,6.203,140.498260,-21.274218,8.24745543856162,167.5182,/T
2028-Nov-12 00:00,,,35.41573,11.25641,-0.037,6.207,231.352138,-21.245457,8.25111788763383,166.4591,/T
2028-Nov-13 00:00,,,35.34093,11.23312,-0.032,6.211,322.204057,-21.216980,8.25508639864945,165.3965,/T
2028-Nov-14 00:00,,,35.26669,11.21008,-0.027,6.215,53.053981,-21.188804,8.25935982307784,164.3312,/T
2028-Nov-15 00:00,,,35.19305,11.18733,-0.023,6.219,143.901871,-21.160948,8.26393678361698,163.2638,/T
2028-Nov-16 00:00,,,35.12005,11.16487,-0.018,6.222,234.747690,-21.133430,8.26881580071069,162.1948,/T
2028-Nov-17 00:00,,,35.04775,11.14272,-0.013,6.226,325.591401,-21.106268,8.27399513078587,161.1244,/T
2028-Nov-18 00:00,,,34.97619,11.12090,-0.008,6.229,56.432971,-21.079479,8.27947277785308,160.0532,/T
2028-Nov-19 00:00,,,34.90538,11.09942,-0.004,6.232,147.272366,-21.053081,8.28524654550098,158.9812,/T
2028-Nov-20 00:00,,m,34.83538,11.07829,0.001,6.235,238.109555,-21.027089,8.29131405896759,157.9089,/T
2028-Nov-21 00:00,,m,34.76621,11.05752,0.005,6.238,328.944511,-21.001520,8.29767274865444,156.8362,/T
2028-Nov-22 00:00,,m,34.69791,11.03711,0.010,6.241,59.777203,-20.976389,8.30431991719119,155.7634,/T
2028-Nov-23 00:00,,m,34.63052,11.01709,0.015,6.244,150.607608,-20.951712,8.31125261163700,154.6907,/T
2028-Nov-24 00:00,,m,34.56408,10.99745,0.020,6.246,241.435703,-20.927504,8.31846783019565,153.6182,/T
2028-Nov-25 00:00,,m,34.49863,10.97822,0.024,6.249,332.261464,-20.903780,8.32596249657483,152.5459,/T
2028-Nov-26 00:00,,m,34.43420,10.95940,0.029,6.252,63.084873,-20.880554,8.33373343147972,151.4740,/T
2028-Nov-27 00:00,,m,34.37084,10.94101,0.034,6.255,153.905911,-20.857840,8.34177739990626,150.4025,/T
2028-Nov-28 00:00,,m,34.30858,10.92306,0.039,6.257,244.724561,-20.835652,8.35009109607379,149.3316,/T
2028-Nov-29 00:00,,m,34.24745,10.90556,0.044,6.260,335.540806,-20.814004,8.35867120217017,148.2613,/T
2028-Nov-30 00:00,,m,34.18749,10.88852,0.048,6.262,66.354633,-20.792907,8.36751445599018,147.1916,/T
2028-Dec-01 00:00,,m,34.12873,10.87196,0.053,6.265,157.166027,-20.772375,8.37661754213508,146.1226,/T
2028-Dec-02 00:00,,m,34.07120,10.85588,0.058,6.267,247.974974,-20.752420,8.38597712264536,145.0543,/T
2028-Dec-03 00:00,,m,34.01491,10.84029,0.063,6.270,338.781463,-20.733053,8.39558994702236,143.9869,/T
2028-Dec-04 00:00,,m,33.95989,10.82521,0.068,6.272,69.585482,-20.714286,8.40545273570217,142.9203,/T
2028-Dec-05 00:00,,,33.90616,10.81063,0.073,6.274,160.387016,-20.696129,8.41556226212979,141.8545,/T
2028-Dec-06 00:00,,,33.85375,10.79657,0.078,6.277,251.186054,-20.678595,8.42591518705778,140.7896,/T
2028-Dec-07 00:00,,,33.80268,10.78302,0.083,6.279,341.982585,-20.661695,8.43650807124162,139.7257,/T
2028-Dec-08 00:00,,,33.75297,10.77000,0.088,6.281,72.776597,-20.645440,8.44733741425775,138.6627,/T
2028-Dec-09 00:00,,,33.70465,10.75752,0.093,6.283,163.568081,-20.629841,8.45839960582454,137.6008,/T
2028-Dec-10 00:00,,,33.65776,10.74558,0.098,6.285,254.357025,-20.614909,8.46969082370327,136.5399,/T
2028-Dec-11 00:00,,,33.61233,10.73419,0.103,6.287,345.143424,-20.600655,8.48120713061912,135.4800,/T
2028-Dec-12 00:00,,,33.56840,10.72336,0.108,6.289,75.927270,-20.587090,8.49294437237677,134.4214,/T
2028-Dec-13 00:00,,,33.52599,10.71311,0.113,6.291,166.708558,-20.574224,8.50489829829482,133.3639,/T
2028-Dec-14 00:00,,,33.48512,10.70345,0.118,6.293,257.487284,-20.562068,8.51706451264896,132.3077,/T
2028-Dec-15 00:00,,,33.44583,10.69438,0.123,6.295,348.263448,-20.550629,8.52943838839554,131.2528,/T
2028-Dec-16 00:00,,,33.40812,10.68591,0.128,6.297,79.037050,-20.539917,8.54201520029472,130.1992,/T
2028-Dec-17 00:00,,,33.37200,10.67805,0.133,6.299,169.808092,-20.529938,8.55479014268421,129.1471,/T
2028-Dec-18 00:00,,,33.33749,10.67079,0.138,6.300,260.576579,-20.520700,8.56775835005617,128.0965,/T
2028-Dec-19 00:00,,m,33.30460,10.66413,0.143,6.302,351.342515,-20.512208,8.58091492980607,127.0473,/T
2028-Dec-20 00:00,,m,33.27335,10.65809,0.148,6.303,82.105907,-20.504469,8.59425492169988,125.9997,/T
2028-Dec-21 00:00,,m,33.24375,10.65265,0.153,6.305,172.866763,-20.497486,8.60777331896469,124.9538,/T
2028-Dec-22 00:00,,m,33.21582,10.64783,0.158,6.306,263.625092,-20.491264,8.62146519212811,123.9094,/T
2028-Dec-23 00:00,,m,33.18958,10.64362,0.163,6.308,354.380904,-20.485806,8.63532548837603,122.8667,/T
2028-Dec-24 00:00,,m,33.16504,10.64004,0.168,6.309,85.134211,-20.481117,8.64934912522004,121.8258,/T
2028-Dec-25 00:00,,m,33.14222,10.63708,0.173,6.310,175.885025,-20.477200,8.66353095375353,120.7865,/T
2028-Dec-26 00:00,,m,33.12114,10.63475,0.178,6.312,266.633360,-20.474056,8.67786581662183,119.7490,/T
2028-Dec-27 00:00,,m,33.10179,10.63305,0.183,6.313,357.379231,-20.471689,8.69234860092264,118.7132,/T
2028-Dec-28 00:00,,m,33.08421,10.63199,0.187,6.314,88.122656,-20.470101,8.70697420874438,117.6792,/T
2028-Dec-29 00:00,,m,33.06838,10.63156,0.192,6.315,178.863650,-20.469293,8.72173750914363,116.6470,/T
2028-Dec-30 00:00,,m,33.05432,10.63178,0.197,6.316,269.602233,-20.469266,8.73663351583673,115.6166,/T
2028-Dec-31 00:00,,m,33.04202,10.63263,0.202,6.317,0.338423,-20.470022,8.75165731729735,114.5880,/T
2029-Jan-01 00:00,,m,33.03148,10.63412,0.206,6.318,91.072238,-20.471562,8.76680410351129,113.5612,/T
2029-Jan-02 00:00,,m,33.02270,10.63624,0.211,6.319,181.803696,-20.473884,8.78206916809208,112.5362,/T
2029-Jan-03 00:00,,,33.01567,10.63900,0.216,6.319,272.532817,-20.476990,8.79744780905635,111.5129,/T
2029-Jan-04 00:00,,,33.01040,10.64238,0.220,6.320,3.259618,-20.480880,8.81293544595350,110.4914,/T
2029-Jan-05 00:00,,,33.00689,10.64639,0.225,6.321,93.984116,-20.485553,8.82852752455267,109.4718,/T
2029-Jan-06 00:00,,,33.00516,10.65103,0.229,6.321,184.706329,-20.491010,8.84421940250191,108.4539,/T
2029-Jan-07 00:00,,,33.00522,10.65630,0.234,6.322,275.426274,-20.497249,8.86000632351515,107.4378,/T
2029-Jan-08 00:00,,,33.00707,10.66220,0.238,6.322,6.143969,-20.504271,8.87588341166151,106.4234,/T
2029-Jan-09 00:00,,,33.01073,10.66873,0.242,6.323,96.859434,-20.512074,8.89184561569702,105.4109,/T
2029-Jan-10 00:00,,,33.01621,10.67590,0.247,6.323,187.572690,-20.520658,8.90788781957153,104.4003,/T
2029-Jan-11 00:00,,,33.02349,10.68371,0.251,6.323,278.283758,-20.530020,8.92400466381093,103.3915,/T
2029-Jan-12 00:00,,,33.03259,10.69215,0.255,6.324,8.992663,-20.540159,8.94019070046056,102.3846,/T
2029-Jan-13 00:00,,,33.04349,10.70122,0.259,6.324,99.699431,-20.551072,8.95644044853566,101.3795,/T
2029-Jan-14 00:00,,,33.05618,10.71092,0.263,6.324,190.404089,-20.562757,8.97274839234292,100.3764,/T
2029-Jan-15 00:00,,,33.07065,10.72123,0.267,6.324,281.106664,-20.575208,8.98910901130404,99.3753,/T
2029-Jan-16 00:00,,,33.08691,10.73216,0.271,6.324,11.807187,-20.588423,9.00551680268852,98.3762,/T
2029-Jan-17 00:00,,m,33.10494,10.74371,0.275,6.324,102.505688,-20.602396,9.02196628048530,97.3790,/T
2029-Jan-18 00:00,,m,33.12475,10.75585,0.279,6.324,193.202199,-20.617121,9.03845212830115,96.3839,/T
2029-Jan-19 00:00,,m,33.14632,10.76860,0.283,6.324,283.896750,-20.632593,9.05496911143118,95.3908,/T
2029-Jan-20 00:00,,m,33.16966,10.78194,0.287,6.323,14.589374,-20.648806,9.07151202893883,94.3997,/T
2029-Jan-21 00:00,,m,33.19476,10.79587,0.291,6.323,105.280101,-20.665752,9.08807581201924,93.4107,/T
2029-Jan-22 00:00,,m,33.22162,10.81040,0.294,6.323,195.968965,-20.683426,9.10465542099950,92.4238,/T
2029-Jan-23 00:00,,m,33.25022,10.82551,0.298,6.322,286.655995,-20.701819,9.12124592814976,91.4389,/T
2029-Jan-24 00:00,,m,33.28058,10.84120,0.301,6.322,17.341225,-20.720926,9.13784242620321,90.4561,/T
2029-Jan-25 00:00,,m,33.31267,10.85747,0.305,6.321,108.024685,-20.740738,9.15443998471512,89.4753,/T
2029-Jan-26 00:00,,m,33.34648,10.87432,0.308,6.321,198.706411,-20.761248,9.17103372744975,88.4966,/T
2029-Jan-27 00:00,,m,33.38201,10.89173,0.312,6.320,289.386433,-20.782449,9.18761891664481,87.5200,/T
2029-Jan-28 00:00,,m,33.41923,10.90970,0.315,6.320,20.064786,-20.804333,9.20419084868703,86.5454,/T
2029-Jan-29 00:00,,m,33.45812,10.92823,0.318,6.319,110.741501,-20.826894,9.22074497883065,85.5728,/T
2029-Jan-30 00:00,,m,33.49867,10.94730,0.321,6.318,201.416613,-20.850122,9.23727680390541,84.6022,/T
2029-Jan-31 00:00,,m,33.54086,10.96690,0.324,6.317,292.090153,-20.874012,9.25378196506637,83.6336,/T
2029-Feb-01 00:00,,,33.58468,10.98704,0.327,6.316,22.762152,-20.898556,9.27025624859794,82.6670,/T
2029-Feb-02 00:00,,,33.63013,11.00769,0.330,6.316,113.432640,-20.923745,9.28669544104242,81.7023,/T
2029-Feb-03 00:00,,,33.67720,11.02886,0.333,6.315,204.101650,-20.949574,9.30309531436850,80.7395,/T
2029-Feb-04 00:00,,,33.72588,11.05055,0.336,6.314,294.769210,-20.976034,9.31945165095098,79.7786,/T
2029-Feb-05 00:00,,,33.77618,11.07275,0.339,6.312,25.435351,-21.003118,9.33576018223255,78.8196,/T
2029-Feb-06 00:00,,,33.82809,11.09546,0.341,6.311,116.100103,-21.030818,9.35201662252491,77.8624,/T
2029-Feb-07 00:00,,,33.88160,11.11868,0.344,6.310,206.763496,-21.059124,9.36821659540574,76.9071,/T
2029-Feb-08 00:00,,,33.93668,11.14239,0.346,6.309,297.425563,-21.088030,9.38435557150294,75.9537,/T
2029-Feb-09 00:00,,,33.99333,11.16660,0.349,6.308,28.086336,-21.117525,9.40042904854244,75.0022,/T
2029-Feb-10 00:00,,,34.05151,11.19129,0.351,6.306,118.745846,-21.147601,9.41643243561902,74.0525,/T
2029-Feb-11 00:00,,,34.11123,11.21645,0.354,6.305,209.404130,-21.178249,9.43236111923712,73.1048,/T
2029-Feb-12 00:00,,,34.17245,11.24208,0.356,6.304,300.061220,-21.209459,9.44821046312591,72.1589,/T
2029-Feb-13 00:00,,,34.23517,11.26816,0.358,6.302,30.717154,-21.241222,9.46397584665039,71.2149,/T
2029-Feb-14 00:00,A,,34.29938,11.29468,0.360,6.301,121.371968,-21.273527,9.47965273861196,70.2729,/T
2029-Feb-15 00:00,A,m,34.36505,11.32165,0.362,6.299,212.025699,-21.306364,9.49523676054139,69.3327,/T
2029-Feb-16 00:00,A,m,34.43217,11.34904,0.364,6.297,302.678383,-21.339724,9.51072353660730,68.3945,/T
2029-Feb-17 00:00,A,m,34.50074,11.37686,0.366,6.296,33.330057,-21.373595,9.52610885343752,67.4582,/T
2029-Feb-18 00:00,A,m,34.57074,11.40510,0.368,6.294,123.980759,-21.407968,9.54138862346750,66.5238,/T
2029-Feb-19 00:00,A,m,34.64215,11.43376,0.369,6.292,214.630525,-21.442830,9.55655891266368,65.5913,/T
2029-Feb-20 00:00,A,m,34.71496,11.46281,0.371,6.291,305.279391,-21.478172,9.57161596148511,64.6607,/T
2029-Feb-21 00:00,A,m,34.78915,11.49227,0.373,6.289,35.927392,-21.513981,9.58655607387520,63.7320,/T
2029-Feb-22 00:00,A,m,34.86470,11.52212,0.374,6.287,126.574564,-21.550248,9.60137567922311,62.8052,/T
2029-Feb-23 00:00,A,m,34.94160,11.55235,0.376,6.285,217.220940,-21.586960,9.61607138347415,61.8803,/T
2029-Feb-24 00:00,A,m,35.01981,11.58295,0.377,6.283,307.866553,-21.624108,9.63063986680400,60.9573,/T
2029-Feb-25 00:00,A,m,35.09932,11.61392,0.378,6.281,38.511437,-21.661680,9.64507786574640,60.0362,/T
2029-Feb-26 00:00,A,m,35.18010,11.64525,0.379,6.279,129.155623,-21.699666,9.65938220980158,59.1168,/T
2029-Feb-27 00:00,A,m,35.26213,11.67691,0.381,6.277,219.799143,-21.738055,9.67354975326280,58.1993,/T
2029-Feb-28 00:00,A,m,35.34539,11.70891,0.382,6.275,310.442029,-21.776838,9.68757753298465,57.2836,/T
2029-Mar-01 00:00,A,m,35.42987,11.74124,0.383,6.273,41.084310,-21.816005,9.70146258565143,56.3696,/T
2029-Mar-02 00:00,A,,35.51556,11.77388,0.384,6.271,131.726016,-21.855547,9.71520194164981,55.4573,/T
2029-Mar-03 00:00,A,,35.60244,11.80683,0.384,6.269,222.367178,-21.895455,9.72879263413428,54.5468,/T
2029-Mar-04 00:00,A,,35.69053,11.84009,0.385,6.266,313.007824,-21.935719,9.74223167778462,53.6378,/T
2029-Mar-05 00:00,A,,35.77979,11.87367,0.386,6.264,43.647984,-21.976330,9.75551602993592,52.7305,/T
2029-Mar-06 00:00,A,,35.87023,11.90754,0.386,6.262,134.287688,-22.017279,9.76864263867122,51.8248,/T
2029-Mar-07 00:00,A,,35.96180,11.94171,0.387,6.259,224.926967,-22.058555,9.78160833840309,50.9207,/T
2029-Mar-08 00:00,A,,36.05450,11.97617,0.388,6.257,315.565851,-22.100150,9.79441003336227,50.0181,/T
2029-Mar-09 00:00,A,,36.14830,12.01090,0.388,6.255,46.204371,-22.142051,9.80704469734410,49.1171,/T
2029-Mar-10 00:00,A,,36.24318,12.04590,0.388,6.252,136.842558,-22.184250,9.81950929687202,48.2177,/T
2029-Mar-11 00:00,A,,36.33911,12.08116,0.389,6.250,227.480443,-22.226735,9.83180085252345,47.3198,/T
2029-Mar-12 00:00,A,,36.43609,12.11666,0.389,6.247,318.118058,-22.269496,9.84391637631557,46.4234,/T
2029-Mar-13 00:00,A,,36.53408,12.15240,0.389,6.245,48.755433,-22.312522,9.85585293282238,45.5286,/T
2029-Mar-14 00:00,N,,36.63309,12.18836,0.389,6.242,139.392600,-22.355802,9.86760766327220,44.6354,/T
2029-Mar-15 00:00,N,,36.73308,12.22455,0.389,6.240,230.029590,-22.399326,9.87917770476700,43.7437,/T
2029-Mar-16 00:00,N,,36.83406,12.26095,0.389,6.237,320.666437,-22.443083,9.89056020649723,42.8535,/T
2029-Mar-17 00:00,N,m,36.93600,12.29756,0.389,6.234,51.303170,-22.487062,9.90175248185739,41.9648,/T
2029-Mar-18 00:00,N,m,37.03889,12.33437,0.388,6.232,141.939824,-22.531254,9.91275189875751,41.0777,/T
2029-Mar-19 00:00,N,m,37.14271,12.37137,0.388,6.229,232.576429,-22.575648,9.92355600285978,40.1922,/T
2029-Mar-20 00:00,N,m,37.24744,12.40856,0.388,6.226,323.213016,-22.620233,9.93416240616070,39.3081,/T
2029-Mar-21 00:00,N,m,37.35307,12.44593,0.387,6.224,53.849618,-22.664999,9.94456883700033,38.4256,/T
2029-Mar-22 00:00,N,m,37.45956,12.48348,0.387,6.221,144.486265,-22.709936,9.95477322462444,37.5446,/T
2029-Mar-23 00:00,N,m,37.56689,12.52119,0.386,6.218,235.122985,-22.755033,9.96477366908841,36.6651,/T
2029-Mar-24 00:00,N,m,37.67505,12.55905,0.385,6.215,325.759809,-22.800281,9.97456836738862,35.7871,/T
2029-Mar-25 00:00,N,m,37.78399,12.59707,0.385,6.212,56.396763,-22.845669,9.98415570006138,34.9106,/T
2029-Mar-26 00:00,N,m,37.89371,12.63522,0.384,6.210,147.033875,-22.891188,9.99353414735172,34.0356,/T
2029-Mar-27 00:00,N,m,38.00417,12.67349,0.383,6.207,237.671170,-22.936827,10.0027023485658,33.1620,/T
2029-Mar-28 00:00,N,m,38.11536,12.71188,0.382,6.204,328.308672,-22.982577,10.0116590471329,32.2898,/T
2029-Mar-29 00:00,N,m,38.22727,12.75038,0.381,6.201,58.946403,-23.028430,10.0204029109216,31.4190,/T
2029-Mar-30 00:00,N,m,38.33989,12.78898,0.380,6.198,149.584386,-23.074376,10.0289326184770,30.5496,/T
2029-Mar-31 00:00,N,,38.45322,12.82768,0.379,6.195,240.222643,-23.120409,10.0372467863663,29.6815,/T
2029-Apr-01 00:00,N,,38.56724,12.86648,0.378,6.192,330.861197,-23.166519,10.0453439412222,28.8148,/T
2029-Apr-02 00:00,N,,38.68195,12.90538,0.376,6.189,61.500071,-23.212698,10.0532225028546,27.9493,/T
2029-Apr-03 00:00,N,,38.79731,12.94436,0.375,6.186,152.139288,-23.258940,10.0608807735036,27.0851,/T
2029-Apr-04 00:00,N,,38.91332,12.98343,0.374,6.183,242.778873,-23.305235,10.0683169731268,26.2222,/T
2029-Apr-05 00:00,N,,39.02994,13.02258,0.372,6.180,333.418850,-23.351575,10.0755294280812,25.3604,/T
2029-Apr-06 00:00,N,,39.14715,13.06179,0.370,6.177,64.059245,-23.397952,10.0825164207465,24.5000,/T
2029-Apr-07 00:00,N,,39.26493,13.10105,0.369,6.174,154.700085,-23.444357,10.0892763095269,23.6407,/T
2029-Apr-08 00:00,N,,39.38327,13.14036,0.367,6.170,245.341395,-23.490780,10.0958075289013,22.7827,/T
2029-Apr-09 00:00,N,,39.50213,13.17971,0.365,6.167,335.983200,-23.537214,10.1021086199440,21.9260,/T
2029-Apr-10 00:00,N,,39.62151,13.21909,0.363,6.164,66.625527,-23.583649,10.1081782765839,21.0705,/T
2029-Apr-11 00:00,N,,39.74139,13.25850,0.361,6.161,157.268401,-23.630075,10.1140152775085,20.2164,/T
2029-Apr-12 00:00,N,,39.86177,13.29792,0.359,6.157,247.911845,-23.676484,10.1196184100410,19.3636,/T
2029-Apr-13 00:00,C,,39.98261,13.33735,0.357,6.154,338.555884,-23.722867,10.1249865855711,18.5122,/T
2029-Apr-14 00:00,C,,40.10391,13.37678,0.355,6.150,69.200543,-23.769214,10.1301187730589,17.6622,/T
2029-Apr-15 00:00,C,m,40.22565,13.41622,0.352,6.147,159.845844,-23.815518,10.1350139762765,16.8137,/T
2029-Apr-16 00:00,C,m,40.34782,13.45565,0.350,6.143,250.491812,-23.861770,10.1396712817315,15.9669,/T
2029-Apr-17 00:00,C,m,40.47040,13.49508,0.347,6.140,341.138471,-23.907962,10.1440897638474,15.1217,/T
2029-Apr-18 00:00,C,m,40.59335,13.53448,0.344,6.136,71.785844,-23.954086,10.1482686614387,14.2783,/T
2029-Apr-19 00:00,C,m,40.71667,13.57387,0.341,6.132,162.433955,-24.000134,10.1522073404910,13.4370,/T
2029-Apr-20 00:00,C,m,40.84033,13.61322,0.337,6.127,253.082826,-24.046097,10.1559052492686,12.5978,/T
2029-Apr-21 00:00,C,m,40.96429,13.65253,0.334,6.123,343.732479,-24.091969,10.1593619412941,11.7610,/T
2029-Apr-22 00:00,C,m,41.08855,13.69180,0.329,6.118,74.382936,-24.137743,10.1625771331476,10.9271,/T
2029-Apr-23 00:00,C,m,41.21307,13.73102,0.325,6.113,165.034218,-24.183410,10.1655506534664,10.0964,/T
2029-Apr-24 00:00,C,m,41.33783,13.77017,0.320,6.107,255.686344,-24.228964,10.1682825476744,9.2696,/T
2029-Apr-25 00:00,C,m,41.46283,13.80925,0.314,6.101,346.339332,-24.274398,10.1707728784386,8.4475,/T
2029-Apr-26 00:00,C,m,41.58804,13.84825,0.308,6.094,76.993200,-24.319706,10.1730217886755,7.6315,/T
2029-Apr-27 00:00,C,m,41.71347,13.88717,0.301,6.087,167.647964,-24.364879,10.1750294977981,6.8232,/T
2029-Apr-28 00:00,C,m,41.83910,13.92601,0.293,6.078,258.303638,-24.409913,10.1767961771023,6.0256,/T
2029-Apr-29 00:00,C,,41.96493,13.96477,0.284,6.069,348.960238,-24.454801,10.1783218983337,5.2431,/T
2029-Apr-30 00:00,C,,42.09094,14.00345,0.274,6.058,79.617779,-24.499537,10.1796065795226,4.4833,/T
2029-May-01 00:00,C,,42.21711,14.04203,0.263,6.047,170.276276,-24.544115,10.1806499613732,3.7595,/T
2029-May-02 00:00,C,,42.34341,14.08052,0.251,6.035,260.935748,-24.588530,10.1814517437841,3.0966,/T
2029-May-03 00:00,C,,42.46982,14.11889,0.240,6.024,351.596211,-24.632774,10.1820115738691,2.5422,/T
2029-May-04 00:00,C,,42.59632,14.15715,0.231,6.015,82.257685,-24.676842,10.1823290091102,2.1799,/T
2029-May-05 00:00,C,,42.72286,14.19530,0.229,6.013,172.920189,-24.720728,10.1824036929719,2.1107,/T
2029-May-06 00:00,C,,42.84947,14.23334,0.234,6.017,263.583743,-24.764426,10.1822352908470,2.3600,/L
2029-May-07 00:00,C,,42.97612,14.27124,0.243,6.026,354.248367,-24.807929,10.1818236151128,2.8450,/L
2029-May-08 00:00,C,,43.10280,14.30901,0.253,6.036,84.914081,-24.851232,10.1811685711747,3.4679,/L
2029-May-09 00:00,C,,43.22949,14.34663,0.263,6.046,175.580905,-24.894327,10.1802701213549,4.1671,/L
2029-May-10 00:00,*,,43.35618,14.38411,0.272,6.056,266.248858,-24.937208,10.1791283460716,4.9100,/L
2029-May-11 00:00,*,,43.48285,14.42143,0.280,6.064,356.917961,-24.979870,10.1777435247289,5.6793,/L
2029-May-12 00:00,*,,43.60947,14.45859,0.286,6.071,87.588231,-25.022305,10.1761159999869,6.4655,/L
2029-May-13 00:00,*,,43.73604,14.49559,0.292,6.077,178.259686,-25.064508,10.1742462632802,7.2630,/L
2029-May-14 00:00,*,m,43.86254,14.53243,0.297,6.082,268.932345,-25.106471,10.1721348425254,8.0684,/L
2029-May-15 00:00,*,m,43.98894,14.56910,0.302,6.087,359.606223,-25.148190,10.1697823574566,8.8795,/L
2029-May-16 00:00,*,m,44.11522,14.60560,0.305,6.091,90.281337,-25.189659,10.1671895635657,9.6947,/L
2029-May-17 00:00,*,m,44.24136,14.64192,0.308,6.095,180.957703,-25.230871,10.1643572213998,10.5132,/L
2029-May-18 00:00,*,m,44.36734,14.67805,0.311,6.098,271.635336,-25.271821,10.1612861289503,11.3341,/L
2029-May-19 00:00,*,m,44.49313,14.71399,0.314,6.101,2.314252,-25.312505,10.1579771798615,12.1569,/L
2029-May-20 00:00,*,m,44.61871,14.74973,0.316,6.104,92.994467,-25.352918,10.1544313467107,12.9812,/L
2029-May-21 00:00,*,m,44.74405,14.78527,0.317,6.107,183.675993,-25.393055,10.1506497103259,13.8067,/L
2029-May-22 00:00,*,m,44.86916,14.82059,0.319,6.109,274.358845,-25.432913,10.1466334315900,14.6333,/L
2029-May-23 00:00,*,m,44.99400,14.85570,0.320,6.111,5.043034,-25.472486,10.1423836475545,15.4607,/L
2029-May-24 00:00,*,m,45.11858,14.89059,0.321,6.113,95.728575,-25.511771,10.1379016420815,16.2888,/L
2029-May-25 00:00,*,m,45.24289,14.92526,0.322,6.115,186.415478,-25.550765,10.1331886986739,17.1176,/L
2029-May-26 00:00,*,m,45.36690,14.95971,0.323,6.117,277.103754,-25.589463,10.1282460973933,17.9469,/L
2029-May-27 00:00,*,m,45.49062,14.99394,0.324,6.119,7.793415,-25.627861,10.1230750641110,18.7768,/L
2029-May-28 00:00,*,,45.61403,15.02795,0.325,6.120,98.484470,-25.665956,10.1176767485760,19.6072,/L
2029-May-29 00:00,*,,45.73708,15.06173,0.325,6.122,189.176932,-25.703744,10.1120522524897,20.4380,/L
2029-May-30 00:00,*,,45.85978,15.09528,0.326,6.124,279.870810,-25.741221,10.1062026801375,21.2694,/L
2029-May-31 00:00,*,,45.98208,15.12859,0.326,6.125,10.566118,-25.778381,10.1001289831964,22.1012,/L
2029-Jun-01 00:00,*,,46.10397,15.16165,0.326,6.127,101.262868,-25.815222,10.0938320979606,22.9336,/L
2029-Jun-02 00:00,*,,46.22543,15.19447,0.327,6.128,191.961073,-25.851740,10.0873129611341,23.7664,/L
2029-Jun-03 00:00,*,,46.34646,15.22702,0.327,6.130,282.660746,-25.887929,10.0805725200899,24.5997,/L
2029-Jun-04 00:00,*,,46.46703,15.25931,0.327,6.131,13.361902,-25.923787,10.0736118055295,25.4336,/L
2029-Jun-05 00:00,*,,46.58713,15.29134,0.327,6.133,104.064555,-25.959309,10.0664318343309,26.2679,/L
2029-Jun-06 00:00,*,,46.70674,15.32309,0.327,6.134,194.768721,-25.994492,10.0590336955310,27.1028,/L
2029-Jun-07 00:00,*,,46.82586,15.35458,0.327,6.136,285.474412,-26.029333,10.0514186262464,27.9382,/L
2029-Jun-08 00:00,*,,46.94447,15.38579,0.326,6.137,16.181644,-26.063826,10.0435879575526,28.7741,/L
2029-Jun-09 00:00,*,,47.06254,15.41673,0.326,6.139,106.890432,-26.097969,10.0355430920165,29.6105,/L
2029-Jun-10 00:00,*,,47.18006,15.44739,0.326,6.140,197.600789,-26.131758,10.0272855835784,30.4475,/L
2029-Jun-11 00:00,*,,47.29701,15.47777,0.326,6.141,288.312730,-26.165190,10.0188170574930,31.2851,/L
2029-Jun-12 00:00,*,m,47.41336,15.50786,0.325,6.143,19.026267,-26.198259,10.0101393836446,32.1232,/L
2029-Jun-13 00:00,*,m,47.52909,15.53767,0.325,6.144,109.741412,-26.230964,10.0012545350449,32.9619,/L
2029-Jun-14 00:00,*,m,47.64417,15.56718,0.324,6.145,200.458176,-26.263300,9.99216457423539,33.8011,/L
2029-Jun-15 00:00,*,m,47.75859,15.59640,0.323,6.147,291.176570,-26.295264,9.98287168653582,34.6409,/L
2029-Jun-16 00:00,*,m,47.87231,15.62530,0.323,6.148,21.896604,-26.326853,9.97337815772605,35.4813,/L
2029-Jun-17 00:00,*,m,47.98531,15.65390,0.322,6.149,112.618285,-26.358064,9.96368631495674,36.3223,/L
2029-Jun-18 00:00,*,m,48.09759,15.68218,0.321,6.150,203.341620,-26.388894,9.95379854035317,37.1639,/L
2029-Jun-19 00:00,*,m,48.20912,15.71014,0.320,6.152,294.066618,-26.419341,9.94371713809034,38.0060,/L
2029-Jun-20 00:00,*,m,48.31991,15.73778,0.319,6.153,24.793284,-26.449404,9.93344444255504,38.8488,/L
2029-Jun-21 00:00,*,m,48.42993,15.76510,0.318,6.154,115.521627,-26.479080,9.92298282958756,39.6923,/L
2029-Jun-22 00:00,*,m,48.53918,15.79210,0.317,6.155,206.251651,-26.508368,9.91233458217791,40.5364,/L
2029-Jun-23 00:00,*,m,48.64765,15.81878,0.316,6.157,296.983362,-26.537267,9.90150195660713,41.3812,/L
2029-Jun-24 00:00,*,m,48.75532,15.84513,0.315,6.158,27.716769,-26.565774,9.89048711570273,42.2267,/L
2029-Jun-25 00:00,*,m,48.86217,15.87117,0.314,6.159,118.451878,-26.593888,9.87929219279441,43.0730,/L
2029-Jun-26 00:00,*,,48.96818,15.89689,0.313,6.160,209.188696,-26.621607,9.86791932437524,43.9202,/L
2029-Jun-27 00:00,*,,49.07331,15.92227,0.311,6.161,299.927230,-26.648930,9.85637060141186,44.7681,/L
2029-Jun-28 00:00,*,,49.17754,15.94732,0.310,6.162,30.667491,-26.675854,9.84464806605305,45.6170,/L
2029-Jun-29 00:00,*,,49.28086,15.97203,0.308,6.163,121.409485,-26.702376,9.83275388779445,46.4668,/L
2029-Jun-30 00:00,*,,49.38325,15.99639,0.307,6.164,212.153222,-26.728495,9.82069024818017,47.3175,/L
2029-Jul-01 00:00,*,,49.48469,16.02041,0.305,6.165,302.898711,-26.754207,9.80845943848432,48.1693,/L
2029-Jul-02 00:00,*,,49.58518,16.04406,0.304,6.166,33.645958,-26.779510,9.79606375512196,49.0221,/L
2029-Jul-03 00:00,*,,49.68469,16.06737,0.302,6.167,124.394973,-26.804403,9.78350549744522,49.8760,/L
2029-Jul-04 00:00,*,,49.78322,16.09031,0.300,6.168,215.145764,-26.828881,9.77078705542045,50.7309,/L
2029-Jul-05 00:00,*,,49.88075,16.11290,0.298,6.169,305.898340,-26.852945,9.75791088246586,51.5870,/L
2029-Jul-06 00:00,*,,49.97726,16.13513,0.297,6.170,36.652708,-26.876590,9.74487942956329,52.4443,/L
2029-Jul-07 00:00,*,,50.07274,16.15700,0.295,6.171,127.408878,-26.899817,9.73169523653571,53.3027,/L
2029-Jul-08 00:00,*,,50.16716,16.17851,0.293,6.172,218.166858,-26.922624,9.71836090558014,54.1622,/L
2029-Jul-09 00:00,*,,50.26050,16.19966,0.291,6.173,308.926656,-26.945008,9.70487917001006,55.0230,/L
2029-Jul-10 00:00,*,,50.35275,16.22044,0.288,6.174,39.688280,-26.966968,9.69125293868825,55.8850,/L
2029-Jul-11 00:00,*,,50.44386,16.24086,0.286,6.175,130.451737,-26.988502,9.67748515180989,56.7483,/L
2029-Jul-12 00:00,*,m,50.53383,16.26090,0.284,6.175,221.217035,-27.009610,9.66357893351025,57.6128,/L
2029-Jul-13 00:00,*,m,50.62261,16.28057,0.282,6.176,311.984178,-27.030289,9.64953757273488,58.4785,/L
2029-Jul-14 00:00,*,m,50.71020,16.29985,0.279,6.177,42.753172,-27.050539,9.63536451196819,59.3455,/L
2029-Jul-15 00:00,*,m,50.79657,16.31875,0.277,6.178,133.524020,-27.070358,9.62106330679653,60.2138,/L
2029-Jul-16 00:00,*,m,50.88171,16.33726,0.274,6.178,224.296722,-27.089744,9.60663757313749,61.0834,/L
2029-Jul-17 00:00,*,m,50.96561,16.35537,0.272,6.179,315.071279,-27.108697,9.59209091283055,61.9542,/L
2029-Jul-18 00:00,*,m,51.04826,16.37310,0.269,6.180,45.847693,-27.127217,9.57742701544758,62.8264,/L
2029-Jul-19 00:00,*,m,51.12965,16.39044,0.267,6.180,136.625959,-27.145302,9.56264943804451,63.6998,/L
2029-Jul-20 00:00,*,m,51.20978,16.40738,0.264,6.181,227.406078,-27.162951,9.54776163520238,64.5746,/L
2029-Jul-21 00:00,*,m,51.28863,16.42395,0.261,6.182,318.188049,-27.180166,9.53276695482699,65.4508,/L
2029-Jul-22 00:00,*,m,51.36618,16.44012,0.258,6.182,48.971871,-27.196945,9.51766863314212,66.3284,/L
2029-Jul-23 00:00,*,m,51.44240,16.45591,0.255,6.183,139.757545,-27.213288,9.50246987206328,67.2074,/L
2029-Jul-24 00:00,*,m,51.51729,16.47131,0.253,6.183,230.545070,-27.229196,9.48717380289584,68.0878,/L
2029-Jul-25 00:00,*,m,51.59081,16.48632,0.250,6.184,321.334448,-27.244667,9.47178345811279,68.9698,/L
2029-Jul-26 00:00,*,,51.66294,16.50092,0.246,6.184,52.125682,-27.259701,9.45630191775298,69.8533,/L
2029-Jul-27 00:00,*,,51.73368,16.51513,0.243,6.184,142.918775,-27.274298,9.44073232790310,70.7384,/L
2029-Jul-28 00:00,*,,51.80300,16.52893,0.240,6.185,233.713727,-27.288456,9.42507787497097,71.6252,/L
2029-Jul-29 00:00,*,,51.87090,16.54232,0.237,6.185,324.510543,-27.302175,9.40934187862411,72.5136,/L
2029-Jul-30 00:00,*,,51.93735,16.55530,0.234,6.185,55.309224,-27.315454,9.39352767931499,73.4036,/L
2029-Jul-31 00:00,*,,52.00236,16.56787,0.230,6.186,146.109772,-27.328292,9.37763879870605,74.2955,/L
2029-Aug-01 00:00,*,,52.06590,16.58003,0.227,6.186,236.912189,-27.340686,9.36167888908366,75.1890,/L
2029-Aug-02 00:00,*,,52.12796,16.59178,0.223,6.186,327.716473,-27.352637,9.34565165064024,76.0844,/L
2029-Aug-03 00:00,*,,52.18853,16.60312,0.220,6.186,58.522625,-27.364144,9.32956081588068,76.9816,/L
2029-Aug-04 00:00,*,,52.24760,16.61405,0.216,6.187,149.330645,-27.375204,9.31341019667145,77.8806,/L
2029-Aug-05 00:00,*,,52.30513,16.62457,0.213,6.187,240.140530,-27.385818,9.29720362024862,78.7815,/L
2029-Aug-06 00:00,*,,52.36113,16.63468,0.209,6.187,330.952280,-27.395986,9.28094504386124,79.6843,/L
2029-Aug-07 00:00,*,,52.41555,16.64437,0.205,6.187,61.765892,-27.405706,9.26463841737325,80.5890,/L
2029-Aug-08 00:00,*,,52.46839,16.65365,0.202,6.187,152.581364,-27.414979,9.24828776229555,81.4955,/L
2029-Aug-09 00:00,*,,52.51963,16.66251,0.198,6.187,243.398693,-27.423805,9.23189727118790,82.4040,/L
2029-Aug-10 00:00,*,,52.56923,16.67094,0.194,6.187,334.217875,-27.432184,9.21547123539000,83.3144,/L
2029-Aug-11 00:00,*,m,52.61719,16.67895,0.190,6.187,65.038905,-27.440117,9.19901406565236,84.2268,/L
2029-Aug-12 00:00,C,m,52.66350,16.68654,0.186,6.187,155.861776,-27.447603,9.18253025061036,85.1410,/L
2029-Aug-13 00:00,C,m,52.70815,16.69369,0.182,6.187,246.686481,-27.454643,9.16602431925410,86.0572,/L
2029-Aug-14 00:00,C,m,52.75113,16.70042,0.178,6.186,337.513010,-27.461238,9.14950089201735,86.9753,/L
2029-Aug-15 00:00,C,m,52.79245,16.70672,0.174,6.186,68.341354,-27.467388,9.13296462344875,87.8953,/L
2029-Aug-16 00:00,C,m,52.83209,16.71260,0.170,6.186,159.171502,-27.473094,9.11642004741588,88.8173,/L
2029-Aug-17 00:00,C,m,52.87006,16.71806,0.165,6.186,250.003441,-27.478356,9.09987169598355,89.7412,/L
2029-Aug-18 00:00,C,m,52.90633,16.72310,0.161,6.185,340.837158,-27.483174,9.08332397717625,90.6671,/L
2029-Aug-19 00:00,C,m,52.94089,16.72773,0.157,6.185,71.672643,-27.487550,9.06678125232773,91.5949,/L
2029-Aug-20 00:00,C,m,52.97373,16.73194,0.153,6.185,162.509883,-27.491483,9.05024777599962,92.5247,/L
2029-Aug-21 00:00,C,m,53.00484,16.73573,0.148,6.184,253.348864,-27.494973,9.03372765194131,93.4565,/L
2029-Aug-22 00:00,C,m,53.03420,16.73909,0.144,6.184,344.189576,-27.498022,9.01722491027300,94.3904,/L
2029-Aug-23 00:00,C,m,53.06181,16.74202,0.139,6.183,75.032008,-27.500631,9.00074361877635,95.3264,/L
2029-Aug-24 00:00,C,m,53.08765,16.74453,0.135,6.183,165.876149,-27.502799,8.98428778917129,96.2644,/L
2029-Aug-25 00:00,C,m,53.11173,16.74661,0.130,6.182,256.721990,-27.504528,8.96786148175570,97.2046,/L
2029-Aug-26 00:00,C,,53.13404,16.74826,0.126,6.182,347.569518,-27.505818,8.95146877034794,98.1470,/L
2029-Aug-27 00:00,C,,53.15457,16.74949,0.121,6.181,78.418724,-27.506670,8.93511379582459,99.0915,/L
2029-Aug-28 00:00,C,,53.17333,16.75029,0.116,6.180,169.269597,-27.507085,8.91880087283043,100.0382,/L
2029-Aug-29 00:00,C,,53.19031,16.75067,0.112,6.180,260.122124,-27.507062,8.90253435595706,100.9872,/L
2029-Aug-30 00:00,C,,53.20550,16.75062,0.107,6.179,350.976293,-27.506602,8.88631868741269,101.9385,/L
2029-Aug-31 00:00,N,,53.21889,16.75015,0.102,6.178,81.832092,-27.505707,8.87015843492892,102.8920,/L
2029-Sep-01 00:00,N,,53.23048,16.74927,0.097,6.177,172.689505,-27.504376,8.85405827919610,103.8478,/L
2029-Sep-02 00:00,N,,53.24026,16.74797,0.092,6.176,263.548516,-27.502609,8.83802300374731,104.8059,/L
2029-Sep-03 00:00,N,,53.24821,16.74625,0.088,6.175,354.409107,-27.500407,8.82205747907224,105.7664,/L
2029-Sep-04 00:00,N,,53.25434,16.74411,0.083,6.174,85.271262,-27.497772,8.80616653006476,106.7291,/L
2029-Sep-05 00:00,N,,53.25863,16.74155,0.078,6.174,176.134959,-27.494704,8.79035511988880,107.6942,/L
2029-Sep-06 00:00,N,,53.26107,16.73857,0.073,6.172,267.000178,-27.491204,8.77462823698169,108.6616,/L
2029-Sep-07 00:00,N,,53.26166,16.73518,0.068,6.171,357.866898,-27.487274,8.75899090457973,109.6314,/L
2029-Sep-08 00:00,N,,53.26040,16.73135,0.063,6.170,88.735094,-27.482916,8.74344817068948,110.6034,/L
2029-Sep-09 00:00,N,,53.25729,16.72711,0.058,6.169,179.604741,-27.478133,8.72800508028342,111.5778,/L
2029-Sep-10 00:00,N,,53.25236,16.72245,0.053,6.168,270.475816,-27.472926,8.71266669351340,112.5544,/L
2029-Sep-11 00:00,N,m,53.24560,16.71737,0.048,6.167,1.348289,-27.467300,8.69743808598795,113.5332,/L
2029-Sep-12 00:00,N,m,53.23703,16.71189,0.043,6.166,92.222132,-27.461256,8.68232417050463,114.5143,/L
2029-Sep-13 00:00,N,m,53.22666,16.70600,0.037,6.164,183.097318,-27.454797,8.66732976610358,115.4976,/L
2029-Sep-14 00:00,N,m,53.21449,16.69972,0.032,6.163,273.973817,-27.447927,8.65245962696031,116.4831,/L
2029-Sep-15 00:00,N,m,53.20052,16.69305,0.027,6.162,4.851599,-27.440648,8.63771839939527,117.4707,/L
2029-Sep-16 00:00,N,m,53.18474,16.68599,0.022,6.160,95.730636,-27.432962,8.62311071756538,118.4606,/L
2029-Sep-17 00:00,N,m,53.16717,16.67854,0.017,6.159,186.610897,-27.424871,8.60864108435408,119.4526,/L
2029-Sep-18 00:00,N,m,53.14780,16.67070,0.012,6.157,277.492352,-27.416379,8.59431396075138,120.4468,/L
2029-Sep-19 00:00,A,m,53.12665,16.66246,0.007,6.156,8.374970,-27.407488,8.58013381147910,121.4431,/L
2029-Sep-20 00:00,A,m,53.10372,16.65383,0.001,6.154,99.258721,-27.398200,8.56610504907457,122.4417,/L
2029-Sep-21 00:00,A,m,53.07903,16.64482,-0.004,6.152,190.143572,-27.388517,8.55223198139555,123.4424,/L
2029-Sep-22 00:00,A,m,53.05259,16.63542,-0.009,6.151,281.029492,-27.378443,8.53851890092317,124.4454,/L
2029-Sep-23 00:00,A,m,53.02442,16.62564,-0.014,6.149,11.916450,-27.367981,8.52497000401677,125.4505,/L
2029-Sep-24 00:00,A,m,52.99453,16.61549,-0.019,6.147,102.804413,-27.357133,8.51158956672619,126.4578,/L
2029-Sep-25 00:00,A,m,52.96295,16.60496,-0.025,6.146,193.693349,-27.345905,8.49838184013868,127.4674,/L
2029-Sep-26 00:00,A,m,52.92968,16.59407,-0.030,6.144,284.583226,-27.334298,8.48535103996606,128.4791,/L
2029-Sep-27 00:00,A,,52.89474,16.58282,-0.035,6.142,15.474009,-27.322318,8.47250143889769,129.4930,/L
2029-Sep-28 00:00,A,,52.85813,16.57121,-0.040,6.140,106.365666,-27.309968,8.45983736313219,130.5092,/L
2029-Sep-29 00:00,A,,52.81988,16.55926,-0.045,6.138,197.258160,-27.297252,8.44736318874870,131.5275,/L
2029-Sep-30 00:00,A,,52.78000,16.54696,-0.051,6.136,288.151456,-27.284173,8.43508336099335,132.5480,/L
2029-Oct-01 00:00,A,,52.73848,16.53432,-0.056,6.134,19.045517,-27.270738,8.42300231856886,133.5707,/L
2029-Oct-02 00:00,A,,52.69535,16.52135,-0.061,6.132,109.940304,-27.256949,8.41112458330000,134.5955,/L
2029-Oct-03 00:00,A,,52.65063,16.50804,-0.066,6.130,200.835776,-27.242811,8.39945481184472,135.6225,/L
2029-Oct-04 00:00,A,,52.60431,16.49439,-0.071,6.128,291.731891,-27.228329,8.38799762413283,136.6515,/L
2029-Oct-05 00:00,A,,52.55643,16.48042,-0.076,6.126,22.628606,-27.213508,8.37675768049300,137.6827,/L
2029-Oct-06 00:00,A,,52.50702,16.46612,-0.081,6.124,113.525872,-27.198353,8.36573956997294,138.7159,/L
2029-Oct-07 00:00,A,,52.45609,16.45151,-0.086,6.122,204.423645,-27.182871,8.35494783438092,139.7511,/L
2029-Oct-08 00:00,,,52.40370,16.43658,-0.092,6.120,295.321874,-27.167068,8.34438692451992,140.7882,/L
2029-Oct-09 00:00,,,52.34987,16.42135,-0.097,6.117,26.220509,-27.150950,8.33406108830867,141.8272,/L
2029-Oct-10 00:00,,,52.29465,16.40583,-0.102,6.115,117.119499,-27.134525,8.32397430212034,142.8679,/L
2029-Oct-11 00:00,,m,52.23805,16.39004,-0.106,6.113,208.018794,-27.117801,8.31413040196999,143.9105,/L
2029-Oct-12 00:00,,m,52.18012,16.37397,-0.111,6.110,298.918345,-27.100785,8.30453297077285,144.9547,/L
2029-Oct-13 00:00,,m,52.12085,16.35765,-0.116,6.108,29.818101,-27.083484,8.29518544151394,146.0006,/L
2029-Oct-14 00:00,,m,52.06029,16.34107,-0.121,6.106,120.718013,-27.065906,8.28609106922460,147.0480,/L
2029-Oct-15 00:00,,m,51.99846,16.32423,-0.126,6.103,211.618033,-27.048060,8.27725295182042,148.0970,/L
2029-Oct-16 00:00,,m,51.93539,16.30715,-0.131,6.101,302.518113,-27.029951,8.26867418591088,149.1474,/L
2029-Oct-17 00:00,,m,51.87112,16.28983,-0.136,6.098,33.418204,-27.011589,8.26035782489525,150.1993,/L
2029-Oct-18 00:00,,m,51.80567,16.27228,-0.140,6.096,124.318259,-26.992979,8.25230684513501,151.2525,/L
2029-Oct-19 00:00,,m,51.73908,16.25450,-0.145,6.093,215.218228,-26.974131,8.24452419469626,152.3071,/L
2029-Oct-20 00:00,,m,51.67140,16.23650,-0.150,6.090,306.118062,-26.955051,8.23701277568272,153.3629,/L
2029-Oct-21 00:00,,m,51.60267,16.21829,-0.154,6.088,37.017712,-26.935747,8.22977544143724,154.4199,/L
2029-Oct-22 00:00,,m,51.53291,16.19989,-0.159,6.085,127.917125,-26.916228,8.22281502862132,155.4780,/L
2029-Oct-23 00:00,,m,51.46218,16.18129,-0.164,6.082,218.816253,-26.896502,8.21613416664607,156.5372,/L
2029-Oct-24 00:00,,m,51.39051,16.16252,-0.168,6.079,309.715045,-26.876578,8.20973544149256,157.5973,/L
2029-Oct-25 00:00,,m,51.31794,16.14358,-0.173,6.077,40.613448,-26.856465,8.20362136845212,158.6583,/L
2029-Oct-26 00:00,,m,51.24450,16.12449,-0.177,6.074,131.511414,-26.836173,8.19779439906271,159.7199,/L
2029-Oct-27 00:00,,,51.17022,16.10525,-0.182,6.071,222.408890,-26.815711,8.19225691929336,160.7822,/L
2029-Oct-28 00:00,,,51.09515,16.08587,-0.186,6.068,313.305826,-26.795090,8.18701124552856,161.8448,/L
2029-Oct-29 00:00,,,51.01931,16.06636,-0.191,6.064,44.202171,-26.774320,8.18205962709316,162.9075,/L
2029-Oct-30 00:00,,,50.94275,16.04674,-0.196,6.061,135.097872,-26.753412,8.17740438252706,163.9702,/L
2029-Oct-31 00:00,,,50.86549,16.02700,-0.200,6.057,225.992877,-26.732375,8.17304775145096,165.0324,/L
2029-Nov-01 00:00,,,50.78758,16.00716,-0.206,6.053,316.887133,-26.711222,8.16899193024118,166.0936,/L
2029-Nov-02 00:00,,,50.70906,15.98722,-0.211,6.049,47.780586,-26.689964,8.16523911015027,167.1534,/L
2029-Nov-03 00:00,,,50.62997,15.96720,-0.216,6.045,138.673179,-26.668611,8.16179141064763,168.2109,/L
2029-Nov-04 00:00,,,50.55038,15.94711,-0.222,6.039,229.564858,-26.647176,8.15865093360630,169.2651,/L
2029-Nov-05 00:00,,,50.47034,15.92696,-0.229,6.034,320.455564,-26.625669,8.15581960233727,170.3144,/L
2029-Nov-06 00:00,,,50.38990,15.90676,-0.236,6.027,51.345238,-26.604104,8.15329907338055,171.3567,/L
2029-Nov-07 00:00,,,50.30911,15.88654,-0.245,6.019,142.233823,-26.582493,8.15109075475545,172.3885,/L
2029-Nov-08 00:00,,,50.22803,15.86631,-0.254,6.010,233.121261,-26.560848,8.14919577203935,173.4045,/L
2029-Nov-09 00:00,,,50.14668,15.84608,-0.265,6.000,324.007496,-26.539183,8.14761488326912,174.3954,/L
2029-Nov-10 00:00,,m,50.06511,15.82585,-0.277,5.988,54.892473,-26.517509,8.14634859890993,175.3448,/L
2029-Nov-11 00:00,,m,49.98336,15.80565,-0.291,5.975,145.776141,-26.495841,8.14539710280225,176.2206,/L
2029-Nov-12 00:00,,m,49.90148,15.78547,-0.304,5.962,236.658449,-26.474190,8.14476047082851,176.9578,/L
2029-Nov-13 00:00,,m,49.81951,15.76533,-0.314,5.952,327.539348,-26.452571,8.14443866630530,177.4335,/L
2029-Nov-14 00:00,,m,49.73751,15.74524,-0.315,5.951,58.418790,-26.430995,8.14443150090149,177.4935,/L
2029-Nov-15 00:00,,m,49.65551,15.72521,-0.307,5.959,149.296730,-26.409475,8.14473869299907,177.1112,/T
2029-Nov-16 00:00,,m,49.57358,15.70525,-0.294,5.972,240.173121,-26.388025,8.14535992350899,176.4257,/T
2029-Nov-17 00:00,,m,49.49177,15.68537,-0.280,5.985,331.047920,-26.366656,8.14629481186533,175.5755,/T
2029-Nov-18 00:00,,m,49.41011,15.66559,-0.267,5.998,61.921081,-26.345381,8.14754298786719,174.6382,/T
2029-Nov-19 00:00,,m,49.32866,15.64592,-0.256,6.009,152.792562,-26.324212,8.14910397630669,173.6522,/T
2029-Nov-20 00:00,,m,49.24747,15.62638,-0.246,6.019,243.662318,-26.303163,8.15097722458279,172.6371,/T
2029-Nov-21 00:00,,m,49.16657,15.60697,-0.237,6.027,334.530307,-26.282244,8.15316220380816,171.6034,/T
2029-Nov-22 00:00,,m,49.08601,15.58771,-0.229,6.034,65.396485,-26.261469,8.15565826006269,170.5571,/T
2029-Nov-23 00:00,,m,49.00583,15.56862,-0.222,6.040,156.260810,-26.240850,8.15846465907336,169.5021,/T
2029-Nov-24 00:00,,m,48.92607,15.54969,-0.216,6.046,247.123239,-26.220400,8.16158051661351,168.4407,/T
2029-Nov-25 00:00,,,48.84678,15.53095,-0.210,6.051,337.983733,-26.200132,8.16500482349261,167.3746,/T
2029-Nov-26 00:00,,,48.76798,15.51239,-0.205,6.055,68.842250,-26.180059,8.16873650887257,166.3050,/T
2029-Nov-27 00:00,,,48.68973,15.49404,-0.199,6.059,159.698749,-26.160193,8.17277443034405,165.2327,/T
2029-Nov-28 00:00,,,48.61206,15.47590,-0.194,6.063,250.553193,-26.140550,8.17711725969975,164.1583,/T
2029-Nov-29 00:00,,,48.53502,15.45798,-0.189,6.067,341.405543,-26.121141,8.18176364595059,163.0822,/T
2029-Nov-30 00:00,,,48.45865,15.44030,-0.185,6.070,72.255761,-26.101981,8.18671211742898,162.0049,/T
2029-Dec-01 00:00,,,48.38300,15.42286,-0.180,6.074,163.103810,-26.083082,8.19196115208753,160.9267,/T
2029-Dec-02 00:00,,,48.30813,15.40567,-0.175,6.077,253.949652,-26.064459,8.19750911295185,159.8477,/T
2029-Dec-03 00:00,,,48.23408,15.38876,-0.170,6.080,344.793250,-26.046124,8.20335415174097,158.7683,/T
2029-Dec-04 00:00,,,48.16091,15.37214,-0.166,6.083,75.634570,-26.028091,8.20949427294111,157.6887,/T
2029-Dec-05 00:00,,,48.08865,15.35583,-0.161,6.086,166.473577,-26.010372,8.21592732852109,156.6089,/T
2029-Dec-06 00:00,,,48.01734,15.33982,-0.156,6.089,257.310237,-25.992980,8.22265089945913,155.5293,/T
2029-Dec-07 00:00,,,47.94702,15.32415,-0.152,6.092,348.144518,-25.975926,8.22966232365260,154.4498,/T
2029-Dec-08 00:00,,,47.87771,15.30880,-0.147,6.095,78.976390,-25.959223,8.23695868510914,153.3707,/T
2029-Dec-09 00:00,,m,47.80945,15.29379,-0.142,6.097,169.805827,-25.942882,8.24453683580051,152.2920,/T
2029-Dec-10 00:00,,m,47.74228,15.27912,-0.137,6.100,260.632804,-25.926915,8.25239354331310,151.2140,/T
2029-Dec-11 00:00,,m,47.67624,15.26481,-0.132,6.103,351.457298,-25.911331,8.26052534366339,150.1366,/T
2029-Dec-12 00:00,,m,47.61137,15.25086,-0.128,6.105,82.279287,-25.896143,8.26892866500955,149.0599,/T
2029-Dec-13 00:00,,m,47.54771,15.23727,-0.123,6.108,173.098755,-25.881360,8.27759986739977,147.9841,/T
2029-Dec-14 00:00,,m,47.48529,15.22407,-0.118,6.111,263.915684,-25.866993,8.28653526909962,146.9092,/T
2029-Dec-15 00:00,,m,47.42415,15.21126,-0.113,6.113,354.730060,-25.853053,8.29573115366705,145.8352,/T
2029-Dec-16 00:00,,m,47.36433,15.19885,-0.108,6.116,85.541868,-25.839548,8.30518378074937,144.7622,/T
2029-Dec-17 00:00,,m,47.30586,15.18685,-0.103,6.118,176.351096,-25.826488,8.31488930750876,143.6903,/T
2029-Dec-18 00:00,,m,47.24876,15.17528,-0.098,6.120,267.157733,-25.813883,8.32484398310215,142.6194,/T
2029-Dec-19 00:00,,m,47.19306,15.16412,-0.093,6.123,357.961770,-25.801741,8.33504405338263,141.5497,/T
2029-Dec-20 00:00,,m,47.13878,15.15341,-0.088,6.125,88.763197,-25.790070,8.34548575585014,140.4812,/T
2029-Dec-21 00:00,,m,47.08595,15.14314,-0.083,6.127,179.562004,-25.778878,8.35616535265837,139.4138,/T
2029-Dec-22 00:00,,m,47.03459,15.13331,-0.078,6.129,270.358184,-25.768173,8.36707907942450,138.3477,/T
2029-Dec-23 00:00,,m,46.98471,15.12394,-0.073,6.131,1.151730,-25.757963,8.37822321560909,137.2829,/T
2029-Dec-24 00:00,,,46.93634,15.11502,-0.068,6.133,91.942632,-25.748255,8.38959403213156,136.2193,/T
2029-Dec-25 00:00,,,46.88950,15.10656,-0.063,6.135,182.730885,-25.739056,8.40118766801772,135.1571,/T
2029-Dec-26 00:00,,,46.84421,15.09856,-0.058,6.137,273.516480,-25.730373,8.41300017436940,134.0962,/T
2029-Dec-27 00:00,,,46.80050,15.09104,-0.052,6.139,4.299415,-25.722213,8.42502755967268,133.0367,/T
2029-Dec-28 00:00,,,46.75840,15.08399,-0.047,6.141,95.079682,-25.714584,8.43726568961527,131.9785,/T
2029-Dec-29 00:00,,,46.71795,15.07742,-0.042,6.143,185.857278,-25.707493,8.44971038137115,130.9218,/T
2029-Dec-30 00:00,,,46.67916,15.07134,-0.037,6.145,276.632202,-25.700946,8.46235724183277,129.8666,/T
2029-Dec-31 00:00,,,46.64206,15.06576,-0.032,6.147,7.404452,-25.694950,8.47520177132072,128.8128,/T
2030-Jan-01 00:00,,,46.60668,15.06069,-0.027,6.148,98.174029,-25.689510,8.48823937833844,127.7607,/T
2030-Jan-02 00:00,,,46.57304,15.05613,-0.022,6.150,188.940934,-25.684633,8.50146531221235,126.7101,/T
2030-Jan-03 00:00,,,46.54113,15.05210,-0.017,6.152,279.705171,-25.680324,8.51487463733513,125.6611,/T
2030-Jan-04 00:00,,,46.51098,15.04858,-0.012,6.153,10.466746,-25.676586,8.52846231962064,124.6139,/T
2030-Jan-05 00:00,,,46.48259,15.04558,-0.007,6.155,101.225667,-25.673424,8.54222319091846,123.5684,/T
2030-Jan-06 00:00,,,46.45597,15.04310,-0.002,6.156,191.981944,-25.670841,8.55615210715443,122.5247,/T
2030-Jan-07 00:00,,m,46.43113,15.04113,0.003,6.157,282.735586,-25.668839,8.57024387481219,121.4828,/T
2030-Jan-08 00:00,,m,46.40808,15.03968,0.008,6.159,13.486607,-25.667421,8.58449322121217,120.4428,/T
2030-Jan-09 00:00,,m,46.38685,15.03876,0.013,6.160,104.235020,-25.666588,8.59889492386472,119.4047,/T
2030-Jan-10 00:00,,m,46.36745,15.03835,0.018,6.161,194.980841,-25.666341,8.61344373969921,118.3685,/T
2030-Jan-11 00:00,,m,46.34990,15.03847,0.023,6.162,285.724084,-25.666682,8.62813443088891,117.3344,/T
2030-Jan-12 00:00,,m,46.33419,15.03912,0.028,6.163,16.464766,-25.667611,8.64296173586787,116.3021,/T
2030-Jan-13 00:00,,m,46.32035,15.04030,0.032,6.164,107.202907,-25.669129,8.65792034784799,115.2719,/T
2030-Jan-14 00:00,,m,46.30838,15.04201,0.037,6.165,197.938525,-25.671238,8.67300499379590,114.2437,/T
2030-Jan-15 00:00,,m,46.29827,15.04425,0.042,6.166,288.671641,-25.673936,8.68821051297964,113.2176,/T
2030-Jan-16 00:00,,m,46.29004,15.04702,0.047,6.167,19.402276,-25.677225,8.70353169845938,112.1934,/T
2030-Jan-17 00:00,,m,46.28368,15.05033,0.051,6.168,110.130452,-25.681103,8.71896344523668,111.1713,/T
2030-Jan-18 00:00,,m,46.27919,15.05417,0.056,6.169,200.856191,-25.685570,8.73450068733758,110.1513,/T
2030-Jan-19 00:00,,m,46.27656,15.05854,0.061,6.169,291.579517,-25.690625,8.75013848046393,109.1333,/T
2030-Jan-20 00:00,,m,46.27579,15.06343,0.065,6.170,22.300451,-25.696267,8.76587201042230,108.1173,/T
2030-Jan-21 00:00,,m,46.27688,15.06885,0.070,6.171,113.019018,-25.702494,8.78169650732635,107.1033,/T
2030-Jan-22 00:00,,,46.27982,15.07479,0.074,6.171,203.735237,-25.709303,8.79760723950166,106.0913,/T
2030-Jan-23 00:00,,,46.28462,15.08124,0.079,6.172,294.449132,-25.716694,8.81359959327083,105.0814,/T
2030-Jan-24 00:00,,,46.29128,15.08820,0.083,6.172,25.160725,-25.724664,8.82966893477651,104.0735,/T
2030-Jan-25 00:00,,,46.29981,15.09568,0.088,6.172,115.870036,-25.733210,8.84581060009758,103.0675,/T
2030-Jan-26 00:00,,,46.31022,15.10367,0.092,6.173,206.577086,-25.742331,8.86201982417674,102.0636,/T
2030-Jan-27 00:00,,,46.32252,15.11217,0.096,6.173,297.281899,-25.752023,8.87829166478778,101.0617,/T
2030-Jan-28 00:00,,,46.33669,15.12120,0.100,6.173,27.984497,-25.762284,8.89462114698117,100.0617,/T
2030-Jan-29 00:00,,,46.35276,15.13073,0.105,6.173,118.684906,-25.773111,8.91100314243975,99.0639,/T
2030-Jan-30 00:00,,,46.37069,15.14079,0.109,6.173,209.383149,-25.784501,8.92743237721637,98.0680,/T
2030-Jan-31 00:00,,,46.39049,15.15135,0.113,6.173,300.079257,-25.796451,8.94390347677004,97.0742,/T
2030-Feb-01 00:00,,,46.41214,15.16241,0.117,6.173,30.773258,-25.808957,8.96041101271252,96.0825,/T
2030-Feb-02 00:00,,,46.43564,15.17397,0.121,6.173,121.465182,-25.822015,8.97694953324936,95.0929,/T
2030-Feb-03 00:00,,,46.46097,15.18602,0.125,6.173,212.155062,-25.835618,8.99351365331940,94.1054,/T
2030-Feb-04 00:00,,,46.48812,15.19856,0.128,6.173,302.842930,-25.849764,9.01009792363171,93.1200,/T
2030-Feb-05 00:00,,m,46.51710,15.21157,0.132,6.173,33.528821,-25.864445,9.02669703950520,92.1368,/T
2030-Feb-06 00:00,,m,46.54790,15.22506,0.136,6.172,124.212770,-25.879655,9.04330582805335,91.1558,/T
2030-Feb-07 00:00,,m,46.58051,15.23902,0.140,6.172,214.894811,-25.895389,9.05991922912726,90.1769,/T
2030-Feb-08 00:00,,m,46.61493,15.25345,0.143,6.172,305.574979,-25.911640,9.07653229996915,89.2003,/T
2030-Feb-09 00:00,,m,46.65115,15.26835,0.147,6.171,36.253306,-25.928400,9.09314015669462,88.2258,/T
2030-Feb-10 00:00,,m,46.68916,15.28370,0.150,6.171,126.929828,-25.945662,9.10973798252832,87.2535,/T
2030-Feb-11 00:00,,m,46.72894,15.29951,0.154,6.170,217.604580,-25.963421,9.12632108661988,86.2834,/T
2030-Feb-12 00:00,,m,46.77049,15.31577,0.157,6.170,308.277594,-25.981668,9.14288477430124,85.3155,/T
2030-Feb-13 00:00,,m,46.81378,15.33247,0.160,6.169,38.948906,-26.000397,9.15942435772750,84.3498,/T
2030-Feb-14 00:00,A,m,46.85880,15.34962,0.164,6.168,129.618550,-26.019601,9.17593525268926,83.3862,/T
2030-Feb-15 00:00,A,m,46.90554,15.36720,0.167,6.167,220.286562,-26.039273,9.19241291270237,82.4248,/T
2030-Feb-16 00:00,A,m,46.95397,15.38520,0.170,6.167,310.952976,-26.059405,9.20885296526422,81.4656,/T
2030-Feb-17 00:00,A,m,47.00408,15.40362,0.173,6.166,41.617827,-26.079992,9.22525109108205,80.5084,/T
2030-Feb-18 00:00,A,m,47.05585,15.42245,0.176,6.165,132.281148,-26.101025,9.24160304512777,79.5534,/T
2030-Feb-19 00:00,A,m,47.10927,15.44168,0.179,6.164,222.942975,-26.122498,9.25790472091691,78.6004,/T
2030-Feb-20 00:00,A,,47.16432,15.46131,0.182,6.163,313.603338,-26.144404,9.27415213847648,77.6494,/T
2030-Feb-21 00:00,A,,47.22101,15.48132,0.184,6.162,44.262273,-26.166734,9.29034133055683,76.7005,/T
2030-Feb-22 00:00,A,,47.27932,15.50173,0.187,6.161,134.919808,-26.189482,9.30646839709359,75.7536,/T
2030-Feb-23 00:00,A,,47.33926,15.52251,0.190,6.160,225.575977,-26.212640,9.32252936042920,74.8086,/T
2030-Feb-24 00:00,A,,47.40080,15.54368,0.192,6.159,316.230811,-26.236201,9.33852027712449,73.8656,/T
2030-Feb-25 00:00,A,,47.46394,15.56523,0.195,6.157,46.884340,-26.260156,9.35443716994085,72.9245,/T
2030-Feb-26 00:00,A,,47.52866,15.58715,0.197,6.156,137.536595,-26.284498,9.37027590778982,71.9853,/T
2030-Feb-27 00:00,A,,47.59493,15.60943,0.200,6.155,228.187610,-26.309218,9.38603227387654,71.0480,/T
2030-Feb-28 00:00,A,,47.66275,15.63207,0.202,6.153,318.837417,-26.334309,9.40170197972559,70.1127,/T
2030-Mar-01 00:00,A,,47.73208,15.65505,0.204,6.152,49.486051,-26.359763,9.41728068388963,69.1793,/T
2030-Mar-02 00:00,A,,47.80291,15.67837,0.206,6.151,140.133547,-26.385570,9.43276405200508,68.2478,/T
2030-Mar-03 00:00,A,,47.87523,15.70202,0.208,6.149,230.779942,-26.411723,9.44814771897949,67.3183,/T
2030-Mar-04 00:00,A,,47.94902,15.72598,0.210,6.148,321.425272,-26.438213,9.46342733330630,66.3906,/T
2030-Mar-05 00:00,A,,48.02427,15.75026,0.212,6.146,52.069576,-26.465031,9.47859873009789,65.4650,/T
2030-Mar-06 00:00,A,m,48.10098,15.77485,0.214,6.144,142.712892,-26.492169,9.49365779941382,64.5412,/T
2030-Mar-07 00:00,A,m,48.17911,15.79974,0.216,6.143,233.355257,-26.519618,9.50860058844786,63.6194,/T
2030-Mar-08 00:00,A,m,48.25866,15.82493,0.217,6.141,323.996709,-26.547368,9.52342324871131,62.6995,/T
2030-Mar-09 00:00,A,m,48.33961,15.85040,0.219,6.139,54.637285,-26.575411,9.53812207763602,61.7816,/T
2030-Mar-10 00:00,A,m,48.42194,15.87616,0.221,6.138,145.277024,-26.603737,9.55269357008286,60.8656,/T
2030-Mar-11 00:00,A,m,48.50564,15.90220,0.222,6.136,235.915960,-26.632337,9.56713438297787,59.9515,/T
2030-Mar-12 00:00,A,m,48.59066,15.92851,0.224,6.134,326.554129,-26.661201,9.58144121154617,59.0393,/T
2030-Mar-13 00:00,A,m,48.67701,15.95509,0.225,6.132,57.191564,-26.690321,9.59561091567656,58.1290,/T
2030-Mar-14 00:00,A,m,48.76464,15.98191,0.226,6.130,147.828302,-26.719686,9.60964042433944,57.2205,/T
2030-Mar-15 00:00,N,m,48.85354,16.00899,0.227,6.128,238.464374,-26.749289,9.62352676374966,56.3140,/T
2030-Mar-16 00:00,N,m,48.94369,16.03630,0.229,6.126,329.099813,-26.779120,9.63726703653044,55.4092,/T
2030-Mar-17 00:00,N,m,49.03506,16.06383,0.230,6.124,59.734652,-26.809171,9.65085832985498,54.5063,/T
2030-Mar-18 00:00,N,m,49.12765,16.09159,0.231,6.122,150.368921,-26.839433,9.66429784869921,53.6052,/T
2030-Mar-19 00:00,N,m,49.22142,16.11955,0.232,6.120,241.002653,-26.869898,9.67758290706222,52.7058,/T
2030-Mar-20 00:00,N,m,49.31637,16.14772,0.232,6.118,331.635879,-26.900558,9.69071084776181,51.8081,/T
2030-Mar-21 00:00,N,,49.41250,16.17609,0.233,6.116,62.268626,-26.931405,9.70367903236428,50.9122,/T
2030-Mar-22 00:00,N,,49.50979,16.20466,0.234,6.114,152.900926,-26.962432,9.71648482675383,50.0178,/T
2030-Mar-23 00:00,N,,49.60823,16.23342,0.235,6.112,243.532808,-26.993631,9.72912554557639,49.1251,/T
2030-Mar-24 00:00,N,,49.70780,16.26237,0.235,6.110,334.164301,-27.024994,9.74159856738698,48.2340,/T
2030-Mar-25 00:00,N,,49.80848,16.29150,0.236,6.107,64.795435,-27.056512,9.75390114469837,47.3444,/T
2030-Mar-26 00:00,N,,49.91025,16.32082,0.236,6.105,155.426239,-27.088177,9.76603050956879,46.4564,/T
2030-Mar-27 00:00,N,,50.01308,16.35029,0.236,6.103,246.056745,-27.119982,9.77798390808558,45.5699,/T
2030-Mar-28 00:00,N,,50.11695,16.37993,0.237,6.100,336.686983,-27.151917,9.78975860878323,44.6849,/T
2030-Mar-29 00:00,N,,50.22184,16.40972,0.237,6.098,67.316983,-27.183974,9.80135190533747,43.8013,/T
2030-Mar-30 00:00,N,,50.32772,16.43964,0.237,6.096,157.946777,-27.216144,9.81276110575899,42.9193,/T
2030-Mar-31 00:00,N,,50.43460,16.46970,0.237,6.093,248.576395,-27.248419,9.82398346222884,42.0387,/T
2030-Apr-01 00:00,N,,50.54244,16.49988,0.237,6.091,339.205869,-27.280790,9.83501633749982,41.1596,/T
2030-Apr-02 00:00,N,,50.65124,16.53018,0.237,6.088,69.835232,-27.313249,9.84585714467355,40.2820,/T
2030-Apr-03 00:00,N,,50.76099,16.56059,0.237,6.086,160.464514,-27.345788,9.85650331681364,39.4059,/T
2030-Apr-04 00:00,N,m,50.87166,16.59110,0.237,6.083,251.093749,-27.378399,9.86695239562316,38.5312,/T
2030-Apr-05 00:00,N,m,50.98325,16.62172,0.236,6.081,341.722967,-27.411073,9.87720198016816,37.6580,/T
2030-Apr-06 00:00,N,m,51.09572,16.65244,0.236,6.078,72.352203,-27.443803,9.88724984549199,36.7863,/T
2030-Apr-07 00:00,N,m,51.20906,16.68325,0.236,6.076,162.981486,-27.476582,9.89709390621751,35.9160,/T
2030-Apr-08 00:00,N,m,51.32325,16.71414,0.235,6.073,253.610848,-27.509400,9.90673214990561,35.0471,/T
2030-Apr-09 00:00,N,m,51.43825,16.74512,0.235,6.071,344.240320,-27.542251,9.91616268743661,34.1797,/T
2030-Apr-10 00:00,N,m,51.55405,16.77616,0.234,6.068,74.869931,-27.575126,9.92538383645545,33.3137,/T
2030-Apr-11 00:00,N,m,51.67062,16.80727,0.233,6.065,165.499711,-27.608019,9.93439401087557,32.4492,/T
2030-Apr-12 00:00,N,m,51.78794,16.83844,0.233,6.063,256.129688,-27.640920,9.94319182422221,31.5860,/T
2030-Apr-13 00:00,C,m,51.90598,16.86965,0.232,6.060,346.759887,-27.673823,9.95177593473956,30.7242,/T
2030-Apr-14 00:00,C,m,52.02473,16.90091,0.231,6.057,77.390337,-27.706721,9.96014511998074,29.8637,/T
2030-Apr-15 00:00,C,m,52.14416,16.93219,0.230,6.054,168.021060,-27.739604,9.96829829111978,29.0046,/T
2030-Apr-16 00:00,C,m,52.26426,16.96349,0.229,6.052,258.652081,-27.772468,9.97623438673541,28.1469,/T
2030-Apr-17 00:00,C,m,52.38502,16.99482,0.228,6.049,349.283422,-27.805305,9.98395231952350,27.2904,/T
2030-Apr-18 00:00,C,m,52.50645,17.02616,0.227,6.046,79.915106,-27.838109,9.99145099735599,26.4352,/T
2030-Apr-19 00:00,C,,52.62851,17.05752,0.225,6.043,170.547155,-27.870873,9.99872924227571,25.5813,/T
2030-Apr-20 00:00,C,,52.75121,17.08889,0.224,6.040,261.179591,-27.903593,10.0057858548291,24.7285,/T
2030-Apr-21 00:00,C,,52.87452,17.12026,0.223,6.038,351.812437,-27.936261,10.0126195369203,23.8770,/T
2030-Apr-22 00:00,C,,52.99842,17.15165,0.221,6.035,82.445716,-27.968871,10.0192288185761,23.0266,/T
2030-Apr-23 00:00,C,,53.12288,17.18303,0.220,6.032,173.079452,-28.001419,10.0256122426967,22.1773,/T
2030-Apr-24 00:00,C,,53.24787,17.21440,0.218,6.029,263.713671,-28.033897,10.0317683248867,21.3293,/T
2030-Apr-25 00:00,C,,53.37338,17.24575,0.216,6.026,354.348398,-28.066300,10.0376956303910,20.4823,/T
2030-Apr-26 00:00,C,,53.49938,17.27708,0.214,6.023,84.983657,-28.098621,10.0433927729396,19.6366,/T
2030-Apr-27 00:00,C,,53.62587,17.30837,0.212,6.019,175.619477,-28.130854,10.0488584225244,18.7920,/T
2030-Apr-28 00:00,C,,53.75282,17.33962,0.210,6.016,266.255882,-28.162992,10.0540913624271,17.9486,/T
2030-Apr-29 00:00,C,,53.88022,17.37082,0.208,6.013,356.892898,-28.195029,10.0590905659053,17.1065,/T
2030-Apr-30 00:00,C,,54.00806,17.40197,0.206,6.009,87.530549,-28.226959,10.0638550053489,16.2657,/T
2030-May-01 00:00,C,,54.13632,17.43307,0.203,6.006,178.168860,-28.258774,10.0683837582058,15.4262,/T
2030-May-02 00:00,C,,54.26499,17.46411,0.201,6.002,268.807857,-28.290469,10.0726759377065,14.5883,/T
2030-May-03 00:00,C,m,54.39404,17.49509,0.198,5.998,359.447562,-28.322039,10.0767307289783,13.7518,/T
2030-May-04 00:00,C,m,54.52346,17.52601,0.194,5.994,90.088000,-28.353477,10.0805474212374,12.9171,/T
2030-May-05 00:00,C,m,54.65322,17.55685,0.191,5.990,180.729194,-28.384778,10.0841253233667,12.0843,/T
2030-May-06 00:00,C,m,54.78331,17.58762,0.187,5.985,271.371169,-28.415937,10.0874637896338,11.2536,/T
2030-May-07 00:00,C,m,54.91370,17.61831,0.183,5.980,2.013948,-28.446949,10.0905623278686,10.4254,/T
2030-May-08 00:00,C,m,55.04436,17.64891,0.178,5.975,92.657554,-28.477809,10.0934205391401,9.6000,/T
2030-May-09 00:00,C,m,55.17527,17.67942,0.172,5.969,183.302009,-28.508512,10.0960381301460,8.7780,/T
2030-May-10 00:00,*,m,55.30641,17.70983,0.166,5.962,273.947335,-28.539053,10.0984149292933,7.9603,/T
2030-May-11 00:00,*,m,55.43776,17.74014,0.159,5.954,4.593554,-28.569428,10.1005508148625,7.1480,/T
2030-May-12 00:00,*,m,55.56929,17.77034,0.151,5.946,95.240686,-28.599631,10.1024458920944,6.3430,/T
2030-May-13 00:00,*,m,55.70100,17.80042,0.141,5.936,185.888750,-28.629660,10.1041003681546,5.5481,/T
2030-May-14 00:00,*,m,55.83287,17.83037,0.131,5.925,276.537765,-28.659508,10.1055145226787,4.7679,/T
2030-May-15 00:00,*,m,55.96488,17.86020,0.118,5.912,7.187747,-28.689172,10.1066886949573,4.0108,/T
2030-May-16 00:00,*,m,56.09704,17.88991,0.105,5.899,97.838712,-28.718646,10.1076232549961,3.2922,/T
2030-May-17 00:00,*,m,56.22933,17.91948,0.091,5.884,188.490676,-28.747929,10.1083185180632,2.6431,/T
2030-May-18 00:00,*,,56.36173,17.94892,0.078,5.871,279.143652,-28.777014,10.1087747459247,2.1274,/T
2030-May-19 00:00,*,,56.49420,17.97823,0.071,5.864,9.797656,-28.805899,10.1089919487078,1.8592,/T
2030-May-20 00:00,*,,56.62673,18.00742,0.072,5.866,100.452706,-28.834579,10.1089700312592,1.9431,/L
2030-May-21 00:00,*,,56.75931,18.03650,0.082,5.875,191.108816,-28.863052,10.1087088221292,2.3414,/L
2030-May-22 00:00,*,,56.89193,18.06542,0.095,5.888,281.766007,-28.891314,10.1082080666347,2.9281,/L
2030-May-23 00:00,*,,57.02455,18.09418,0.108,5.901,12.424297,-28.919362,10.1074675141965,3.6124,/L
2030-May-24 00:00,*,,57.15715,18.12279,0.120,5.913,103.083705,-28.947192,10.1064869153014,4.3484,/L
2030-May-25 00:00,*,,57.28973,18.15123,0.130,5.924,193.744254,-28.974800,10.1052660907947,5.1136,/L
2030-May-26 00:00,*,,57.42226,18.17949,0.139,5.933,284.405964,-29.002183,10.1038050274181,5.8968,/L
2030-May-27 00:00,*,,57.55474,18.20759,0.147,5.941,15.068855,-29.029339,10.1021038035650,6.6914,/L
2030-May-28 00:00,*,,57.68715,18.23552,0.153,5.948,105.732947,-29.056262,10.1001625667475,7.4939,/L
2030-May-29 00:00,*,,57.81946,18.26328,0.159,5.954,196.398261,-29.082951,10.0979816511586,8.3020,/L
2030-May-30 00:00,*,,57.95167,18.29085,0.164,5.959,287.064816,-29.109401,10.0955614752435,9.1140,/L
2030-May-31 00:00,*,,58.08375,18.31825,0.168,5.964,17.732631,-29.135608,10.0929026527487,9.9292,/L
2030-Jun-01 00:00,*,m,58.21567,18.34547,0.172,5.968,108.401723,-29.161571,10.0900058541424,10.7466,/L
2030-Jun-02 00:00,*,m,58.34743,18.37251,0.175,5.972,199.072110,-29.187285,10.0868717850638,11.5659,/L
2030-Jun-03 00:00,*,m,58.47899,18.39935,0.177,5.975,289.743809,-29.212747,10.0835012420337,12.3867,/L
2030-Jun-04 00:00,*,m,58.61032,18.42601,0.180,5.978,20.416837,-29.237956,10.0798951184693,13.2087,/L
2030-Jun-05 00:00,*,m,58.74142,18.45247,0.182,5.981,111.091209,-29.262908,10.0760543075104,14.0316,/L
2030-Jun-06 00:00,*,m,58.87225,18.47872,0.184,5.984,201.766941,-29.287601,10.0719797921377,14.8554,/L
2030-Jun-07 00:00,*,m,59.00280,18.50477,0.185,5.986,292.444049,-29.312033,10.0676725602971,15.6800,/L
2030-Jun-08 00:00,*,m,59.13304,18.53062,0.187,5.989,23.122548,-29.336203,10.0631337202218,16.5051,/L
2030-Jun-09 00:00,*,m,59.26296,18.55624,0.188,5.991,113.802452,-29.360108,10.0583645083860,17.3308,/L
2030-Jun-10 00:00,*,m,59.39254,18.58165,0.189,5.993,204.483775,-29.383748,10.0533661637702,18.1571,/L
2030-Jun-11 00:00,*,m,59.52178,18.60684,0.190,5.995,295.166532,-29.407120,10.0481400059670,18.9837,/L
2030-Jun-12 00:00,*,m,59.65066,18.63182,0.191,5.997,25.850733,-29.430223,10.0426874211884,19.8109,/L
2030-Jun-13 00:00,*,m,59.77918,18.65657,0.192,5.999,116.536391,-29.453056,10.0370098369492,20.6385,/L
2030-Jun-14 00:00,*,m,59.90731,18.68111,0.193,6.001,207.223517,-29.475617,10.0311087043033,21.4665,/L
2030-Jun-15 00:00,*,m,60.03504,18.70543,0.193,6.003,297.912122,-29.497904,10.0249854091774,22.2950,/L
2030-Jun-16 00:00,*,,60.16233,18.72953,0.194,6.005,28.602217,-29.519916,10.0186412046723,23.1240,/L
2030-Jun-17 00:00,*,,60.28918,18.75342,0.194,6.007,119.293812,-29.541651,10.0120773536880,23.9535,/L
2030-Jun-18 00:00,*,,60.41555,18.77707,0.195,6.008,209.986919,-29.563108,10.0052949719637,24.7835,/L
2030-Jun-19 00:00,*,,60.54141,18.80049,0.195,6.010,300.681551,-29.584285,9.99829511505394,25.6140,/L
2030-Jun-20 00:00,*,,60.66676,18.82367,0.195,6.012,31.377720,-29.605181,9.99107876644990,26.4452,/L
2030-Jun-21 00:00,*,,60.79158,18.84661,0.195,6.014,122.075441,-29.625794,9.98364689614925,27.2769,/L
2030-Jun-22 00:00,*,,60.91586,18.86930,0.195,6.015,212.774729,-29.646124,9.97600055491647,28.1092,/L
2030-Jun-23 00:00,*,,61.03959,18.89174,0.196,6.017,303.475597,-29.666170,9.96814088298733,28.9422,/L
2030-Jun-24 00:00,*,,61.16275,18.91394,0.196,6.019,34.178063,-29.685930,9.96006901419135,29.7759,/L
2030-Jun-25 00:00,*,,61.28532,18.93590,0.195,6.020,124.882141,-29.705405,9.95178622123037,30.6102,/L
2030-Jun-26 00:00,*,,61.40729,18.95760,0.195,6.022,215.587846,-29.724594,9.94329388351387,31.4452,/L
2030-Jun-27 00:00,*,,61.52863,18.97906,0.195,6.024,306.295193,-29.743495,9.93459350084404,32.2809,/L
2030-Jun-28 00:00,*,,61.64933,19.00027,0.195,6.025,37.004198,-29.762108,9.92568672551020,33.1173,/L
2030-Jun-29 00:00,*,,61.76935,19.02124,0.195,6.027,127.714874,-29.780433,9.91657525302272,33.9544,/L
2030-Jun-30 00:00,*,,61.88868,19.04195,0.194,6.028,218.427235,-29.798470,9.90726095507933,34.7923,/L
2030-Jul-01 00:00,*,m,62.00729,19.06241,0.194,6.030,309.141295,-29.816216,9.89774587702462,35.6309,/L
2030-Jul-02 00:00,*,m,62.12515,19.08261,0.193,6.032,39.857064,-29.833672,9.88803216698540,36.4703,/L
2030-Jul-03 00:00,*,m,62.24224,19.10255,0.193,6.033,130.574554,-29.850837,9.87812205105005,37.3104,/L
2030-Jul-04 00:00,*,m,62.35854,19.12223,0.192,6.035,221.293774,-29.867711,9.86801784486294,38.1513,/L
2030-Jul-05 00:00,*,m,62.47403,19.14164,0.191,6.036,312.014734,-29.884294,9.85772187404702,38.9930,/L
2030-Jul-06 00:00,*,m,62.58870,19.16079,0.190,6.038,42.737444,-29.900585,9.84723660113893,39.8355,/L
2030-Jul-07 00:00,*,m,62.70252,19.17965,0.190,6.039,133.461909,-29.916585,9.83656443771145,40.6789,/L
2030-Jul-08 00:00,*,m,62.81549,19.19825,0.189,6.040,224.188139,-29.932294,9.82570779633731,41.5230,/L
2030-Jul-09 00:00,*,m,62.92759,19.21657,0.188,6.042,314.916140,-29.947713,9.81466912451372,42.3680,/L
2030-Jul-10 00:00,*,m,63.03882,19.23463,0.187,6.043,45.645920,-29.962842,9.80345087785320,43.2138,/L
2030-Jul-11 00:00,*,m,63.14916,19.25242,0.186,6.045,136.377485,-29.977683,9.79205550488028,44.0605,/L
2030-Jul-12 00:00,*,m,63.25859,19.26994,0.185,6.046,227.110840,-29.992237,9.78048541778390,44.9082,/L
2030-Jul-13 00:00,*,m,63.36710,19.28719,0.183,6.047,317.845994,-30.006503,9.76874290593218,45.7568,/L
2030-Jul-14 00:00,*,m,63.47464,19.30419,0.182,6.049,48.582952,-30.020483,9.75683026445388,46.6064,/L
2030-Jul-15 00:00,*,,63.58121,19.32091,0.181,6.050,139.321722,-30.034177,9.74474976750473,47.4570,/L
2030-Jul-16 00:00,*,,63.68677,19.33736,0.179,6.051,230.062313,-30.047586,9.73250359984459,48.3087,/L
2030-Jul-17 00:00,*,,63.79130,19.35354,0.178,6.053,320.804731,-30.060710,9.72009398329013,49.1615,/L
2030-Jul-18 00:00,*,,63.89478,19.36943,0.176,6.054,51.548988,-30.073549,9.70752312594026,50.0155,/L
2030-Jul-19 00:00,*,,63.99721,19.38504,0.175,6.055,142.295090,-30.086104,9.69479334206062,50.8707,/L
2030-Jul-20 00:00,*,,64.09858,19.40036,0.173,6.056,233.043047,-30.098374,9.68190702254892,51.7272,/L
2030-Jul-21 00:00,*,,64.19886,19.41540,0.172,6.057,323.792868,-30.110361,9.66886656492791,52.5849,/L
2030-Jul-22 00:00,*,,64.29805,19.43016,0.170,6.058,54.544560,-30.122065,9.65567439382281,53.4440,/L
2030-Jul-23 00:00,*,,64.39613,19.44464,0.168,6.060,145.298134,-30.133486,9.64233306390039,54.3043,/L
2030-Jul-24 00:00,*,,64.49307,19.45883,0.166,6.061,236.053598,-30.144627,9.62884514648355,55.1660,/L
2030-Jul-25 00:00,*,,64.58887,19.47275,0.164,6.062,326.810960,-30.155487,9.61521334223543,56.0291,/L
2030-Jul-26 00:00,*,,64.68348,19.48639,0.162,6.063,57.570229,-30.166069,9.60144037020299,56.8936,/L
2030-Jul-27 00:00,*,,64.77690,19.49975,0.160,6.064,148.331413,-30.176374,9.58752903728483,57.7596,/L
2030-Jul-28 00:00,*,,64.86909,19.51282,0.158,6.065,239.094521,-30.186402,9.57348232447620,58.6269,/L
2030-Jul-29 00:00,*,,64.96004,19.52562,0.156,6.066,329.859558,-30.196156,9.55930331737801,59.4957,/L
2030-Jul-30 00:00,*,,65.04971,19.53813,0.154,6.067,60.626533,-30.205637,9.54499519541841,60.3660,/L
2030-Jul-31 00:00,*,m,65.13808,19.55036,0.151,6.068,151.395451,-30.214846,9.53056128783515,61.2378,/L
2030-Aug-01 00:00,*,m,65.22514,19.56230,0.149,6.068,242.166317,-30.223785,9.51600504203006,62.1110,/L
2030-Aug-02 00:00,*,m,65.31086,19.57395,0.146,6.069,332.939136,-30.232454,9.50133007510459,62.9857,/L
2030-Aug-03 00:00,*,m,65.39523,19.58531,0.144,6.070,63.713908,-30.240855,9.48654012258916,63.8620,/L
2030-Aug-04 00:00,*,m,65.47824,19.59638,0.141,6.071,154.490636,-30.248988,9.47163887997167,64.7398,/L
2030-Aug-05 00:00,*,m,65.55987,19.60715,0.139,6.072,245.269318,-30.256856,9.45663012954080,65.6191,/L
2030-Aug-06 00:00,*,m,65.64013,19.61763,0.136,6.072,336.049955,-30.264459,9.44151762006973,66.4999,/L
2030-Aug-07 00:00,*,m,65.71899,19.62783,0.133,6.073,66.832544,-30.271799,9.42630505958232,67.3823,/L
2030-Aug-08 00:00,*,m,65.79644,19.63774,0.130,6.074,157.617084,-30.278878,9.41099606251429,68.2662,/L
2030-Aug-09 00:00,*,m,65.87246,19.64738,0.128,6.074,248.403573,-30.285698,9.39559412161872,69.1518,/L
2030-Aug-10 00:00,*,m,65.94704,19.65673,0.125,6.075,339.192009,-30.292260,9.38010263213609,70.0390,/L
2030-Aug-11 00:00,*,m,66.02014,19.66581,0.122,6.076,69.982393,-30.298567,9.36452499174263,70.9278,/L
2030-Aug-12 00:00,C,m,66.09175,19.67459,0.119,6.076,160.774724,-30.304620,9.34886444537288,71.8183,/L
2030-Aug-13 00:00,C,m,66.16184,19.68310,0.116,6.077,251.569003,-30.310421,9.33312421414861,72.7106,/L
2030-Aug-14 00:00,C,m,66.23041,19.69131,0.112,6.077,342.365231,-30.315972,9.31730751131271,73.6046,/L
2030-Aug-15 00:00,C,,66.29744,19.69923,0.109,6.078,73.163410,-30.321274,9.30141759478534,74.5004,/L
2030-Aug-16 00:00,C,,66.36291,19.70687,0.106,6.078,163.963543,-30.326329,9.28545786579697,75.3981,/L
2030-Aug-17 00:00,C,,66.42682,19.71421,0.103,6.078,254.765631,-30.331139,9.26943179275615,76.2977,/L
2030-Aug-18 00:00,C,,66.48916,19.72126,0.099,6.079,345.569675,-30.335704,9.25334293716499,77.1992,/L
2030-Aug-19 00:00,C,,66.54990,19.72802,0.096,6.079,76.375678,-30.340026,9.23719503721333,78.1027,/L
2030-Aug-20 00:00,C,,66.60904,19.73450,0.092,6.079,167.183637,-30.344106,9.22099194534601,79.0082,/L
2030-Aug-21 00:00,C,,66.66656,19.74069,0.089,6.080,257.993553,-30.347945,9.20473757314934,79.9156,/L
2030-Aug-22 00:00,C,,66.72244,19.74660,0.085,6.080,348.805424,-30.351545,9.18843591030380,80.8251,/L
2030-Aug-23 00:00,C,,66.77666,19.75223,0.081,6.080,79.619247,-30.354907,9.17209091162769,81.7367,/L
2030-Aug-24 00:00,C,,66.82920,19.75758,0.078,6.080,170.435020,-30.358033,9.15570667842846,82.6503,/L
2030-Aug-25 00:00,C,,66.88004,19.76264,0.074,6.080,261.252740,-30.360925,9.13928735907046,83.5661,/L
2030-Aug-26 00:00,C,,66.92916,19.76742,0.070,6.080,352.072402,-30.363585,9.12283713648600,84.4839,/L
2030-Aug-27 00:00,C,,66.97655,19.77192,0.066,6.080,82.894003,-30.366015,9.10636027130391,85.4038,/L
2030-Aug-28 00:00,C,,67.02219,19.77613,0.062,6.080,173.717537,-30.368217,9.08986113980480,86.3259,/L
2030-Aug-29 00:00,C,,67.06606,19.78005,0.058,6.080,264.543000,-30.370193,9.07334421290665,87.2500,/L
2030-Aug-30 00:00,C,,67.10815,19.78368,0.054,6.080,355.370383,-30.371945,9.05681411505209,88.1763,/L
2030-Aug-31 00:00,N,m,67.14845,19.78703,0.050,6.080,86.199678,-30.373475,9.04027546716724,89.1047,/L
2030-Sep-01 00:00,N,m,67.18697,19.79009,0.046,6.080,177.030876,-30.374784,9.02373297926564,90.0352,/L
2030-Sep-02 00:00,N,m,67.22369,19.79287,0.042,6.080,267.863965,-30.375875,9.00719146153012,90.9679,/L
2030-Sep-03 00:00,N,m,67.25862,19.79536,0.037,6.079,358.698933,-30.376749,8.99065570376107,91.9026,/L
2030-Sep-04 00:00,N,m,67.29173,19.79758,0.033,6.079,89.535767,-30.377407,8.97413049146438,92.8395,/L
2030-Sep-05 00:00,N,m,67.32303,19.79953,0.029,6.079,180.374452,-30.377850,8.95762050205218,93.7785,/L
2030-Sep-06 00:00,N,m,67.35250,19.80120,0.024,6.078,271.214972,-30.378080,8.94113031135991,94.7197,/L
2030-Sep-07 00:00,N,m,67.38012,19.80260,0.020,6.078,2.057314,-30.378099,8.92466443243234,95.6629,/L
2030-Sep-08 00:00,N,m,67.40588,19.80372,0.016,6.078,92.901462,-30.377907,8.90822724890328,96.6084,/L
2030-Sep-09 00:00,N,m,67.42977,19.80457,0.011,6.077,183.747401,-30.377506,8.89182296559439,97.5560,/L
2030-Sep-10 00:00,N,m,67.45179,19.80514,0.006,6.077,274.595118,-30.376898,8.87545577427385,98.5058,/L
2030-Sep-11 00:00,N,m,67.47193,19.80543,0.002,6.076,5.444600,-30.376085,8.85912978410032,99.4579,/L
2030-Sep-12 00:00,N,m,67.49019,19.80544,-0.003,6.075,96.295833,-30.375069,8.84284917638022,100.4122,/L
2030-Sep-13 00:00,N,m,67.50657,19.80517,-0.007,6.075,187.148805,-30.373850,8.82661813764827,101.3688,/L
2030-Sep-14 00:00,N,m,67.52107,19.80463,-0.012,6.074,278.003504,-30.372432,8.81044087363908,102.3277,/L
2030-Sep-15 00:00,N,,67.53368,19.80381,-0.017,6.073,8.859915,-30.370815,8.79432171706635,103.2890,/L
2030-Sep-16 00:00,N,,67.54441,19.80273,-0.022,6.072,99.718026,-30.369000,8.77826515340340,104.2526,/L
2030-Sep-17 00:00,N,,67.55324,19.80137,-0.027,6.072,190.577822,-30.366990,8.76227573766121,105.2186,/L
2030-Sep-18 00:00,N,,67.56017,19.79976,-0.031,6.071,281.439287,-30.364785,8.74635816362183,106.1871,/L
2030-Sep-19 00:00,A,,67.56519,19.79787,-0.036,6.070,12.302403,-30.362387,8.73051719077106,107.1579,/L
2030-Sep-20 00:00,A,,67.56829,19.79573,-0.041,6.069,103.167153,-30.359797,8.71475769513911,108.1311,/L
2030-Sep-21 00:00,A,,67.56947,19.79332,-0.046,6.068,194.033516,-30.357015,8.69908468844126,109.1068,/L
2030-Sep-22 00:00,A,,67.56871,19.79065,-0.051,6.067,284.901471,-30.354042,8.68350314011748,110.0849,/L
2030-Sep-23 00:00,A,,67.56602,19.78771,-0.056,6.066,15.770996,-30.350881,8.66801806169587,111.0654,/L
2030-Sep-24 00:00,A,,67.56138,19.78452,-0.061,6.065,106.642066,-30.347532,8.65263448796294,112.0484,/L
2030-Sep-25 00:00,A,,67.55482,19.78105,-0.066,6.063,197.514657,-30.343996,8.63735748832278,113.0338,/L
2030-Sep-26 00:00,A,,67.54631,19.77733,-0.071,6.062,288.388743,-30.340276,8.62219216946608,114.0216,/L
2030-Sep-27 00:00,A,,67.53589,19.77333,-0.076,6.061,19.264296,-30.336373,8.60714364169701,115.0117,/L
2030-Sep-28 00:00,A,,67.52354,19.76908,-0.081,6.060,110.141287,-30.332289,8.59221695525073,116.0043,/L
2030-Sep-29 00:00,A,,67.50930,19.76457,-0.087,6.058,201.019687,-30.328026,8.57741725341890,116.9992,/L
2030-Sep-30 00:00,A,,67.49317,19.75980,-0.092,6.057,291.899464,-30.323586,8.56274959458347,117.9964,/L
2030-Oct-01 00:00,A,m,67.47516,19.75479,-0.097,6.056,22.780587,-30.318970,8.54821897309514,118.9959,/L
2030-Oct-02 00:00,A,m,67.45528,19.74953,-0.102,6.054,113.663022,-30.314179,8.53383027674281,119.9977,/L
2030-Oct-03 00:00,A,m,67.43353,19.74404,-0.107,6.053,204.546735,-30.309216,8.51958827758736,121.0017,/L
2030-Oct-04 00:00,A,m,67.40991,19.73830,-0.113,6.051,295.431693,-30.304081,8.50549770805540,122.0080,/L
2030-Oct-05 00:00,A,m,67.38443,19.73233,-0.118,6.049,26.317860,-30.298776,8.49156323028339,123.0164,/L
2030-Oct-06 00:00,A,m,67.35710,19.72612,-0.123,6.048,117.205203,-30.293301,8.47778934609231,124.0271,/L
2030-Oct-07 00:00,A,m,67.32792,19.71967,-0.128,6.046,208.093686,-30.287658,8.46418050437104,125.0400,/L
2030-Oct-08 00:00,,m,67.29693,19.71298,-0.134,6.044,298.983273,-30.281848,8.45074109303559,126.0550,/L
2030-Oct-09 00:00,,m,67.26412,19.70604,-0.139,6.043,29.873929,-30.275871,8.43747540873347,127.0723,/L
2030-Oct-10 00:00,,m,67.22954,19.69887,-0.144,6.041,120.765618,-30.269729,8.42438772789411,128.0917,/L
2030-Oct-11 00:00,,m,67.19318,19.69147,-0.149,6.039,211.658303,-30.263424,8.41148218738057,129.1134,/L
2030-Oct-12 00:00,,m,67.15509,19.68383,-0.154,6.037,302.551951,-30.256958,8.39876294981740,130.1372,/L
2030-Oct-13 00:00,,m,67.11527,19.67597,-0.160,6.035,33.446524,-30.250332,8.38623421120363,131.1632,/L
2030-Oct-14 00:00,,m,67.07375,19.66790,-0.165,6.033,124.341984,-30.243548,8.37390016582214,132.1914,/L
2030-Oct-15 00:00,,,67.03053,19.65960,-0.170,6.031,215.238296,-30.236609,8.36176500421657,133.2218,/L
2030-Oct-16 00:00,,,66.98563,19.65110,-0.175,6.029,306.135420,-30.229516,8.34983296710162,134.2544,/L
2030-Oct-17 00:00,,,66.93907,19.64238,-0.181,6.027,37.033317,-30.222272,8.33810829272779,135.2890,/L
2030-Oct-18 00:00,,,66.89087,19.63346,-0.186,6.025,127.931947,-30.214878,8.32659535571887,136.3259,/L
2030-Oct-19 00:00,,,66.84103,19.62434,-0.191,6.023,218.831268,-30.207336,8.31529850851356,137.3648,/L
2030-Oct-20 00:00,,,66.78958,19.61502,-0.196,6.021,309.731238,-30.199648,8.30422211485143,138.4059,/L
2030-Oct-21 00:00,,,66.73654,19.60550,-0.201,6.018,40.631812,-30.191817,8.29337061462329,139.4490,/L
2030-Oct-22 00:00,,,66.68193,19.59578,-0.206,6.016,131.532943,-30.183843,8.28274846176833,140.4942,/L
2030-Oct-23 00:00,,,66.62578,19.58586,-0.212,6.014,222.434584,-30.175729,8.27236012222493,141.5414,/L
2030-Oct-24 00:00,,,66.56812,19.57575,-0.217,6.011,313.336684,-30.167477,8.26221000649723,142.5905,/L
2030-Oct-25 00:00,,,66.50898,19.56545,-0.222,6.009,44.239192,-30.159089,8.25230240136209,143.6416,/L
2030-Oct-26 00:00,,,66.44840,19.55496,-0.227,6.007,135.142056,-30.150568,8.24264153989470,144.6945,/L
2030-Oct-27 00:00,,,66.38643,19.54430,-0.232,6.004,226.045220,-30.141917,8.23323156085095,145.7492,/L
2030-Oct-28 00:00,,,66.32310,19.53346,-0.237,6.002,316.948631,-30.133139,8.22407635030592,146.8057,/L
2030-Oct-29 00:00,,,66.25845,19.52246,-0.242,5.999,47.852233,-30.124237,8.21517963545531,147.8638,/L
2030-Oct-30 00:00,,m,66.19251,19.51132,-0.247,5.997,138.755971,-30.115214,8.20654487056236,148.9234,/L
2030-Oct-31 00:00,,m,66.12530,19.50002,-0.251,5.994,229.659789,-30.106074,8.19817534635051,149.9846,/L
2030-Nov-01 00:00,,m,66.05685,19.48857,-0.256,5.991,320.563634,-30.096821,8.19007416779350,151.0472,/L
2030-Nov-02 00:00,,m,65.98721,19.47699,-0.261,5.989,51.467451,-30.087458,8.18224422407771,152.1112,/L
2030-Nov-03 00:00,,m,65.91639,19.46526,-0.266,5.986,142.371188,-30.077989,8.17468825819756,153.1765,/L
2030-Nov-04 00:00,,m,65.84445,19.45340,-0.271,5.983,233.274792,-30.068417,8.16740899382362,154.2430,/L
2030-Nov-05 00:00,,m,65.77143,19.44140,-0.275,5.980,324.178211,-30.058745,8.16040905400729,155.3106,/L
2030-Nov-06 00:00,,m,65.69736,19.42927,-0.280,5.978,55.081391,-30.048976,8.15369105417631,156.3794,/L
2030-Nov-07 00:00,,m,65.62231,19.41702,-0.285,5.975,145.984280,-30.039115,8.14725751038769,157.4492,/L
2030-Nov-08 00:00,,m,65.54630,19.40466,-0.289,5.972,236.886824,-30.029165,8.14111085682836,158.5198,/L
2030-Nov-09 00:00,,m,65.46938,19.39219,-0.294,5.969,327.788970,-30.019129,8.13525353576462,159.5913,/L
2030-Nov-10 00:00,,m,65.39160,19.37962,-0.299,5.965,58.690662,-30.009011,8.12968786393607,160.6635,/L
2030-Nov-11 00:00,,m,65.31300,19.36695,-0.303,5.962,149.591848,-29.998817,8.12441604431844,161.7363,/L
2030-Nov-12 00:00,,m,65.23362,19.35420,-0.308,5.959,240.492473,-29.988550,8.11944019096067,162.8095,/L
2030-Nov-13 00:00,,m,65.15349,19.34138,-0.313,5.955,331.392483,-29.978216,8.11476233777556,163.8828,/L
2030-Nov-14 00:00,,,65.07266,19.32848,-0.318,5.951,62.291824,-29.967820,8.11038447408091,164.9561,/L
2030-Nov-15 00:00,,,64.99116,19.31552,-0.323,5.947,153.190441,-29.957367,8.10630854630591,166.0290,/L
2030-Nov-16 00:00,,,64.90903,19.30250,-0.329,5.943,244.088279,-29.946863,8.10253633168207,167.1011,/L
2030-Nov-17 00:00,,,64.82633,19.28943,-0.335,5.938,334.985284,-29.936313,8.09906963393848,168.1718,/L
2030-Nov-18 00:00,,,64.74308,19.27631,-0.341,5.932,65.881402,-29.925723,8.09591019650640,169.2404,/L
2030-Nov-19 00:00,,,64.65934,19.26314,-0.348,5.926,156.776575,-29.915099,8.09305972946460,170.3057,/L
2030-Nov-20 00:00,,,64.57515,19.24995,-0.357,5.919,247.670749,-29.904446,8.09051988932763,171.3662,/L
2030-Nov-21 00:00,,,64.49057,19.23672,-0.366,5.910,338.563866,-29.893770,8.08829224867569,172.4193,/L
2030-Nov-22 00:00,,,64.40565,19.22347,-0.376,5.900,69.455869,-29.883078,8.08637832258944,173.4610,/L
2030-Nov-23 00:00,,,64.32044,19.21021,-0.389,5.888,160.346698,-29.872374,8.08477958603883,174.4843,/L
2030-Nov-24 00:00,,,64.23502,19.19695,-0.403,5.874,251.236294,-29.861665,8.08349727116171,175.4762,/L
2030-Nov-25 00:00,,,64.14942,19.18370,-0.420,5.858,342.124596,-29.850957,8.08253237469324,176.4096,/L
2030-Nov-26 00:00,,,64.06370,19.17047,-0.437,5.841,73.011545,-29.840256,8.08188561380344,177.2242,/L
2030-Nov-27 00:00,,,63.97791,19.15727,-0.451,5.827,163.897083,-29.829571,8.08155736342339,177.7841,/L
2030-Nov-28 00:00,,m,63.89208,19.14412,-0.453,5.825,254.781153,-29.818906,8.08154774629651,177.8765,/L
2030-Nov-29 00:00,,m,63.80626,19.13100,-0.442,5.835,345.663699,-29.808270,8.08185652082026,177.4496,/T
2030-Nov-30 00:00,,m,63.72051,19.11793,-0.426,5.852,76.544670,-29.797670,8.08248319215678,176.6988,/T
2030-Dec-01 00:00,,m,63.63486,19.10492,-0.409,5.869,167.424015,-29.787114,8.08342712516592,175.7941,/T
2030-Dec-02 00:00,,m,63.54939,19.09197,-0.393,5.884,258.301685,-29.776608,8.08468756754494,174.8154,/T
2030-Dec-03 00:00,,m,63.46413,19.07909,-0.380,5.896,349.177635,-29.766159,8.08626363942257,173.7976,/T
2030-Dec-04 00:00,,m,63.37915,19.06629,-0.369,5.907,80.051817,-29.755776,8.08815441765344,172.7573,/T
2030-Dec-05 00:00,,m,63.29449,19.05357,-0.359,5.916,170.924189,-29.745466,8.09035885670009,171.7029,/T
2030-Dec-06 00:00,,m,63.21021,19.04096,-0.351,5.924,261.794707,-29.735236,8.09287597705149,170.6393,/T
2030-Dec-07 00:00,,m,63.12635,19.02845,-0.343,5.931,352.663326,-29.725092,8.09570475328274,169.5693,/T
2030-Dec-08 00:00,,m,63.04296,19.01607,-0.336,5.937,83.530006,-29.715041,8.09884407572133,168.4949,/T
2030-Dec-09 00:00,,m,62.96008,19.00381,-0.330,5.942,174.394702,-29.705092,8.10229279512763,167.4173,/T
2030-Dec-10 00:00,,m,62.87776,18.99168,-0.325,5.947,265.257374,-29.695250,8.10604969572925,166.3372,/T
2030-Dec-11 00:00,,m,62.79603,18.97970,-0.319,5.951,356.117980,-29.685523,8.11011347645474,165.2554,/T
2030-Dec-12 00:00,,m,62.71494,18.96787,-0.314,5.955,86.976479,-29.675919,8.11448275120349,164.1723,/T
2030-Dec-13 00:00,,,62.63452,18.95620,-0.309,5.959,177.832831,-29.666444,8.11915594275019,163.0883,/T
2030-Dec-14 00:00,,,62.55483,18.94469,-0.304,5.962,268.686997,-29.657107,8.12413136795020,162.0037,/T
2030-Dec-15 00:00,,,62.47590,18.93336,-0.299,5.965,359.538939,-29.647915,8.12940730861244,160.9186,/T
2030-Dec-16 00:00,,,62.39778,18.92220,-0.295,5.969,90.388619,-29.638877,8.13498189010491,159.8333,/T
2030-Dec-17 00:00,,,62.32051,18.91123,-0.290,5.972,181.236002,-29.630000,8.14085318303646,158.7479,/T
2030-Dec-18 00:00,,,62.24414,18.90045,-0.285,5.975,272.081052,-29.621292,8.14701911546244,157.6625,/T
2030-Dec-19 00:00,,,62.16872,18.88987,-0.281,5.978,2.923734,-29.612761,8.15347755051769,156.5774,/T
2030-Dec-20 00:00,,,62.09429,18.87950,-0.276,5.981,93.764016,-29.604415,8.16022631054685,155.4925,/T
2030-Dec-21 00:00,,,62.02091,18.86936,-0.271,5.983,184.601862,-29.596261,8.16726310247893,154.4081,/T
2030-Dec-22 00:00,,,61.94862,18.85944,-0.266,5.986,275.437240,-29.588306,8.17458544037415,153.3241,/T
2030-Dec-23 00:00,,,61.87746,18.84977,-0.262,5.989,6.270118,-29.580559,8.18219074542394,152.2408,/T
2030-Dec-24 00:00,,,61.80746,18.84035,-0.257,5.992,97.100467,-29.573025,8.19007620258652,151.1581,/T
2030-Dec-25 00:00,,,61.73867,18.83119,-0.252,5.994,187.928254,-29.565711,8.19823881447640,150.0763,/T
2030-Dec-26 00:00,,,61.67110,18.82229,-0.247,5.997,278.753454,-29.558624,8.20667529258546,148.9954,/T
2030-Dec-27 00:00,,m,61.60480,18.81366,-0.242,5.999,9.576040,-29.551771,8.21538203498862,147.9154,/T
2030-Dec-28 00:00,,m,61.53980,18.80529,-0.237,6.002,100.395991,-29.545158,8.22435528322346,146.8366,/T
2030-Dec-29 00:00,,m,61.47614,18.79720,-0.232,6.004,191.213287,-29.538792,8.23359112569574,145.7589,/T
2030-Dec-30 00:00,,m,61.41385,18.78939,-0.227,6.007,282.027911,-29.532678,8.24308550378678,144.6824,/T
2030-Dec-31 00:00,,m,61.35299,18.78187,-0.222,6.009,12.839848,-29.526823,8.25283428784467,143.6072,/T
2031-Jan-01 00:00,,m,61.29358,18.77464,-0.217,6.012,103.649085,-29.521234,8.26283328842581,142.5334,/T
2031-Jan-02 00:00,,m,61.23566,18.76771,-0.212,6.014,194.455612,-29.515917,8.27307830895851,141.4609,/T
2031-Jan-03 00:00,,m,61.17926,18.76109,-0.207,6.016,285.259420,-29.510876,8.28356521844533,140.3898,/T
2031-Jan-04 00:00,,m,61.12441,18.75479,-0.202,6.018,16.060499,-29.506118,8.29428978170704,139.3202,/T
2031-Jan-05 00:00,,m,61.07112,18.74881,-0.197,6.021,106.858844,-29.501649,8.30524781211325,138.2521,/T
2031-Jan-06 00:00,,m,61.01943,18.74316,-0.192,6.023,197.654448,-29.497472,8.31643514206238,137.1855,/T
2031-Jan-07 00:00,,m,60.96934,18.73784,-0.187,6.025,288.447307,-29.493594,8.32784764902667,136.1205,/T
2031-Jan-08 00:00,,m,60.92088,18.73286,-0.182,6.027,19.237416,-29.490017,8.33948124673014,135.0570,/T
2031-Jan-09 00:00,,m,60.87407,18.72822,-0.176,6.029,110.024771,-29.486747,8.35133184020835,133.9951,/T
2031-Jan-10 00:00,,m,60.82893,18.72393,-0.171,6.031,200.809369,-29.483787,8.36339528696068,132.9349,/T
2031-Jan-11 00:00,,m,60.78547,18.71997,-0.166,6.033,291.591207,-29.481141,8.37566751700922,131.8762,/T
2031-Jan-12 00:00,,,60.74372,18.71637,-0.161,6.034,22.370283,-29.478812,8.38814436974756,130.8193,/T
2031-Jan-13 00:00,,,60.70370,18.71311,-0.156,6.036,113.146593,-29.476805,8.40082160222925,129.7640,/T
2031-Jan-14 00:00,,,60.66543,18.71020,-0.151,6.038,203.920138,-29.475122,8.41369489556887,128.7104,/T
2031-Jan-15 00:00,,,60.62893,18.70765,-0.146,6.040,294.690917,-29.473768,8.42675981930589,127.6586,/T
2031-Jan-16 00:00,,,60.59424,18.70545,-0.141,6.041,25.458933,-29.472746,8.44001194032885,126.6085,/T
2031-Jan-17 00:00,,,60.56137,18.70362,-0.135,6.043,116.224186,-29.472059,8.45344672449356,125.5601,/T
2031-Jan-18 00:00,,,60.53035,18.70216,-0.130,6.045,206.986681,-29.471711,8.46705949435919,124.5136,/T
2031-Jan-19 00:00,,,60.50120,18.70108,-0.125,6.046,297.746421,-29.471703,8.48084549477191,123.4688,/T
2031-Jan-20 00:00,,,60.47392,18.70038,-0.120,6.048,28.503414,-29.472040,8.49479989231183,122.4259,/T
2031-Jan-21 00:00,,,60.44853,18.70006,-0.115,6.049,119.257665,-29.472722,8.50891769746874,121.3850,/T
2031-Jan-22 00:00,,,60.42503,18.70012,-0.110,6.050,210.009185,-29.473753,8.52319383741614,120.3459,/T
2031-Jan-23 00:00,,,60.40342,18.70057,-0.105,6.052,300.757983,-29.475132,8.53762302142170,119.3089,/T
2031-Jan-24 00:00,,,60.38371,18.70140,-0.100,6.053,31.504073,-29.476862,8.55219993033268,118.2738,/T
2031-Jan-25 00:00,,m,60.36592,18.70260,-0.095,6.054,122.247470,-29.478942,8.56691921755004,117.2408,/T
2031-Jan-26 00:00,,m,60.35005,18.70418,-0.090,6.055,212.988191,-29.481373,8.58177548381235,116.2100,/T
2031-Jan-27 00:00,,m,60.33612,18.70613,-0.085,6.056,303.726252,-29.484155,8.59676331174446,115.1813,/T
2031-Jan-28 00:00,,m,60.32414,18.70846,-0.080,6.057,34.461674,-29.487287,8.61187730356816,114.1547,/T
2031-Jan-29 00:00,,m,60.31413,18.71117,-0.075,6.058,125.194476,-29.490770,8.62711206234273,113.1304,/T
2031-Jan-30 00:00,,m,60.30608,18.71426,-0.071,6.059,215.924680,-29.494602,8.64246228674499,112.1082,/T
2031-Jan-31 00:00,,m,60.30001,18.71774,-0.066,6.060,306.652308,-29.498783,8.65792264700324,111.0883,/T
2031-Feb-01 00:00,,m,60.29591,18.72160,-0.061,6.061,37.377383,-29.503313,8.67348780850516,110.0706,/T
2031-Feb-02 00:00,,m,60.29377,18.72584,-0.056,6.062,128.099930,-29.508191,8.68915255059318,109.0552,/T
2031-Feb-03 00:00,,m,60.29361,18.73046,-0.051,6.062,218.819974,-29.513416,8.70491167991671,108.0420,/T
2031-Feb-04 00:00,,m,60.29540,18.73547,-0.047,6.063,309.537540,-29.518986,8.72076010204973,107.0310,/T
2031-Feb-05 00:00,,m,60.29915,18.74085,-0.042,6.064,40.252653,-29.524901,8.73669275691475,106.0222,/T
2031-Feb-06 00:00,,m,60.30484,18.74661,-0.038,6.064,130.965342,-29.531158,8.75270464124428,105.0157,/T
2031-Feb-07 00:00,,m,60.31248,18.75274,-0.033,6.065,221.675631,-29.537755,8.76879088853102,104.0115,/T
2031-Feb-08 00:00,,m,60.32206,18.75924,-0.029,6.065,312.383548,-29.544691,8.78494676595347,103.0094,/T
2031-Feb-09 00:00,,m,60.33357,18.76610,-0.024,6.066,43.089118,-29.551962,8.80116753776390,102.0095,/T
2031-Feb-10 00:00,,,60.34702,18.77333,-0.020,6.066,133.792367,-29.559565,8.81744858504271,101.0118,/T
2031-Feb-11 00:00,,,60.36241,18.78091,-0.015,6.066,224.493320,-29.567498,8.83378527695373,100.0164,/T
2031-Feb-12 00:00,,,60.37973,18.78885,-0.011,6.067,315.192004,-29.575757,8.85017303098454,99.0230,/T
2031-Feb-13 00:00,,,60.39899,18.79715,-0.007,6.067,45.888441,-29.584339,8.86660723445452,98.0319,/T
2031-Feb-14 00:00,A,,60.42019,18.80580,-0.003,6.067,136.582659,-29.593240,8.88308313766437,97.0429,/T
2031-Feb-15 00:00,A,,60.44333,18.81480,0.002,6.067,227.274682,-29.602459,8.89959590547698,96.0560,/T
2031-Feb-16 00:00,A,,60.46841,18.82416,0.006,6.067,317.964538,-29.611990,8.91614065510490,95.0714,/T
2031-Feb-17 00:00,A,,60.49541,18.83388,0.010,6.067,48.652255,-29.621832,8.93271237648369,94.0888,/T
2031-Feb-18 00:00,A,,60.52432,18.84394,0.014,6.067,139.337860,-29.631980,8.94930597639147,93.1085,/T
2031-Feb-19 00:00,A,,60.55513,18.85435,0.018,6.067,230.021387,-29.642431,8.96591624127653,92.1303,/T
2031-Feb-20 00:00,A,,60.58782,18.86510,0.022,6.067,320.702866,-29.653181,8.98253786206754,91.1543,/T
2031-Feb-21 00:00,A,,60.62239,18.87617,0.026,6.067,51.382332,-29.664225,8.99916560234626,90.1805,/T
2031-Feb-22 00:00,A,,60.65882,18.88757,0.029,6.066,142.059819,-29.675559,9.01579417997900,89.2089,/T
2031-Feb-23 00:00,A,m,60.69711,18.89929,0.033,6.066,232.735364,-29.687178,9.03241837422554,88.2396,/T
2031-Feb-24 00:00,A,m,60.73726,18.91132,0.037,6.066,323.409005,-29.699076,9.04903306928767,87.2725,/T
2031-Feb-25 00:00,A,m,60.77925,18.92367,0.040,6.065,54.080778,-29.711250,9.06563330048768,86.3077,/T
2031-Feb-26 00:00,A,m,60.82308,18.93632,0.044,6.065,144.750720,-29.723692,9.08221426640813,85.3452,/T
2031-Feb-27 00:00,A,m,60.86874,18.94929,0.047,6.065,235.418868,-29.736396,9.09877130754999,84.3849,/T
2031-Feb-28 00:00,A,m,60.91620,18.96255,0.051,6.064,326.085260,-29.749358,9.11529976352147,83.4269,/T
2031-Mar-01 00:00,A,m,60.96546,18.97612,0.054,6.063,56.749930,-29.762571,9.13179513084765,82.4712,/T
2031-Mar-02 00:00,A,m,61.01650,18.98997,0.057,6.063,147.412916,-29.776030,9.14825295658893,81.5177,/T
2031-Mar-03 00:00,A,m,61.06929,19.00412,0.061,6.062,238.074252,-29.789729,9.16466883267408,80.5665,/T
2031-Mar-04 00:00,A,m,61.12383,19.01855,0.064,6.061,328.733977,-29.803661,9.18103840916841,79.6175,/T
2031-Mar-05 00:00,A,m,61.18008,19.03326,0.067,6.061,59.392125,-29.817823,9.19735735717624,78.6707,/T
2031-Mar-06 00:00,A,m,61.23803,19.04824,0.070,6.060,150.048734,-29.832207,9.21362146318133,77.7261,/T
2031-Mar-07 00:00,A,m,61.29767,19.06348,0.073,6.059,240.703839,-29.846809,9.22982665108629,76.7837,/T
2031-Mar-08 00:00,A,m,61.35897,19.07897,0.076,6.058,331.357476,-29.861622,9.24596888311667,75.8434,/T
2031-Mar-09 00:00,A,m,61.42193,19.09472,0.079,6.057,62.009681,-29.876641,9.26204420732602,74.9053,/T
2031-Mar-10 00:00,A,m,61.48653,19.11072,0.081,6.056,152.660489,-29.891860,9.27804880158583,73.9692,/T
2031-Mar-11 00:00,A,,61.55276,19.12695,0.084,6.055,243.309934,-29.907272,9.29397889898761,73.0352,/T
2031-Mar-12 00:00,A,,61.62062,19.14342,0.087,6.054,333.958050,-29.922872,9.30983087922001,72.1032,/T
2031-Mar-13 00:00,A,,61.69008,19.16012,0.089,6.053,64.604869,-29.938653,9.32560107769546,71.1733,/T
2031-Mar-14 00:00,A,,61.76115,19.17705,0.092,6.052,155.250425,-29.954608,9.34128583599742,70.2453,/T
2031-Mar-15 00:00,N,,61.83380,19.19421,0.094,6.051,245.894748,-29.970732,9.35688150779356,69.3193,/T
2031-Mar-16 00:00,N,,61.90801,19.21158,0.097,6.050,336.537871,-29.987017,9.37238439186571,68.3952,/T
2031-Mar-17 00:00,N,,61.98377,19.22918,0.099,6.048,67.179827,-30.003456,9.38779065925766,67.4730,/T
2031-Mar-18 00:00,N,,62.06104,19.24699,0.101,6.047,157.820648,-30.020044,9.40309639940322,66.5528,/T
2031-Mar-19 00:00,N,,62.13982,19.26499,0.103,6.046,248.460369,-30.036775,9.41829755264908,65.6344,/T
2031-Mar-20 00:00,N,,62.22008,19.28319,0.106,6.044,339.099025,-30.053641,9.43339008612140,64.7180,/T
2031-Mar-21 00:00,N,,62.30181,19.30157,0.108,6.043,69.736652,-30.070636,9.44836993574055,63.8034,/T
2031-Mar-22 00:00,N,,62.38500,19.32013,0.110,6.042,160.373288,-30.087755,9.46323299240627,62.8908,/T
2031-Mar-23 00:00,N,,62.46962,19.33886,0.111,6.040,251.008972,-30.104991,9.47797524356987,61.9800,/T
2031-Mar-24 00:00,N,m,62.55567,19.35775,0.113,6.039,341.643742,-30.122337,9.49259277331447,61.0712,/T
2031-Mar-25 00:00,N,m,62.64314,19.37681,0.115,6.037,72.277637,-30.139787,9.50708182367415,60.1642,/T
2031-Mar-26 00:00,N,m,62.73201,19.39603,0.117,6.035,162.910697,-30.157335,9.52143880052720,59.2592,/T
2031-Mar-27 00:00,N,m,62.82225,19.41540,0.118,6.034,253.542959,-30.174973,9.53566022032630,58.3561,/T
2031-Mar-28 00:00,N,m,62.91384,19.43493,0.120,6.032,344.174462,-30.192696,9.54974276489443,57.4548,/T
2031-Mar-29 00:00,N,m,63.00675,19.45460,0.121,6.030,74.805242,-30.210495,9.56368335809785,56.5554,/T
2031-Mar-30 00:00,N,m,63.10097,19.47441,0.123,6.029,165.435337,-30.228366,9.57747899359536,55.6579,/T
2031-Mar-31 00:00,N,m,63.19647,19.49435,0.124,6.027,256.064779,-30.246299,9.59112681702807,54.7622,/T
2031-Apr-01 00:00,N,m,63.29322,19.51441,0.125,6.025,346.693605,-30.264289,9.60462400427956,53.8684,/T
2031-Apr-02 00:00,N,m,63.39120,19.53460,0.127,6.023,77.321847,-30.282330,9.61796781483567,52.9763,/T
2031-Apr-03 00:00,N,m,63.49040,19.55489,0.128,6.022,167.949539,-30.300414,9.63115560949282,52.0861,/T
2031-Apr-04 00:00,N,m,63.59078,19.57528,0.129,6.020,258.576713,-30.318535,9.64418477834340,51.1976,/T
2031-Apr-05 00:00,N,m,63.69234,19.59577,0.130,6.018,349.203402,-30.336689,9.65705270625688,50.3108,/T
2031-Apr-06 00:00,N,m,63.79506,19.61635,0.131,6.016,79.829637,-30.354867,9.66975689943210,49.4257,/T
2031-Apr-07 00:00,N,m,63.89892,19.63701,0.132,6.014,170.455451,-30.373066,9.68229490283629,48.5423,/T
2031-Apr-08 00:00,N,m,64.00391,19.65775,0.132,6.012,261.080872,-30.391279,9.69466434846978,47.6605,/T
2031-Apr-09 00:00,N,,64.11003,19.67857,0.133,6.010,351.705932,-30.409499,9.70686288859601,46.7804,/T
2031-Apr-10 00:00,N,,64.21725,19.69946,0.134,6.008,82.330660,-30.427723,9.71888811728334,45.9017,/T
2031-Apr-11 00:00,N,,64.32555,19.72043,0.134,6.006,172.955087,-30.445943,9.73073770073694,45.0247,/T
2031-Apr-12 00:00,N,,64.43492,19.74146,0.135,6.004,263.579241,-30.464155,9.74240928837136,44.1490,/T
2031-Apr-13 00:00,C,,64.54534,19.76256,0.135,6.002,354.203153,-30.482351,9.75390048264044,43.2749,/T
2031-Apr-14 00:00,C,,64.65676,19.78371,0.136,6.000,84.826851,-30.500527,9.76520885485628,42.4022,/T
2031-Apr-15 00:00,C,,64.76918,19.80491,0.136,5.998,175.450366,-30.518676,9.77633195230863,41.5308,/T
2031-Apr-16 00:00,C,,64.88257,19.82615,0.136,5.995,266.073728,-30.536792,9.78726730659776,40.6609,/T
2031-Apr-17 00:00,C,,64.99691,19.84742,0.136,5.993,356.696968,-30.554869,9.79801251353442,39.7923,/T
2031-Apr-18 00:00,C,,65.11219,19.86871,0.136,5.991,87.320116,-30.572901,9.80856505493190,38.9252,/T
2031-Apr-19 00:00,C,,65.22839,19.89002,0.136,5.989,177.943205,-30.590883,9.81892245492913,38.0593,/T
2031-Apr-20 00:00,C,,65.34550,19.91135,0.136,5.987,268.566265,-30.608809,9.82908227891672,37.1948,/T
2031-Apr-21 00:00,C,,65.46352,19.93268,0.136,5.984,359.189331,-30.626674,9.83904216435416,36.3317,/T
2031-Apr-22 00:00,C,,65.58241,19.95403,0.136,5.982,89.812433,-30.644473,9.84879985008941,35.4699,/T
2031-Apr-23 00:00,C,m,65.70216,19.97538,0.136,5.980,180.435604,-30.662200,9.85835315050839,34.6095,/T
2031-Apr-24 00:00,C,m,65.82275,19.99673,0.136,5.977,271.058877,-30.679852,9.86769996283696,33.7503,/T
2031-Apr-25 00:00,C,m,65.94416,20.01808,0.135,5.975,1.682284,-30.697423,9.87683840087788,32.8925,/T
2031-Apr-26 00:00,C,m,66.06635,20.03943,0.135,5.973,92.305856,-30.714909,9.88576668790500,32.0361,/T
2031-Apr-27 00:00,C,m,66.18930,20.06076,0.134,5.970,182.929624,-30.732304,9.89448314879507,31.1809,/T
2031-Apr-28 00:00,C,m,66.31299,20.08207,0.134,5.968,273.553618,-30.749603,9.90298626567077,30.3270,/T
2031-Apr-29 00:00,C,m,66.43739,20.10336,0.133,5.965,4.177867,-30.766803,9.91127461318251,29.4744,/T
2031-Apr-30 00:00,C,m,66.56249,20.12462,0.132,5.963,94.802400,-30.783897,9.91934697684719,28.6230,/T
2031-May-01 00:00,C,m,66.68824,20.14585,0.132,5.960,185.427244,-30.800882,9.92720223394446,27.7729,/T
2031-May-02 00:00,C,m,66.81465,20.16703,0.131,5.958,276.052425,-30.817752,9.93483930781811,26.9240,/T
2031-May-03 00:00,C,m,66.94169,20.18816,0.130,5.955,6.677969,-30.834503,9.94225720552471,26.0764,/T
2031-May-04 00:00,C,m,67.06935,20.20924,0.129,5.953,97.303899,-30.851130,9.94945502253310,25.2299,/T
2031-May-05 00:00,C,m,67.19761,20.23026,0.128,5.950,187.930239,-30.867630,9.95643183857519,24.3845,/T
2031-May-06 00:00,C,m,67.32646,20.25122,0.127,5.948,278.557011,-30.883998,9.96318678408478,23.5403,/T
2031-May-07 00:00,C,m,67.45590,20.27212,0.126,5.945,9.184239,-30.900230,9.96971887844256,22.6972,/T
2031-May-08 00:00,C,,67.58591,20.29295,0.124,5.942,99.811945,-30.916322,9.97602714671226,21.8552,/T
2031-May-09 00:00,C,,67.71646,20.31373,0.123,5.940,190.440151,-30.932272,9.98211059089151,21.0142,/T
2031-May-10 00:00,*,,67.84754,20.33444,0.121,5.937,281.068880,-30.948076,9.98796809749150,20.1743,/T
2031-May-11 00:00,*,,67.97911,20.35507,0.120,5.934,11.698154,-30.963730,9.99359846513970,19.3354,/T
2031-May-12 00:00,*,,68.11116,20.37563,0.118,5.931,102.327999,-30.979231,9.99900044177389,18.4975,/T
2031-May-13 00:00,*,,68.24365,20.39611,0.116,5.928,192.958438,-30.994576,10.0041727470902,17.6605,/T
2031-May-14 00:00,*,,68.37658,20.41650,0.114,5.925,283.589498,-31.009760,10.0091141819770,16.8246,/T
2031-May-15 00:00,*,,68.50992,20.43679,0.112,5.922,14.221203,-31.024782,10.0138235676431,15.9897,/T
2031-May-16 00:00,*,,68.64367,20.45699,0.110,5.919,104.853580,-31.039636,10.0182997491605,15.1559,/T
2031-May-17 00:00,*,,68.77780,20.47708,0.107,5.915,195.486655,-31.054321,10.0225417499520,14.3231,/T
2031-May-18 00:00,*,,68.91231,20.49706,0.104,5.912,286.120452,-31.068832,10.0265486552089,13.4916,/T
2031-May-19 00:00,*,,69.04717,20.51693,0.101,5.908,16.754998,-31.083165,10.0303196666016,12.6613,/T
2031-May-20 00:00,*,,69.18238,20.53670,0.098,5.903,107.390316,-31.097319,10.0338540209997,11.8324,/T
2031-May-21 00:00,*,,69.31791,20.55635,0.094,5.899,198.026431,-31.111290,10.0371509966861,11.0050,/T
2031-May-22 00:00,*,m,69.45373,20.57590,0.090,5.894,288.663368,-31.125076,10.0402099770698,10.1794,/T
2031-May-23 00:00,*,m,69.58983,20.59532,0.085,5.888,19.301150,-31.138674,10.0430304680121,9.3558,/T
2031-May-24 00:00,*,m,69.72618,20.61463,0.079,5.882,109.939801,-31.152083,10.0456119670449,8.5347,/T
2031-May-25 00:00,*,m,69.86275,20.63381,0.072,5.875,200.579346,-31.165299,10.0479541035747,7.7166,/T
2031-May-26 00:00,*,m,69.99953,20.65287,0.065,5.867,291.219805,-31.178322,10.0500565651019,6.9024,/T
2031-May-27 00:00,*,m,70.13648,20.67180,0.056,5.858,21.861204,-31.191149,10.0519191702981,6.0934,/T
2031-May-28 00:00,*,m,70.27359,20.69060,0.046,5.847,112.503563,-31.203779,10.0535418686609,5.2917,/T
2031-May-29 00:00,*,m,70.41084,20.70925,0.034,5.835,203.146904,-31.216209,10.0549246454361,4.5010,/T
2031-May-30 00:00,*,m,70.54821,20.72776,0.020,5.821,293.791249,-31.228439,10.0560676018162,3.7278,/T
2031-May-31 00:00,*,m,70.68568,20.74612,0.004,5.805,24.436617,-31.240466,10.0569710007575,2.9854,/T
2031-Jun-01 00:00,*,m,70.82325,20.76433,-0.012,5.788,115.083026,-31.252289,10.0576351970738,2.3032,/T
2031-Jun-02 00:00,*,m,70.96087,20.78237,-0.028,5.772,205.730496,-31.263904,10.0580606313479,1.7525,/T
2031-Jun-03 00:00,*,m,71.09854,20.80026,-0.036,5.764,296.379040,-31.275312,10.0582477754383,1.4864,/T
2031-Jun-04 00:00,*,m,71.23624,20.81804,-0.031,5.769,27.028677,-31.286510,10.0581970486186,1.6486,/L
2031-Jun-05 00:00,*,m,71.37401,20.83568,-0.017,5.783,117.679421,-31.297496,10.0579089193078,2.1437,/L
2031-Jun-06 00:00,*,,71.51180,20.85316,-0.001,5.800,208.331287,-31.308270,10.0573836911222,2.8001,/L
2031-Jun-07 00:00,*,,71.64959,20.87048,0.015,5.816,298.984289,-31.318829,10.0566215204038,3.5287,/L
2031-Jun-08 00:00,*,,71.78734,20.88764,0.029,5.829,29.638445,-31.329174,10.0556224274667,4.2930,/L
2031-Jun-09 00:00,*,,71.92502,20.90464,0.041,5.842,120.293771,-31.339303,10.0543863383422,5.0767,/L
2031-Jun-10 00:00,*,,72.06263,20.92148,0.051,5.852,210.950286,-31.349216,10.0529131313174,5.8721,/L
2031-Jun-11 00:00,*,,72.20014,20.93814,0.060,5.861,301.608010,-31.358913,10.0512026968819,6.6750,/L
2031-Jun-12 00:00,*,,72.33754,20.95463,0.067,5.869,32.266963,-31.368392,10.0492548668188,7.4831,/L
2031-Jun-13 00:00,*,,72.47483,20.97094,0.073,5.876,122.927165,-31.377654,10.0470696195015,8.2948,/L
2031-Jun-14 00:00,*,,72.61198,20.98709,0.079,5.882,213.588638,-31.386699,10.0446470556607,9.1091,/L
2031-Jun-15 00:00,*,,72.74898,21.00305,0.083,5.887,304.251402,-31.395525,10.0419873840678,9.9256,/L
2031-Jun-16 00:00,*,,72.88581,21.01885,0.088,5.892,34.915477,-31.404133,10.0390909701095,10.7437,/L
2031-Jun-17 00:00,*,,73.02246,21.03446,0.091,5.896,125.580885,-31.412523,10.0359582698612,11.5630,/L
2031-Jun-18 00:00,*,,73.15889,21.04991,0.094,5.900,216.247643,-31.420694,10.0325899044705,12.3835,/L
2031-Jun-19 00:00,*,,73.29508,21.06518,0.097,5.903,306.915771,-31.428646,10.0289866566611,13.2049,/L
2031-Jun-20 00:00,*,m,73.43101,21.08027,0.099,5.906,37.585285,-31.436378,10.0251493530711,14.0271,/L
2031-Jun-21 00:00,*,m,73.56666,21.09519,0.102,5.909,128.256203,-31.443891,10.0210788546095,14.8500,/L
2031-Jun-22 00:00,*,m,73.70200,21.10992,0.104,5.912,218.928542,-31.451185,10.0167761221760,15.6735,/L
2031-Jun-23 00:00,*,m,73.83702,21.12448,0.105,5.915,309.602316,-31.458262,10.0122421253187,16.4976,/L
2031-Jun-24 00:00,*,m,73.97168,21.13884,0.107,5.918,40.277544,-31.465120,10.0074779629341,17.3222,/L
2031-Jun-25 00:00,*,m,74.10596,21.15302,0.108,5.920,130.954239,-31.471762,10.0024847133322,18.1474,/L
2031-Jun-26 00:00,*,m,74.23986,21.16701,0.110,5.922,221.632417,-31.478188,9.99726350037507,18.9730,/L
2031-Jun-27 00:00,*,m,74.37336,21.18081,0.111,5.925,312.312093,-31.484400,9.99181556150609,19.7991,/L
2031-Jun-28 00:00,*,m,74.50643,21.19442,0.112,5.927,42.993281,-31.490398,9.98614222103545,20.6256,/L
2031-Jun-29 00:00,*,m,74.63907,21.20783,0.113,5.929,133.675995,-31.496184,9.98024483766087,21.4526,/L
2031-Jun-30 00:00,*,m,74.77126,21.22106,0.114,5.932,224.360247,-31.501759,9.97412486043615,22.2801,/L
2031-Jul-01 00:00,*,m,74.90299,21.23409,0.115,5.934,315.046051,-31.507124,9.96778374602891,23.1080,/L
2031-Jul-02 00:00,*,m,75.03424,21.24694,0.116,5.936,45.733418,-31.512280,9.96122306058473,23.9365,/L
2031-Jul-03 00:00,*,m,75.16499,21.25960,0.116,5.938,136.422359,-31.517227,9.95444439477422,24.7655,/L
2031-Jul-04 00:00,*,m,75.29522,21.27208,0.117,5.940,227.112883,-31.521968,9.94744922373746,25.5950,/L
2031-Jul-05 00:00,*,,75.42491,21.28437,0.117,5.942,317.805002,-31.526502,9.94023897611008,26.4251,/L
2031-Jul-06 00:00,*,,75.55401,21.29648,0.118,5.944,48.498726,-31.530831,9.93281495803539,27.2559,/L
2031-Jul-07 00:00,*,,75.68253,21.30839,0.118,5.946,139.194066,-31.534956,9.92517838150316,28.0873,/L
2031-Jul-08 00:00,*,,75.81043,21.32011,0.119,5.948,229.891034,-31.538879,9.91733037810938,28.9194,/L
2031-Jul-09 00:00,*,,75.93770,21.33163,0.119,5.950,320.589643,-31.542600,9.90927199165514,29.7522,/L
2031-Jul-10 00:00,*,,76.06435,21.34295,0.119,5.952,51.289909,-31.546123,9.90100425193072,30.5859,/L
2031-Jul-11 00:00,*,,76.19034,21.35407,0.119,5.954,141.991846,-31.549449,9.89252833705118,31.4203,/L
2031-Jul-12 00:00,*,,76.31568,21.36500,0.119,5.956,232.695469,-31.552581,9.88384544186493,32.2555,/L
2031-Jul-13 00:00,*,,76.44033,21.37573,0.119,5.958,323.400793,-31.555520,9.87495689388513,33.0916,/L
2031-Jul-14 00:00,*,,76.56428,21.38628,0.119,5.960,54.107834,-31.558270,9.86586409160434,33.9286,/L
2031-Jul-15 00:00,*,,76.68751,21.39664,0.119,5.962,144.816607,-31.560834,9.85656856247680,34.7664,/L
2031-Jul-16 00:00,*,,76.81000,21.40681,0.119,5.964,235.527126,-31.563213,9.84707201897786,35.6052,/L
2031-Jul-17 00:00,*,,76.93170,21.41679,0.119,5.965,326.239407,-31.565410,9.83737629301553,36.4448,/L
2031-Jul-18 00:00,*,,77.05261,21.42659,0.118,5.967,56.953462,-31.567427,9.82748329040405,37.2854,/L
2031-Jul-19 00:00,*,,77.17269,21.43620,0.118,5.969,147.669305,-31.569268,9.81739510650227,38.1269,/L
2031-Jul-20 00:00,*,m,77.29193,21.44562,0.118,5.971,238.386947,-31.570934,9.80711395265491,38.9694,/L
2031-Jul-21 00:00,*,m,77.41029,21.45486,0.117,5.973,329.106399,-31.572428,9.79664215864334,39.8128,/L
2031-Jul-22 00:00,*,m,77.52776,21.46390,0.116,5.974,59.827670,-31.573752,9.78598213733982,40.6572,/L
2031-Jul-23 00:00,*,m,77.64432,21.47275,0.116,5.976,150.550771,-31.574909,9.77513626690355,41.5027,/L
2031-Jul-24 00:00,*,m,77.75995,21.48141,0.115,5.978,241.275709,-31.575901,9.76410703331167,42.3491,/L
2031-Jul-25 00:00,*,m,77.87463,21.48988,0.114,5.979,332.002493,-31.576732,9.75289695587797,43.1965,/L
2031-Jul-26 00:00,*,m,77.98836,21.49816,0.114,5.981,62.731130,-31.577405,9.74150855556041,44.0450,/L
2031-Jul-27 00:00,*,m,78.10112,21.50625,0.113,5.983,153.461628,-31.577922,9.72994436146754,44.8945,/L
2031-Jul-28 00:00,*,m,78.21290,21.51416,0.112,5.984,244.193992,-31.578288,9.71820692373580,45.7451,/L
2031-Jul-29 00:00,*,m,78.32367,21.52188,0.111,5.986,334.928231,-31.578505,9.70629879050109,46.5968,/L
2031-Jul-30 00:00,*,m,78.43343,21.52942,0.110,5.988,65.664348,-31.578576,9.69422259484458,47.4496,/L
2031-Jul-31 00:00,*,m,78.54215,21.53679,0.108,5.989,156.402352,-31.578506,9.68198085027521,48.3035,/L
2031-Aug-01 00:00,*,m,78.64980,21.54399,0.107,5.991,247.142246,-31.578296,9.66957604365858,49.1586,/L
2031-Aug-02 00:00,*,m,78.75637,21.55101,0.106,5.992,337.884038,-31.577951,9.65701063081903,50.0149,/L
2031-Aug-03 00:00,*,m,78.86181,21.55786,0.105,5.994,68.627735,-31.577473,9.64428701714348,50.8725,/L
2031-Aug-04 00:00,*,,78.96612,21.56453,0.103,5.995,159.373342,-31.576865,9.63140758947416,51.7314,/L
2031-Aug-05 00:00,*,,79.06927,21.57103,0.102,5.996,250.120868,-31.576130,9.61837469324601,52.5917,/L
2031-Aug-06 00:00,*,,79.17126,21.57734,0.100,5.998,340.870320,-31.575272,9.60519065215836,53.4533,/L
2031-Aug-07 00:00,*,,79.27207,21.58346,0.099,5.999,71.621707,-31.574293,9.59185791044913,54.3164,/L
2031-Aug-08 00:00,*,,79.37170,21.58942,0.097,6.001,162.375037,-31.573197,9.57837896919636,55.1810,/L
2031-Aug-09 00:00,*,,79.47012,21.59520,0.095,6.002,253.130318,-31.571987,9.56475634656532,56.0471,/L
2031-Aug-10 00:00,*,,79.56732,21.60081,0.093,6.003,343.887558,-31.570668,9.55099267233217,56.9147,/L
2031-Aug-11 00:00,*,,79.66328,21.60625,0.092,6.004,74.646766,-31.569243,9.53709060737441,57.7839,/L
2031-Aug-12 00:00,C,,79.75797,21.61153,0.090,6.006,165.407950,-31.567716,9.52305297581465,58.6546,/L
2031-Aug-13 00:00,C,,79.85137,21.61665,0.088,6.007,256.171117,-31.566092,9.50888267832382,59.5270,/L
2031-Aug-14 00:00,C,,79.94345,21.62160,0.086,6.008,346.936274,-31.564375,9.49458266210437,60.4010,/L
2031-Aug-15 00:00,C,,80.03419,21.62640,0.084,6.009,77.703429,-31.562569,9.48015598126694,61.2766,/L
2031-Aug-16 00:00,C,,80.12356,21.63105,0.081,6.010,168.472589,-31.560677,9.46560585276069,62.1539,/L
2031-Aug-17 00:00,C,,80.21155,21.63553,0.079,6.011,259.243758,-31.558706,9.45093557197820,63.0329,/L
2031-Aug-18 00:00,C,,80.29813,21.63986,0.077,6.012,350.016943,-31.556657,9.43614860931715,63.9136,/L
2031-Aug-19 00:00,C,,80.38328,21.64403,0.074,6.013,80.792147,-31.554536,9.42124848325136,64.7959,/L
2031-Aug-20 00:00,C,m,80.46698,21.64804,0.072,6.014,171.569374,-31.552345,9.40623886094471,65.6800,/L
2031-Aug-21 00:00,C,m,80.54922,21.65190,0.069,6.015,262.348626,-31.550089,9.39112357423692,66.5657,/L
2031-Aug-22 00:00,C,m,80.62998,21.65560,0.067,6.016,353.129902,-31.547771,9.37590648712589,67.4533,/L
2031-Aug-23 00:00,C,m,80.70926,21.65914,0.064,6.017,83.913203,-31.545394,9.36059148963488,68.3425,/L
2031-Aug-24 00:00,C,m,80.78703,21.66254,0.062,6.018,174.698527,-31.542962,9.34518247679914,69.2335,/L
2031-Aug-25 00:00,C,m,80.86329,21.66578,0.059,6.019,265.485871,-31.540479,9.32968331648244,70.1262,/L
2031-Aug-26 00:00,C,m,80.93803,21.66889,0.056,6.020,356.275233,-31.537947,9.31409788126416,71.0207,/L
2031-Aug-27 00:00,C,m,81.01121,21.67185,0.053,6.020,87.066610,-31.535372,9.29842996655897,71.9170,/L
2031-Aug-28 00:00,C,m,81.08284,21.67468,0.050,6.021,177.859998,-31.532756,9.28268321539903,72.8151,/L
2031-Aug-29 00:00,C,m,81.15287,21.67737,0.047,6.022,268.655395,-31.530104,9.26686127676168,73.7150,/L
2031-Aug-30 00:00,C,m,81.22129,21.67993,0.044,6.022,359.452799,-31.527419,9.25096768245562,74.6168,/L
2031-Aug-31 00:00,N,m,81.28809,21.68236,0.041,6.023,90.252207,-31.524705,9.23500591539539,75.5205,/L
2031-Sep-01 00:00,N,m,81.35324,21.68465,0.038,6.024,181.053619,-31.521967,9.21897938034767,76.4261,/L
2031-Sep-02 00:00,N,m,81.41673,21.68680,0.035,6.024,271.857034,-31.519207,9.20289144866775,77.3337,/L
2031-Sep-03 00:00,N,m,81.47856,21.68881,0.031,6.025,2.662453,-31.516430,9.18674557058931,78.2433,/L
2031-Sep-04 00:00,N,,81.53871,21.69069,0.028,6.025,93.469877,-31.513639,9.17054535198214,79.1550,/L
2031-Sep-05 00:00,N,,81.59719,21.69243,0.024,6.025,184.279305,-31.510838,9.15429444747125,80.0688,/L
2031-Sep-06 00:00,N,,81.65396,21.69405,0.021,6.026,275.090738,-31.508030,9.13799668845072,80.9846,/L
2031-Sep-07 00:00,N,,81.70902,21.69555,0.017,6.026,5.904174,-31.505219,9.12165601969013,81.9027,/L
2031-Sep-08 00:00,N,,81.76234,21.69692,0.014,6.026,96.719610,-31.502409,9.10527650840751,82.8229,/L
2031-Sep-09 00:00,N,,81.81390,21.69818,0.010,6.027,187.537045,-31.499601,9.08886234893476,83.7454,/L
2031-Sep-10 00:00,N,,81.86369,21.69932,0.006,6.027,278.356472,-31.496801,9.07241771829536,84.6700,/L
2031-Sep-11 00:00,N,,81.91168,21.70034,0.003,6.027,9.177888,-31.494011,9.05594684836107,85.5969,/L
2031-Sep-12 00:00,N,,81.95787,21.70125,-0.001,6.027,100.001289,-31.491236,9.03945406943532,86.5260,/L
2031-Sep-13 00:00,N,,82.00222,21.70205,-0.005,6.027,190.826667,-31.488478,9.02294376816385,87.4574,/L
2031-Sep-14 00:00,N,,82.04473,21.70274,-0.009,6.027,281.654017,-31.485743,9.00642038598263,88.3911,/L
2031-Sep-15 00:00,N,,82.08538,21.70331,-0.013,6.027,12.483331,-31.483033,8.98988844030842,89.3270,/L
2031-Sep-16 00:00,N,,82.12416,21.70377,-0.017,6.027,103.314602,-31.480352,8.97335247112074,90.2652,/L
2031-Sep-17 00:00,N,,82.16106,21.70411,-0.021,6.027,194.147821,-31.477703,8.95681721545005,91.2057,/L
2031-Sep-18 00:00,N,,82.19608,21.70435,-0.025,6.027,284.982977,-31.475089,8.94028744520293,92.1485,/L
2031-Sep-19 00:00,A,,82.22920,21.70447,-0.030,6.027,15.820059,-31.472513,8.92376798982023,93.0935,/L
2031-Sep-20 00:00,A,m,82.26043,21.70449,-0.034,6.027,106.659056,-31.469978,8.90726375157565,94.0408,/L
2031-Sep-21 00:00,A,m,82.28975,21.70441,-0.038,6.026,197.499952,-31.467486,8.89077968919037,94.9904,/L
2031-Sep-22 00:00,A,m,82.31716,21.70423,-0.043,6.026,288.342734,-31.465039,8.87432078875456,95.9423,/L
2031-Sep-23 00:00,A,m,82.34264,21.70395,-0.047,6.026,19.187383,-31.462639,8.85789203059639,96.8964,/L
2031-Sep-24 00:00,A,m,82.36620,21.70358,-0.051,6.025,110.033883,-31.460287,8.84149823420034,97.8527,/L
2031-Sep-25 00:00,A,m,82.38781,21.70311,-0.056,6.025,200.882214,-31.457986,8.82514416080467,98.8114,/L
2031-Sep-26 00:00,A,m,82.40746,21.70256,-0.060,6.024,291.732359,-31.455736,8.80883447757419,99.7723,/L
2031-Sep-27 00:00,A,m,82.42516,21.70190,-0.065,6.024,22.584300,-31.453541,8.79257368357117,100.7355,/L
2031-Sep-28 00:00,A,m,82.44088,21.70116,-0.070,6.023,113.438020,-31.451402,8.77636618951809,101.7009,/L
2031-Sep-29 00:00,A,m,82.45464,21.70031,-0.074,6.022,204.293500,-31.449321,8.76021625966020,102.6687,/L
2031-Sep-30 00:00,A,m,82.46643,21.69937,-0.079,6.022,295.150725,-31.447300,8.74412814643538,103.6389,/L
2031-Oct-01 00:00,A,m,82.47626,21.69833,-0.084,6.021,26.009679,-31.445342,8.72810614761193,104.6114,/L
2031-Oct-02 00:00,A,m,82.48413,21.69720,-0.089,6.020,116.870347,-31.443448,8.71215457271866,105.5863,/L
2031-Oct-03 00:00,A,m,82.49004,21.69598,-0.093,6.019,207.732712,-31.441621,8.69627777124268,106.5636,/L
2031-Oct-04 00:00,A,,82.49399,21.69467,-0.098,6.019,298.596758,-31.439862,8.68048026482184,107.5433,/L
2031-Oct-05 00:00,A,,82.49596,21.69328,-0.103,6.018,29.462469,-31.438174,8.66476666414251,108.5255,/L
2031-Oct-06 00:00,A,,82.49595,21.69181,-0.108,6.017,120.329826,-31.436557,8.64914178796620,109.5102,/L
2031-Oct-07 00:00,A,,82.49396,21.69027,-0.113,6.016,211.198809,-31.435012,8.63361051312289,110.4974,/L
2031-Oct-08 00:00,,,82.48997,21.68864,-0.118,6.015,302.069396,-31.433540,8.61817779169856,111.4870,/L
2031-Oct-09 00:00,,,82.48399,21.68694,-0.123,6.014,32.941566,-31.432143,8.60284870353120,112.4791,/L
2031-Oct-10 00:00,,,82.47601,21.68515,-0.128,6.012,123.815293,-31.430820,8.58762837882014,113.4737,/L
2031-Oct-11 00:00,,,82.46603,21.68329,-0.133,6.011,214.690551,-31.429572,8.57252192984050,114.4708,/L
2031-Oct-12 00:00,,,82.45406,21.68134,-0.138,6.010,305.567314,-31.428400,8.55753448273895,115.4704,/L
2031-Oct-13 00:00,,,82.44009,21.67932,-0.143,6.009,36.445552,-31.427304,8.54267112260481,116.4724,/L
2031-Oct-14 00:00,,,82.42414,21.67721,-0.148,6.007,127.325237,-31.426285,8.52793698349654,117.4769,/L
2031-Oct-15 00:00,,,82.40622,21.67502,-0.154,6.006,218.206339,-31.425343,8.51333723756560,118.4838,/L
2031-Oct-16 00:00,,,82.38635,21.67275,-0.159,6.004,309.088824,-31.424478,8.49887696291461,119.4931,/L
2031-Oct-17 00:00,,,82.36452,21.67040,-0.164,6.003,39.972661,-31.423691,8.48456127339281,120.5047,/L
2031-Oct-18 00:00,,,82.34077,21.66798,-0.169,6.001,130.857816,-31.422981,8.47039524484859,121.5188,/L
2031-Oct-19 00:00,,,82.31509,21.66548,-0.174,6.000,221.744252,-31.422349,8.45638393727394,122.5351,/L
2031-Oct-20 00:00,,m,82.28751,21.66292,-0.180,5.998,312.631935,-31.421794,8.44253235379109,123.5538,/L
2031-Oct-21 00:00,,m,82.25803,21.66029,-0.185,5.997,43.520826,-31.421314,8.42884538195520,124.5747,/L
2031-Oct-22 00:00,,m,82.22665,21.65759,-0.190,5.995,134.410888,-31.420909,8.41532779351941,125.5978,/L
2031-Oct-23 00:00,,m,82.19339,21.65483,-0.195,5.993,225.302081,-31.420578,8.40198436194841,126.6231,/L
2031-Oct-24 00:00,,m,82.15826,21.65200,-0.201,5.991,316.194367,-31.420318,8.38881969003765,127.6506,/L
2031-Oct-25 00:00,,m,82.12127,21.64909,-0.206,5.989,47.087706,-31.420129,8.37583828083120,128.6803,/L
2031-Oct-26 00:00,,m,82.08244,21.64612,-0.211,5.988,137.982057,-31.420009,8.36304448540667,129.7121,/L
2031-Oct-27 00:00,,m,82.04181,21.64306,-0.217,5.986,228.877381,-31.419957,8.35044253141959,130.7460,/L
2031-Oct-28 00:00,,m,81.99939,21.63993,-0.222,5.984,319.773637,-31.419970,8.33803661179010,131.7821,/L
2031-Oct-29 00:00,,m,81.95521,21.63673,-0.227,5.982,50.670787,-31.420049,8.32583081734536,132.8203,/L
2031-Oct-30 00:00,,m,81.90930,21.63346,-0.232,5.980,141.568789,-31.420191,8.31382914478245,133.8606,/L
2031-Oct-31 00:00,,m,81.86168,21.63012,-0.238,5.977,232.467605,-31.420397,8.30203562144703,134.9029,/L
2031-Nov-01 00:00,,m,81.81238,21.62672,-0.243,5.975,323.367194,-31.420665,8.29045429440059,135.9474,/L
2031-Nov-02 00:00,,m,81.76140,21.62326,-0.248,5.973,54.267516,-31.420995,8.27908923263446,136.9940,/L
2031-Nov-03 00:00,,,81.70876,21.61973,-0.253,5.971,145.168527,-31.421385,8.26794455975052,138.0426,/L
2031-Nov-04 00:00,,,81.65449,21.61615,-0.259,5.969,236.070187,-31.421833,8.25702433820101,139.0933,/L
2031-Nov-05 00:00,,,81.59860,21.61252,-0.264,5.966,326.972450,-31.422340,8.24633274585370,140.1461,/L
2031-Nov-06 00:00,,,81.54112,21.60882,-0.269,5.964,57.875273,-31.422902,8.23587399551539,141.2008,/L
2031-Nov-07 00:00,,,81.48207,21.60506,-0.274,5.961,148.778608,-31.423519,8.22565230570645,142.2575,/L
2031-Nov-08 00:00,,,81.42147,21.60125,-0.279,5.959,239.682408,-31.424187,8.21567189630548,143.3162,/L
2031-Nov-09 00:00,,,81.35936,21.59737,-0.284,5.957,330.586622,-31.424905,8.20593698881195,144.3768,/L
2031-Nov-10 00:00,,,81.29577,21.59343,-0.289,5.954,61.491199,-31.425671,8.19645176732242,145.4393,/L
2031-Nov-11 00:00,,,81.23073,21.58942,-0.294,5.951,152.396088,-31.426481,8.18722043651401,146.5036,/L
2031-Nov-12 00:00,,,81.16429,21.58536,-0.299,5.949,243.301232,-31.427334,8.17824702574340,147.5696,/L
2031-Nov-13 00:00,,,81.09648,21.58124,-0.304,5.946,334.206576,-31.428228,8.16953545715873,148.6374,/L
2031-Nov-14 00:00,,,81.02735,21.57706,-0.309,5.944,65.112065,-31.429159,8.16108956552541,149.7068,/L
2031-Nov-15 00:00,,,80.95694,21.57282,-0.314,5.941,156.017639,-31.430127,8.15291302040034,150.7779,/L
2031-Nov-16 00:00,,,80.88529,21.56854,-0.319,5.938,246.923242,-31.431128,8.14500934628784,151.8504,/L
2031-Nov-17 00:00,,,80.81243,21.56421,-0.324,5.935,337.828813,-31.432162,8.13738182251570,152.9244,/L
2031-Nov-18 00:00,,m,80.73841,21.55984,-0.329,5.932,68.734296,-31.433225,8.13003349239077,153.9997,/L
2031-Nov-19 00:00,,m,80.66325,21.55543,-0.334,5.930,159.639632,-31.434317,8.12296724471744,155.0762,/L
2031-Nov-20 00:00,,m,80.58700,21.55097,-0.339,5.927,250.544763,-31.435434,8.11618577144220,156.1540,/L
2031-Nov-21 00:00,,m,80.50968,21.54648,-0.343,5.924,341.449632,-31.436575,8.10969152123743,157.2328,/L
2031-Nov-22 00:00,,m,80.43136,21.54193,-0.348,5.921,72.354184,-31.437739,8.10348685055226,158.3126,/L
2031-Nov-23 00:00,,m,80.35207,21.53734,-0.353,5.917,163.258362,-31.438922,8.09757395525824,159.3934,/L
2031-Nov-24 00:00,,m,80.27186,21.53271,-0.358,5.914,254.162112,-31.440123,8.09195502731575,160.4750,/L
2031-Nov-25 00:00,,m,80.19080,21.52803,-0.363,5.911,345.065378,-31.441340,8.08663216867270,161.5573,/L
2031-Nov-26 00:00,,m,80.10892,21.52332,-0.368,5.907,75.968103,-31.442571,8.08160735613028,162.6402,/L
2031-Nov-27 00:00,,m,80.02628,21.51857,-0.373,5.904,166.870234,-31.443814,8.07688250090990,163.7237,/L
2031-Nov-28 00:00,,m,79.94292,21.51380,-0.378,5.900,257.771714,-31.445068,8.07245947223323,164.8074,/L
2031-Nov-29 00:00,,m,79.85888,21.50899,-0.383,5.895,348.672487,-31.446331,8.06834001954427,165.8913,/L
2031-Nov-30 00:00,,m,79.77420,21.50417,-0.389,5.891,79.572498,-31.447602,8.06452583877156,166.9751,/L
2031-Dec-01 00:00,,m,79.68894,21.49932,-0.395,5.886,170.471691,-31.448881,8.06101848176882,168.0584,/L
2031-Dec-02 00:00,,,79.60312,21.49446,-0.402,5.880,261.370011,-31.450167,8.05781943735089,169.1409,/L
2031-Dec-03 00:00,,,79.51680,21.48959,-0.409,5.873,352.267401,-31.451459,8.05493019482037,170.2218,/L
2031-Dec-04 00:00,,,79.43002,21.48470,-0.417,5.865,83.163807,-31.452756,8.05235210130359,171.3002,/L
2031-Dec-05 00:00,,,79.34282,21.47979,-0.427,5.856,174.059171,-31.454059,8.05008643547728,172.3748,/L
2031-Dec-06 00:00,,,79.25526,21.47488,-0.438,5.846,264.953440,-31.455367,8.04813439501176,173.4432,/L
2031-Dec-07 00:00,,,79.16738,21.46996,-0.452,5.833,355.846555,-31.456679,8.04649712665725,174.5013,/L
2031-Dec-08 00:00,,,79.07924,21.46504,-0.468,5.817,86.738462,-31.457995,8.04517574767111,175.5412,/L
2031-Dec-09 00:00,,,78.99090,21.46011,-0.487,5.798,177.629102,-31.459313,8.04417129811092,176.5459,/L
2031-Dec-10 00:00,,,78.90240,21.45518,-0.508,5.777,268.518420,-31.460634,8.04348466281874,177.4721,/L
2031-Dec-11 00:00,,,78.81380,21.45025,-0.528,5.757,359.406356,-31.461956,8.04311672156981,178.1941,/L
2031-Dec-12 00:00,,,78.72517,21.44534,-0.535,5.751,90.292851,-31.463279,8.04306817461423,178.4039,/T
2031-Dec-13 00:00,,,78.63656,21.44043,-0.521,5.764,181.177847,-31.464602,8.04333954645091,177.9382,/T
2031-Dec-14 00:00,,,78.54801,21.43555,-0.500,5.785,272.061285,-31.465924,8.04393109208277,177.1063,/T
2031-Dec-15 00:00,,,78.45959,21.43070,-0.479,5.806,2.943106,-31.467246,8.04484274630257,176.1380,/T
2031-Dec-16 00:00,,,78.37133,21.42588,-0.462,5.823,93.823254,-31.468567,8.04607418170386,175.1136,/T
2031-Dec-17 00:00,,m,78.28329,21.42109,-0.447,5.837,184.701673,-31.469889,8.04762479471926,174.0623,/T
2031-Dec-18 00:00,,m,78.19551,21.41633,-0.434,5.849,275.578311,-31.471211,8.04949362870417,172.9961,/T
2031-Dec-19 00:00,,m,78.10804,21.41160,-0.424,5.859,6.453117,-31.472536,8.05167950817021,171.9211,/T
2031-Dec-20 00:00,,m,78.02095,21.40691,-0.415,5.868,97.326044,-31.473863,8.05418107744515,170.8406,/T
2031-Dec-21 00:00,,m,77.93429,21.40227,-0.407,5.875,188.197045,-31.475195,8.05699684846774,169.7565,/T
2031-Dec-22 00:00,,m,77.84811,21.39766,-0.400,5.881,279.066078,-31.476533,8.06012530436870,168.6698,/T
2031-Dec-23 00:00,,m,77.76248,21.39311,-0.393,5.886,9.933099,-31.477878,8.06356477733182,167.5815,/T
2031-Dec-24 00:00,,m,77.67743,21.38861,-0.388,5.891,100.798067,-31.479232,8.06731359913112,166.4922,/T
2031-Dec-25 00:00,,m,77.59302,21.38418,-0.382,5.896,191.660943,-31.480595,8.07137011907886,165.4021,/T
2031-Dec-26 00:00,,m,77.50930,21.37982,-0.377,5.900,282.521685,-31.481969,8.07573266967196,164.3116,/T
2031-Dec-27 00:00,,m,77.42629,21.37553,-0.372,5.903,13.380255,-31.483356,8.08039953011873,163.2209,/T
2031-Dec-28 00:00,,m,77.34405,21.37132,-0.367,5.907,104.236614,-31.484756,8.08536892863322,162.1303,/T
2031-Dec-29 00:00,,m,77.26261,21.36719,-0.362,5.910,195.090724,-31.486172,8.09063896654909,161.0398,/T
2031-Dec-30 00:00,,m,77.18202,21.36315,-0.357,5.913,285.942546,-31.487604,8.09620775220862,159.9496,/T
2031-Dec-31 00:00,,m,77.10231,21.35919,-0.353,5.916,16.792043,-31.489055,8.10207322968265,158.8597,/T
2032-Jan-01 00:00,,,77.02354,21.35533,-0.348,5.919,107.639180,-31.490527,8.10823320027622,157.7704,/T
2032-Jan-02 00:00,,,76.94573,21.35155,-0.343,5.922,198.483921,-31.492021,8.11468538149948,156.6816,/T
2032-Jan-03 00:00,,,76.86895,21.34788,-0.339,5.925,289.326233,-31.493541,8.12142738225378,155.5935,/T
2032-Jan-04 00:00,,,76.79323,21.34431,-0.334,5.928,20.166084,-31.495088,8.12845674538724,154.5061,/T
2032-Jan-05 00:00,,,76.71862,21.34084,-0.329,5.931,111.003441,-31.496666,8.13577091654385,153.4195,/T
2032-Jan-06 00:00,,,76.64516,21.33748,-0.324,5.934,201.838274,-31.498275,8.14336719271056,152.3337,/T
2032-Jan-07 00:00,,,76.57290,21.33424,-0.319,5.936,292.670554,-31.499919,8.15124282986603,151.2489,/T
2032-Jan-08 00:00,,,76.50189,21.33112,-0.315,5.939,23.500251,-31.501600,8.15939504984242,150.1650,/T
2032-Jan-09 00:00,,,76.43216,21.32812,-0.310,5.941,114.327338,-31.503319,8.16782092722327,149.0821,/T
2032-Jan-10 00:00,,,76.36376,21.32526,-0.305,5.944,205.151786,-31.505079,8.17651746952104,148.0004,/T
2032-Jan-11 00:00,,,76.29671,21.32253,-0.300,5.946,295.973570,-31.506880,8.18548147166599,146.9198,/T
2032-Jan-12 00:00,,,76.23106,21.31995,-0.295,5.949,26.792664,-31.508725,8.19470959215549,145.8405,/T
2032-Jan-13 00:00,,,76.16683,21.31751,-0.290,5.951,117.609044,-31.510615,8.20419828525122,144.7625,/T
2032-Jan-14 00:00,,,76.10405,21.31522,-0.285,5.954,208.422688,-31.512552,8.21394370338080,143.6859,/T
2032-Jan-15 00:00,,m,76.04275,21.31307,-0.280,5.956,299.233576,-31.514537,8.22394171230403,142.6108,/T
2032-Jan-16 00:00,,m,75.98298,21.31107,-0.275,5.958,30.041693,-31.516573,8.23418802297183,141.5372,/T
2032-Jan-17 00:00,,m,75.92477,21.30922,-0.270,5.961,120.847026,-31.518662,8.24467816424085,140.4653,/T
2032-Jan-18 00:00,,m,75.86815,21.30752,-0.265,5.963,211.649563,-31.520807,8.25540763060923,139.3950,/T
2032-Jan-19 00:00,,m,75.81318,21.30598,-0.260,5.965,302.449296,-31.523009,8.26637181810436,138.3264,/T
2032-Jan-20 00:00,,m,75.75987,21.30460,-0.254,5.967,33.246220,-31.525272,8.27756608490718,137.2595,/T
2032-Jan-21 00:00,,m,75.70825,21.30338,-0.249,5.969,124.040331,-31.527597,8.28898588254655,136.1945,/T
2032-Jan-22 00:00,,m,75.65834,21.30235,-0.244,5.971,214.831624,-31.529987,8.30062666713523,135.1312,/T
2032-Jan-23 00:00,,m,75.61016,21.30149,-0.239,5.973,305.620098,-31.532445,8.31248391534241,134.0698,/T
2032-Jan-24 00:00,,m,75.56374,21.30081,-0.234,5.975,36.405753,-31.534971,8.32455313858510,133.0103,/T
2032-Jan-25 00:00,,m,75.51907,21.30031,-0.229,5.977,127.188588,-31.537568,8.33682988170426,131.9526,/T
2032-Jan-26 00:00,,m,75.47619,21.30000,-0.223,5.979,217.968604,-31.540236,8.34930977098969,130.8968,/T
2032-Jan-27 00:00,,m,75.43510,21.29987,-0.218,5.981,308.745803,-31.542978,8.36198850527462,129.8429,/T
2032-Jan-28 00:00,,m,75.39582,21.29993,-0.213,5.983,39.520184,-31.545794,8.37486169395611,128.7910,/T
2032-Jan-29 00:00,,m,75.35837,21.30017,-0.208,5.984,130.291751,-31.548685,8.38792499830507,127.7410,/T
2032-Jan-30 00:00,,,75.32276,21.30060,-0.203,5.986,221.060505,-31.551651,8.40117402263918,126.6929,/T
2032-Jan-31 00:00,,,75.28903,21.30121,-0.197,5.988,311.826450,-31.554694,8.41460434131657,125.6469,/T
2032-Feb-01 00:00,,,75.25718,21.30201,-0.192,5.989,42.589589,-31.557814,8.42821146062620,124.6028,/T
2032-Feb-02 00:00,,,75.22724,21.30299,-0.187,5.991,133.349927,-31.561013,8.44199077295555,123.5606,/T
2032-Feb-03 00:00,,,75.19922,21.30417,-0.182,5.992,224.107469,-31.564291,8.45593760311992,122.5205,/T
2032-Feb-04 00:00,,,75.17315,21.30554,-0.177,5.994,314.862225,-31.567649,8.47004729665973,121.4825,/T
2032-Feb-05 00:00,,,75.14903,21.30711,-0.172,5.995,45.614199,-31.571089,8.48431508157121,120.4464,/T
2032-Feb-06 00:00,,,75.12690,21.30888,-0.167,5.997,136.363403,-31.574609,8.49873612293412,119.4124,/T
2032-Feb-07 00:00,,,75.10674,21.31085,-0.161,5.998,227.109847,-31.578212,8.51330550696851,118.3805,/T
2032-Feb-08 00:00,,,75.08858,21.31302,-0.156,5.999,317.853542,-31.581897,8.52801821929507,117.3507,/T
2032-Feb-09 00:00,,,75.07241,21.31540,-0.151,6.000,48.594500,-31.585664,8.54286922943344,116.3230,/T
2032-Feb-10 00:00,,,75.05823,21.31798,-0.146,6.002,139.332736,-31.589513,8.55785333848661,115.2975,/T
2032-Feb-11 00:00,,,75.04604,21.32077,-0.141,6.003,230.068266,-31.593443,8.57296521639320,114.2742,/T
2032-Feb-12 00:00,,,75.03586,21.32375,-0.136,6.004,320.801108,-31.597454,8.58819947552707,113.2532,/T
2032-Feb-13 00:00,,m,75.02770,21.32692,-0.131,6.005,51.531281,-31.601544,8.60355068479341,112.2344,/T
2032-Feb-14 00:00,A,m,75.02155,21.33028,-0.126,6.006,142.258807,-31.605714,8.61901336759125,111.2180,/T
2032-Feb-15 00:00,A,m,75.01745,21.33384,-0.122,6.007,232.983708,-31.609961,8.63458207598350,110.2038,/T
2032-Feb-16 00:00,A,m,75.01539,21.33759,-0.117,6.008,323.706009,-31.614286,8.65025130244720,109.1921,/T
2032-Feb-17 00:00,A,m,75.01537,21.34153,-0.112,6.008,54.425736,-31.618687,8.66601567956177,108.1827,/T
2032-Feb-18 00:00,A,m,75.01740,21.34568,-0.107,6.009,145.142914,-31.623164,8.68186989598053,107.1757,/T
2032-Feb-19 00:00,A,m,75.02146,21.35002,-0.102,6.010,235.857571,-31.627715,8.69780867268693,106.1711,/T
2032-Feb-20 00:00,A,m,75.02756,21.35456,-0.098,6.011,326.569734,-31.632341,8.71382679629195,105.1689,/T
2032-Feb-21 00:00,A,m,75.03567,21.35929,-0.093,6.011,57.279432,-31.637040,8.72991911736389,104.1691,/T
2032-Feb-22 00:00,A,m,75.04581,21.36422,-0.088,6.012,147.986693,-31.641810,8.74608057259060,103.1717,/T
2032-Feb-23 00:00,A,m,75.05794,21.36935,-0.084,6.012,238.691548,-31.646651,8.76230622766602,102.1766,/T
2032-Feb-24 00:00,A,m,75.07208,21.37466,-0.079,6.013,329.394024,-31.651561,8.77859115636308,101.1840,/T
2032-Feb-25 00:00,A,m,75.08820,21.38015,-0.075,6.013,60.094153,-31.656538,8.79493051582648,100.1936,/T
2032-Feb-26 00:00,A,m,75.10631,21.38583,-0.070,6.014,150.791963,-31.661580,8.81131961970907,99.2057,/T
2032-Feb-27 00:00,A,m,75.12640,21.39169,-0.066,6.014,241.487484,-31.666685,8.82775383319082,98.2200,/T
2032-Feb-28 00:00,A,,75.14846,21.39772,-0.061,6.014,332.180745,-31.671850,8.84422863716147,97.2367,/T
2032-Feb-29 00:00,A,,75.17249,21.40392,-0.057,6.015,62.871774,-31.677072,8.86073949670123,96.2556,/T
2032-Mar-01 00:00,A,,75.19850,21.41030,-0.053,6.015,153.560600,-31.682348,8.87728189508146,95.2768,/T
2032-Mar-02 00:00,A,,75.22647,21.41684,-0.048,6.015,244.247250,-31.687677,8.89385135203184,94.3003,/T
2032-Mar-03 00:00,A,,75.25640,21.42355,-0.044,6.015,334.931753,-31.693053,8.91044334796577,93.3261,/T
2032-Mar-04 00:00,A,,75.28830,21.43043,-0.040,6.015,65.614138,-31.698476,8.92705323762808,92.3541,/T
2032-Mar-05 00:00,A,,75.32214,21.43747,-0.036,6.015,156.294432,-31.703942,8.94367636262040,91.3843,/T
2032-Mar-06 00:00,A,,75.35792,21.44468,-0.032,6.015,246.972668,-31.709448,8.96030794720033,90.4168,/T
2032-Mar-07 00:00,A,,75.39562,21.45206,-0.028,6.015,337.648874,-31.714992,8.97694320810315,89.4515,/T
2032-Mar-08 00:00,A,,75.43524,21.45959,-0.024,6.015,68.323084,-31.720571,8.99357726404938,88.4884,/T
2032-Mar-09 00:00,A,,75.47674,21.46728,-0.020,6.015,158.995330,-31.726182,9.01020509327829,87.5275,/T
2032-Mar-10 00:00,A,,75.52013,21.47512,-0.016,6.015,249.665647,-31.731822,9.02682164933269,86.5688,/T
2032-Mar-11 00:00,A,,75.56538,21.48310,-0.013,6.015,340.334071,-31.737488,9.04342188085958,85.6125,/T
2032-Mar-12 00:00,A,,75.61250,21.49121,-0.009,6.014,71.000640,-31.743177,9.06000073817370,84.6583,/T
2032-Mar-13 00:00,A,m,75.66147,21.49946,-0.005,6.014,161.665392,-31.748885,9.07655325667521,83.7065,/T
2032-Mar-14 00:00,N,m,75.71230,21.50784,-0.002,6.014,252.328367,-31.754609,9.09307455536789,82.7569,/T
2032-Mar-15 00:00,N,m,75.76496,21.51635,0.002,6.013,342.989603,-31.760345,9.10955991164584,81.8096,/T
2032-Mar-16 00:00,N,m,75.81945,21.52499,0.005,6.013,73.649141,-31.766090,9.12600484381978,80.8646,/T
2032-Mar-17 00:00,N,m,75.87573,21.53375,0.009,6.012,164.307018,-31.771839,9.14240491541618,79.9219,/T
2032-Mar-18 00:00,N,m,75.93379,21.54265,0.012,6.012,254.963272,-31.777588,9.15875581395853,78.9815,/T
2032-Mar-19 00:00,N,m,75.99362,21.55166,0.015,6.011,345.617941,-31.783335,9.17505329303304,78.0433,/T
2032-Mar-20 00:00,N,m,76.05518,21.56078,0.019,6.010,76.271064,-31.789075,9.19129319372351,77.1074,/T
2032-Mar-21 00:00,N,m,76.11846,21.57002,0.022,6.010,166.922676,-31.794805,9.20747144165697,76.1737,/T
2032-Mar-22 00:00,N,m,76.18344,21.57937,0.025,6.009,257.572816,-31.800522,9.22358400566470,75.2422,/T
2032-Mar-23 00:00,N,m,76.25009,21.58881,0.028,6.008,348.221521,-31.806221,9.23962685487557,74.3129,/T
2032-Mar-24 00:00,N,m,76.31841,21.59835,0.031,6.008,78.868827,-31.811900,9.25559612727823,73.3858,/T
2032-Mar-25 00:00,N,m,76.38838,21.60798,0.034,6.007,169.514773,-31.817555,9.27148801328358,72.4608,/T
2032-Mar-26 00:00,N,m,76.45997,21.61770,0.036,6.006,260.159394,-31.823181,9.28729879263273,71.5379,/T
2032-Mar-27 00:00,N,m,76.53318,21.62749,0.039,6.005,350.802727,-31.828776,9.30302482637914,70.6171,/T
2032-Mar-28 00:00,N,,76.60800,21.63737,0.042,6.004,81.444807,-31.834336,9.31866252011047,69.6984,/T
2032-Mar-29 00:00,N,,76.68441,21.64732,0.045,6.003,172.085670,-31.839855,9.33420842640850,68.7816,/T
2032-Mar-30 00:00,N,,76.76239,21.65734,0.047,6.002,262.725349,-31.845330,9.34965917486515,67.8669,/T
2032-Mar-31 00:00,N,,76.84193,21.66743,0.050,6.001,353.363880,-31.850757,9.36501137993924,66.9541,/T
2032-Apr-01 00:00,N,,76.92302,21.67759,0.052,6.000,84.001293,-31.856131,9.38026166783898,66.0433,/T
2032-Apr-02 00:00,N,,77.00563,21.68781,0.055,5.999,174.637622,-31.861447,9.39540665396621,65.1343,/T
2032-Apr-03 00:00,N,,77.08974,21.69809,0.057,5.998,265.272901,-31.866702,9.41044287278793,64.2272,/T
2032-Apr-04 00:00,N,,77.17533,21.70843,0.059,5.997,355.907161,-31.871890,9.42536683389828,63.3220,/T
2032-Apr-05 00:00,N,,77.26238,21.71881,0.061,5.996,86.540436,-31.877008,9.44017484710667,62.4186,/T
2032-Apr-06 00:00,N,,77.35087,21.72924,0.063,5.994,177.172762,-31.882053,9.45486317275223,61.5170,/T
2032-Apr-07 00:00,N,,77.44079,21.73971,0.065,5.993,267.804173,-31.887019,9.46942804141631,60.6173,/T
2032-Apr-08 00:00,N,,77.53211,21.75020,0.067,5.992,358.434708,-31.891905,9.48386564769534,59.7193,/T
2032-Apr-09 00:00,N,,77.62483,21.76072,0.069,5.990,89.064403,-31.896706,9.49817217925020,58.8232,/T
2032-Apr-10 00:00,N,,77.71893,21.77126,0.071,5.989,179.693299,-31.901419,9.51234388977826,57.9289,/T
2032-Apr-11 00:00,N,m,77.81441,21.78182,0.073,5.988,270.321434,-31.906040,9.52637711233896,57.0364,/T
2032-Apr-12 00:00,C,m,77.91123,21.79240,0.075,5.986,0.948848,-31.910567,9.54026842529379,56.1457,/T
2032-Apr-13 00:00,C,m,78.00939,21.80300,0.076,5.985,91.575581,-31.914995,9.55401454376988,55.2568,/T
2032-Apr-14 00:00,C,m,78.10884,21.81361,0.078,5.983,182.201671,-31.919321,9.56761232657442,54.3697,/T
2032-Apr-15 00:00,C,m,78.20956,21.82424,0.079,5.982,272.827157,-31.923542,9.58105885903471,53.4844,/T
2032-Apr-16 00:00,C,m,78.31153,21.83487,0.081,5.980,3.452073,-31.927652,9.59435136684756,52.6008,/T
2032-Apr-17 00:00,C,m,78.41471,21.84550,0.082,5.979,94.076457,-31.931649,9.60748724381836,51.7190,/T
2032-Apr-18 00:00,C,m,78.51910,21.85613,0.084,5.977,184.700343,-31.935529,9.62046395688697,50.8389,/T
2032-Apr-19 00:00,C,m,78.62465,21.86675,0.085,5.976,275.323764,-31.939288,9.63327898633246,49.9606,/T
2032-Apr-20 00:00,C,m,78.73136,21.87735,0.086,5.974,5.946752,-31.942922,9.64592988588728,49.0839,/T
2032-Apr-21 00:00,C,m,78.83921,21.88793,0.087,5.972,96.569343,-31.946428,9.65841430494331,48.2088,/T
2032-Apr-22 00:00,C,m,78.94817,21.89849,0.088,5.971,187.191566,-31.949803,9.67072986385863,47.3354,/T
2032-Apr-23 00:00,C,m,79.05824,21.90901,0.089,5.969,277.813455,-31.953044,9.68287427204519,46.4636,/T
2032-Apr-24 00:00,C,m,79.16939,21.91950,0.090,5.967,8.435040,-31.956147,9.69484522296736,45.5933,/T
2032-Apr-25 00:00,C,m,79.28161,21.92996,0.091,5.965,99.056354,-31.959111,9.70664050766888,44.7245,/T
2032-Apr-26 00:00,C,,79.39489,21.94038,0.092,5.964,189.677425,-31.961930,9.71825799437591,43.8573,/T
2032-Apr-27 00:00,C,,79.50921,21.95076,0.092,5.962,280.298285,-31.964604,9.72969553484447,42.9915,/T
2032-Apr-28 00:00,C,,79.62454,21.96110,0.093,5.960,10.918964,-31.967128,9.74095097482154,42.1271,/T
2032-Apr-29 00:00,C,,79.74088,21.97140,0.094,5.958,101.539491,-31.969499,9.75202222281145,41.2641,/T
2032-Apr-30 00:00,C,,79.85819,21.98165,0.094,5.956,192.159896,-31.971715,9.76290716692613,40.4024,/T
2032-May-01 00:00,C,,79.97645,21.99185,0.094,5.955,282.780207,-31.973772,9.77360372299477,39.5420,/T
2032-May-02 00:00,C,,80.09563,22.00200,0.095,5.953,13.400454,-31.975666,9.78410974699256,38.6829,/T
2032-May-03 00:00,C,,80.21571,22.01209,0.095,5.951,104.020666,-31.977396,9.79442301522144,37.8250,/T
2032-May-04 00:00,C,,80.33668,22.02210,0.095,5.949,194.640873,-31.978956,9.80454135323179,36.9684,/T
2032-May-05 00:00,C,,80.45852,22.03205,0.096,5.947,285.261104,-31.980346,9.81446251193768,36.1130,/T
2032-May-06 00:00,C,,80.58122,22.04192,0.096,5.945,15.881391,-31.981561,9.82418420576044,35.2587,/T
2032-May-07 00:00,C,,80.70476,22.05170,0.096,5.943,106.501765,-31.982601,9.83370413738959,34.4057,/T
2032-May-08 00:00,C,,80.82913,22.06141,0.096,5.941,197.122258,-31.983462,9.84302004191987,33.5538,/T
2032-May-09 00:00,*,,80.95432,22.07103,0.096,5.939,287.742901,-31.984143,9.85212975395319,32.7031,/T
2032-May-10 00:00,*,m,81.08030,22.08057,0.096,5.937,18.363729,-31.984643,9.86103126015180,31.8535,/T
2032-May-11 00:00,*,m,81.20705,22.09003,0.095,5.935,108.984772,-31.984959,9.86972256879265,31.0051,/T
2032-May-12 00:00,*,m,81.33454,22.09941,0.095,5.933,199.606064,-31.985090,9.87820188760688,30.1579,/T
2032-May-13 00:00,*,m,81.46274,22.10870,0.095,5.930,290.227635,-31.985035,9.88646756124334,29.3118,/T
2032-May-14 00:00,*,m,81.59163,22.11789,0.094,5.928,20.849517,-31.984792,9.89451809428893,28.4668,/T
2032-May-15 00:00,*,m,81.72118,22.12700,0.094,5.926,111.471739,-31.984360,9.90235213891369,27.6230,/T
2032-May-16 00:00,*,m,81.85137,22.13600,0.093,5.924,202.094332,-31.983737,9.90996843100710,26.7802,/T
2032-May-17 00:00,*,m,81.98217,22.14491,0.093,5.922,292.717322,-31.982920,9.91736583475745,25.9385,/T
2032-May-18 00:00,*,m,82.11357,22.15370,0.092,5.920,23.340737,-31.981909,9.92454340000798,25.0979,/T
2032-May-19 00:00,*,m,82.24554,22.16239,0.091,5.917,113.964603,-31.980702,9.93150021930523,24.2583,/T
2032-May-20 00:00,*,m,82.37807,22.17096,0.090,5.915,204.588946,-31.979296,9.93823542954543,23.4197,/T
2032-May-21 00:00,*,m,82.51115,22.17941,0.090,5.913,295.213788,-31.977691,9.94474821805849,22.5821,/T
2032-May-22 00:00,*,m,82.64476,22.18774,0.089,5.910,25.839155,-31.975884,9.95103775999452,21.7455,/T
2032-May-23 00:00,*,m,82.77889,22.19596,0.087,5.908,116.465068,-31.973875,9.95710332408909,20.9098,/T
2032-May-24 00:00,*,m,82.91352,22.20405,0.086,5.906,207.091551,-31.971663,9.96294411220789,20.0750,/T
2032-May-25 00:00,*,m,83.04864,22.21202,0.085,5.903,297.718625,-31.969246,9.96855928281750,19.2411,/T
2032-May-26 00:00,*,,83.18422,22.21988,0.084,5.901,28.346313,-31.966624,9.97394798983102,18.4081,/T
2032-May-27 00:00,*,,83.32024,22.22761,0.082,5.898,118.974637,-31.963796,9.97910936348819,17.5758,/T
2032-May-28 00:00,*,,83.45669,22.23522,0.080,5.895,209.603620,-31.960761,9.98404245165852,16.7444,/T
2032-May-29 00:00,*,,83.59353,22.24271,0.079,5.892,300.233284,-31.957519,9.98874627472628,15.9138,/T
2032-May-30 00:00,*,,83.73074,22.25007,0.077,5.889,30.863653,-31.954070,9.99321972208828,15.0839,/T
2032-May-31 00:00,*,,83.86830,22.25730,0.074,5.886,121.494751,-31.950412,9.99746174454843,14.2548,/T
2032-Jun-01 00:00,*,,84.00620,22.26438,0.072,5.883,212.126603,-31.946545,10.0014713237330,13.4264,/T
2032-Jun-02 00:00,*,,84.14442,22.27133,0.069,5.879,302.759234,-31.942469,10.0052474429434,12.5989,/T
2032-Jun-03 00:00,*,,84.28295,22.27813,0.066,5.875,33.392668,-31.938184,10.0087891578537,11.7722,/T
2032-Jun-04 00:00,*,,84.42178,22.28479,0.062,5.871,124.026931,-31.933689,10.0120955918513,10.9464,/T
2032-Jun-05 00:00,*,,84.56089,22.29131,0.058,5.866,214.662048,-31.928984,10.0151659628854,10.1216,/T
2032-Jun-06 00:00,*,,84.70027,22.29769,0.053,5.861,305.298043,-31.924070,10.0179996101001,9.2979,/T
2032-Jun-07 00:00,*,,84.83989,22.30392,0.048,5.855,35.934940,-31.918946,10.0205958886621,8.4755,/T
2032-Jun-08 00:00,*,m,84.97972,22.31002,0.041,5.848,126.572764,-31.913614,10.0229542085375,7.6547,/T
2032-Jun-09 00:00,*,m,85.11974,22.31598,0.034,5.840,217.211538,-31.908074,10.0250741457995,6.8360,/T
2032-Jun-10 00:00,*,m,85.25993,22.32179,0.025,5.831,307.851287,-31.902327,10.0269553212637,6.0199,/T
2032-Jun-11 00:00,*,m,85.40026,22.32746,0.015,5.820,38.492032,-31.896374,10.0285974894364,5.2076,/T
2032-Jun-12 00:00,*,m,85.54071,22.33299,0.002,5.808,129.133797,-31.890217,10.0300004385965,4.4008,/T
2032-Jun-13 00:00,*,m,85.68125,22.33836,-0.012,5.793,219.776604,-31.883856,10.0311640440197,3.6031,/T
2032-Jun-14 00:00,*,m,85.82187,22.34359,-0.029,5.776,310.420476,-31.877294,10.0320883224984,2.8218,/T
2032-Jun-15 00:00,*,m,85.96255,22.34866,-0.048,5.756,41.065431,-31.870530,10.0327733959283,2.0753,/T
2032-Jun-16 00:00,*,m,86.10327,22.35356,-0.068,5.736,131.711492,-31.863567,10.0332194123060,1.4187,/T
2032-Jun-17 00:00,*,m,86.24396,22.35828,-0.081,5.724,222.358678,-31.856405,10.0334266718630,1.0390,/T
2032-Jun-18 00:00,*,m,86.38462,22.36293,-0.074,5.731,313.007008,-31.849045,10.0333955364181,1.2270,/L
2032-Jun-19 00:00,*,m,86.52535,22.36744,-0.055,5.750,43.656499,-31.841489,10.0331265062362,1.8138,/L
2032-Jun-20 00:00,*,m,86.66606,22.37177,-0.035,5.770,134.307168,-31.833737,10.0326201432076,2.5361,/L
2032-Jun-21 00:00,*,m,86.80674,22.37594,-0.017,5.788,224.959031,-31.825790,10.0318769524226,3.3062,/L
2032-Jun-22 00:00,*,m,86.94736,22.37996,-0.001,5.804,315.612103,-31.817650,10.0308974543354,4.0971,/L
2032-Jun-23 00:00,*,m,87.08790,22.38383,0.012,5.818,46.266398,-31.809317,10.0296821334236,4.8988,/L
2032-Jun-24 00:00,*,,87.22834,22.38754,0.023,5.829,136.921931,-31.800793,10.0282313674661,5.7068,/L
2032-Jun-25 00:00,*,,87.36866,22.39111,0.033,5.839,227.578718,-31.792080,10.0265454219066,6.5187,/L
2032-Jun-26 00:00,*,,87.50883,22.39453,0.041,5.848,318.236773,-31.783180,10.0246244206721,7.3333,/L
2032-Jun-27 00:00,*,,87.64883,22.39780,0.048,5.855,48.896114,-31.774094,10.0224683787224,8.1498,/L
2032-Jun-28 00:00,*,,87.78866,22.40092,0.054,5.861,139.556758,-31.764826,10.0200773509755,8.9679,/L
2032-Jun-29 00:00,*,,87.92829,22.40387,0.059,5.867,230.218724,-31.755377,10.0174512910600,9.7871,/L
2032-Jun-30 00:00,*,,88.06772,22.40667,0.064,5.872,320.882033,-31.745750,10.0145901979867,10.6073,/L
2032-Jul-01 00:00,*,,88.20692,22.40932,0.068,5.877,51.546703,-31.735948,10.0114941443145,11.4284,/L
2032-Jul-02 00:00,*,,88.34590,22.41181,0.071,5.881,142.212756,-31.725975,10.0081633338892,12.2503,/L
2032-Jul-03 00:00,*,,88.48462,22.41416,0.074,5.885,232.880211,-31.715832,10.0045981353795,13.0728,/L
2032-Jul-04 00:00,*,,88.62307,22.41636,0.077,5.889,323.549088,-31.705522,10.0007990597092,13.8960,/L
2032-Jul-05 00:00,*,,88.76122,22.41841,0.080,5.892,54.219406,-31.695049,9.99676669484159,14.7198,/L
2032-Jul-06 00:00,*,,88.89904,22.42032,0.082,5.896,144.891183,-31.684415,9.99250184566597,15.5441,/L
2032-Jul-07 00:00,*,,89.03651,22.42209,0.084,5.899,235.564437,-31.673624,9.98800541430654,16.3691,/L
2032-Jul-08 00:00,*,m,89.17361,22.42372,0.086,5.902,326.239183,-31.662678,9.98327837278337,17.1945,/L
2032-Jul-09 00:00,*,m,89.31030,22.42521,0.088,5.904,56.915439,-31.651580,9.97832176604454,18.0205,/L
2032-Jul-10 00:00,*,m,89.44658,22.42655,0.090,5.907,147.593219,-31.640335,9.97313663613229,18.8470,/L
2032-Jul-11 00:00,*,m,89.58242,22.42776,0.091,5.910,238.272538,-31.628945,9.96772413758801,19.6740,/L
2032-Jul-12 00:00,*,m,89.71779,22.42882,0.092,5.913,328.953412,-31.617415,9.96208549101472,20.5015,/L
2032-Jul-13 00:00,*,m,89.85270,22.42974,0.094,5.915,59.635854,-31.605749,9.95622191537165,21.3296,/L
2032-Jul-14 00:00,*,m,89.98711,22.43051,0.095,5.918,150.319878,-31.593949,9.95013467442344,22.1582,/L
2032-Jul-15 00:00,*,m,90.12101,22.43115,0.096,5.920,241.005499,-31.582021,9.94382512644088,22.9874,/L
2032-Jul-16 00:00,*,m,90.25439,22.43165,0.097,5.923,331.692729,-31.569967,9.93729466705058,23.8171,/L
2032-Jul-17 00:00,*,m,90.38723,22.43202,0.098,5.925,62.381581,-31.557793,9.93054482994724,24.6474,/L
2032-Jul-18 00:00,*,m,90.51952,22.43225,0.099,5.928,153.072067,-31.545502,9.92357711924417,25.4784,/L
2032-Jul-19 00:00,*,m,90.65123,22.43235,0.100,5.930,243.764198,-31.533097,9.91639312301404,26.3099,/L
2032-Jul-20 00:00,*,m,90.78235,22.43233,0.101,5.932,334.457986,-31.520582,9.90899451918424,27.1421,/L
2032-Jul-21 00:00,*,m,90.91285,22.43219,0.101,5.935,65.153440,-31.507961,9.90138298700629,27.9750,/L
2032-Jul-22 00:00,*,m,91.04272,22.43193,0.102,5.937,155.850568,-31.495236,9.89356014440277,28.8086,/L
2032-Jul-23 00:00,*,,91.17192,22.43155,0.103,5.939,246.549381,-31.482412,9.88552752728839,29.6430,/L
2032-Jul-24 00:00,*,,91.30043,22.43105,0.103,5.942,337.249888,-31.469492,9.87728651763498,30.4782,/L
2032-Jul-25 00:00,*,,91.42824,22.43042,0.104,5.944,67.952098,-31.456481,9.86883845675205,31.3143,/L
2032-Jul-26 00:00,*,,91.55533,22.42967,0.104,5.946,158.656025,-31.443382,9.86018457624863,32.1512,/L
2032-Jul-27 00:00,*,,91.68170,22.42880,0.104,5.948,249.361679,-31.430201,9.85132600077707,32.9891,/L
2032-Jul-28 00:00,*,,91.80733,22.42781,0.105,5.951,340.069074,-31.416942,9.84226392057639,33.8280,/L
2032-Jul-29 00:00,*,,91.93221,22.42670,0.105,5.953,70.778225,-31.403612,9.83299956299112,34.6678,/L
2032-Jul-30 00:00,*,,92.05632,22.42549,0.105,5.955,161.489146,-31.390214,9.82353429101826,35.5087,/L
2032-Jul-31 00:00,*,,92.17964,22.42417,0.105,5.957,252.201850,-31.376755,9.81386957188782,36.3507,/L
2032-Aug-01 00:00,*,,92.30215,22.42274,0.105,5.959,342.916354,-31.363240,9.80400695584534,37.1937,/L
2032-Aug-02 00:00,*,,92.42381,22.42123,0.105,5.961,73.632670,-31.349676,9.79394814734096,38.0378,/L
2032-Aug-03 00:00,*,,92.54461,22.41961,0.105,5.963,164.350811,-31.336067,9.78369507350759,38.8831,/L
2032-Aug-04 00:00,*,,92.66451,22.41791,0.104,5.966,255.070793,-31.322418,9.77324974014250,39.7294,/L
2032-Aug-05 00:00,*,,92.78349,22.41611,0.104,5.968,345.792625,-31.308737,9.76261434061837,40.5769,/L
2032-Aug-06 00:00,*,,92.90153,22.41423,0.104,5.970,76.516319,-31.295027,9.75179114871900,41.4256,/L
2032-Aug-07 00:00,*,m,93.01860,22.41226,0.103,5.972,167.241884,-31.281293,9.74078258188570,42.2754,/L
2032-Aug-08 00:00,*,m,93.13469,22.41020,0.103,5.974,257.969331,-31.267542,9.72959118635987,43.1264,/L
2032-Aug-09 00:00,*,m,93.24978,22.40805,0.102,5.976,348.698666,-31.253778,9.71821951129375,43.9786,/L
2032-Aug-10 00:00,*,m,93.36385,22.40583,0.102,5.978,79.429897,-31.240007,9.70667010571501,44.8320,/L
2032-Aug-11 00:00,C,m,93.47689,22.40352,0.101,5.979,170.163031,-31.226235,9.69494559177746,45.6867,/L
2032-Aug-12 00:00,C,m,93.58887,22.40113,0.100,5.981,260.898074,-31.212466,9.68304859785284,46.5425,/L
2032-Aug-13 00:00,C,m,93.69980,22.39866,0.099,5.983,351.635033,-31.198707,9.67098179620480,47.3996,/L
2032-Aug-14 00:00,C,m,93.80964,22.39613,0.099,5.985,82.373913,-31.184964,9.65874786444175,48.2580,/L
2032-Aug-15 00:00,C,m,93.91839,22.39353,0.098,5.987,173.114720,-31.171242,9.64634943412150,49.1177,/L
2032-Aug-16 00:00,C,m,94.02602,22.39087,0.097,5.989,263.857460,-31.157546,9.63378924926321,49.9787,/L
2032-Aug-17 00:00,C,m,94.13252,22.38816,0.095,5.990,354.602136,-31.143884,9.62107003568571,50.8410,/L
2032-Aug-18 00:00,C,m,94.23785,22.38539,0.094,5.992,85.348754,-31.130260,9.60819450230182,51.7046,/L
2032-Aug-19 00:00,C,m,94.34200,22.38258,0.093,5.994,176.097317,-31.116679,9.59516532368169,52.5697,/L
2032-Aug-20 00:00,C,m,94.44494,22.37971,0.092,5.995,266.847831,-31.103148,9.58198513540129,53.4362,/L
2032-Aug-21 00:00,C,m,94.54665,22.37681,0.090,5.997,357.600300,-31.089672,9.56865654317724,54.3042,/L
2032-Aug-22 00:00,C,m,94.64712,22.37385,0.089,5.999,88.354729,-31.076255,9.55518216955105,55.1737,/L
2032-Aug-23 00:00,C,,94.74632,22.37084,0.088,6.000,179.111125,-31.062904,9.54156450248135,56.0448,/L
2032-Aug-24 00:00,C,,94.84426,22.36779,0.086,6.002,269.869492,-31.049624,9.52780607353247,56.9174,/L
2032-Aug-25 00:00,C,,94.94093,22.36470,0.084,6.003,0.629838,-31.036421,9.51390945610211,57.7918,/L
2032-Aug-26 00:00,C,,95.03630,22.36157,0.083,6.005,91.392169,-31.023302,9.49987728842772,58.6678,/L
2032-Aug-27 00:00,C,,95.13035,22.35841,0.081,6.006,182.156492,-31.010273,9.48571230980325,59.5455,/L
2032-Aug-28 00:00,C,,95.22308,22.35523,0.079,6.008,272.922814,-30.997341,9.47141730239508,60.4250,/L
2032-Aug-29 00:00,C,,95.31444,22.35203,0.077,6.009,3.691141,-30.984512,9.45699514942109,61.3063,/L
2032-Aug-30 00:00,C,,95.40442,22.34882,0.075,6.010,94.461480,-30.971793,9.44244891141098,62.1894,/L
2032-Aug-31 00:00,N,,95.49299,22.34560,0.073,6.012,185.233836,-30.959192,9.42778172433792,63.0742,/L
2032-Sep-01 00:00,N,,95.58012,22.34237,0.071,6.013,276.008215,-30.946714,9.41299679640271,63.9609,/L
2032-Sep-02 00:00,N,,95.66580,22.33914,0.069,6.014,6.784621,-30.934367,9.39809747684347,64.8495,/L
2032-Sep-03 00:00,N,,95.74999,22.33590,0.067,6.015,97.563059,-30.922157,9.38308718702563,65.7399,/L
2032-Sep-04 00:00,N,,95.83270,22.33266,0.064,6.017,188.343533,-30.910091,9.36796956107640,66.6322,/L
2032-Sep-05 00:00,N,,95.91388,22.32943,0.062,6.018,279.126044,-30.898174,9.35274830717882,67.5263,/L
2032-Sep-06 00:00,N,,95.99353,22.32619,0.059,6.019,9.910594,-30.886414,9.33742722084072,68.4223,/L
2032-Sep-07 00:00,N,,96.07163,22.32297,0.057,6.020,100.697184,-30.874815,9.32201022827229,69.3202,/L
2032-Sep-08 00:00,N,m,96.14817,22.31975,0.054,6.021,191.485812,-30.863383,9.30650136597315,70.2201,/L
2032-Sep-09 00:00,N,m,96.22314,22.31654,0.052,6.022,282.276478,-30.852123,9.29090468962682,71.1218,/L
2032-Sep-10 00:00,N,m,96.29651,22.31335,0.049,6.023,13.069176,-30.841041,9.27522430390716,72.0255,/L
2032-Sep-11 00:00,N,m,96.36828,22.31018,0.046,6.024,103.863904,-30.830143,9.25946422241442,72.9311,/L
2032-Sep-12 00:00,N,m,96.43843,22.30704,0.043,6.025,194.660658,-30.819434,9.24362849601468,73.8386,/L
2032-Sep-13 00:00,N,m,96.50695,22.30393,0.041,6.025,285.459432,-30.808920,9.22772117915551,74.7481,/L
2032-Sep-14 00:00,N,m,96.57381,22.30085,0.038,6.026,16.260221,-30.798605,9.21174622383881,75.6595,/L
2032-Sep-15 00:00,N,m,96.63899,22.29782,0.035,6.027,107.063020,-30.788495,9.19570753451544,76.5730,/L
2032-Sep-16 00:00,N,m,96.70249,22.29482,0.031,6.028,197.867824,-30.778596,9.17960893456731,77.4884,/L
2032-Sep-17 00:00,N,m,96.76427,22.29187,0.028,6.028,288.674629,-30.768914,9.16345418865091,78.4058,/L
2032-Sep-18 00:00,N,m,96.82432,22.28896,0.025,6.029,19.483429,-30.759452,9.14724702653306,79.3253,/L
2032-Sep-19 00:00,A,m,96.88263,22.28609,0.022,6.030,110.294222,-30.750218,9.13099108058167,80.2469,/L
2032-Sep-20 00:00,A,m,96.93920,22.28327,0.018,6.030,201.107005,-30.741216,9.11468992982234,81.1707,/L
2032-Sep-21 00:00,A,m,96.99402,22.28049,0.015,6.031,291.921775,-30.732451,9.09834729475373,82.0966,/L
2032-Sep-22 00:00,A,,97.04708,22.27777,0.012,6.031,22.738531,-30.723929,9.08196695101753,83.0247,/L
2032-Sep-23 00:00,A,,97.09837,22.27510,0.008,6.031,113.557270,-30.715656,9.06555285302417,83.9551,/L
2032-Sep-24 00:00,A,,97.14786,22.27249,0.004,6.032,204.377988,-30.707636,9.04910905428303,84.8878,/L
2032-Sep-25 00:00,A,,97.19555,22.26996,0.001,6.032,295.200682,-30.699874,9.03263972783342,85.8227,/L
2032-Sep-26 00:00,A,,97.24140,22.26749,-0.003,6.032,26.025346,-30.692375,9.01614920450869,86.7600,/L
2032-Sep-27 00:00,A,,97.28540,22.26510,-0.007,6.033,116.851974,-30.685145,8.99964191507408,87.6997,/L
2032-Sep-28 00:00,A,,97.32752,22.26278,-0.011,6.033,207.680559,-30.678189,8.98312228305646,88.6417,/L
2032-Sep-29 00:00,A,,97.36777,22.26055,-0.014,6.033,298.511093,-30.671510,8.96659483135478,89.5860,/L
2032-Sep-30 00:00,A,,97.40611,22.25839,-0.018,6.033,29.343568,-30.665115,8.95006411376853,90.5327,/L
2032-Oct-01 00:00,A,,97.44255,22.25632,-0.022,6.033,120.177975,-30.659008,8.93353477747534,91.4819,/L
2032-Oct-02 00:00,A,,97.47705,22.25432,-0.026,6.033,211.014304,-30.653193,8.91701155485543,92.4333,/L
2032-Oct-03 00:00,A,,97.50963,22.25241,-0.031,6.033,301.852543,-30.647675,8.90049915271831,93.3872,/L
2032-Oct-04 00:00,A,,97.54027,22.25059,-0.035,6.033,32.692682,-30.642458,8.88400238905088,94.3435,/L
2032-Oct-05 00:00,A,,97.56896,22.24885,-0.039,6.033,123.534708,-30.637545,8.86752618091872,95.3021,/L
2032-Oct-06 00:00,A,,97.59570,22.24720,-0.043,6.032,214.378608,-30.632941,8.85107551290439,96.2631,/L
2032-Oct-07 00:00,,,97.62048,22.24565,-0.048,6.032,305.224366,-30.628647,8.83465543072561,97.2265,/L
2032-Oct-08 00:00,,m,97.64330,22.24419,-0.052,6.032,36.071967,-30.624667,8.81827102426597,98.1922,/L
2032-Oct-09 00:00,,m,97.66414,22.24283,-0.056,6.031,126.921393,-30.621003,8.80192739166460,99.1603,/L
2032-Oct-10 00:00,,m,97.68300,22.24157,-0.061,6.031,217.772625,-30.617657,8.78562973716943,100.1308,/L
2032-Oct-11 00:00,,m,97.69988,22.24041,-0.065,6.030,308.625643,-30.614631,8.76938313990605,101.1035,/L
2032-Oct-12 00:00,,m,97.71476,22.23936,-0.070,6.030,39.480426,-30.611925,8.75319260244860,102.0787,/L
2032-Oct-13 00:00,,m,97.72764,22.23842,-0.075,6.029,130.336952,-30.609542,8.73706302471382,103.0561,/L
2032-Oct-14 00:00,,m,97.73851,22.23758,-0.079,6.029,221.195200,-30.607483,8.72099918948879,104.0359,/L
2032-Oct-15 00:00,,m,97.74737,22.23685,-0.084,6.028,312.055147,-30.605750,8.70500577744959,105.0180,/L
2032-Oct-16 00:00,,m,97.75422,22.23621,-0.089,6.027,42.916773,-30.604343,8.68908733485587,106.0025,/L
2032-Oct-17 00:00,,m,97.75907,22.23568,-0.093,6.027,133.780056,-30.603265,8.67324823975873,106.9893,/L
2032-Oct-18 00:00,,m,97.76192,22.23526,-0.098,6.026,224.644978,-30.602518,8.65749287955405,107.9785,/L
2032-Oct-19 00:00,,m,97.76277,22.23493,-0.103,6.025,315.511519,-30.602102,8.64182564080154,108.9700,/L
2032-Oct-20 00:00,,m,97.76164,22.23472,-0.108,6.024,46.379659,-30.602020,8.62625092577340,109.9640,/L
2032-Oct-21 00:00,,m,97.75852,22.23461,-0.113,6.023,137.249380,-30.602272,8.61077325932832,110.9605,/L
2032-Oct-22 00:00,,,97.75341,22.23462,-0.118,6.022,228.120661,-30.602860,8.59539723414506,111.9594,/L
2032-Oct-23 00:00,,,97.74629,22.23475,-0.123,6.021,318.993483,-30.603784,8.58012766293228,112.9607,/L
2032-Oct-24 00:00,,,97.73716,22.23499,-0.128,6.020,49.867822,-30.605045,8.56496951834541,113.9646,/L
2032-Oct-25 00:00,,,97.72603,22.23536,-0.133,6.019,140.743653,-30.606642,8.54992784548634,114.9709,/L
2032-Oct-26 00:00,,,97.71287,22.23584,-0.138,6.017,231.620953,-30.608576,8.53500775585569,115.9797,/L
2032-Oct-27 00:00,,,97.69771,22.23643,-0.143,6.016,322.499692,-30.610845,8.52021445272095,116.9910,/L
2032-Oct-28 00:00,,,97.68054,22.23713,-0.148,6.015,53.379842,-30.613448,8.50555312060483,118.0047,/L
2032-Oct-29 00:00,,,97.66137,22.23795,-0.153,6.013,144.261373,-30.616384,8.49102900177506,119.0209,/L
2032-Oct-30 00:00,,,97.64021,22.23887,-0.159,6.012,235.144252,-30.619652,8.47664722844615,120.0395,/L
2032-Oct-31 00:00,,,97.61707,22.23991,-0.164,6.010,326.028446,-30.623250,8.46241292024104,121.0605,/L
2032-Nov-01 00:00,,,97.59197,22.24105,-0.169,6.009,56.913924,-30.627176,8.44833123331718,122.0839,/L
2032-Nov-02 00:00,,,97.56492,22.24229,-0.174,6.007,147.800649,-30.631429,8.43440728254990,123.1097,/L
2032-Nov-03 00:00,,,97.53593,22.24365,-0.179,6.006,238.688585,-30.636006,8.42064614239080,124.1378,/L
2032-Nov-04 00:00,,,97.50503,22.24511,-0.185,6.004,329.577697,-30.640905,8.40705285288512,125.1682,/L
2032-Nov-05 00:00,,,97.47222,22.24668,-0.190,6.002,60.467946,-30.646121,8.39363239110422,126.2009,/L
2032-Nov-06 00:00,,,97.43752,22.24835,-0.195,6.000,151.359292,-30.651653,8.38038974893584,127.2358,/L
2032-Nov-07 00:00,,m,97.40095,22.25014,-0.200,5.998,242.251698,-30.657496,8.36732986005906,128.2729,/L
2032-Nov-08 00:00,,m,97.36251,22.25203,-0.206,5.997,333.145120,-30.663646,8.35445750712681,129.3122,/L
2032-Nov-09 00:00,,m,97.32222,22.25403,-0.211,5.995,64.039517,-30.670097,8.34177745461201,130.3536,/L
2032-Nov-10 00:00,,m,97.28009,22.25613,-0.216,5.993,154.934848,-30.676847,8.32929433243468,131.3971,/L
2032-Nov-11 00:00,,m,97.23615,22.25832,-0.222,5.991,245.831067,-30.683888,8.31701268484464,132.4426,/L
2032-Nov-12 00:00,,m,97.19042,22.26061,-0.227,5.988,336.728131,-30.691215,8.30493688734803,133.4902,/L
2032-Nov-13 00:00,,m,97.14293,22.26298,-0.232,5.986,67.625996,-30.698825,8.29307110939414,134.5397,/L
2032-Nov-14 00:00,,m,97.09370,22.26544,-0.237,5.984,158.524618,-30.706711,8.28141938098320,135.5913,/L
2032-Nov-15 00:00,,m,97.04278,22.26798,-0.243,5.982,249.423955,-30.714868,8.26998568165653,136.6448,/L
2032-Nov-16 00:00,,m,96.99019,22.27060,-0.248,5.980,340.323962,-30.723292,8.25877383091654,137.7002,/L
2032-Nov-17 00:00,,m,96.93596,22.27331,-0.253,5.977,71.224598,-30.731978,8.24778763276607,138.7576,/L
2032-Nov-18 00:00,,m,96.88011,22.27610,-0.259,5.975,162.125819,-30.740922,8.23703084651746,139.8169,/L
2032-Nov-19 00:00,,m,96.82267,22.27898,-0.264,5.973,253.027582,-30.750117,8.22650727208608,140.8782,/L
2032-Nov-20 00:00,,m,96.76364,22.28194,-0.269,5.970,343.929845,-30.759559,8.21622080478660,141.9413,/L
2032-Nov-21 00:00,,,96.70307,22.28498,-0.274,5.968,74.832560,-30.769243,8.20617531290999,143.0063,/L
2032-Nov-22 00:00,,,96.64096,22.28810,-0.279,5.965,165.735683,-30.779163,8.19637468310141,144.0732,/L
2032-Nov-23 00:00,,,96.57734,22.29129,-0.284,5.963,256.639168,-30.789312,8.18682287110114,145.1419,/L
2032-Nov-24 00:00,,,96.51225,22.29456,-0.290,5.960,347.542964,-30.799685,8.17752385310247,146.2124,/L
2032-Nov-25 00:00,,,96.44571,22.29788,-0.295,5.957,78.447023,-30.810273,8.16848161575686,147.2847,/L
2032-Nov-26 00:00,,,96.37776,22.30128,-0.300,5.955,169.351292,-30.821071,8.15970012652659,148.3586,/L
2032-Nov-27 00:00,,,96.30844,22.30472,-0.305,5.952,260.255718,-30.832070,8.15118323006130,149.4343,/L
2032-Nov-28 00:00,,,96.23779,22.30822,-0.310,5.949,351.160248,-30.843262,8.14293479862476,150.5116,/L
2032-Nov-29 00:00,,,96.16585,22.31178,-0.315,5.946,82.064823,-30.854640,8.13495856759649,151.5905,/L
2032-Nov-30 00:00,,,96.09267,22.31538,-0.320,5.943,172.969389,-30.866196,8.12725813517212,152.6708,/L
2032-Dec-01 00:00,,,96.01828,22.31902,-0.325,5.941,263.873887,-30.877922,8.11983694985728,153.7527,/L
2032-Dec-02 00:00,,,95.94274,22.32271,-0.329,5.938,354.778258,-30.889809,8.11269830640575,154.8359,/L
2032-Dec-03 00:00,,,95.86608,22.32645,-0.334,5.935,85.682445,-30.901851,8.10584535574617,155.9204,/L
2032-Dec-04 00:00,,,95.78835,22.33022,-0.339,5.931,176.586387,-30.914038,8.09928111441172,157.0062,/L
2032-Dec-05 00:00,,,95.70958,22.33404,-0.344,5.928,267.490026,-30.926363,8.09300830489798,158.0931,/L
2032-Dec-06 00:00,,m,95.62982,22.33790,-0.349,5.925,358.393301,-30.938817,8.08702947720459,159.1810,/L
2032-Dec-07 00:00,,m,95.54911,22.34179,-0.354,5.922,89.296154,-30.951392,8.08134700289629,160.2700,/L
2032-Dec-08 00:00,,m,95.46749,22.34571,-0.359,5.918,180.198527,-30.964080,8.07596303946015,161.3598,/L
2032-Dec-09 00:00,,m,95.38500,22.34966,-0.364,5.915,271.100363,-30.976872,8.07087959818161,162.4505,/L
2032-Dec-10 00:00,,m,95.30171,22.35362,-0.369,5.911,2.001604,-30.989761,8.06609847024898,163.5418,/L
2032-Dec-11 00:00,,m,95.21767,22.35760,-0.374,5.907,92.902194,-31.002737,8.06162133832695,164.6337,/L
2032-Dec-12 00:00,,m,95.13292,22.36158,-0.379,5.903,183.802077,-31.015793,8.05744982785653,165.7262,/L
2032-Dec-13 00:00,,m,95.04753,22.36558,-0.385,5.898,274.701198,-31.028920,8.05358543602308,166.8190,/L
2032-Dec-14 00:00,,m,94.96155,22.36959,-0.391,5.893,5.599501,-31.042110,8.05002951280263,167.9120,/L
2032-Dec-15 00:00,,m,94.87502,22.37361,-0.398,5.887,96.496932,-31.055356,8.04678335510654,169.0050,/L
2032-Dec-16 00:00,,m,94.78798,22.37763,-0.405,5.880,187.393434,-31.068650,8.04384812591939,170.0978,/L
2032-Dec-17 00:00,,m,94.70049,22.38167,-0.414,5.873,278.288955,-31.081985,8.04122500060528,171.1901,/L
2032-Dec-18 00:00,,m,94.61259,22.38571,-0.424,5.864,9.183440,-31.095354,8.03891502887324,172.2812,/L
2032-Dec-19 00:00,,m,94.52431,22.38976,-0.435,5.853,100.076833,-31.108750,8.03691915698179,173.3703,/L
2032-Dec-20 00:00,,,94.43571,22.39382,-0.449,5.839,190.969083,-31.122165,8.03523829786258,174.4559,/L
2032-Dec-21 00:00,,,94.34682,22.39787,-0.465,5.823,281.860133,-31.135594,8.03387330706455,175.5350,/L
2032-Dec-22 00:00,,,94.25771,22.40191,-0.485,5.803,12.749930,-31.149028,8.03282494100476,176.6010,/L
2032-Dec-23 00:00,,,94.16843,22.40595,-0.509,5.779,103.638420,-31.162462,8.03209388711670,177.6353,/L
2032-Dec-24 00:00,,,94.07902,22.40998,-0.536,5.753,194.525548,-31.175887,8.03168068974309,178.5669,/L
2032-Dec-25 00:00,,,93.98955,22.41400,-0.552,5.737,285.411260,-31.189298,8.03158586470556,179.0299,/T
2032-Dec-26 00:00,,,93.90006,22.41800,-0.535,5.754,16.295502,-31.202685,8.03180990111484,178.4982,/T
2032-Dec-27 00:00,,,93.81061,22.42198,-0.508,5.781,107.178220,-31.216043,8.03235312239774,177.5510,/T
2032-Dec-28 00:00,,,93.72126,22.42595,-0.484,5.804,198.059358,-31.229364,8.03321577782322,176.5117,/T
2032-Dec-29 00:00,,,93.63207,22.42990,-0.465,5.823,288.938860,-31.242639,8.03439795697466,175.4429,/T
2032-Dec-30 00:00,,,93.54309,22.43383,-0.449,5.839,19.816672,-31.255863,8.03589960925965,174.3614,/T
2032-Dec-31 00:00,,,93.45437,22.43775,-0.435,5.852,110.692739,-31.269027,8.03772049095474,173.2735,/T
2033-Jan-01 00:00,,,93.36596,22.44165,-0.424,5.862,201.567005,-31.282125,8.03986007066585,172.1819,/T
2033-Jan-02 00:00,,,93.27791,22.44553,-0.415,5.871,292.439416,-31.295150,8.04231750582971,171.0883,/T
2033-Jan-03 00:00,,,93.19027,22.44940,-0.407,5.878,23.309922,-31.308096,8.04509176523247,169.9933,/T
2033-Jan-04 00:00,,m,93.10310,22.45324,-0.400,5.884,114.178472,-31.320958,8.04818148327609,168.8977,/T
2033-Jan-05 00:00,,m,93.01643,22.45705,-0.393,5.890,205.045018,-31.333729,8.05158506302561,167.8018,/T
2033-Jan-06 00:00,,m,92.93034,22.46084,-0.387,5.895,295.909515,-31.346405,8.05530064095960,166.7059,/T
2033-Jan-07 00:00,,m,92.84487,22.46460,-0.382,5.899,26.771920,-31.358981,8.05932615736071,165.6102,/T
2033-Jan-08 00:00,,m,92.76008,22.46833,-0.377,5.903,117.632193,-31.371452,8.06365949023565,164.5148,/T
2033-Jan-09 00:00,,m,92.67603,22.47203,-0.372,5.907,208.490295,-31.383815,8.06829842660484,163.4200,/T
2033-Jan-10 00:00,,m,92.59276,22.47571,-0.367,5.910,299.346188,-31.396063,8.07324065913554,162.3258,/T
2033-Jan-11 00:00,,m,92.51033,22.47936,-0.362,5.914,30.199839,-31.408195,8.07848389486804,161.2322,/T
2033-Jan-12 00:00,,m,92.42876,22.48299,-0.357,5.917,121.051211,-31.420205,8.08402583751200,160.1395,/T
2033-Jan-13 00:00,,m,92.34811,22.48659,-0.353,5.920,211.900272,-31.432089,8.08986420140327,159.0476,/T
2033-Jan-14 00:00,,m,92.26841,22.49018,-0.348,5.923,302.746987,-31.443843,8.09599670765517,157.9565,/T
2033-Jan-15 00:00,,m,92.18970,22.49375,-0.343,5.926,33.591322,-31.455464,8.10242092350512,156.8665,/T
2033-Jan-16 00:00,,m,92.11202,22.49730,-0.339,5.929,124.433247,-31.466948,8.10913441237550,155.7774,/T
2033-Jan-17 00:00,,m,92.03540,22.50082,-0.334,5.931,215.272728,-31.478292,8.11613466091450,154.6894,/T
2033-Jan-18 00:00,,,91.95989,22.50432,-0.329,5.934,306.109736,-31.489492,8.12341905396379,153.6024,/T
2033-Jan-19 00:00,,,91.88553,22.50780,-0.324,5.937,36.944239,-31.500546,8.13098485873462,152.5166,/T
2033-Jan-20 00:00,,,91.81236,22.51125,-0.320,5.939,127.776210,-31.511451,8.13882923055224,151.4320,/T
2033-Jan-21 00:00,,,91.74044,22.51468,-0.315,5.942,218.605621,-31.522204,8.14694921295251,150.3485,/T
2033-Jan-22 00:00,,,91.66979,22.51808,-0.310,5.944,309.432446,-31.532802,8.15534184692381,149.2664,/T
2033-Jan-23 00:00,,,91.60046,22.52146,-0.305,5.947,40.256660,-31.543244,8.16400400127580,148.1855,/T
2033-Jan-24 00:00,,,91.53250,22.52482,-0.300,5.949,131.078238,-31.553527,8.17293246134301,147.1060,/T
2033-Jan-25 00:00,,,91.46594,22.52816,-0.295,5.952,221.897158,-31.563648,8.18212396346528,146.0279,/T
2033-Jan-26 00:00,,,91.40082,22.53148,-0.290,5.954,312.713398,-31.573605,8.19157516451244,144.9512,/T
2033-Jan-27 00:00,,,91.33717,22.53478,-0.285,5.957,43.526937,-31.583395,8.20128268757293,143.8760,/T
2033-Jan-28 00:00,,,91.27503,22.53807,-0.280,5.959,134.337754,-31.593015,8.21124301768501,142.8023,/T
2033-Jan-29 00:00,,,91.21443,22.54136,-0.275,5.961,225.145829,-31.602462,8.22145246812170,141.7302,/T
2033-Jan-30 00:00,,,91.15539,22.54462,-0.270,5.964,315.951145,-31.611735,8.23190722970189,140.6598,/T
2033-Jan-31 00:00,,,91.09795,22.54788,-0.265,5.966,46.753683,-31.620830,8.24260329113420,139.5911,/T
2033-Feb-01 00:00,,,91.04212,22.55112,-0.260,5.968,137.553430,-31.629746,8.25353635123676,138.5242,/T
2033-Feb-02 00:00,,m,90.98795,22.55434,-0.255,5.970,228.350374,-31.638481,8.26470191598654,137.4591,/T
2033-Feb-03 00:00,,m,90.93547,22.55754,-0.249,5.972,319.144504,-31.647033,8.27609523090089,136.3959,/T
2033-Feb-04 00:00,,m,90.88472,22.56073,-0.244,5.974,49.935816,-31.655402,8.28771149255644,135.3346,/T
2033-Feb-05 00:00,,m,90.83573,22.56389,-0.239,5.976,140.724307,-31.663587,8.29954582272718,134.2754,/T
2033-Feb-06 00:00,,m,90.78853,22.56705,-0.234,5.978,231.509973,-31.671589,8.31159327153493,133.2182,/T
2033-Feb-07 00:00,,m,90.74314,22.57020,-0.229,5.980,322.292817,-31.679406,8.32384890341890,132.1631,/T
2033-Feb-08 00:00,,m,90.69957,22.57334,-0.223,5.982,53.072842,-31.687038,8.33630786643898,131.1100,/T
2033-Feb-09 00:00,,m,90.65785,22.57647,-0.218,5.984,143.850050,-31.694486,8.34896534755433,130.0591,/T
2033-Feb-10 00:00,,m,90.61797,22.57961,-0.213,5.986,234.624448,-31.701749,8.36181664775181,129.0103,/T
2033-Feb-11 00:00,,m,90.57996,22.58275,-0.208,5.988,325.396040,-31.708827,8.37485706823753,127.9636,/T
2033-Feb-12 00:00,,m,90.54383,22.58588,-0.202,5.989,56.164832,-31.715719,8.38808199092833,126.9191,/T
2033-Feb-13 00:00,,m,90.50958,22.58901,-0.197,5.991,146.930832,-31.722423,8.40148693549868,125.8768,/T
2033-Feb-14 00:00,A,m,90.47723,22.59214,-0.192,5.993,237.694045,-31.728940,8.41506741204826,124.8366,/T
2033-Feb-15 00:00,A,m,90.44679,22.59526,-0.187,5.994,328.454478,-31.735268,8.42881894603702,123.7986,/T
2033-Feb-16 00:00,A,,90.41828,22.59838,-0.182,5.996,59.212138,-31.741406,8.44273702029028,122.7627,/T
2033-Feb-17 00:00,A,,90.39172,22.60149,-0.176,5.997,149.967034,-31.747354,8.45681707551769,121.7290,/T
2033-Feb-18 00:00,A,,90.36712,22.60459,-0.171,5.999,240.719173,-31.753110,8.47105453988790,120.6976,/T
2033-Feb-19 00:00,A,,90.34450,22.60768,-0.166,6.000,331.468566,-31.758674,8.48544477936732,119.6683,/T
2033-Feb-20 00:00,A,,90.32387,22.61076,-0.161,6.002,62.215221,-31.764045,8.49998301473151,118.6412,/T
2033-Feb-21 00:00,A,,90.30524,22.61385,-0.156,6.003,152.959152,-31.769223,8.51466449145591,117.6163,/T
2033-Feb-22 00:00,A,,90.28863,22.61693,-0.150,6.004,243.700371,-31.774208,8.52948437123097,116.5937,/T
2033-Feb-23 00:00,A,,90.27404,22.62000,-0.145,6.006,334.438890,-31.778998,8.54443780929537,115.5733,/T
2033-Feb-24 00:00,A,,90.26149,22.62308,-0.140,6.007,65.174725,-31.783594,8.55951989217808,114.5551,/T
2033-Feb-25 00:00,A,,90.25097,22.62616,-0.135,6.008,155.907892,-31.787993,8.57472560920323,113.5391,/T
2033-Feb-26 00:00,A,,90.24248,22.62924,-0.130,6.009,246.638408,-31.792197,8.59004992947301,112.5255,/T
2033-Feb-27 00:00,A,,90.23602,22.63232,-0.125,6.010,337.366289,-31.796203,8.60548780744598,111.5141,/T
2033-Feb-28 00:00,A,,90.23160,22.63540,-0.120,6.011,68.091556,-31.800011,8.62103405746596,110.5051,/T
2033-Mar-01 00:00,A,,90.22921,22.63847,-0.115,6.012,158.814228,-31.803619,8.63668342054608,109.4983,/T
2033-Mar-02 00:00,A,,90.22887,22.64153,-0.110,6.013,249.534328,-31.807026,8.65243053773200,108.4940,/T
2033-Mar-03 00:00,A,m,90.23058,22.64458,-0.105,6.014,340.251880,-31.810232,8.66826998727181,107.4921,/T
2033-Mar-04 00:00,A,m,90.23434,22.64761,-0.100,6.015,70.966909,-31.813236,8.68419638042736,106.4926,/T
2033-Mar-05 00:00,A,m,90.24018,22.65063,-0.095,6.016,161.679442,-31.816037,8.70020424266588,105.4955,/T
2033-Mar-06 00:00,A,m,90.24807,22.65365,-0.091,6.017,252.389507,-31.818636,8.71628815538136,104.5010,/T
2033-Mar-07 00:00,A,m,90.25803,22.65665,-0.086,6.017,343.097135,-31.821031,8.73244280030761,103.5089,/T
2033-Mar-08 00:00,A,m,90.27004,22.65966,-0.081,6.018,73.802356,-31.823223,8.74866295628878,102.5193,/T
2033-Mar-09 00:00,A,m,90.28408,22.66265,-0.076,6.019,164.505200,-31.825212,8.76494348741210,101.5321,/T
2033-Mar-10 00:00,A,m,90.30014,22.66564,-0.072,6.019,255.205698,-31.826997,8.78127935043319,100.5475,/T
2033-Mar-11 00:00,A,m,90.31822,22.66862,-0.067,6.020,345.903883,-31.828579,8.79766552536456,99.5653,/T
2033-Mar-12 00:00,A,m,90.33831,22.67160,-0.063,6.020,76.599786,-31.829958,8.81409718887939,98.5856,/T
2033-Mar-13 00:00,A,m,90.36038,22.67455,-0.058,6.021,167.293440,-31.831131,8.83056957274442,97.6082,/T
2033-Mar-14 00:00,N,m,90.38443,22.67750,-0.053,6.021,257.984875,-31.832100,8.84707798264615,96.6333,/T
2033-Mar-15 00:00,N,m,90.41047,22.68042,-0.049,6.022,348.674125,-31.832863,8.86361782542716,95.6609,/T
2033-Mar-16 00:00,N,m,90.43846,22.68333,-0.045,6.022,79.361221,-31.833419,8.88018458992967,94.6907,/T
2033-Mar-17 00:00,N,m,90.46842,22.68621,-0.040,6.022,170.046194,-31.833767,8.89677388330110,93.7230,/T
2033-Mar-18 00:00,N,,90.50034,22.68907,-0.036,6.022,260.729075,-31.833904,8.91338138490328,92.7576,/T
2033-Mar-19 00:00,N,,90.53421,22.69190,-0.032,6.023,351.409894,-31.833830,8.93000272021584,91.7944,/T
2033-Mar-20 00:00,N,,90.57001,22.69471,-0.027,6.023,82.088682,-31.833542,8.94663353482837,90.8336,/T
2033-Mar-21 00:00,N,,90.60776,22.69748,-0.023,6.023,172.765468,-31.833040,8.96326949358011,89.8751,/T
2033-Mar-22 00:00,N,,90.64743,22.70023,-0.019,6.023,263.440283,-31.832322,8.97990618198859,88.9188,/T
2033-Mar-23 00:00,N,,90.68901,22.70296,-0.015,6.023,354.113159,-31.831386,8.99653918091321,87.9648,/T
2033-Mar-24 00:00,N,,90.73250,22.70565,-0.011,6.023,84.784125,-31.830231,9.01316394353375,87.0130,/T
2033-Mar-25 00:00,N,,90.77787,22.70831,-0.007,6.023,175.453216,-31.828857,9.02977591111378,86.0635,/T
2033-Mar-26 00:00,N,,90.82511,22.71094,-0.003,6.023,266.120463,-31.827261,9.04637051095593,85.1161,/T
2033-Mar-27 00:00,N,,90.87421,22.71354,0.001,6.023,356.785900,-31.825443,9.06294308337642,84.1710,/T
2033-Mar-28 00:00,N,,90.92514,22.71610,0.004,6.023,87.449563,-31.823402,9.07948886359791,83.2280,/T
2033-Mar-29 00:00,N,,90.97791,22.71861,0.008,6.023,178.111486,-31.821136,9.09600308069021,82.2873,/T
2033-Mar-30 00:00,N,,91.03249,22.72108,0.012,6.022,268.771708,-31.818645,9.11248090186328,81.3487,/T
2033-Mar-31 00:00,N,,91.08888,22.72350,0.016,6.022,359.430268,-31.815926,9.12891759300473,80.4124,/T
2033-Apr-01 00:00,N,m,91.14708,22.72586,0.019,6.022,90.087204,-31.812980,9.14530844670972,79.4783,/T
2033-Apr-02 00:00,N,m,91.20706,22.72817,0.023,6.021,180.742558,-31.809805,9.16164883709273,78.5465,/T
2033-Apr-03 00:00,N,m,91.26883,22.73043,0.026,6.021,271.396368,-31.806400,9.17793434855293,77.6169,/T
2033-Apr-04 00:00,N,m,91.33234,22.73264,0.029,6.021,2.048676,-31.802764,9.19416071889929,76.6895,/T
2033-Apr-05 00:00,N,m,91.39757,22.73480,0.033,6.020,92.699519,-31.798895,9.21032381707067,75.7643,/T
2033-Apr-06 00:00,N,m,91.46451,22.73691,0.036,6.020,183.348937,-31.794793,9.22641961793323,74.8414,/T
2033-Apr-07 00:00,N,m,91.53312,22.73896,0.039,6.019,273.996968,-31.790456,9.24244414743374,73.9206,/T
2033-Apr-08 00:00,N,m,91.60339,22.74096,0.042,6.019,4.643651,-31.785884,9.25839354425131,73.0020,/T
2033-Apr-09 00:00,N,m,91.67530,22.74289,0.046,6.018,95.289022,-31.781076,9.27426407314429,72.0856,/T
2033-Apr-10 00:00,N,m,91.74882,22.74475,0.049,6.017,185.933119,-31.776031,9.29005196726057,71.1713,/T
2033-Apr-11 00:00,N,m,91.82395,22.74654,0.052,6.017,276.575979,-31.770748,9.30575357004523,70.2590,/T
2033-Apr-12 00:00,N,m,91.90065,22.74826,0.054,6.016,7.217641,-31.765226,9.32136526899600,69.3489,/T
2033-Apr-13 00:00,C,m,91.97893,22.74991,0.057,6.015,97.858139,-31.759464,9.33688356127804,68.4408,/T
2033-Apr-14 00:00,C,m,92.05875,22.75148,0.060,6.015,188.497511,-31.753461,9.35230503439813,67.5347,/T
2033-Apr-15 00:00,C,m,92.14012,22.75297,0.063,6.014,279.135792,-31.747216,9.36762631311682,66.6306,/T
2033-Apr-16 00:00,C,,92.22301,22.75438,0.065,6.013,9.773019,-31.740728,9.38284407334091,65.7284,/T
2033-Apr-17 00:00,C,,92.30740,22.75570,0.068,6.012,100.409226,-31.733994,9.39795515255887,64.8281,/T
2033-Apr-18 00:00,C,,92.39327,22.75695,0.071,6.011,191.044446,-31.727014,9.41295639857477,63.9297,/T
2033-Apr-19 00:00,C,,92.48061,22.75811,0.073,6.010,281.678714,-31.719784,9.42784470260883,63.0331,/T
2033-Apr-20 00:00,C,,92.56940,22.75918,0.075,6.009,12.312061,-31.712304,9.44261692790906,62.1384,/T
2033-Apr-21 00:00,C,,92.65962,22.76016,0.078,6.009,102.944521,-31.704572,9.45726987133240,61.2454,/T
2033-Apr-22 00:00,C,,92.75124,22.76106,0.080,6.008,193.576127,-31.696586,9.47180034865823,60.3542,/T
2033-Apr-23 00:00,C,,92.84424,22.76186,0.082,6.007,284.206911,-31.688345,9.48620507009504,59.4647,/T
2033-Apr-24 00:00,C,,92.93861,22.76256,0.084,6.005,14.836906,-31.679847,9.50048062356622,58.5769,/T
2033-Apr-25 00:00,C,,93.03432,22.76317,0.087,6.004,105.466148,-31.671092,9.51462353524864,57.6908,/T
2033-Apr-26 00:00,C,,93.13136,22.76366,0.089,6.003,196.094671,-31.662079,9.52863028158106,56.8064,/T
2033-Apr-27 00:00,C,,93.22972,22.76405,0.091,6.002,286.722512,-31.652807,9.54249730464136,55.9236,/T
2033-Apr-28 00:00,C,,93.32938,22.76432,0.092,6.001,17.349709,-31.643277,9.55622109044440,55.0425,/T
2033-Apr-29 00:00,C,,93.43035,22.76448,0.094,6.000,107.976301,-31.633488,9.56979807754209,54.1631,/T
2033-Apr-30 00:00,C,m,93.53258,22.76453,0.096,5.999,198.602326,-31.623439,9.58322489765438,53.2853,/T
2033-May-01 00:00,C,m,93.63606,22.76448,0.098,5.997,289.227825,-31.613131,9.59649836557428,52.4092,/T
2033-May-02 00:00,C,m,93.74077,22.76431,0.099,5.996,19.852835,-31.602564,9.60961548540422,51.5348,/T
2033-May-03 00:00,C,m,93.84666,22.76404,0.101,5.995,110.477394,-31.591737,9.62257345755243,50.6619,/T
2033-May-04 00:00,C,m,93.95372,22.76365,0.102,5.993,201.101538,-31.580649,9.63536966132746,49.7907,/T
2033-May-05 00:00,C,m,94.06191,22.76315,0.104,5.992,291.725305,-31.569300,9.64800162646775,48.9211,/T
2033-May-06 00:00,C,m,94.17120,22.76253,0.105,5.991,22.348727,-31.557690,9.66046707305226,48.0531,/T
2033-May-07 00:00,C,m,94.28159,22.76179,0.107,5.989,112.971837,-31.545818,9.67276372369475,47.1867,/T
2033-May-08 00:00,C,m,94.39305,22.76092,0.108,5.988,203.594668,-31.533683,9.68488932884681,46.3217,/T
2033-May-09 00:00,C,m,94.50556,22.75992,0.109,5.987,294.217252,-31.521285,9.69684171414692,45.4583,/T
2033-May-10 00:00,*,m,94.61910,22.75880,0.110,5.985,24.839621,-31.508624,9.70861870844666,44.5964,/T
2033-May-11 00:00,*,m,94.73366,22.75753,0.111,5.984,115.461805,-31.495700,9.72021822244771,43.7359,/T
2033-May-12 00:00,*,m,94.84923,22.75614,0.112,5.982,206.083834,-31.482512,9.73163815004653,42.8768,/T
2033-May-13 00:00,*,m,94.96578,22.75461,0.113,5.981,296.705740,-31.469062,9.74287639139220,42.0190,/T
2033-May-14 00:00,*,m,95.08330,22.75294,0.114,5.979,27.327553,-31.455348,9.75393092943625,41.1626,/T
2033-May-15 00:00,*,,95.20177,22.75115,0.115,5.978,117.949303,-31.441370,9.76479980923110,40.3076,/T
2033-May-16 00:00,*,,95.32117,22.74921,0.116,5.976,208.571018,-31.427129,9.77548104646501,39.4537,/T
2033-May-17 00:00,*,,95.44148,22.74714,0.116,5.974,299.192727,-31.412625,9.78597272761683,38.6011,/T
2033-May-18 00:00,*,,95.56267,22.74494,0.117,5.973,29.814461,-31.397857,9.79627289801495,37.7497,/T
2033-May-19 00:00,*,,95.68472,22.74260,0.117,5.971,120.436247,-31.382825,9.80637969659421,36.8994,/T
2033-May-20 00:00,*,,95.80761,22.74012,0.118,5.970,211.058113,-31.367528,9.81629126780752,36.0502,/T
2033-May-21 00:00,*,,95.93131,22.73749,0.118,5.968,301.680087,-31.351967,9.82600567390767,35.2021,/T
2033-May-22 00:00,*,,96.05581,22.73473,0.119,5.966,32.302197,-31.336140,9.83552093653785,34.3551,/T
2033-May-23 00:00,*,,96.18109,22.73181,0.119,5.965,122.924472,-31.320049,9.84483505375407,33.5091,/T
2033-May-24 00:00,*,,96.30714,22.72873,0.119,5.963,213.546940,-31.303694,9.85394594808404,32.6640,/T
2033-May-25 00:00,*,,96.43395,22.72551,0.119,5.961,304.169631,-31.287075,9.86285152953056,31.8200,/T
2033-May-26 00:00,*,,96.56150,22.72212,0.119,5.959,34.792574,-31.270193,9.87154964171281,30.9769,/T
2033-May-27 00:00,*,,96.68978,22.71859,0.119,5.958,125.415802,-31.253050,9.88003815014200,30.1348,/T
2033-May-28 00:00,*,,96.81877,22.71491,0.119,5.956,216.039345,-31.235647,9.88831509035002,29.2936,/T
2033-May-29 00:00,*,m,96.94845,22.71108,0.119,5.954,306.663236,-31.217986,9.89637855910686,28.4534,/T
2033-May-30 00:00,*,m,97.07877,22.70710,0.119,5.952,37.287506,-31.200069,9.90422681253418,27.6141,/T
2033-May-31 00:00,*,m,97.20972,22.70298,0.119,5.950,127.912185,-31.181897,9.91185824516732,26.7758,/T
2033-Jun-01 00:00,*,m,97.34127,22.69871,0.119,5.949,218.537305,-31.163473,9.91927142113573,25.9383,/T
2033-Jun-02 00:00,*,m,97.47339,22.69429,0.118,5.947,309.162895,-31.144798,9.92646510080292,25.1018,/T
2033-Jun-03 00:00,*,m,97.60605,22.68972,0.118,5.945,39.788982,-31.125873,9.93343820137415,24.2662,/T
2033-Jun-04 00:00,*,m,97.73924,22.68500,0.117,5.943,130.415594,-31.106700,9.94018968033152,23.4314,/T
2033-Jun-05 00:00,*,m,97.87294,22.68012,0.117,5.941,221.042758,-31.087281,9.94671868489696,22.5975,/T
2033-Jun-06 00:00,*,m,98.00713,22.67509,0.116,5.939,311.670499,-31.067616,9.95302442444025,21.7644,/T
2033-Jun-07 00:00,*,m,98.14179,22.66990,0.115,5.937,42.298840,-31.047707,9.95910619111867,20.9320,/T
2033-Jun-08 00:00,*,m,98.27692,22.66455,0.114,5.935,132.927805,-31.027555,9.96496329695301,20.1005,/T
2033-Jun-09 00:00,*,m,98.41249,22.65904,0.113,5.933,223.557416,-31.007162,9.97059500822120,19.2696,/T
2033-Jun-10 00:00,*,m,98.54848,22.65338,0.112,5.931,314.187696,-30.986528,9.97600063129988,18.4395,/T
2033-Jun-11 00:00,*,m,98.68489,22.64756,0.111,5.928,44.818666,-30.965657,9.98117951453188,17.6101,/T
2033-Jun-12 00:00,*,m,98.82169,22.64158,0.110,5.926,135.450348,-30.944549,9.98613093991521,16.7813,/T
2033-Jun-13 00:00,*,,98.95886,22.63546,0.108,5.923,226.082763,-30.923207,9.99085417052479,15.9531,/T
2033-Jun-14 00:00,*,,99.09639,22.62918,0.107,5.921,316.715933,-30.901633,9.99534844756113,15.1254,/T
2033-Jun-15 00:00,*,,99.23425,22.62276,0.105,5.918,47.349879,-30.879829,9.99961296586615,14.2983,/T
2033-Jun-16 00:00,*,,99.37241,22.61619,0.103,5.915,137.984623,-30.857796,10.0036469638701,13.4718,/T
2033-Jun-17 00:00,*,,99.51086,22.60946,0.100,5.912,228.620187,-30.835538,10.0074495538869,12.6456,/T
2033-Jun-18 00:00,*,,99.64957,22.60258,0.097,5.908,319.256592,-30.813056,10.0110198329966,11.8200,/T
2033-Jun-19 00:00,*,,99.78853,22.59555,0.094,5.905,49.893862,-30.790353,10.0143569216204,10.9948,/T
2033-Jun-20 00:00,*,,99.92773,22.58836,0.091,5.900,140.532020,-30.767432,10.0174599669583,10.1700,/T
2033-Jun-21 00:00,*,,100.06715,22.58102,0.086,5.896,231.171088,-30.744294,10.0203281351658,9.3456,/T
2033-Jun-22 00:00,*,,100.20679,22.57352,0.081,5.890,321.811091,-30.720942,10.0229606410620,8.5217,/T
2033-Jun-23 00:00,*,,100.34662,22.56586,0.075,5.884,52.452051,-30.697380,10.0253566771327,7.6984,/T
2033-Jun-24 00:00,*,,100.48663,22.55806,0.069,5.876,143.093993,-30.673610,10.0275155927281,6.8756,/T
2033-Jun-25 00:00,*,,100.62680,22.55011,0.060,5.868,233.736939,-30.649636,10.0294367902248,6.0536,/T
2033-Jun-26 00:00,*,,100.76710,22.54202,0.051,5.858,324.380913,-30.625462,10.0311197203876,5.2325,/T
2033-Jun-27 00:00,*,m,100.90751,22.53378,0.039,5.846,55.025937,-30.601091,10.0325639500395,4.4129,/T
2033-Jun-28 00:00,*,m,101.04799,22.52541,0.025,5.831,145.672036,-30.576527,10.0337691378499,3.5956,/T
2033-Jun-29 00:00,*,m,101.18853,22.51690,0.008,5.815,236.319230,-30.551775,10.0347350929566,2.7824,/T
2033-Jun-30 00:00,*,m,101.32911,22.50824,-0.012,5.794,326.967541,-30.526838,10.0354617441025,1.9783,/T
2033-Jul-01 00:00,*,m,101.46971,22.49943,-0.035,5.771,57.616991,-30.501721,10.0359490462317,1.2012,/T
2033-Jul-02 00:00,*,m,101.61027,22.49037,-0.057,5.749,148.267599,-30.476429,10.0361970519933,0.5736,/T
2033-Jul-03 00:00,*,m,101.75059,22.48140,-0.049,5.757,238.919387,-30.450964,10.0362059666622,0.7559,/L
2033-Jul-04 00:00,*,m,101.89113,22.47228,-0.024,5.782,329.572372,-30.425331,10.0359760333885,1.4730,/L
2033-Jul-05 00:00,*,m,102.03159,22.46296,-0.001,5.806,60.226575,-30.399535,10.0355076348720,2.2635,/L
2033-Jul-06 00:00,*,m,102.17196,22.45350,0.019,5.825,150.882011,-30.373578,10.0348011702948,3.0713,/L
2033-Jul-07 00:00,*,m,102.31224,22.44390,0.035,5.842,241.538699,-30.347464,10.0338571482794,3.8856,/L
2033-Jul-08 00:00,*,m,102.45240,22.43417,0.049,5.856,332.196654,-30.321198,10.0326761836962,4.7031,/L
2033-Jul-09 00:00,*,m,102.59243,22.42432,0.061,5.868,62.855891,-30.294782,10.0312588993802,5.5224,/L
2033-Jul-10 00:00,*,m,102.73232,22.41434,0.071,5.879,153.516424,-30.268221,10.0296058630495,6.3429,/L
2033-Jul-11 00:00,*,m,102.87205,22.40425,0.079,5.888,244.178267,-30.241518,10.0277176524592,7.1642,/L
2033-Jul-12 00:00,*,m,103.01159,22.39403,0.086,5.895,334.841434,-30.214677,10.0255947504522,7.9862,/L
2033-Jul-13 00:00,*,,103.15092,22.38371,0.093,5.902,65.505939,-30.187703,10.0232376279312,8.8088,/L
2033-Jul-14 00:00,*,,103.29003,22.37327,0.098,5.908,156.171795,-30.160600,10.0206466390937,9.6318,/L
2033-Jul-15 00:00,*,,103.42889,22.36271,0.103,5.914,246.839017,-30.133372,10.0178219846471,10.4554,/L
2033-Jul-16 00:00,*,,103.56748,22.35205,0.107,5.919,337.507622,-30.106024,10.0147638539663,11.2795,/L
2033-Jul-17 00:00,*,,103.70580,22.34127,0.111,5.923,68.177625,-30.078562,10.0114723865619,12.1041,/L
2033-Jul-18 00:00,*,,103.84383,22.33037,0.115,5.928,158.849044,-30.050990,10.0079477042583,12.9292,/L
2033-Jul-19 00:00,*,,103.98157,22.31937,0.118,5.932,249.521897,-30.023315,10.0041899499181,13.7548,/L
2033-Jul-20 00:00,*,,104.11899,22.30827,0.121,5.935,340.196202,-29.995541,10.0001993122667,14.5810,/L
2033-Jul-21 00:00,*,,104.25607,22.29706,0.123,5.939,70.871978,-29.967674,9.99597611619194,15.4078,/L
2033-Jul-22 00:00,*,,104.39281,22.28576,0.126,5.942,161.549244,-29.939720,9.99152090735015,16.2352,/L
2033-Jul-23 00:00,*,,104.52917,22.27437,0.128,5.946,252.228018,-29.911686,9.98683428493673,17.0632,/L
2033-Jul-24 00:00,*,,104.66513,22.26289,0.130,5.949,342.908317,-29.883576,9.98191703818933,17.8917,/L
2033-Jul-25 00:00,*,,104.80065,22.25134,0.132,5.952,73.590157,-29.855396,9.97677007296057,18.7209,/L
2033-Jul-26 00:00,*,,104.93571,22.23970,0.134,5.955,164.273555,-29.827153,9.97139443058298,19.5507,/L
2033-Jul-27 00:00,*,m,105.07030,22.22799,0.136,5.958,254.958525,-29.798852,9.96579126086237,20.3811,/L
2033-Jul-28 00:00,*,m,105.20439,22.21620,0.137,5.961,345.645080,-29.770500,9.95996174505265,21.2122,/L
2033-Jul-29 00:00,*,m,105.33795,22.20434,0.139,5.964,76.333236,-29.742103,9.95390708385963,22.0439,/L
2033-Jul-30 00:00,*,m,105.47098,22.19240,0.140,5.966,167.023005,-29.713668,9.94762861370608,22.8763,/L
2033-Jul-31 00:00,*,m,105.60346,22.18039,0.142,5.969,257.714400,-29.685201,9.94112768490013,23.7093,/L
2033-Aug-01 00:00,*,m,105.73537,22.16832,0.143,5.972,348.407434,-29.656707,9.93440569043447,24.5431,/L
2033-Aug-02 00:00,*,m,105.86670,22.15619,0.144,5.975,79.102117,-29.628195,9.92746406427268,25.3775,/L
2033-Aug-03 00:00,*,m,105.99743,22.14399,0.145,5.978,169.798464,-29.599670,9.92030424379721,26.2126,/L
2033-Aug-04 00:00,*,m,106.12754,22.13175,0.146,5.980,260.496484,-29.571139,9.91292781216495,27.0485,/L
2033-Aug-05 00:00,*,m,106.25702,22.11945,0.147,5.983,351.196189,-29.542609,9.90533639582831,27.8852,/L
2033-Aug-06 00:00,*,m,106.38584,22.10711,0.148,5.986,81.897589,-29.514084,9.89753164583013,28.7227,/L
2033-Aug-07 00:00,*,m,106.51399,22.09473,0.149,5.988,172.600695,-29.485572,9.88951528294453,29.5610,/L
2033-Aug-08 00:00,*,m,106.64145,22.08231,0.150,5.991,263.305514,-29.457079,9.88128909457837,30.4002,/L
2033-Aug-09 00:00,*,m,106.76819,22.06987,0.151,5.993,354.012055,-29.428609,9.87285486059699,31.2402,/L
2033-Aug-10 00:00,*,m,106.89418,22.05739,0.151,5.996,84.720326,-29.400171,9.86421436919571,32.0812,/L
2033-Aug-11 00:00,*,m,107.01942,22.04489,0.152,5.998,175.430333,-29.371768,9.85536921670997,32.9231,/L
2033-Aug-12 00:00,C,,107.14388,22.03237,0.152,6.001,266.142087,-29.343408,9.84632095288688,33.7661,/L
2033-Aug-13 00:00,C,,107.26754,22.01982,0.153,6.003,356.855595,-29.315098,9.83707104891844,34.6101,/L
2033-Aug-14 00:00,C,,107.39041,22.00724,0.153,6.006,87.570867,-29.286844,9.82762087308049,35.4552,/L
2033-Aug-15 00:00,C,,107.51246,21.99465,0.154,6.008,178.287914,-29.258654,9.81797174567472,36.3015,/L
2033-Aug-16 00:00,C,,107.63369,21.98205,0.154,6.011,269.006747,-29.230535,9.80812498650829,37.1489,/L
2033-Aug-17 00:00,C,,107.75408,21.96944,0.154,6.013,359.727380,-29.202495,9.79808196439162,37.9976,/L
2033-Aug-18 00:00,C,,107.87360,21.95684,0.154,6.016,90.449824,-29.174543,9.78784422145415,38.8475,/L
2033-Aug-19 00:00,C,,107.99225,21.94424,0.154,6.018,181.174093,-29.146687,9.77741337667917,39.6986,/L
2033-Aug-20 00:00,C,,108.10998,21.93166,0.154,6.020,271.900199,-29.118935,9.76679115611534,40.5511,/L
2033-Aug-21 00:00,C,,108.22677,21.91910,0.154,6.023,2.628155,-29.091296,9.75597950729581,41.4048,/L
2033-Aug-22 00:00,C,,108.34260,21.90656,0.154,6.025,93.357972,-29.063777,9.74498051706276,42.2599,/L
2033-Aug-23 00:00,C,,108.45743,21.89405,0.154,6.027,184.089662,-29.036386,9.73379649932017,43.1163,/L
2033-Aug-24 00:00,C,,108.57125,21.88158,0.153,6.029,274.823232,-29.009133,9.72242988007609,43.9740,/L
2033-Aug-25 00:00,C,,108.68403,21.86913,0.153,6.032,5.558693,-28.982023,9.71088318019977,44.8331,/L
2033-Aug-26 00:00,C,,108.79576,21.85673,0.153,6.034,96.296051,-28.955066,9.69915905655099,45.6936,/L
2033-Aug-27 00:00,C,m,108.90643,21.84437,0.152,6.036,187.035314,-28.928268,9.68726027295168,46.5555,/L
2033-Aug-28 00:00,C,m,109.01600,21.83205,0.152,6.038,277.776485,-28.901638,9.67518955910339,47.4187,/L
2033-Aug-29 00:00,C,m,109.12448,21.81978,0.151,6.040,8.519570,-28.875183,9.66294970846892,48.2834,/L
2033-Aug-30 00:00,C,m,109.23184,21.80756,0.150,6.042,99.264575,-28.848912,9.65054346931347,49.1495,/L
2033-Aug-31 00:00,N,m,109.33807,21.79540,0.149,6.044,190.011504,-28.822832,9.63797366527284,50.0170,/L
2033-Sep-01 00:00,N,m,109.44315,21.78331,0.149,6.046,280.760360,-28.796951,9.62524315900129,50.8859,/L
2033-Sep-02 00:00,N,m,109.54706,21.77129,0.148,6.048,11.511147,-28.771277,9.61235476126722,51.7563,/L
2033-Sep-03 00:00,N,m,109.64979,21.75935,0.147,6.050,102.263870,-28.745818,9.59931130465978,52.6282,/L
2033-Sep-04 00:00,N,m,109.75131,21.74749,0.146,6.052,193.018530,-28.720583,9.58611567750091,53.5016,/L
2033-Sep-05 00:00,N,m,109.85160,21.73573,0.144,6.054,283.775132,-28.695578,9.57277077393820,54.3766,/L
2033-Sep-06 00:00,N,m,109.95064,21.72406,0.143,6.056,14.533679,-28.670811,9.55927952214965,55.2531,/L
2033-Sep-07 00:00,N,m,110.04841,21.71248,0.142,6.058,105.294172,-28.646290,9.54564481266553,56.1311,/L
2033-Sep-08 00:00,N,m,110.14489,21.70101,0.141,6.059,196.056614,-28.622022,9.53186948387860,57.0108,/L
2033-Sep-09 00:00,N,m,110.24005,21.68964,0.139,6.061,286.821008,-28.598014,9.51795644532726,57.8922,/L
2033-Sep-10 00:00,N,m,110.33390,21.67838,0.138,6.063,17.587356,-28.574275,9.50390850506281,58.7753,/L
2033-Sep-11 00:00,N,,110.42641,21.66722,0.136,6.065,108.355661,-28.550811,9.48972843807803,59.6601,/L
2033-Sep-12 00:00,N,,110.51759,21.65617,0.135,6.066,199.125928,-28.527630,9.47541898014878,60.5468,/L
2033-Sep-13 00:00,N,,110.60742,21.64525,0.133,6.068,289.898160,-28.504741,9.46098288974017,61.4352,/L
2033-Sep-14 00:00,N,,110.69587,21.63445,0.131,6.069,20.672361,-28.482153,9.44642301931644,62.3255,/L
2033-Sep-15 00:00,N,,110.78294,21.62378,0.129,6.071,111.448537,-28.459874,9.43174233382539,63.2178,/L
2033-Sep-16 00:00,N,,110.86858,21.61326,0.127,6.072,202.226692,-28.437913,9.41694380901458,64.1119,/L
2033-Sep-17 00:00,N,,110.95279,21.60289,0.125,6.074,293.006831,-28.416279,9.40203061022127,65.0080,/L
2033-Sep-18 00:00,N,,111.03552,21.59267,0.123,6.075,23.788957,-28.394981,9.38700601791695,65.9061,/L
2033-Sep-19 00:00,A,,111.11676,21.58261,0.121,6.077,114.573073,-28.374027,9.37187344395998,66.8061,/L
2033-Sep-20 00:00,A,,111.19650,21.57272,0.119,6.078,205.359183,-28.353427,9.35663642749019,67.7082,/L
2033-Sep-21 00:00,A,,111.27469,21.56299,0.117,6.079,296.147287,-28.333190,9.34129856529959,68.6122,/L
2033-Sep-22 00:00,A,,111.35134,21.55343,0.114,6.081,26.937389,-28.313323,9.32586362110670,69.5183,/L
2033-Sep-23 00:00,A,,111.42642,21.54405,0.112,6.082,117.729488,-28.293834,9.31033553634791,70.4264,/L
2033-Sep-24 00:00,A,,111.49992,21.53484,0.110,6.083,208.523584,-28.274731,9.29471833071474,71.3365,/L
2033-Sep-25 00:00,A,,111.57182,21.52581,0.107,6.084,299.319674,-28.256023,9.27901611648405,72.2486,/L
2033-Sep-26 00:00,A,,111.64211,21.51697,0.104,6.085,30.117755,-28.237715,9.26323310879766,73.1628,/L
2033-Sep-27 00:00,A,m,111.71077,21.50832,0.102,6.086,120.917824,-28.219815,9.24737354303433,74.0790,/L
2033-Sep-28 00:00,A,m,111.77779,21.49987,0.099,6.087,211.719875,-28.202330,9.23144176583103,74.9973,/L
2033-Sep-29 00:00,A,m,111.84316,21.49162,0.096,6.088,302.523902,-28.185267,9.21544203364406,75.9177,/L
2033-Sep-30 00:00,A,m,111.90687,21.48357,0.093,6.089,33.329897,-28.168632,9.19937858242810,76.8401,/L
2033-Oct-01 00:00,A,m,111.96888,21.47574,0.090,6.090,124.137856,-28.152433,9.18325565555332,77.7646,/L
2033-Oct-02 00:00,A,m,112.02920,21.46812,0.087,6.091,214.947769,-28.136676,9.16707748044034,78.6911,/L
2033-Oct-03 00:00,A,m,112.08779,21.46073,0.084,6.092,305.759629,-28.121367,9.15084823377241,79.6198,/L
2033-Oct-04 00:00,A,m,112.14465,21.45357,0.081,6.092,36.573429,-28.106512,9.13457205598860,80.5505,/L
2033-Oct-05 00:00,A,m,112.19976,21.44663,0.078,6.093,127.389161,-28.092120,9.11825296124261,81.4834,/L
2033-Oct-06 00:00,A,m,112.25310,21.43992,0.075,6.094,218.206818,-28.078195,9.10189498894776,82.4184,/L
2033-Oct-07 00:00,A,m,112.30466,21.43345,0.071,6.094,309.026392,-28.064743,9.08550212245967,83.3556,/L
2033-Oct-08 00:00,,m,112.35444,21.42721,0.068,6.095,39.847877,-28.051772,9.06907824508607,84.2950,/L
2033-Oct-09 00:00,,m,112.40244,21.42121,0.064,6.095,130.671267,-28.039286,9.05262726307178,85.2366,/L
2033-Oct-10 00:00,,m,112.44865,21.41544,0.061,6.096,221.496556,-28.027293,9.03615310583294,86.1805,/L
2033-Oct-11 00:00,,,112.49305,21.40993,0.057,6.096,312.323739,-28.015798,9.01965984231051,87.1267,/L
2033-Oct-12 00:00,,,112.53563,21.40466,0.054,6.096,43.152810,-28.004807,9.00315168211972,88.0753,/L
2033-Oct-13 00:00,,,112.57638,21.39966,0.050,6.097,133.983762,-27.994326,8.98663291206862,89.0262,/L
2033-Oct-14 00:00,,,112.61527,21.39492,0.046,6.097,224.816588,-27.984362,8.97010793807292,89.9796,/L
2033-Oct-15 00:00,,,112.65227,21.39046,0.042,6.097,315.651280,-27.974920,8.95358135468013,90.9353,/L
2033-Oct-16 00:00,,,112.68739,21.38626,0.038,6.097,46.487827,-27.966005,8.93705778588418,91.8934,/L
2033-Oct-17 00:00,,,112.72059,21.38234,0.034,6.097,137.326218,-27.957624,8.92054197746467,92.8540,/L
2033-Oct-18 00:00,,,112.75188,21.37869,0.030,6.097,228.166443,-27.949781,8.90403866939815,93.8170,/L
2033-Oct-19 00:00,,,112.78123,21.37532,0.026,6.097,319.008490,-27.942482,8.88755267430627,94.7824,/L
2033-Oct-20 00:00,,,112.80865,21.37223,0.022,6.097,49.852346,-27.935730,8.87108891382922,95.7503,/L
2033-Oct-21 00:00,,,112.83412,21.36942,0.018,6.097,140.697996,-27.929532,8.85465234233749,96.7206,/L
2033-Oct-22 00:00,,,112.85765,21.36689,0.014,6.097,231.545427,-27.923890,8.83824791813289,97.6933,/L
2033-Oct-23 00:00,,,112.87922,21.36465,0.009,6.097,322.394623,-27.918809,8.82188069793663,98.6685,/L
2033-Oct-24 00:00,,,112.89883,21.36269,0.005,6.096,53.245567,-27.914291,8.80555577784041,99.6460,/L
2033-Oct-25 00:00,,,112.91647,21.36102,0.001,6.096,144.098242,-27.910340,8.78927836842230,100.6260,/L
2033-Oct-26 00:00,,,112.93215,21.35965,-0.004,6.096,234.952629,-27.906958,8.77305372974291,101.6083,/L
2033-Oct-27 00:00,,m,112.94585,21.35857,-0.008,6.095,325.808707,-27.904146,8.75688707725551,102.5930,/L
2033-Oct-28 00:00,,m,112.95756,21.35779,-0.013,6.095,56.666456,-27.901906,8.74078371363411,103.5801,/L
2033-Oct-29 00:00,,m,112.96729,21.35730,-0.017,6.094,147.525853,-27.900238,8.72474891375947,104.5696,/L
2033-Oct-30 00:00,,m,112.97503,21.35712,-0.022,6.093,238.386874,-27.899144,8.70878789238148,105.5613,/L
2033-Oct-31 00:00,,m,112.98077,21.35723,-0.027,6.093,329.249493,-27.898624,8.69290576202511,106.5554,/L
2033-Nov-01 00:00,,m,112.98452,21.35765,-0.031,6.092,60.113686,-27.898679,8.67710750912300,107.5519,/L
2033-Nov-02 00:00,,m,112.98626,21.35836,-0.036,6.091,150.979428,-27.899308,8.66139800963082,108.5506,/L
2033-Nov-03 00:00,,m,112.98601,21.35937,-0.041,6.090,241.846694,-27.900511,8.64578209717822,109.5516,/L
2033-Nov-04 00:00,,m,112.98378,21.36067,-0.046,6.089,332.715459,-27.902288,8.63026437642403,110.5550,/L
2033-Nov-05 00:00,,m,112.97957,21.36226,-0.051,6.088,63.585698,-27.904640,8.61484937498797,111.5607,/L
2033-Nov-06 00:00,,m,112.97339,21.36415,-0.056,6.087,154.457389,-27.907567,8.59954154045706,112.5686,/L
2033-Nov-07 00:00,,m,112.96525,21.36633,-0.061,6.086,245.330508,-27.911067,8.58434531219783,113.5790,/L
2033-Nov-08 00:00,,m,112.95516,21.36881,-0.066,6.085,336.205032,-27.915141,8.56926520299214,114.5917,/L
2033-Nov-09 00:00,,m,112.94311,21.37159,-0.071,6.084,67.080939,-27.919788,8.55430578472549,115.6067,/L
2033-Nov-10 00:00,,,112.92910,21.37467,-0.076,6.083,157.958205,-27.925008,8.53947174406071,116.6242,/L
2033-Nov-11 00:00,,,112.91312,21.37805,-0.081,6.081,248.836805,-27.930799,8.52476800515606,117.6440,/L
2033-Nov-12 00:00,,,112.89517,21.38173,-0.086,6.080,339.716714,-27.937159,8.51019962309130,118.6663,/L
2033-Nov-13 00:00,,,112.87525,21.38571,-0.091,6.079,70.597902,-27.944085,8.49577173917999,119.6909,/L
2033-Nov-14 00:00,,,112.85336,21.38998,-0.096,6.077,161.480340,-27.951576,8.48148956848264,120.7179,/L
2033-Nov-15 00:00,,,112.82952,21.39455,-0.101,6.076,252.363994,-27.959626,8.46735828392551,121.7473,/L
2033-Nov-16 00:00,,,112.80373,21.39940,-0.106,6.074,343.248833,-27.968234,8.45338314321919,122.7791,/L
2033-Nov-17 00:00,,,112.77602,21.40453,-0.112,6.073,74.134822,-27.977394,8.43956934456221,123.8131,/L
2033-Nov-18 00:00,,,112.74640,21.40994,-0.117,6.071,165.021924,-27.987102,8.42592200259311,124.8495,/L
2033-Nov-19 00:00,,,112.71487,21.41563,-0.122,6.069,255.910103,-27.997354,8.41244619189456,125.8881,/L
2033-Nov-20 00:00,,,112.68147,21.42160,-0.127,6.067,346.799323,-28.008145,8.39914697381244,126.9290,/L
2033-Nov-21 00:00,,,112.64621,21.42783,-0.133,6.066,77.689544,-28.019468,8.38602934473261,127.9721,/L
2033-Nov-22 00:00,,,112.60910,21.43434,-0.138,6.064,168.580727,-28.031318,8.37309829785357,129.0174,/L
2033-Nov-23 00:00,,,112.57017,21.44112,-0.143,6.062,259.472831,-28.043688,8.36035867279985,130.0648,/L
2033-Nov-24 00:00,,,112.52942,21.44816,-0.148,6.060,350.365817,-28.056571,8.34781530593390,131.1142,/L
2033-Nov-25 00:00,,,112.48688,21.45546,-0.154,6.058,81.259642,-28.069961,8.33547302150467,132.1658,/L
2033-Nov-26 00:00,,m,112.44257,21.46302,-0.159,6.056,172.154263,-28.083848,8.32333654786299,133.2193,/L
2033-Nov-27 00:00,,m,112.39649,21.47084,-0.164,6.053,263.049636,-28.098224,8.31141054733884,134.2748,/L
2033-Nov-28 00:00,,m,112.34868,21.47891,-0.170,6.051,353.945716,-28.113080,8.29969956962557,135.3323,/L
2033-Nov-29 00:00,,m,112.29915,21.48721,-0.175,6.049,84.842457,-28.128407,8.28820804764836,136.3916,/L
2033-Nov-30 00:00,,m,112.24794,21.49575,-0.180,6.047,175.739814,-28.144195,8.27694032208633,137.4528,/L
2033-Dec-01 00:00,,m,112.19507,21.50451,-0.185,6.044,266.637738,-28.160435,8.26590052179812,138.5157,/L
2033-Dec-02 00:00,,m,112.14058,21.51350,-0.191,6.042,357.536183,-28.177116,8.25509253093217,139.5804,/L
2033-Dec-03 00:00,,m,112.08450,21.52269,-0.196,6.040,88.435105,-28.194228,8.24452013024563,140.6469,/L
2033-Dec-04 00:00,,m,112.02688,21.53209,-0.201,6.037,179.334456,-28.211763,8.23418690911028,141.7151,/L
2033-Dec-05 00:00,,m,111.96774,21.54170,-0.206,6.035,270.234192,-28.229710,8.22409640876493,142.7849,/L
2033-Dec-06 00:00,,m,111.90711,21.55151,-0.212,6.032,1.134267,-28.248060,8.21425206456846,143.8565,/L
2033-Dec-07 00:00,,m,111.84502,21.56152,-0.217,6.030,92.034639,-28.266804,8.20465727089394,144.9297,/L
2033-Dec-08 00:00,,m,111.78148,21.57173,-0.222,6.027,182.935262,-28.285931,8.19531549402167,146.0045,/L
2033-Dec-09 00:00,,,111.71653,21.58213,-0.227,6.024,273.836091,-28.305432,8.18623028725853,147.0810,/L
2033-Dec-10 00:00,,,111.65018,21.59271,-0.232,6.021,4.737080,-28.325296,8.17740518507527,148.1591,/L
2033-Dec-11 00:00,,,111.58246,21.60347,-0.237,6.019,95.638181,-28.345511,8.16884379894962,149.2388,/L
2033-Dec-12 00:00,,,111.51341,21.61440,-0.242,6.016,186.539345,-28.366067,8.16054972554644,150.3200,/L
2033-Dec-13 00:00,,,111.44306,21.62549,-0.247,6.013,277.440522,-28.386951,8.15252661295080,151.4027,/L
2033-Dec-14 00:00,,,111.37146,21.63673,-0.252,6.010,8.341661,-28.408150,8.14477812167309,152.4869,/L
2033-Dec-15 00:00,,,111.29864,21.64812,-0.257,6.007,99.242707,-28.429652,8.13730776592684,153.5725,/L
2033-Dec-16 00:00,,,111.22466,21.65964,-0.262,6.004,190.143606,-28.451443,8.13011898874625,154.6595,/L
2033-Dec-17 00:00,,,111.14954,21.67128,-0.267,6.001,281.044303,-28.473509,8.12321513254671,155.7477,/L
2033-Dec-18 00:00,,,111.07334,21.68305,-0.272,5.998,11.944741,-28.495837,8.11659939776226,156.8373,/L
2033-Dec-19 00:00,,,110.99610,21.69494,-0.277,5.995,102.844863,-28.518413,8.11027483378771,157.9280,/L
2033-Dec-20 00:00,,,110.91787,21.70693,-0.282,5.991,193.744611,-28.541223,8.10424430171965,159.0198,/L
2033-Dec-21 00:00,,,110.83870,21.71903,-0.287,5.988,284.643927,-28.564254,8.09851044749786,160.1127,/L
2033-Dec-22 00:00,,,110.75861,21.73122,-0.292,5.985,15.542754,-28.587490,8.09307585001721,161.2066,/L
2033-Dec-23 00:00,,,110.67767,21.74351,-0.297,5.981,106.441034,-28.610917,8.08794283496241,162.3015,/L
2033-Dec-24 00:00,,,110.59590,21.75588,-0.302,5.977,197.338709,-28.634522,8.08311354035099,163.3971,/L
2033-Dec-25 00:00,,m,110.51336,21.76832,-0.307,5.973,288.235721,-28.658289,8.07858989221291,164.4935,/L
2033-Dec-26 00:00,,m,110.43010,21.78083,-0.312,5.969,19.132014,-28.682204,8.07437362729003,165.5906,/L
2033-Dec-27 00:00,,m,110.34615,21.79340,-0.318,5.964,110.027532,-28.706253,8.07046634309171,166.6883,/L
2033-Dec-28 00:00,,m,110.26158,21.80601,-0.324,5.959,200.922218,-28.730421,8.06686947266891,167.7865,/L
2033-Dec-29 00:00,,m,110.17644,21.81866,-0.331,5.954,291.816018,-28.754692,8.06358420745138,168.8852,/L
2033-Dec-30 00:00,,m,110.09079,21.83134,-0.338,5.947,22.708878,-28.779054,8.06061164871415,169.9843,/L
2033-Dec-31 00:00,,m,110.00468,21.84404,-0.346,5.940,113.600743,-28.803490,8.05795276102144,171.0836,/L
2034-Jan-01 00:00,,m,109.91816,21.85676,-0.355,5.931,204.491560,-28.827988,8.05560835356049,172.1831,/L
2034-Jan-02 00:00,,m,109.83129,21.86948,-0.366,5.921,295.381278,-28.852532,8.05357912767901,173.2827,/L
2034-Jan-03 00:00,,m,109.74412,21.88222,-0.379,5.908,26.269844,-28.877110,8.05186559823125,174.3821,/L
2034-Jan-04 00:00,,m,109.65668,21.89496,-0.395,5.893,117.157208,-28.901709,8.05046826108918,175.4812,/L
2034-Jan-05 00:00,,m,109.56901,21.90769,-0.414,5.874,208.043319,-28.926315,8.04938757984297,176.5791,/L
2034-Jan-06 00:00,,m,109.48117,21.92042,-0.438,5.850,298.928127,-28.950915,8.04862393147716,177.6742,/L
2034-Jan-07 00:00,,,109.39319,21.93313,-0.468,5.820,29.811583,-28.975498,8.04817762041893,178.7584,/L
2034-Jan-08 00:00,,,109.30512,21.94581,-0.501,5.787,120.693635,-29.000049,8.04804892416728,179.6836,/L
2034-Jan-09 00:00,,,109.21702,21.95846,-0.476,5.812,211.574235,-29.024556,8.04823801808975,178.9584,/T
2034-Jan-10 00:00,,,109.12893,21.97107,-0.445,5.843,302.453332,-29.049007,8.04874508291829,177.8796,/T
2034-Jan-11 00:00,,,109.04092,21.98363,-0.420,5.868,33.330876,-29.073388,8.04957012460465,176.7854,/T
2034-Jan-12 00:00,,,108.95303,21.99614,-0.400,5.887,124.206818,-29.097686,8.05071305970961,175.6877,/T
2034-Jan-13 00:00,,,108.86532,22.00858,-0.384,5.903,215.081109,-29.121888,8.05217376420102,174.5888,/T
2034-Jan-14 00:00,,,108.77784,22.02095,-0.370,5.916,305.953699,-29.145981,8.05395201959012,173.4894,/T
2034-Jan-15 00:00,,,108.69065,22.03326,-0.360,5.926,36.824538,-29.169951,8.05604749619757,172.3899,/T
2034-Jan-16 00:00,,,108.60379,22.04548,-0.350,5.935,127.693577,-29.193785,8.05845971853872,171.2905,/T
2034-Jan-17 00:00,,,108.51733,22.05762,-0.342,5.942,218.560765,-29.217471,8.06118800195374,170.1914,/T
2034-Jan-18 00:00,,,108.43130,22.06967,-0.335,5.948,309.426054,-29.240994,8.06423153868745,169.0926,/T
2034-Jan-19 00:00,,,108.34577,22.08163,-0.329,5.953,40.289395,-29.264343,8.06758931544609,167.9944,/T
2034-Jan-20 00:00,,,108.26077,22.09349,-0.323,5.958,131.150741,-29.287505,8.07126000393965,166.8967,/T
2034-Jan-21 00:00,,,108.17636,22.10524,-0.318,5.962,222.010046,-29.310468,8.07524207819357,165.7997,/T
2034-Jan-22 00:00,,,108.09259,22.11689,-0.313,5.966,312.867266,-29.333222,8.07953372425611,164.7035,/T
2034-Jan-23 00:00,,m,108.00950,22.12842,-0.308,5.970,43.722358,-29.355754,8.08413293652215,163.6081,/T
2034-Jan-24 00:00,,m,107.92715,22.13983,-0.303,5.973,134.575281,-29.378054,8.08903746858330,162.5137,/T
2034-Jan-25 00:00,,m,107.84559,22.15110,-0.298,5.977,225.425999,-29.400113,8.09424481703948,161.4203,/T
2034-Jan-26 00:00,,m,107.76488,22.16225,-0.293,5.980,316.274476,-29.421920,8.09975231193167,160.3279,/T
2034-Jan-27 00:00,,m,107.68507,22.17325,-0.289,5.983,47.120679,-29.443466,8.10555723938320,159.2367,/T
2034-Jan-28 00:00,,m,107.60620,22.18411,-0.284,5.986,137.964576,-29.464741,8.11165675224107,158.1467,/T
2034-Jan-29 00:00,,m,107.52832,22.19483,-0.280,5.988,228.806139,-29.485738,8.11804800967545,157.0579,/T
2034-Jan-30 00:00,,m,107.45148,22.20541,-0.275,5.991,319.645340,-29.506448,8.12472811095775,155.9704,/T
2034-Jan-31 00:00,,m,107.37570,22.21584,-0.270,5.994,50.482151,-29.526862,8.13169417414780,154.8842,/T
2034-Feb-01 00:00,,m,107.30102,22.22612,-0.266,5.997,141.316546,-29.546972,8.13894338670924,153.7994,/T
2034-Feb-02 00:00,,m,107.22747,22.23626,-0.261,5.999,232.148499,-29.566770,8.14647287323278,152.7160,/T
2034-Feb-03 00:00,,m,107.15508,22.24624,-0.256,6.002,322.977985,-29.586248,8.15427969989294,151.6340,/T
2034-Feb-04 00:00,,m,107.08390,22.25606,-0.251,6.004,53.804979,-29.605400,8.16236090604033,150.5534,/T
2034-Feb-05 00:00,,m,107.01395,22.26572,-0.247,6.007,144.629458,-29.624218,8.17071346536979,149.4743,/T
2034-Feb-06 00:00,,,106.94529,22.27521,-0.242,6.009,235.451398,-29.642696,8.17933430048139,148.3967,/T
2034-Feb-07 00:00,,,106.87794,22.28452,-0.237,6.012,326.270778,-29.660826,8.18822024521227,147.3207,/T
2034-Feb-08 00:00,,,106.81196,22.29367,-0.232,6.014,57.087576,-29.678604,8.19736794897185,146.2462,/T
2034-Feb-09 00:00,,,106.74737,22.30263,-0.227,6.016,147.901772,-29.696021,8.20677406465505,145.1732,/T
2034-Feb-10 00:00,,,106.68422,22.31142,-0.222,6.019,238.713349,-29.713073,8.21643513262298,144.1019,/T
2034-Feb-11 00:00,,,106.62255,22.32002,-0.217,6.021,329.522289,-29.729753,8.22634761043183,143.0323,/T
2034-Feb-12 00:00,,,106.56237,22.32845,-0.212,6.023,60.328574,-29.746056,8.23650786337739,141.9643,/T
2034-Feb-13 00:00,,,106.50374,22.33670,-0.207,6.026,151.132192,-29.761975,8.24691217932505,140.8981,/T
2034-Feb-14 00:00,A,,106.44667,22.34476,-0.202,6.028,241.933127,-29.777506,8.25755680821184,139.8337,/T
2034-Feb-15 00:00,A,,106.39119,22.35264,-0.197,6.030,332.731365,-29.792641,8.26843799336918,138.7710,/T
2034-Feb-16 00:00,A,,106.33734,22.36033,-0.192,6.032,63.526895,-29.807377,8.27955178963606,137.7102,/T
2034-Feb-17 00:00,A,,106.28513,22.36784,-0.186,6.034,154.319704,-29.821707,8.29089415000563,136.6513,/T
2034-Feb-18 00:00,A,,106.23459,22.37516,-0.181,6.036,245.109783,-29.835625,8.30246087493455,135.5943,/T
2034-Feb-19 00:00,A,,106.18575,22.38228,-0.176,6.038,335.897122,-29.849128,8.31424756429218,134.5394,/T
2034-Feb-20 00:00,A,,106.13863,22.38921,-0.171,6.040,66.681714,-29.862211,8.32624965493407,133.4864,/T
2034-Feb-21 00:00,A,m,106.09327,22.39593,-0.165,6.042,157.463555,-29.874870,8.33846231801935,132.4356,/T
2034-Feb-22 00:00,A,m,106.04970,22.40246,-0.160,6.044,248.242644,-29.887103,8.35088056313814,131.3869,/T
2034-Feb-23 00:00,A,m,106.00794,22.40878,-0.155,6.046,339.018983,-29.898906,8.36349934112753,130.3405,/T
2034-Feb-24 00:00,A,m,105.96803,22.41490,-0.150,6.048,69.792574,-29.910277,8.37631353509045,129.2962,/T
2034-Feb-25 00:00,A,m,105.92998,22.42081,-0.144,6.050,160.563424,-29.921214,8.38931798043463,128.2542,/T
2034-Feb-26 00:00,A,m,105.89380,22.42654,-0.139,6.052,251.331540,-29.931716,8.40250757115396,127.2145,/T
2034-Feb-27 00:00,A,m,105.85951,22.43206,-0.134,6.053,342.096932,-29.941781,8.41587720907463,126.1771,/T
2034-Feb-28 00:00,A,m,105.82710,22.43739,-0.129,6.055,72.859612,-29.951408,8.42942199093375,125.1421,/T
2034-Mar-01 00:00,A,m,105.79659,22.44253,-0.123,6.057,163.619588,-29.960596,8.44313707569469,124.1093,/T
2034-Mar-02 00:00,A,m,105.76799,22.44748,-0.118,6.058,254.376875,-29.969342,8.45701769190792,123.0789,/T
2034-Mar-03 00:00,A,m,105.74129,22.45222,-0.113,6.060,345.131483,-29.977646,8.47105918828700,122.0508,/T
2034-Mar-04 00:00,A,m,105.71651,22.45676,-0.108,6.062,75.883424,-29.985506,8.48525701191295,121.0250,/T
2034-Mar-05 00:00,A,m,105.69367,22.46111,-0.102,6.063,166.632711,-29.992920,8.49960664389018,120.0015,/T
2034-Mar-06 00:00,A,m,105.67276,22.46524,-0.097,6.065,257.379354,-29.999886,8.51410359118612,118.9804,/T
2034-Mar-07 00:00,A,,105.65381,22.46917,-0.092,6.066,348.123366,-30.006403,8.52874325602011,117.9616,/T
2034-Mar-08 00:00,A,,105.63683,22.47290,-0.087,6.067,78.864760,-30.012470,8.54352103688022,116.9451,/T
2034-Mar-09 00:00,A,,105.62183,22.47641,-0.082,6.069,169.603549,-30.018086,8.55843233029954,115.9309,/T
2034-Mar-10 00:00,A,,105.60881,22.47972,-0.076,6.070,260.339748,-30.023248,8.57347241061147,114.9190,/T
2034-Mar-11 00:00,A,,105.59780,22.48283,-0.071,6.071,351.073372,-30.027958,8.58863652262190,113.9094,/T
2034-Mar-12 00:00,A,,105.58878,22.48573,-0.066,6.072,81.804437,-30.032213,8.60391982321477,112.9022,/T
2034-Mar-13 00:00,A,,105.58178,22.48843,-0.061,6.074,172.532961,-30.036014,8.61931745392472,111.8973,/T
2034-Mar-14 00:00,A,,105.57678,22.49093,-0.056,6.075,263.258963,-30.039359,8.63482455681214,110.8947,/T
2034-Mar-15 00:00,N,,105.57379,22.49323,-0.051,6.076,353.982461,-30.042248,8.65043620977590,109.8944,/T
2034-Mar-16 00:00,N,,105.57281,22.49532,-0.046,6.077,84.703477,-30.044680,8.66614740585829,108.8965,/T
2034-Mar-17 00:00,N,,105.57383,22.49721,-0.041,6.078,175.422030,-30.046655,8.68195319171785,107.9009,/T
2034-Mar-18 00:00,N,,105.57686,22.49891,-0.036,6.079,266.138144,-30.048173,8.69784853340212,106.9077,/T
2034-Mar-19 00:00,N,,105.58189,22.50039,-0.031,6.080,356.851841,-30.049231,8.71382839614749,105.9169,/T
2034-Mar-20 00:00,N,,105.58893,22.50166,-0.026,6.081,87.563146,-30.049830,8.72988762699922,104.9284,/T
2034-Mar-21 00:00,N,,105.59797,22.50272,-0.021,6.082,178.272083,-30.049970,8.74602096172823,103.9424,/T
2034-Mar-22 00:00,N,m,105.60903,22.50357,-0.016,6.083,268.978680,-30.049650,8.76222312725763,102.9588,/T
2034-Mar-23 00:00,N,m,105.62212,22.50421,-0.011,6.083,359.682965,-30.048870,8.77848882135844,101.9777,/T
2034-Mar-24 00:00,N,m,105.63722,22.50463,-0.006,6.084,90.384969,-30.047632,8.79481269113672,100.9991,/T
2034-Mar-25 00:00,N,m,105.65433,22.50485,-0.002,6.085,181.084722,-30.045937,8.81118945209912,100.0229,/T
2034-Mar-26 00:00,N,m,105.67345,22.50487,0.003,6.085,271.782257,-30.043786,8.82761388898759,99.0492,/T
2034-Mar-27 00:00,N,m,105.69454,22.50468,0.008,6.086,2.477607,-30.041180,8.84408092156956,98.0781,/T
2034-Mar-28 00:00,N,m,105.71760,22.50429,0.012,6.087,93.170806,-30.038120,8.86058562845522,97.1094,/T
2034-Mar-29 00:00,N,m,105.74262,22.50371,0.017,6.087,183.861887,-30.034609,8.87712309830146,96.1431,/T
2034-Mar-30 00:00,N,m,105.76957,22.50292,0.022,6.088,274.550884,-30.030648,8.89368858083779,95.1794,/T
2034-Mar-31 00:00,N,m,105.79845,22.50193,0.026,6.088,5.237831,-30.026238,8.91027744425346,94.2180,/T
2034-Apr-01 00:00,N,m,105.82925,22.50073,0.031,6.089,95.922761,-30.021379,8.92688517490476,93.2591,/T
2034-Apr-02 00:00,N,m,105.86195,22.49932,0.035,6.089,186.605708,-30.016073,8.94350736088073,92.3026,/T
2034-Apr-03 00:00,N,m,105.89655,22.49771,0.039,6.089,277.286704,-30.010321,8.96013967269179,91.3484,/T
2034-Apr-04 00:00,N,m,105.93304,22.49588,0.044,6.090,7.965781,-30.004123,8.97677783404555,90.3965,/T
2034-Apr-05 00:00,N,,105.97141,22.49385,0.048,6.090,98.642973,-29.997479,8.99341773597984,89.4470,/T
2034-Apr-06 00:00,N,,106.01166,22.49160,0.052,6.090,189.318309,-29.990390,9.01005523217747,88.4997,/T
2034-Apr-07 00:00,N,,106.05377,22.48915,0.056,6.090,279.991821,-29.982856,9.02668617251263,87.5547,/T
2034-Apr-08 00:00,N,,106.09773,22.48648,0.061,6.091,10.663539,-29.974877,9.04330638422803,86.6120,/T
2034-Apr-09 00:00,N,,106.14354,22.48361,0.065,6.091,101.333497,-29.966454,9.05991165106235,85.6714,/T
2034-Apr-10 00:00,N,,106.19117,22.48053,0.069,6.091,192.001723,-29.957587,9.07649777195016,84.7331,/T
2034-Apr-11 00:00,N,,106.24061,22.47725,0.073,6.091,282.668251,-29.948277,9.09306048201524,83.7969,/T
2034-Apr-12 00:00,N,,106.29185,22.47376,0.077,6.091,13.333113,-29.938525,9.10959541631423,82.8629,/T
2034-Apr-13 00:00,C,,106.34487,22.47006,0.081,6.091,103.996342,-29.928333,9.12609821898835,81.9310,/T
2034-Apr-14 00:00,C,,106.39966,22.46616,0.084,6.091,194.657972,-29.917700,9.14256451869983,81.0013,/T
2034-Apr-15 00:00,C,,106.45620,22.46204,0.088,6.091,285.318038,-29.906628,9.15898986693943,80.0737,/T
2034-Apr-16 00:00,C,,106.51447,22.45771,0.092,6.091,15.976574,-29.895118,9.17536980857675,79.1482,/T
2034-Apr-17 00:00,C,,106.57446,22.45317,0.096,6.091,106.633617,-29.883172,9.19169977388221,78.2247,/T
2034-Apr-18 00:00,C,,106.63618,22.44842,0.099,6.090,197.289205,-29.870790,9.20797526236090,77.3034,/T
2034-Apr-19 00:00,C,,106.69960,22.44344,0.103,6.090,287.943375,-29.857974,9.22419181690061,76.3842,/T
2034-Apr-20 00:00,C,m,106.76472,22.43825,0.106,6.090,18.596168,-29.844724,9.24034501267671,75.4672,/T
2034-Apr-21 00:00,C,m,106.83152,22.43285,0.110,6.090,109.247622,-29.831044,9.25643051581399,74.5522,/T
2034-Apr-22 00:00,C,m,106.89997,22.42723,0.113,6.089,199.897776,-29.816934,9.27244416021152,73.6393,/T
2034-Apr-23 00:00,C,m,106.97006,22.42141,0.116,6.089,290.546671,-29.802396,9.28838190058740,72.7286,/T
2034-Apr-24 00:00,C,m,107.04175,22.41539,0.120,6.089,21.194344,-29.787433,9.30423990011999,71.8200,/T
2034-Apr-25 00:00,C,m,107.11501,22.40916,0.123,6.088,111.840834,-29.772045,9.32001436491974,70.9134,/T
2034-Apr-26 00:00,C,m,107.18983,22.40272,0.126,6.088,202.486178,-29.756236,9.33570159129559,70.0089,/T
2034-Apr-27 00:00,C,m,107.26619,22.39606,0.129,6.087,293.130414,-29.740006,9.35129802697212,69.1065,/T
2034-Apr-28 00:00,C,m,107.34405,22.38920,0.132,6.087,23.773578,-29.723359,9.36680017239232,68.2060,/T
2034-Apr-29 00:00,C,m,107.42342,22.38213,0.135,6.086,114.415707,-29.706296,9.38220460481225,67.3076,/T
2034-Apr-30 00:00,C,m,107.50427,22.37484,0.138,6.086,205.056836,-29.688818,9.39750793844463,66.4111,/T
2034-May-01 00:00,C,m,107.58659,22.36733,0.141,6.085,295.697002,-29.670929,9.41270683001760,65.5165,/T
2034-May-02 00:00,C,m,107.67036,22.35961,0.144,6.085,26.336240,-29.652629,9.42779805991742,64.6238,/T
2034-May-03 00:00,C,m,107.75556,22.35168,0.147,6.084,116.974584,-29.633920,9.44277850093476,63.7329,/T
2034-May-04 00:00,C,,107.84218,22.34353,0.149,6.083,207.612070,-29.614804,9.45764500915582,62.8439,/T
2034-May-05 00:00,C,,107.93020,22.33517,0.152,6.083,298.248731,-29.595282,9.47239457592248,61.9566,/T
2034-May-06 00:00,C,,108.01960,22.32660,0.154,6.082,28.884600,-29.575355,9.48702421580131,61.0711,/T
2034-May-07 00:00,C,,108.11035,22.31782,0.157,6.081,119.519710,-29.555024,9.50153103471361,60.1873,/T
2034-May-08 00:00,C,,108.20245,22.30882,0.159,6.080,210.154094,-29.534290,9.51591213667122,59.3052,/T
2034-May-09 00:00,C,,108.29586,22.29962,0.162,6.079,300.787781,-29.513154,9.53016455165487,58.4247,/T
2034-May-10 00:00,*,,108.39057,22.29020,0.164,6.079,31.420805,-29.491618,9.54428527480091,57.5458,/T
2034-May-11 00:00,*,,108.48656,22.28057,0.166,6.078,122.053196,-29.469683,9.55827131126927,56.6685,/T
2034-May-12 00:00,*,,108.58380,22.27073,0.169,6.077,212.684988,-29.447350,9.57211954832028,55.7927,/T
2034-May-13 00:00,*,,108.68228,22.26068,0.171,6.076,303.316211,-29.424621,9.58582682848419,54.9185,/T
2034-May-14 00:00,*,,108.78199,22.25040,0.173,6.075,33.946899,-29.401499,9.59938989140971,54.0458,/T
2034-May-15 00:00,*,,108.88291,22.23991,0.175,6.074,124.577087,-29.377985,9.61280541662771,53.1746,/T
2034-May-16 00:00,*,,108.98503,22.22920,0.177,6.073,215.206810,-29.354081,9.62607013102428,52.3048,/T
2034-May-17 00:00,*,,109.08834,22.21827,0.179,6.072,305.836103,-29.329792,9.63918069853048,51.4366,/T
2034-May-18 00:00,*,,109.19281,22.20713,0.180,6.071,36.465004,-29.305118,9.65213382698235,50.5698,/T
2034-May-19 00:00,*,m,109.29844,22.19577,0.182,6.070,127.093550,-29.280064,9.66492636197126,49.7045,/T
2034-May-20 00:00,*,m,109.40519,22.18421,0.184,6.069,217.721779,-29.254633,9.67755534296716,48.8406,/T
2034-May-21 00:00,*,m,109.51302,22.17244,0.185,6.068,308.349728,-29.228827,9.69001803834078,47.9782,/T
2034-May-22 00:00,*,m,109.62191,22.16047,0.187,6.067,38.977431,-29.202649,9.70231194395607,47.1173,/T
2034-May-23 00:00,*,m,109.73183,22.14829,0.188,6.066,129.604925,-29.176102,9.71443465369629,46.2578,/T
2034-May-24 00:00,*,m,109.84276,22.13591,0.190,6.065,220.232242,-29.149188,9.72638400971800,45.3996,/T
2034-May-25 00:00,*,m,109.95466,22.12332,0.191,6.064,310.859413,-29.121911,9.73815793372554,44.5429,/T
2034-May-26 00:00,*,m,110.06753,22.11052,0.193,6.062,41.486470,-29.094272,9.74975439753636,43.6875,/T
2034-May-27 00:00,*,m,110.18136,22.09751,0.194,6.061,132.113443,-29.066275,9.76117139726626,42.8335,/T
2034-May-28 00:00,*,m,110.29611,22.08429,0.195,6.060,222.740362,-29.037921,9.77240693278302,41.9807,/T
2034-May-29 00:00,*,m,110.41179,22.07085,0.196,6.059,313.367255,-29.009215,9.78345904914019,41.1292,/T
2034-May-30 00:00,*,m,110.52836,22.05721,0.197,6.057,43.994153,-28.980159,9.79432586097006,40.2790,/T
2034-May-31 00:00,*,m,110.64582,22.04337,0.198,6.056,134.621082,-28.950755,9.80500541975093,39.4299,/T
2034-Jun-01 00:00,*,m,110.76415,22.02932,0.199,6.055,225.248073,-28.921007,9.81549580955481,38.5820,/T
2034-Jun-02 00:00,*,m,110.88332,22.01506,0.200,6.054,315.875153,-28.890917,9.82579517298271,37.7352,/T
2034-Jun-03 00:00,*,,111.00332,22.00061,0.201,6.052,46.502351,-28.860488,9.83590165902322,36.8895,/T
2034-Jun-04 00:00,*,,111.12412,21.98595,0.202,6.051,137.129694,-28.829723,9.84581350563574,36.0448,/T
2034-Jun-05 00:00,*,,111.24570,21.97110,0.202,6.050,227.757209,-28.798625,9.85552890882680,35.2012,/T
2034-Jun-06 00:00,*,,111.36804,21.95605,0.203,6.048,318.384924,-28.767196,9.86504610525720,34.3585,/T
2034-Jun-07 00:00,*,,111.49112,21.94081,0.204,6.047,49.012865,-28.735439,9.87436340535158,33.5167,/T
2034-Jun-08 00:00,*,,111.61491,21.92537,0.204,6.045,139.641058,-28.703355,9.88347912155911,32.6758,/T
2034-Jun-09 00:00,*,,111.73941,21.90973,0.204,6.044,230.269529,-28.670949,9.89239149083927,31.8358,/T
2034-Jun-10 00:00,*,,111.86458,21.89389,0.205,6.043,320.898305,-28.638221,9.90109873130613,30.9966,/T
2034-Jun-11 00:00,*,,111.99043,21.87785,0.205,6.041,51.527411,-28.605177,9.90959893748211,30.1582,/T
2034-Jun-12 00:00,*,,112.11693,21.86161,0.205,6.040,142.156876,-28.571818,9.91789023446634,29.3205,/T
2034-Jun-13 00:00,*,,112.24408,21.84517,0.206,6.038,232.786725,-28.538149,9.92597066415042,28.4837,/T
2034-Jun-14 00:00,*,,112.37186,21.82853,0.206,6.037,323.416987,-28.504173,9.93383819730326,27.6475,/T
2034-Jun-15 00:00,*,,112.50026,21.81170,0.206,6.035,54.047694,-28.469895,9.94149086252270,26.8121,/T
2034-Jun-16 00:00,*,,112.62926,21.79469,0.206,6.034,144.678873,-28.435320,9.94892678417646,25.9774,/T
2034-Jun-17 00:00,*,m,112.75881,21.77750,0.206,6.032,235.310555,-28.400452,9.95614421272812,25.1435,/T
2034-Jun-18 00:00,*,m,112.88890,21.76012,0.206,6.031,325.942769,-28.365296,9.96314157868658,24.3102,/T
2034-Jun-19 00:00,*,m,113.01949,21.74257,0.205,6.029,56.575545,-28.329857,9.96991743550398,23.4777,/T
2034-Jun-20 00:00,*,m,113.15055,21.72485,0.205,6.027,147.208912,-28.294141,9.97647054749141,22.6458,/T
2034-Jun-21 00:00,*,m,113.28207,21.70695,0.205,6.026,237.842895,-28.258150,9.98279992876206,21.8146,/T
2034-Jun-22 00:00,*,m,113.41403,21.68887,0.204,6.024,328.477522,-28.221890,9.98890467259942,20.9840,/T
2034-Jun-23 00:00,*,m,113.54640,21.67062,0.204,6.022,59.112816,-28.185366,9.99478403017165,20.1541,/T
2034-Jun-24 00:00,*,m,113.67917,21.65219,0.203,6.020,149.748801,-28.148580,10.0004373048331,19.3248,/T
2034-Jun-25 00:00,*,m,113.81234,21.63358,0.202,6.019,240.385501,-28.111538,10.0058638835244,18.4960,/T
2034-Jun-26 00:00,*,m,113.94587,21.61481,0.201,6.017,331.022935,-28.074243,10.0110632151265,17.6678,/T
2034-Jun-27 00:00,*,m,114.07976,21.59586,0.200,6.015,61.661125,-28.036699,10.0160347262440,16.8401,/T
2034-Jun-28 00:00,*,m,114.21399,21.57674,0.199,6.013,152.300091,-27.998911,10.0207777690999,16.0129,/T
2034-Jun-29 00:00,*,m,114.34853,21.55747,0.198,6.010,242.939855,-27.960882,10.0252917672634,15.1861,/T
2034-Jun-30 00:00,*,m,114.48339,21.53803,0.197,6.008,333.580436,-27.922618,10.0295760924955,14.3597,/T
2034-Jul-01 00:00,*,m,114.61852,21.51843,0.195,6.006,64.221852,-27.884123,10.0336301360862,13.5337,/T
2034-Jul-02 00:00,*,,114.75392,21.49868,0.193,6.003,154.864126,-27.845401,10.0374532378284,12.7081,/T
2034-Jul-03 00:00,*,,114.88956,21.47878,0.191,6.000,245.507276,-27.806458,10.0410446707174,11.8827,/T
2034-Jul-04 00:00,*,,115.02543,21.45874,0.188,5.996,336.151323,-27.767297,10.0444037576755,11.0576,/T
2034-Jul-05 00:00,*,,115.16149,21.43854,0.185,5.993,66.796286,-27.727924,10.0475298142761,10.2327,/T
2034-Jul-06 00:00,*,,115.29774,21.41820,0.181,5.989,157.442186,-27.688343,10.0504220976030,9.4080,/T
2034-Jul-07 00:00,*,,115.43415,21.39772,0.177,5.984,248.089045,-27.648560,10.0530798758643,8.5834,/T
2034-Jul-08 00:00,*,,115.57071,21.37709,0.172,5.978,338.736881,-27.608578,10.0555024272845,7.7589,/T
2034-Jul-09 00:00,*,,115.70742,21.35631,0.166,5.972,69.385718,-27.568404,10.0576890547410,6.9345,/T
2034-Jul-10 00:00,*,,115.84426,21.33540,0.159,5.964,160.035575,-27.528041,10.0596391386540,6.1101,/T
2034-Jul-11 00:00,*,,115.98121,21.31434,0.150,5.955,250.686472,-27.487496,10.0613519631707,5.2857,/T
2034-Jul-12 00:00,*,,116.11827,21.29315,0.140,5.945,341.338433,-27.446774,10.0628268775773,4.4613,/T
2034-Jul-13 00:00,*,,116.25540,21.27183,0.127,5.932,71.991478,-27.405882,10.0640632833410,3.6370,/T
2034-Jul-14 00:00,*,,116.39260,21.25039,0.112,5.917,162.645629,-27.364824,10.0650606554685,2.8126,/T
2034-Jul-15 00:00,*,,116.52984,21.22883,0.094,5.899,253.300908,-27.323608,10.0658185591474,1.9882,/T
2034-Jul-16 00:00,*,m,116.66710,21.20716,0.072,5.877,343.957335,-27.282241,10.0663366646695,1.1639,/T
2034-Jul-17 00:00,*,m,116.80454,21.18538,0.045,5.850,74.614934,-27.240729,10.0666147350112,0.3411,/T
2034-Jul-18 00:00,*,m,116.94109,21.16358,0.052,5.857,165.273722,-27.199080,10.0666527689980,0.4879,/L
2034-Jul-19 00:00,*,m,117.07831,21.14155,0.080,5.885,255.933722,-27.157300,10.0664508329388,1.3116,/L
2034-Jul-20 00:00,*,m,117.21534,21.11945,0.102,5.908,346.594950,-27.115395,10.0660090738855,2.1362,/L
2034-Jul-21 00:00,*,m,117.35225,21.09725,0.121,5.927,77.257426,-27.073374,10.0653277494945,2.9611,/L
2034-Jul-22 00:00,*,m,117.48904,21.07496,0.137,5.943,167.921167,-27.031241,10.0644071862311,3.7862,/L
2034-Jul-23 00:00,*,m,117.62570,21.05257,0.151,5.956,258.586191,-26.989004,10.0632478580954,4.6115,/L
2034-Jul-24 00:00,*,m,117.76220,21.03010,0.162,5.968,349.252512,-26.946669,10.0618503003269,5.4369,/L
2034-Jul-25 00:00,*,m,117.89854,21.00753,0.171,5.978,79.920148,-26.904242,10.0602150647813,6.2626,/L
2034-Jul-26 00:00,*,m,118.03470,20.98489,0.180,5.987,170.589111,-26.861729,10.0583427945793,7.0886,/L
2034-Jul-27 00:00,*,m,118.17067,20.96216,0.187,5.995,261.259416,-26.819136,10.0562342044707,7.9148,/L
2034-Jul-28 00:00,*,m,118.30641,20.93937,0.193,6.001,351.931075,-26.776470,10.0538899604235,8.7413,/L
2034-Jul-29 00:00,*,m,118.44191,20.91650,0.199,6.007,82.604102,-26.733736,10.0513107502405,9.5682,/L
2034-Jul-30 00:00,*,m,118.57716,20.89357,0.204,6.013,173.278508,-26.690941,10.0484971347384,10.3954,/L
2034-Jul-31 00:00,*,m,118.71213,20.87059,0.208,6.018,263.954307,-26.648092,10.0454496862432,11.2231,/L
2034-Aug-01 00:00,*,,118.84680,20.84755,0.212,6.023,354.631510,-26.605194,10.0421689429367,12.0512,/L
2034-Aug-02 00:00,*,,118.98116,20.82445,0.216,6.027,85.310131,-26.562255,10.0386553361995,12.8798,/L
2034-Aug-03 00:00,*,,119.11519,20.80130,0.219,6.031,175.990183,-26.519281,10.0349092090192,13.7089,/L
2034-Aug-04 00:00,*,,119.24888,20.77811,0.222,6.035,266.671680,-26.476281,10.0309308830388,14.5386,/L
2034-Aug-05 00:00,*,,119.38222,20.75487,0.225,6.039,357.354637,-26.433260,10.0267206236223,15.3690,/L
2034-Aug-06 00:00,*,,119.51518,20.73158,0.228,6.043,88.039070,-26.390228,10.0222787584389,16.2000,/L
2034-Aug-07 00:00,*,,119.64777,20.70826,0.230,6.046,178.724995,-26.347191,10.0176055896553,17.0316,/L
2034-Aug-08 00:00,*,,119.77997,20.68491,0.232,6.050,269.412428,-26.304157,10.0127014571527,17.8640,/L
2034-Aug-09 00:00,*,,119.91176,20.66153,0.235,6.053,0.101386,-26.261135,10.0075668939740,18.6971,/L
2034-Aug-10 00:00,*,,120.04310,20.63814,0.237,6.057,90.791886,-26.218133,10.0022025442333,19.5310,/L
2034-Aug-11 00:00,*,,120.17399,20.61474,0.239,6.060,181.483943,-26.175158,9.99660921003314,20.3657,/L
2034-Aug-12 00:00,C,,120.30438,20.59133,0.241,6.063,272.177574,-26.132220,9.99078781151744,21.2012,/L
2034-Aug-13 00:00,C,,120.43425,20.56793,0.242,6.066,2.872791,-26.089326,9.98473938470688,22.0375,/L
2034-Aug-14 00:00,C,,120.56359,20.54453,0.244,6.069,93.569611,-26.046486,9.97846512971823,22.8745,/L
2034-Aug-15 00:00,C,m,120.69236,20.52114,0.246,6.072,184.268044,-26.003708,9.97196638880244,23.7125,/L
2034-Aug-16 00:00,C,m,120.82055,20.49776,0.247,6.075,274.968105,-25.961000,9.96524448598772,24.5512,/L
2034-Aug-17 00:00,C,m,120.94815,20.47440,0.249,6.078,5.669803,-25.918372,9.95830087522241,25.3908,/L
2034-Aug-18 00:00,C,m,121.07514,20.45105,0.250,6.081,96.373152,-25.875833,9.95113703214592,26.2312,/L
2034-Aug-19 00:00,C,m,121.20151,20.42773,0.251,6.084,187.078160,-25.833390,9.94375451529952,27.0726,/L
2034-Aug-20 00:00,C,m,121.32724,20.40444,0.253,6.087,277.784839,-25.791052,9.93615492445685,27.9148,/L
2034-Aug-21 00:00,C,m,121.45231,20.38119,0.254,6.090,8.493199,-25.748829,9.92833983856223,28.7579,/L
2034-Aug-22 00:00,C,m,121.57672,20.35798,0.255,6.093,99.203249,-25.706729,9.92031088253485,29.6019,/L
2034-Aug-23 00:00,C,m,121.70043,20.33482,0.256,6.096,189.914998,-25.664760,9.91206980699382,30.4469,/L
2034-Aug-24 00:00,C,m,121.82343,20.31172,0.257,6.099,280.628457,-25.622932,9.90361838405562,31.2929,/L
2034-Aug-25 00:00,C,m,121.94570,20.28867,0.258,6.102,11.343632,-25.581251,9.89495846093443,32.1398,/L
2034-Aug-26 00:00,C,m,122.06721,20.26570,0.259,6.104,102.060533,-25.539726,9.88609192096875,32.9879,/L
2034-Aug-27 00:00,C,m,122.18795,20.24279,0.260,6.107,192.779165,-25.498365,9.87702065197553,33.8369,/L
2034-Aug-28 00:00,C,m,122.30790,20.21997,0.260,6.110,283.499536,-25.457177,9.86774663365959,34.6871,/L
2034-Aug-29 00:00,C,m,122.42704,20.19723,0.261,6.113,14.221651,-25.416169,9.85827173688934,35.5384,/L
2034-Aug-30 00:00,C,m,122.54535,20.17457,0.261,6.115,104.945516,-25.375350,9.84859773957396,36.3909,/L
2034-Aug-31 00:00,N,,122.66281,20.15201,0.262,6.118,195.671139,-25.334728,9.83872634660389,37.2446,/L
2034-Sep-01 00:00,N,,122.77942,20.12953,0.262,6.121,286.398526,-25.294312,9.82865919800743,38.0995,/L
2034-Sep-02 00:00,N,,122.89517,20.10715,0.263,6.123,17.127687,-25.254112,9.81839786966975,38.9558,/L
2034-Sep-03 00:00,N,,123.01005,20.08488,0.263,6.126,107.858628,-25.214135,9.80794392560810,39.8134,/L
2034-Sep-04 00:00,N,,123.12403,20.06272,0.263,6.128,198.591361,-25.174393,9.79729883698617,40.6723,/L
2034-Sep-05 00:00,N,,123.23711,20.04067,0.263,6.131,289.325896,-25.134895,9.78646422156010,41.5327,/L
2034-Sep-06 00:00,N,,123.34926,20.01875,0.263,6.134,20.062244,-25.095652,9.77544179049615,42.3945,/L
2034-Sep-07 00:00,N,,123.46046,19.99697,0.263,6.136,110.800416,-25.056673,9.76423336527232,43.2577,/L
2034-Sep-08 00:00,N,,123.57067,19.97534,0.263,6.138,201.540422,-25.017970,9.75284093203464,44.1225,/L
2034-Sep-09 00:00,N,,123.67987,19.95385,0.263,6.141,292.282273,-24.979552,9.74126663919435,44.9887,/L
2034-Sep-10 00:00,N,,123.78803,19.93253,0.263,6.143,23.025979,-24.941430,9.72951285548618,45.8564,/L
2034-Sep-11 00:00,N,,123.89514,19.91136,0.263,6.146,113.771548,-24.903615,9.71758219073647,46.7257,/L
2034-Sep-12 00:00,N,,124.00117,19.89036,0.262,6.148,204.518986,-24.866115,9.70547734500144,47.5965,/L
2034-Sep-13 00:00,N,,124.10610,19.86953,0.262,6.150,295.268299,-24.828941,9.69320112883476,48.4688,/L
2034-Sep-14 00:00,N,,124.20992,19.84888,0.261,6.153,26.019493,-24.792103,9.68075648927165,49.3427,/L
2034-Sep-15 00:00,N,m,124.31262,19.82840,0.261,6.155,116.772571,-24.755610,9.66814638811635,50.2182,/L
2034-Sep-16 00:00,N,m,124.41418,19.80812,0.260,6.157,207.527536,-24.719472,9.65537387748587,51.0952,/L
2034-Sep-17 00:00,N,m,124.51459,19.78802,0.260,6.159,298.284391,-24.683699,9.64244194385717,51.9737,/L
2034-Sep-18 00:00,N,m,124.61382,19.76812,0.259,6.162,29.043138,-24.648301,9.62935357692236,52.8539,/L
2034-Sep-19 00:00,A,m,124.71186,19.74844,0.258,6.164,119.803780,-24.613286,9.61611182438416,53.7357,/L
2034-Sep-20 00:00,A,m,124.80870,19.72896,0.257,6.166,210.566317,-24.578665,9.60271975194077,54.6191,/L
2034-Sep-21 00:00,A,m,124.90431,19.70971,0.256,6.168,301.330752,-24.544447,9.58918037735513,55.5041,/L
2034-Sep-22 00:00,A,m,124.99867,19.69069,0.255,6.170,32.097087,-24.510641,9.57549677267555,56.3907,/L
2034-Sep-23 00:00,A,m,125.09177,19.67191,0.254,6.172,122.865322,-24.477258,9.56167197801195,57.2791,/L
2034-Sep-24 00:00,A,m,125.18358,19.65337,0.252,6.174,213.635459,-24.444306,9.54770914585188,58.1691,/L
2034-Sep-25 00:00,A,m,125.27409,19.63507,0.251,6.176,304.407499,-24.411794,9.53361144522802,59.0608,/L
2034-Sep-26 00:00,A,m,125.36326,19.61703,0.250,6.178,35.181441,-24.379732,9.51938199517023,59.9543,/L
2034-Sep-27 00:00,A,m,125.45110,19.59924,0.248,6.179,125.957286,-24.348128,9.50502395287286,60.8496,/L
2034-Sep-28 00:00,A,m,125.53759,19.58172,0.247,6.181,216.735036,-24.316990,9.49054046599966,61.7467,/L
2034-Sep-29 00:00,A,m,125.62271,19.56445,0.245,6.183,307.514688,-24.286328,9.47593464002994,62.6456,/L
2034-Sep-30 00:00,A,m,125.70646,19.54745,0.244,6.185,38.296245,-24.256151,9.46120954447547,63.5465,/L
2034-Oct-01 00:00,A,,125.78883,19.53073,0.242,6.186,129.079706,-24.226468,9.44636817090071,64.4493,/L
2034-Oct-02 00:00,A,,125.86980,19.51429,0.240,6.188,219.865075,-24.197289,9.43141351992554,65.3540,/L
2034-Oct-03 00:00,A,,125.94936,19.49814,0.238,6.190,310.652352,-24.168624,9.41634873800076,66.2607,/L
2034-Oct-04 00:00,A,,126.02748,19.48229,0.236,6.191,41.441541,-24.140483,9.40117697918002,67.1695,/L
2034-Oct-05 00:00,A,,126.10413,19.46675,0.234,6.193,132.232643,-24.112877,9.38590154277135,68.0804,/L
2034-Oct-06 00:00,A,,126.17929,19.45153,0.232,6.194,223.025660,-24.085815,9.37052582305659,68.9933,/L
2034-Oct-07 00:00,A,,126.25293,19.43664,0.230,6.195,313.820594,-24.059308,9.35505337338476,69.9083,/L
2034-Oct-08 00:00,,,126.32504,19.42207,0.228,6.197,44.617445,-24.033366,9.33948792709117,70.8254,/L
2034-Oct-09 00:00,,,126.39560,19.40783,0.225,6.198,135.416214,-24.008000,9.32383333755534,71.7446,/L
2034-Oct-10 00:00,,,126.46458,19.39393,0.223,6.199,226.216899,-23.983218,9.30809352676026,72.6660,/L
2034-Oct-11 00:00,,,126.53199,19.38037,0.220,6.201,317.019499,-23.959030,9.29227264177967,73.5895,/L
2034-Oct-12 00:00,,,126.59779,19.36715,0.218,6.202,47.824011,-23.935445,9.27637494104727,74.5151,/L
2034-Oct-13 00:00,,,126.66199,19.35429,0.215,6.203,138.630431,-23.912472,9.26040481770956,75.4428,/L
2034-Oct-14 00:00,,,126.72456,19.34178,0.213,6.204,229.438752,-23.890118,9.24436673913045,76.3727,/L
2034-Oct-15 00:00,,,126.78549,19.32963,0.210,6.205,320.248969,-23.868392,9.22826516201634,77.3047,/L
2034-Oct-16 00:00,,m,126.84477,19.31785,0.207,6.206,51.061073,-23.847301,9.21210463930153,78.2388,/L
2034-Oct-17 00:00,,m,126.90238,19.30645,0.204,6.207,141.875056,-23.826853,9.19588972754594,79.1751,/L
2034-Oct-18 00:00,,m,126.95832,19.29542,0.201,6.208,232.690909,-23.807056,9.17962491888544,80.1135,/L
2034-Oct-19 00:00,,m,127.01255,19.28478,0.198,6.209,323.508623,-23.787915,9.16331467704904,81.0540,/L
2034-Oct-20 00:00,,m,127.06507,19.27453,0.195,6.210,54.328187,-23.769440,9.14696344804824,81.9967,/L
2034-Oct-21 00:00,,m,127.11587,19.26468,0.192,6.210,145.149592,-23.751637,9.13057563872149,82.9416,/L
2034-Oct-22 00:00,,m,127.16492,19.25523,0.189,6.211,235.972827,-23.734512,9.11415569838383,83.8886,/L
2034-Oct-23 00:00,,m,127.21223,19.24618,0.185,6.212,326.797882,-23.718072,9.09770792509412,84.8378,/L
2034-Oct-24 00:00,,m,127.25776,19.23754,0.182,6.212,57.624746,-23.702323,9.08123660966844,85.7891,/L
2034-Oct-25 00:00,,m,127.30153,19.22931,0.178,6.213,148.453409,-23.687273,9.06474602383142,86.7427,/L
2034-Oct-26 00:00,,m,127.34351,19.22149,0.175,6.213,239.283862,-23.672926,9.04824040493882,87.6985,/L
2034-Oct-27 00:00,,m,127.38371,19.21408,0.171,6.214,330.116095,-23.659289,9.03172396427876,88.6565,/L
2034-Oct-28 00:00,,m,127.42213,19.20708,0.168,6.214,60.950097,-23.646368,9.01520090032185,89.6168,/L
2034-Oct-29 00:00,,m,127.45875,19.20051,0.164,6.214,151.785861,-23.634168,8.99867541158246,90.5794,/L
2034-Oct-30 00:00,,,127.49356,19.19436,0.160,6.214,242.623377,-23.622696,8.98215186817431,91.5443,/L
2034-Oct-31 00:00,,,127.52656,19.18865,0.157,6.215,333.462635,-23.611957,8.96563470807871,92.5117,/L
2034-Nov-01 00:00,,,127.55771,19.18338,0.153,6.215,64.303624,-23.601957,8.94912843986683,93.4814,/L
2034-Nov-02 00:00,,,127.58700,19.17855,0.149,6.215,155.146335,-23.592702,8.93263772706351,94.4535,/L
2034-Nov-03 00:00,,,127.61442,19.17417,0.145,6.215,245.990753,-23.584197,8.91616731257904,95.4280,/L
2034-Nov-04 00:00,,,127.63994,19.17025,0.141,6.215,336.836868,-23.576447,8.89972210195574,96.4050,/L
2034-Nov-05 00:00,,,127.66357,19.16677,0.137,6.215,67.684664,-23.569458,8.88330705463996,97.3844,/L
2034-Nov-06 00:00,,,127.68530,19.16375,0.132,6.215,158.534126,-23.563234,8.86692714299307,98.3662,/L
2034-Nov-07 00:00,,,127.70511,19.16117,0.128,6.215,249.385240,-23.557779,8.85058741909876,99.3504,/L
2034-Nov-08 00:00,,,127.72302,19.15906,0.124,6.214,340.237986,-23.553096,8.83429303889018,100.3371,/L
2034-Nov-09 00:00,,,127.73901,19.15740,0.120,6.214,71.092349,-23.549190,8.81804914449133,101.3261,/L
2034-Nov-10 00:00,,,127.75308,19.15620,0.115,6.214,161.948309,-23.546063,8.80186097308145,102.3176,/L
2034-Nov-11 00:00,,,127.76524,19.15546,0.111,6.213,252.805848,-23.543718,8.78573373017796,103.3114,/L
2034-Nov-12 00:00,,,127.77546,19.15518,0.106,6.213,343.664943,-23.542155,8.76967272786109,104.3076,/L
2034-Nov-13 00:00,,,127.78376,19.15536,0.102,6.212,74.525575,-23.541376,8.75368336924361,105.3061,/L
2034-Nov-14 00:00,,,127.79013,19.15601,0.097,6.211,165.387718,-23.541381,8.73777104231177,106.3070,/L
2034-Nov-15 00:00,,m,127.79455,19.15713,0.092,6.211,256.251350,-23.542171,8.72194112289375,107.3101,/L
2034-Nov-16 00:00,,m,127.79704,19.15871,0.088,6.210,347.116444,-23.543745,8.70619899078369,108.3156,/L
2034-Nov-17 00:00,,m,127.79759,19.16076,0.083,6.209,77.982975,-23.546102,8.69054996036143,109.3233,/L
2034-Nov-18 00:00,,m,127.79619,19.16328,0.078,6.208,168.850914,-23.549241,8.67499931852775,110.3333,/L
2034-Nov-19 00:00,,m,127.79286,19.16626,0.073,6.208,259.720234,-23.553159,8.65955221492594,111.3456,/L
2034-Nov-20 00:00,,m,127.78758,19.16970,0.069,6.207,350.590906,-23.557856,8.64421363375317,112.3600,/L
2034-Nov-21 00:00,,m,127.78038,19.17360,0.064,6.206,81.462902,-23.563329,8.62898854127952,113.3767,/L
2034-Nov-22 00:00,,m,127.77126,19.17796,0.059,6.205,172.336194,-23.569576,8.61388174487356,114.3956,/L
2034-Nov-23 00:00,,m,127.76023,19.18277,0.054,6.203,263.210753,-23.576593,8.59889794133396,115.4166,/L
2034-Nov-24 00:00,,m,127.74731,19.18803,0.049,6.202,354.086551,-23.584379,8.58404168507348,116.4399,/L
2034-Nov-25 00:00,,m,127.73250,19.19373,0.044,6.201,84.963563,-23.592930,8.56931743631772,117.4653,/L
2034-Nov-26 00:00,,m,127.71582,19.19989,0.039,6.200,175.841761,-23.602243,8.55472966251963,118.4930,/L
2034-Nov-27 00:00,,m,127.69728,19.20649,0.034,6.198,266.721120,-23.612315,8.54028291280352,119.5228,/L
2034-Nov-28 00:00,,m,127.67685,19.21354,0.029,6.197,357.601612,-23.623142,8.52598173475941,120.5549,/L
2034-Nov-29 00:00,,,127.65455,19.22105,0.024,6.195,88.483211,-23.634722,8.51183088245558,121.5892,/L
2034-Nov-30 00:00,,,127.63038,19.22900,0.018,6.194,179.365888,-23.647048,8.49783524982218,122.6258,/L
2034-Dec-01 00:00,,,127.60433,19.23739,0.013,6.192,270.249613,-23.660116,8.48399989100031,123.6645,/L
2034-Dec-02 00:00,,,127.57641,19.24622,0.008,6.191,1.134354,-23.673921,8.47032996639343,124.7055,/L
2034-Dec-03 00:00,,,127.54664,19.25549,0.003,6.189,92.020075,-23.688456,8.45683060215333,125.7487,/L
2034-Dec-04 00:00,,,127.51504,19.26517,-0.002,6.187,182.906742,-23.703715,8.44350693134726,126.7941,/L
2034-Dec-05 00:00,,,127.48161,19.27527,-0.008,6.185,273.794318,-23.719690,8.43036411232365,127.8416,/L
2034-Dec-06 00:00,,,127.44639,19.28579,-0.013,6.183,4.682765,-23.736373,8.41740722009891,128.8912,/L
2034-Dec-07 00:00,,,127.40939,19.29671,-0.018,6.182,95.572043,-23.753757,8.40464125440774,129.9429,/L
2034-Dec-08 00:00,,,127.37063,19.30804,-0.023,6.180,186.462113,-23.771832,8.39207114482573,130.9967,/L
2034-Dec-09 00:00,,,127.33014,19.31976,-0.029,6.178,277.352934,-23.790589,8.37970170956845,132.0524,/L
2034-Dec-10 00:00,,,127.28792,19.33188,-0.034,6.175,8.244465,-23.810019,8.36753780194073,133.1102,/L
2034-Dec-11 00:00,,,127.24400,19.34439,-0.039,6.173,99.136663,-23.830110,8.35558412750769,134.1698,/L
2034-Dec-12 00:00,,,127.19840,19.35727,-0.044,6.171,190.029486,-23.850852,8.34384530391449,135.2313,/L
2034-Dec-13 00:00,,,127.15114,19.37053,-0.050,6.169,280.922891,-23.872234,8.33232590018924,136.2947,/L
2034-Dec-14 00:00,,m,127.10224,19.38417,-0.055,6.167,11.816833,-23.894242,8.32103044402330,137.3598,/L
2034-Dec-15 00:00,,m,127.05172,19.39816,-0.060,6.164,102.711267,-23.916865,8.30996339383369,138.4266,/L
2034-Dec-16 00:00,,m,126.99960,19.41250,-0.066,6.162,193.606147,-23.940089,8.29912914045466,139.4952,/L
2034-Dec-17 00:00,,m,126.94593,19.42719,-0.071,6.159,284.501426,-23.963900,8.28853187206703,140.5653,/L
2034-Dec-18 00:00,,m,126.89071,19.44221,-0.076,6.157,15.397056,-23.988283,8.27817571680629,141.6371,/L
2034-Dec-19 00:00,,m,126.83399,19.45754,-0.081,6.154,106.292990,-24.013225,8.26806464249863,142.7104,/L
2034-Dec-20 00:00,,m,126.77581,19.47319,-0.086,6.152,197.189178,-24.038711,8.25820238177682,143.7851,/L
2034-Dec-21 00:00,,m,126.71620,19.48914,-0.092,6.149,288.085574,-24.064725,8.24859248464493,144.8614,/L
2034-Dec-22 00:00,,m,126.65520,19.50537,-0.097,6.147,18.982130,-24.091254,8.23923827079076,145.9390,/L
2034-Dec-23 00:00,,m,126.59285,19.52189,-0.102,6.144,109.878800,-24.118282,8.23014293222009,147.0180,/L
2034-Dec-24 00:00,,m,126.52919,19.53869,-0.107,6.141,200.775537,-24.145794,8.22130957027218,148.0984,/L
2034-Dec-25 00:00,,m,126.46423,19.55575,-0.112,6.138,291.672298,-24.173777,8.21274115502071,149.1801,/L
2034-Dec-26 00:00,,m,126.39801,19.57308,-0.117,6.135,22.569037,-24.202215,8.20444061385720,150.2630,/L
2034-Dec-27 00:00,,m,126.33055,19.59067,-0.122,6.133,113.465709,-24.231093,8.19641097496216,151.3473,/L
2034-Dec-28 00:00,,,126.26187,19.60850,-0.127,6.130,204.362270,-24.260397,8.18865528139202,152.4329,/L
2034-Dec-29 00:00,,,126.19200,19.62657,-0.132,6.127,295.258673,-24.290109,8.18117670816219,153.5197,/L
2034-Dec-30 00:00,,,126.12099,19.64486,-0.137,6.124,26.154870,-24.320215,8.17397840289491,154.6077,/L
2034-Dec-31 00:00,,,126.04886,19.66336,-0.142,6.121,117.050813,-24.350697,8.16706353772947,155.6968,/L
2035-Jan-01 00:00,,,125.97567,19.68205,-0.147,6.117,207.946451,-24.381538,8.16043532828831,156.7871,/L
2035-Jan-02 00:00,,,125.90145,19.70094,-0.152,6.114,298.841731,-24.412719,8.15409692897986,157.8785,/L
2035-Jan-03 00:00,,,125.82625,19.71999,-0.157,6.111,29.736601,-24.444222,8.14805133831503,158.9708,/L
2035-Jan-04 00:00,,,125.75012,19.73920,-0.162,6.107,120.631006,-24.476028,8.14230144605985,160.0642,/L
2035-Jan-05 00:00,,,125.67310,19.75857,-0.166,6.104,211.524892,-24.508118,8.13684994539016,161.1584,/L
2035-Jan-06 00:00,,,125.59523,19.77808,-0.171,6.100,302.418203,-24.540474,8.13169942062245,162.2534,/L
2035-Jan-07 00:00,,,125.51656,19.79772,-0.176,6.097,33.310885,-24.573075,8.12685227663171,163.3493,/L
2035-Jan-08 00:00,,,125.43714,19.81748,-0.182,6.093,124.202882,-24.605902,8.12231064638549,164.4457,/L
2035-Jan-09 00:00,,,125.35700,19.83735,-0.187,6.089,215.094140,-24.638936,8.11807653565307,165.5428,/L
2035-Jan-10 00:00,,,125.27620,19.85732,-0.192,6.084,305.984602,-24.672156,8.11415175690788,166.6404,/L
2035-Jan-11 00:00,,,125.19478,19.87738,-0.198,6.079,36.874215,-24.705544,8.11053794511911,167.7385,/L
2035-Jan-12 00:00,,m,125.11278,19.89751,-0.204,6.074,127.762924,-24.739079,8.10723653947786,168.8369,/L
2035-Jan-13 00:00,,m,125.03025,19.91771,-0.211,6.068,218.650677,-24.772741,8.10424876065693,169.9355,/L
2035-Jan-14 00:00,,m,124.94724,19.93795,-0.219,6.061,309.537421,-24.806511,8.10157565405567,171.0342,/L
2035-Jan-15 00:00,,m,124.86381,19.95823,-0.227,6.053,40.423103,-24.840368,8.09921820064936,172.1329,/L
2035-Jan-16 00:00,,m,124.78000,19.97853,-0.237,6.044,131.307672,-24.874291,8.09717713499427,173.2313,/L
2035-Jan-17 00:00,,m,124.69588,19.99884,-0.249,6.033,222.191077,-24.908262,8.09545305966382,174.3293,/L
2035-Jan-18 00:00,,m,124.61149,20.01914,-0.263,6.019,313.073267,-24.942260,8.09404638212793,175.4262,/L
2035-Jan-19 00:00,,m,124.52690,20.03943,-0.280,6.002,43.954195,-24.976265,8.09295735274854,176.5211,/L
2035-Jan-20 00:00,,m,124.44215,20.05969,-0.301,5.981,134.833810,-25.010259,8.09218609915847,177.6113,/L
2035-Jan-21 00:00,,m,124.35729,20.07992,-0.327,5.955,225.712066,-25.044222,8.09173255850303,178.6848,/L
2035-Jan-22 00:00,,m,124.27236,20.10012,-0.354,5.929,316.588917,-25.078137,8.09159650246798,179.5844,/L
2035-Jan-23 00:00,,m,124.18741,20.12026,-0.336,5.946,47.464318,-25.111985,8.09177769766719,178.9834,/T
2035-Jan-24 00:00,,m,124.10247,20.14034,-0.309,5.973,138.338225,-25.145749,8.09227586111294,177.9239,/T
2035-Jan-25 00:00,,m,124.01758,20.16036,-0.287,5.995,229.210595,-25.179412,8.09309067938927,176.8375,/T
2035-Jan-26 00:00,,,123.93279,20.18029,-0.269,6.012,320.081382,-25.212956,8.09422181950931,175.7450,/T
2035-Jan-27 00:00,,,123.84815,20.20013,-0.255,6.026,50.950544,-25.246364,8.09566883665290,174.6504,/T
2035-Jan-28 00:00,,,123.76371,20.21987,-0.243,6.037,141.818037,-25.279619,8.09743132600562,173.5550,/T
2035-Jan-29 00:00,,,123.67953,20.23948,-0.233,6.046,232.683818,-25.312703,8.09950879485495,172.4594,/T
2035-Jan-30 00:00,,,123.59565,20.25897,-0.225,6.054,323.547843,-25.345598,8.10190063374476,171.3638,/T
2035-Jan-31 00:00,,,123.51212,20.27832,-0.217,6.061,54.410070,-25.378287,8.10460613976164,170.2685,/T
2035-Feb-01 00:00,,,123.42901,20.29752,-0.211,6.067,145.270455,-25.410752,8.10762453474780,169.1736,/T
2035-Feb-02 00:00,,,123.34634,20.31657,-0.205,6.072,236.128955,-25.442976,8.11095492181872,168.0793,/T
2035-Feb-03 00:00,,,123.26418,20.33545,-0.199,6.076,326.985528,-25.474940,8.11459633511553,166.9855,/T
2035-Feb-04 00:00,,,123.18257,20.35416,-0.194,6.080,57.840130,-25.506629,8.11854753914633,165.8925,/T
2035-Feb-05 00:00,,,123.10156,20.37268,-0.189,6.084,148.692722,-25.538024,8.12280714881996,164.8002,/T
2035-Feb-06 00:00,,,123.02119,20.39101,-0.184,6.087,239.543261,-25.569108,8.12737361393101,163.7088,/T
2035-Feb-07 00:00,,,122.94151,20.40915,-0.180,6.091,330.391707,-25.599866,8.13224515363483,162.6183,/T
2035-Feb-08 00:00,,,122.86256,20.42707,-0.175,6.094,61.238024,-25.630282,8.13741977631508,161.5288,/T
2035-Feb-09 00:00,,,122.78439,20.44478,-0.171,6.097,152.082171,-25.660339,8.14289523040540,160.4404,/T
2035-Feb-10 00:00,,,122.70704,20.46226,-0.166,6.100,242.924117,-25.690024,8.14866903550709,159.3532,/T
2035-Feb-11 00:00,,m,122.63058,20.47951,-0.161,6.102,333.763827,-25.719321,8.15473857175320,158.2672,/T
2035-Feb-12 00:00,,m,122.55503,20.49650,-0.157,6.105,64.601271,-25.748216,8.16110099597927,157.1825,/T
2035-Feb-13 00:00,,m,122.48046,20.51325,-0.152,6.108,155.436419,-25.776697,8.16775323065130,156.0992,/T
2035-Feb-14 00:00,A,m,122.40691,20.52973,-0.148,6.111,246.269245,-25.804749,8.17469211818626,155.0173,/T
2035-Feb-15 00:00,A,m,122.33443,20.54594,-0.143,6.113,337.099725,-25.832361,8.18191435930198,153.9369,/T
2035-Feb-16 00:00,A,m,122.26305,20.56187,-0.138,6.116,67.927837,-25.859520,8.18941666963675,152.8581,/T
2035-Feb-17 00:00,A,m,122.19282,20.57753,-0.134,6.118,158.753559,-25.886214,8.19719569303787,151.7808,/T
2035-Feb-18 00:00,A,m,122.12377,20.59291,-0.129,6.121,249.576872,-25.912432,8.20524802569846,150.7052,/T
2035-Feb-19 00:00,A,m,122.05591,20.60800,-0.124,6.123,340.397757,-25.938164,8.21357029979571,149.6312,/T
2035-Feb-20 00:00,A,m,121.98929,20.62280,-0.119,6.126,71.216197,-25.963399,8.22215919747158,148.5588,/T
2035-Feb-21 00:00,A,m,121.92392,20.63731,-0.115,6.128,162.032174,-25.988127,8.23101134692818,147.4882,/T
2035-Feb-22 00:00,A,m,121.85984,20.65152,-0.110,6.131,252.845671,-26.012338,8.24012340584518,146.4193,/T
2035-Feb-23 00:00,A,m,121.79709,20.66541,-0.105,6.133,343.656674,-26.036023,8.24949195001117,145.3522,/T
2035-Feb-24 00:00,A,,121.73569,20.67899,-0.100,6.135,74.465166,-26.059174,8.25911356480806,144.2868,/T
2035-Feb-25 00:00,A,,121.67568,20.69225,-0.095,6.138,165.271134,-26.081781,8.26898483013228,143.2232,/T
2035-Feb-26 00:00,A,,121.61711,20.70517,-0.090,6.140,256.074562,-26.103835,8.27910217541327,142.1614,/T
2035-Feb-27 00:00,A,,121.56000,20.71777,-0.085,6.142,346.875438,-26.125330,8.28946195181843,141.1013,/T
2035-Feb-28 00:00,A,,121.50438,20.73003,-0.080,6.144,77.673752,-26.146255,8.30006042922259,140.0432,/T
2035-Mar-01 00:00,A,,121.45029,20.74195,-0.075,6.146,168.469491,-26.166604,8.31089380227007,138.9869,/T
2035-Mar-02 00:00,A,,121.39775,20.75354,-0.070,6.149,259.262647,-26.186369,8.32195821408044,137.9325,/T
2035-Mar-03 00:00,A,,121.34679,20.76478,-0.064,6.151,350.053211,-26.205542,8.33324971499047,136.8800,/T
2035-Mar-04 00:00,A,,121.29743,20.77567,-0.059,6.153,80.841177,-26.224117,8.34476424587384,135.8295,/T
2035-Mar-05 00:00,A,,121.24969,20.78622,-0.054,6.155,171.626538,-26.242085,8.35649780770557,134.7810,/T
2035-Mar-06 00:00,A,,121.20360,20.79641,-0.049,6.157,262.409287,-26.259439,8.36844628100596,133.7345,/T
2035-Mar-07 00:00,A,,121.15918,20.80625,-0.044,6.159,353.189421,-26.276173,8.38060546688302,132.6901,/T
2035-Mar-08 00:00,A,,121.11644,20.81573,-0.038,6.161,83.966935,-26.292281,8.39297101215757,131.6477,/T
2035-Mar-09 00:00,A,,121.07542,20.82485,-0.033,6.163,174.741827,-26.307755,8.40553840513683,130.6075,/T
2035-Mar-10 00:00,A,,121.03613,20.83360,-0.028,6.165,265.514096,-26.322592,8.41830301433832,129.5695,/T
2035-Mar-11 00:00,A,,120.99860,20.84197,-0.023,6.166,356.283744,-26.336785,8.43126005806789,128.5337,/T
2035-Mar-12 00:00,A,m,120.96286,20.84997,-0.017,6.168,87.050772,-26.350330,8.44440451086757,127.5002,/T
2035-Mar-13 00:00,A,m,120.92893,20.85760,-0.012,6.170,177.815189,-26.363224,8.45773126545932,126.4689,/T
2035-Mar-14 00:00,A,m,120.89683,20.86484,-0.007,6.172,268.577000,-26.375463,8.47123512145181,125.4400,/T
2035-Mar-15 00:00,N,m,120.86658,20.87171,-0.001,6.173,359.336217,-26.387045,8.48491083402990,124.4135,/T
2035-Mar-16 00:00,N,m,120.83819,20.87819,0.004,6.175,90.092852,-26.397967,8.49875318672123,123.3893,/T
2035-Mar-17 00:00,N,m,120.81166,20.88431,0.009,6.177,180.846918,-26.408228,8.51275691638712,122.3676,/T
2035-Mar-18 00:00,N,m,120.78701,20.89005,0.014,6.178,271.598432,-26.417826,8.52691689056834,121.3483,/T
2035-Mar-19 00:00,N,m,120.76422,20.89542,0.020,6.180,2.347410,-26.426759,8.54122813117706,120.3314,/T
2035-Mar-20 00:00,N,m,120.74331,20.90042,0.025,6.182,93.093868,-26.435027,8.55568577641133,119.3169,/T
2035-Mar-21 00:00,N,m,120.72426,20.90504,0.030,6.183,183.837823,-26.442628,8.57028507781298,118.3049,/T
2035-Mar-22 00:00,N,m,120.70709,20.90928,0.035,6.184,274.579292,-26.449561,8.58502141861374,117.2952,/T
2035-Mar-23 00:00,N,m,120.69181,20.91315,0.041,6.186,5.318292,-26.455825,8.59989023135031,116.2880,/T
2035-Mar-24 00:00,N,m,120.67842,20.91662,0.046,6.187,96.054838,-26.461419,8.61488709602143,115.2831,/T
2035-Mar-25 00:00,N,,120.66694,20.91972,0.051,6.189,186.788947,-26.466340,8.63000751134154,114.2807,/T
2035-Mar-26 00:00,N,,120.65737,20.92242,0.056,6.190,277.520634,-26.470590,8.64524693495512,113.2806,/T
2035-Mar-27 00:00,N,,120.64972,20.92475,0.061,6.191,8.249917,-26.474166,8.66060080869393,112.2829,/T
2035-Mar-28 00:00,N,,120.64400,20.92669,0.067,6.192,98.976813,-26.477069,8.67606452396382,111.2875,/T
2035-Mar-29 00:00,N,,120.64021,20.92824,0.072,6.194,189.701341,-26.479297,8.69163342073034,110.2944,/T
2035-Mar-30 00:00,N,,120.63835,20.92942,0.077,6.195,280.423519,-26.480851,8.70730277434800,109.3038,/T
2035-Mar-31 00:00,N,,120.63842,20.93021,0.082,6.196,11.143367,-26.481731,8.72306774832538,108.3154,/T
2035-Apr-01 00:00,N,,120.64042,20.93063,0.087,6.197,101.860908,-26.481937,8.73892353570637,107.3294,/T
2035-Apr-02 00:00,N,,120.64435,20.93067,0.092,6.198,192.576163,-26.481469,8.75486532423846,106.3457,/T
2035-Apr-03 00:00,N,,120.65021,20.93033,0.097,6.199,283.289154,-26.480327,8.77088822058929,105.3644,/T
2035-Apr-04 00:00,N,,120.65798,20.92962,0.102,6.200,13.999906,-26.478512,8.78698736316525,104.3853,/T
2035-Apr-05 00:00,N,,120.66767,20.92853,0.107,6.201,104.708443,-26.476024,8.80315783361701,103.4087,/T
2035-Apr-06 00:00,N,,120.67928,20.92705,0.112,6.202,195.414791,-26.472864,8.81939475789695,102.4344,/T
2035-Apr-07 00:00,N,,120.69280,20.92520,0.117,6.203,286.118974,-26.469031,8.83569323949929,101.4624,/T
2035-Apr-08 00:00,N,,120.70824,20.92296,0.122,6.204,16.821018,-26.464526,8.85204827180857,100.4928,/T
2035-Apr-09 00:00,N,,120.72560,20.92034,0.127,6.204,107.520953,-26.459352,8.86845475474601,99.5256,/T
2035-Apr-10 00:00,N,m,120.74487,20.91733,0.131,6.205,198.218806,-26.453508,8.88490759485314,98.5607,/T
2035-Apr-11 00:00,N,m,120.76607,20.91394,0.136,6.206,288.914609,-26.446998,8.90140161339603,97.5983,/T
2035-Apr-12 00:00,N,m,120.78918,20.91018,0.141,6.207,19.608391,-26.439823,8.91793168716212,96.6383,/T
2035-Apr-13 00:00,C,m,120.81419,20.90604,0.145,6.207,110.300188,-26.431987,8.93449266888534,95.6808,/T
2035-Apr-14 00:00,C,m,120.84107,20.90154,0.150,6.208,200.990032,-26.423492,8.95107949860744,94.7256,/T
2035-Apr-15 00:00,C,m,120.86982,20.89667,0.155,6.208,291.677958,-26.414341,8.96768730317701,93.7729,/T
2035-Apr-16 00:00,C,m,120.90042,20.89143,0.159,6.209,22.364000,-26.404539,8.98431130963340,92.8226,/T
2035-Apr-17 00:00,C,m,120.93284,20.88584,0.164,6.209,113.048193,-26.394089,9.00094684592803,91.8747,/T
2035-Apr-18 00:00,C,m,120.96708,20.87988,0.168,6.210,203.730572,-26.382994,9.01758938895304,90.9292,/T
2035-Apr-19 00:00,C,m,121.00312,20.87355,0.173,6.210,294.411170,-26.371257,9.03423453888641,89.9859,/T
2035-Apr-20 00:00,C,m,121.04095,20.86686,0.177,6.211,25.090023,-26.358881,9.05087806938510,89.0451,/T
2035-Apr-21 00:00,C,m,121.08057,20.85980,0.181,6.211,115.767162,-26.345870,9.06751588584033,88.1065,/T
2035-Apr-22 00:00,C,m,121.12197,20.85239,0.186,6.212,206.442620,-26.332226,9.08414389691607,87.1701,/T
2035-Apr-23 00:00,C,m,121.16513,20.84460,0.190,6.212,297.116429,-26.317951,9.10075816434096,86.2360,/T
2035-Apr-24 00:00,C,,121.21005,20.83646,0.194,6.212,27.788620,-26.303047,9.11735476872802,85.3040,/T
2035-Apr-25 00:00,C,,121.25671,20.82796,0.198,6.212,118.459223,-26.287518,9.13392980959558,84.3743,/T
2035-Apr-26 00:00,C,,121.30510,20.81910,0.202,6.213,209.128270,-26.271366,9.15047934624950,83.4466,/T
2035-Apr-27 00:00,C,,121.35521,20.80988,0.207,6.213,299.795790,-26.254593,9.16699936739013,82.5211,/T
2035-Apr-28 00:00,C,,121.40702,20.80032,0.211,6.213,30.461815,-26.237201,9.18348582335832,81.5977,/T
2035-Apr-29 00:00,C,,121.46052,20.79040,0.214,6.213,121.126376,-26.219195,9.19993470763814,80.6763,/T
2035-Apr-30 00:00,C,,121.51568,20.78014,0.218,6.213,211.789505,-26.200577,9.21634188828822,79.7570,/T
2035-May-01 00:00,C,,121.57250,20.76953,0.222,6.213,302.451234,-26.181349,9.23270321616590,78.8397,/T
2035-May-02 00:00,C,,121.63096,20.75858,0.226,6.213,33.111596,-26.161516,9.24901450392317,77.9244,/T
2035-May-03 00:00,C,,121.69105,20.74728,0.230,6.213,123.770625,-26.141080,9.26527154067143,77.0111,/T
2035-May-04 00:00,C,,121.75275,20.73563,0.234,6.213,214.428354,-26.120044,9.28147015063558,76.0997,/T
2035-May-05 00:00,C,,121.81604,20.72364,0.237,6.213,305.084818,-26.098413,9.29760607913524,75.1903,/T
2035-May-06 00:00,C,,121.88093,20.71130,0.241,6.213,35.740054,-26.076189,9.31367504319069,74.2829,/T
2035-May-07 00:00,C,,121.94740,20.69861,0.244,6.213,126.394097,-26.053376,9.32967283048276,73.3774,/T
2035-May-08 00:00,C,,122.01544,20.68558,0.248,6.213,217.046984,-26.029978,9.34559526955820,72.4739,/T
2035-May-09 00:00,C,m,122.08503,20.67221,0.251,6.212,307.698753,-26.005998,9.36143822377928,71.5723,/T
2035-May-10 00:00,*,m,122.15616,20.65851,0.255,6.212,38.349440,-25.981441,9.37719766295045,70.6726,/T
2035-May-11 00:00,*,m,122.22880,20.64447,0.258,6.212,128.999083,-25.956312,9.39286959137809,69.7749,/T
2035-May-12 00:00,*,m,122.30291,20.63011,0.261,6.212,219.647721,-25.930614,9.40845024636114,68.8791,/T
2035-May-13 00:00,*,m,122.37848,20.61543,0.264,6.211,310.295390,-25.904352,9.42393597581688,67.9853,/T
2035-May-14 00:00,*,m,122.45547,20.60042,0.267,6.211,40.942126,-25.877532,9.43932322067896,67.0933,/T
2035-May-15 00:00,*,m,122.53387,20.58510,0.271,6.211,131.587965,-25.850158,9.45460853682989,66.2033,/T
2035-May-16 00:00,*,m,122.61366,20.56945,0.274,6.210,222.232944,-25.822235,9.46978859625002,65.3151,/T
2035-May-17 00:00,*,m,122.69483,20.55347,0.277,6.210,312.877095,-25.793768,9.48486015252978,64.4287,/T
2035-May-18 00:00,*,m,122.77736,20.53718,0.279,6.210,43.520455,-25.764761,9.49982008040878,63.5442,/T
2035-May-19 00:00,*,m,122.86123,20.52057,0.282,6.209,134.163056,-25.735219,9.51466522456602,62.6613,/T
2035-May-20 00:00,*,m,122.94643,20.50364,0.285,6.209,224.804933,-25.705146,9.52939251629909,61.7803,/T
2035-May-21 00:00,*,m,123.03294,20.48640,0.288,6.208,315.446118,-25.674547,9.54399900867887,60.9009,/T
2035-May-22 00:00,*,m,123.12075,20.46884,0.290,6.208,46.086643,-25.643426,9.55848178531456,60.0231,/T
2035-May-23 00:00,*,,123.20983,20.45098,0.293,6.207,136.726542,-25.611787,9.57283801961210,59.1470,/T
2035-May-24 00:00,*,,123.30017,20.43281,0.296,6.206,227.365845,-25.579633,9.58706489411765,58.2724,/T
2035-May-25 00:00,*,,123.39174,20.41434,0.298,6.206,318.004582,-25.546969,9.60115963955512,57.3993,/T
2035-May-26 00:00,*,,123.48452,20.39557,0.301,6.205,48.642785,-25.513797,9.61511955608467,56.5278,/T
2035-May-27 00:00,*,,123.57850,20.37650,0.303,6.204,139.280483,-25.480122,9.62894191140295,55.6577,/T
2035-May-28 00:00,*,,123.67365,20.35713,0.305,6.204,229.917705,-25.445948,9.64262386668733,54.7891,/T
2035-May-29 00:00,*,,123.76996,20.33747,0.307,6.203,320.554482,-25.411278,9.65616260663923,53.9219,/T
2035-May-30 00:00,*,,123.86741,20.31751,0.310,6.202,51.190843,-25.376117,9.66955521826500,53.0560,/T
2035-May-31 00:00,*,,123.96597,20.29726,0.312,6.202,141.826818,-25.340468,9.68279880249739,52.1915,/T
2035-Jun-01 00:00,*,,124.06565,20.27671,0.314,6.201,232.462438,-25.304337,9.69589036467200,51.3283,/T
2035-Jun-02 00:00,*,,124.16642,20.25588,0.316,6.200,323.097735,-25.267727,9.70882681164737,50.4665,/T
2035-Jun-03 00:00,*,,124.26827,20.23475,0.318,6.199,53.732741,-25.230644,9.72160504715739,49.6059,/T
2035-Jun-04 00:00,*,,124.37120,20.21332,0.320,6.199,144.367489,-25.193093,9.73422198596689,48.7465,/T
2035-Jun-05 00:00,*,,124.47518,20.19162,0.322,6.198,235.002013,-25.155079,9.74667450528331,47.8884,/T
2035-Jun-06 00:00,*,,124.58019,20.16963,0.323,6.197,325.636346,-25.116606,9.75895956725167,47.0316,/T
2035-Jun-07 00:00,*,m,124.68622,20.14737,0.325,6.196,56.270525,-25.077682,9.77107421571309,46.1761,/T
2035-Jun-08 00:00,*,m,124.79323,20.12484,0.327,6.195,146.904585,-25.038312,9.78301570617918,45.3217,/T
2035-Jun-09 00:00,*,m,124.90118,20.10205,0.328,6.194,237.538559,-24.998501,9.79478157838935,44.4686,/T
2035-Jun-10 00:00,*,m,125.01005,20.07899,0.330,6.193,328.172480,-24.958255,9.80636949508173,43.6167,/T
2035-Jun-11 00:00,*,m,125.11982,20.05567,0.331,6.192,58.806380,-24.917579,9.81777732325185,42.7661,/T
2035-Jun-12 00:00,*,m,125.23046,20.03209,0.333,6.191,149.440289,-24.876480,9.82900307210601,41.9166,/T
2035-Jun-13 00:00,*,m,125.34196,20.00825,0.334,6.190,240.074237,-24.834963,9.84004486037377,41.0683,/T
2035-Jun-14 00:00,*,m,125.45431,19.98415,0.335,6.189,330.708251,-24.793033,9.85090087224146,40.2211,/T
2035-Jun-15 00:00,*,m,125.56748,19.95979,0.337,6.188,61.342359,-24.750695,9.86156929938413,39.3750,/T
2035-Jun-16 00:00,*,m,125.68147,19.93518,0.338,6.187,151.976588,-24.707956,9.87204828709877,38.5300,/T
2035-Jun-17 00:00,*,m,125.79626,19.91031,0.339,6.186,242.610965,-24.664820,9.88233610472161,37.6860,/T
2035-Jun-18 00:00,*,m,125.91182,19.88520,0.340,6.185,333.245516,-24.621293,9.89243097849049,36.8431,/T
2035-Jun-19 00:00,*,m,126.02815,19.85984,0.341,6.184,63.880268,-24.577380,9.90233114627041,36.0010,/T
2035-Jun-20 00:00,*,m,126.14523,19.83424,0.342,6.183,154.515246,-24.533087,9.91203484251923,35.1600,/T
2035-Jun-21 00:00,*,,126.26302,19.80841,0.343,6.182,245.150476,-24.488418,9.92154030420969,34.3198,/T
2035-Jun-22 00:00,*,,126.38152,19.78234,0.343,6.181,335.785985,-24.443380,9.93084585046995,33.4804,/T
2035-Jun-23 00:00,*,,126.50070,19.75605,0.344,6.180,66.421797,-24.397978,9.93994984906632,32.6419,/T
2035-Jun-24 00:00,*,,126.62053,19.72953,0.345,6.178,157.057938,-24.352215,9.94885063165426,31.8041,/T
2035-Jun-25 00:00,*,,126.74101,19.70279,0.345,6.177,247.694433,-24.306099,9.95754659863016,30.9671,/T
2035-Jun-26 00:00,*,,126.86210,19.67583,0.346,6.176,338.331305,-24.259632,9.96603618731100,30.1307,/T
2035-Jun-27 00:00,*,,126.98380,19.64864,0.346,6.175,68.968579,-24.212821,9.97431781307689,29.2951,/T
2035-Jun-28 00:00,*,,127.10609,19.62124,0.347,6.174,159.606279,-24.165671,9.98238990317402,28.4600,/T
2035-Jun-29 00:00,*,,127.22895,19.59361,0.347,6.172,250.244428,-24.118186,9.99025073272697,27.6256,/T
2035-Jun-30 00:00,*,,127.35238,19.56577,0.348,6.171,340.883051,-24.070373,9.99789856432537,26.7917,/T
2035-Jul-01 00:00,*,,127.47637,19.53771,0.348,6.170,71.522172,-24.022237,10.0053316369760,25.9584,/T
2035-Jul-02 00:00,*,,127.60089,19.50945,0.348,6.169,162.161818,-23.973785,10.0125481244535,25.1256,/T
2035-Jul-03 00:00,*,,127.72594,19.48098,0.348,6.167,252.802015,-23.925022,10.0195461483811,24.2934,/T
2035-Jul-04 00:00,*,,127.85150,19.45231,0.348,6.166,343.442789,-23.875956,10.0263238729701,23.4616,/T
2035-Jul-05 00:00,*,,127.97754,19.42344,0.348,6.165,74.084169,-23.826594,10.0328795014813,22.6304,/T
2035-Jul-06 00:00,*,m,128.10402,19.39440,0.348,6.163,164.726182,-23.776944,10.0392114689598,21.7996,/T
2035-Jul-07 00:00,*,m,128.23093,19.36517,0.348,6.162,255.368856,-23.727011,10.0453183185634,20.9693,/T
2035-Jul-08 00:00,*,m,128.35823,19.33577,0.348,6.160,346.012218,-23.676805,10.0511987733363,20.1396,/T
2035-Jul-09 00:00,*,m,128.48590,19.30620,0.347,6.159,76.656293,-23.626332,10.0568518163991,19.3103,/T
2035-Jul-10 00:00,*,m,128.61392,19.27645,0.347,6.157,167.301107,-23.575600,10.0622766227580,18.4814,/T
2035-Jul-11 00:00,*,m,128.74227,19.24652,0.346,6.156,257.946683,-23.524615,10.0674725406116,17.6531,/T
2035-Jul-12 00:00,*,m,128.87096,19.21643,0.345,6.154,348.593041,-23.473384,10.0724390193890,16.8251,/T
2035-Jul-13 00:00,*,m,128.99995,19.18617,0.345,6.152,79.240202,-23.421914,10.0771755224715,15.9976,/T
2035-Jul-14 00:00,*,m,129.12923,19.15575,0.344,6.150,169.888188,-23.370211,10.0816815931245,15.1704,/T
2035-Jul-15 00:00,*,m,129.25880,19.12517,0.342,6.148,260.537015,-23.318281,10.0859568183984,14.3437,/T
2035-Jul-16 00:00,*,m,129.38862,19.09444,0.341,6.146,351.186704,-23.266132,10.0900006894750,13.5173,/T
2035-Jul-17 00:00,*,m,129.51869,19.06356,0.340,6.144,81.837271,-23.213768,10.0938127219760,12.6912,/T
2035-Jul-18 00:00,*,m,129.64898,19.03254,0.338,6.141,172.488735,-23.161199,10.0973923545643,11.8654,/T
2035-Jul-19 00:00,*,m,129.77948,19.00138,0.336,6.139,263.141116,-23.108429,10.1007390592267,11.0399,/T
2035-Jul-20 00:00,*,m,129.91017,18.97009,0.333,6.136,353.794430,-23.055466,10.1038523035131,10.2148,/T
2035-Jul-21 00:00,*,,130.04102,18.93867,0.330,6.132,84.448695,-23.002316,10.1067314828555,9.3899,/T
2035-Jul-22 00:00,*,,130.17203,18.90712,0.326,6.128,175.103931,-22.948988,10.1093759484198,8.5654,/T
2035-Jul-23 00:00,*,,130.30316,18.87546,0.322,6.123,265.760155,-22.895486,10.1117851217446,7.7413,/T
2035-Jul-24 00:00,*,,130.43441,18.84368,0.317,6.118,356.417387,-22.841818,10.1139583859305,6.9176,/T
2035-Jul-25 00:00,*,,130.56575,18.81178,0.311,6.112,87.075645,-22.787992,10.1158951815304,6.0946,/T
2035-Jul-26 00:00,*,,130.69718,18.77977,0.304,6.104,177.734948,-22.734014,10.1175949199267,5.2725,/T
2035-Jul-27 00:00,*,,130.82869,18.74765,0.296,6.096,268.395315,-22.679891,10.1190570184868,4.4519,/T
2035-Jul-28 00:00,*,,130.96025,18.71542,0.286,6.085,359.056764,-22.625629,10.1202809965758,3.6339,/T
2035-Jul-29 00:00,*,,131.09187,18.68309,0.273,6.073,89.719315,-22.571238,10.1212663426499,2.8206,/T
2035-Jul-30 00:00,*,,131.22353,18.65067,0.259,6.058,180.382985,-22.516723,10.1220125101151,2.0184,/T
2035-Jul-31 00:00,*,,131.35523,18.61817,0.242,6.042,271.047794,-22.462093,10.1225189621006,1.2488,/T
2035-Aug-01 00:00,*,,131.48692,18.58569,0.228,6.027,1.713763,-22.407356,10.1227851842646,0.6435,/T
2035-Aug-02 00:00,*,,131.61835,18.55301,0.234,6.033,92.380911,-22.352521,10.1228107494841,0.7994,/L
2035-Aug-03 00:00,*,,131.74993,18.52019,0.252,6.052,183.049257,-22.297596,10.1225953626414,1.4952,/L
2035-Aug-04 00:00,*,m,131.88143,18.48736,0.270,6.070,273.718822,-22.242591,10.1221387531678,2.2815,/L
2035-Aug-05 00:00,*,m,132.01282,18.45449,0.286,6.086,4.389626,-22.187515,10.1214408843702,3.0902,/L
2035-Aug-06 00:00,*,m,132.14408,18.42158,0.299,6.099,95.061686,-22.132377,10.1205018645478,3.9076,/L
2035-Aug-07 00:00,*,m,132.27519,18.38861,0.311,6.111,185.735021,-22.077186,10.1193219524045,4.7294,/L
2035-Aug-08 00:00,*,m,132.40615,18.35559,0.320,6.121,276.409648,-22.021951,10.1179015149184,5.5538,/L
2035-Aug-09 00:00,*,m,132.53693,18.32254,0.329,6.130,7.085581,-21.966681,10.1162409879639,6.3798,/L
2035-Aug-10 00:00,*,m,132.66754,18.28944,0.336,6.138,97.762838,-21.911384,10.1143409002725,7.2072,/L
2035-Aug-11 00:00,*,m,132.79794,18.25631,0.343,6.145,188.441432,-21.856070,10.1122019532629,8.0356,/L
2035-Aug-12 00:00,C,m,132.92812,18.22316,0.349,6.152,279.121376,-21.800746,10.1098248422031,8.8648,/L
2035-Aug-13 00:00,C,m,133.05807,18.18999,0.354,6.157,9.802685,-21.745420,10.1072103118074,9.6949,/L
2035-Aug-14 00:00,C,m,133.18776,18.15680,0.358,6.163,100.485370,-21.690100,10.1043591464442,10.5256,/L
2035-Aug-15 00:00,C,m,133.31718,18.12361,0.363,6.168,191.169442,-21.634795,10.1012721184487,11.3570,/L
2035-Aug-16 00:00,C,m,133.44631,18.09042,0.367,6.172,281.854914,-21.579513,10.0979500493165,12.1892,/L
2035-Aug-17 00:00,C,m,133.57512,18.05723,0.370,6.177,12.541796,-21.524262,10.0943936619575,13.0220,/L
2035-Aug-18 00:00,C,m,133.70360,18.02405,0.373,6.181,103.230098,-21.469049,10.0906036100124,13.8556,/L
2035-Aug-19 00:00,C,m,133.83174,17.99089,0.377,6.185,193.919834,-21.413885,10.0865805500902,14.6898,/L
2035-Aug-20 00:00,C,,133.95951,17.95774,0.379,6.189,284.611013,-21.358777,10.0823251077033,15.5248,/L
2035-Aug-21 00:00,C,,134.08691,17.92462,0.382,6.192,15.303648,-21.303734,10.0778378205165,16.3606,/L
2035-Aug-22 00:00,C,,134.21392,17.89153,0.385,6.196,105.997750,-21.248765,10.0731192164592,17.1972,/L
2035-Aug-23 00:00,C,,134.34053,17.85847,0.387,6.200,196.693334,-21.193879,10.0681697093140,18.0346,/L
2035-Aug-24 00:00,C,,134.46672,17.82545,0.390,6.203,287.390412,-21.139085,10.0629898006698,18.8729,/L
2035-Aug-25 00:00,C,,134.59249,17.79247,0.392,6.207,18.088998,-21.084393,10.0575800035073,19.7121,/L
2035-Aug-26 00:00,C,,134.71781,17.75954,0.394,6.210,108.789107,-21.029811,10.0519408340978,20.5522,/L
2035-Aug-27 00:00,C,,134.84268,17.72666,0.396,6.213,199.490754,-20.975350,10.0460728895869,21.3933,/L
2035-Aug-28 00:00,C,,134.96707,17.69385,0.398,6.217,290.193953,-20.921019,10.0399768880708,22.2353,/L
2035-Aug-29 00:00,C,,135.09096,17.66112,0.400,6.220,20.898718,-20.866829,10.0336536661821,23.0783,/L
2035-Aug-30 00:00,C,,135.21432,17.62846,0.402,6.223,111.605064,-20.812789,10.0271042362659,23.9224,/L
2035-Aug-31 00:00,N,,135.33711,17.59590,0.404,6.227,202.313003,-20.758911,10.0203296617862,24.7674,/L
2035-Sep-01 00:00,N,,135.45933,17.56344,0.405,6.230,293.022550,-20.705205,10.0133311431487,25.6135,/L
2035-Sep-02 00:00,N,,135.58094,17.53107,0.407,6.233,23.733715,-20.651681,10.0061100948701,26.4607,/L
2035-Sep-03 00:00,N,,135.70194,17.49881,0.408,6.236,114.446512,-20.598350,9.99866800586143,27.3088,/L
2035-Sep-04 00:00,N,m,135.82230,17.46666,0.410,6.239,205.160949,-20.545223,9.99100649470440,28.1580,/L
2035-Sep-05 00:00,N,m,135.94201,17.43463,0.411,6.242,295.877036,-20.492311,9.98312721046980,29.0083,/L
2035-Sep-06 00:00,N,m,136.06107,17.40272,0.413,6.245,26.594784,-20.439625,9.97503186469024,29.8596,/L
2035-Sep-07 00:00,N,m,136.17945,17.37093,0.414,6.249,117.314200,-20.387174,9.96672225965574,30.7120,/L
2035-Sep-08 00:00,N,m,136.29714,17.33929,0.415,6.252,208.035293,-20.334968,9.95820022444111,31.5655,/L
2035-Sep-09 00:00,N,m,136.41412,17.30778,0.416,6.255,298.758072,-20.283019,9.94946753547470,32.4200,/L
2035-Sep-10 00:00,N,m,136.53037,17.27643,0.417,6.258,29.482543,-20.231337,9.94052608646476,33.2757,/L
2035-Sep-11 00:00,N,m,136.64588,17.24524,0.418,6.261,120.208714,-20.179931,9.93137778537161,34.1326,/L
2035-Sep-12 00:00,N,m,136.76061,17.21422,0.419,6.264,210.936593,-20.128812,9.92202466191111,34.9906,/L
2035-Sep-13 00:00,N,m,136.87455,17.18338,0.420,6.266,301.666186,-20.077988,9.91246878358269,35.8498,/L
2035-Sep-14 00:00,N,m,136.98768,17.15271,0.420,6.269,32.397498,-20.027470,9.90271219841454,36.7103,/L
2035-Sep-15 00:00,N,m,137.09998,17.12223,0.421,6.272,123.130536,-19.977268,9.89275700934368,37.5720,/L
2035-Sep-16 00:00,N,m,137.21144,17.09195,0.422,6.275,213.865303,-19.927392,9.88260534182956,38.4350,/L
2035-Sep-17 00:00,N,m,137.32203,17.06186,0.422,6.278,304.601805,-19.877850,9.87225923497173,39.2993,/L
2035-Sep-18 00:00,N,m,137.43176,17.03198,0.423,6.281,35.340046,-19.828652,9.86172067843958,40.1649,/L
2035-Sep-19 00:00,A,m,137.54059,17.00230,0.423,6.283,126.080032,-19.779810,9.85099156697342,41.0320,/L
2035-Sep-20 00:00,A,,137.64853,16.97284,0.423,6.286,216.821770,-19.731333,9.84007374174165,41.9005,/L
2035-Sep-21 00:00,A,,137.75557,16.94359,0.424,6.289,307.565265,-19.683232,9.82896908700846,42.7704,/L
2035-Sep-22 00:00,A,,137.86169,16.91457,0.424,6.291,38.310525,-19.635517,9.81767936623412,43.6419,/L
2035-Sep-23 00:00,A,,137.96687,16.88579,0.424,6.294,129.057558,-19.588199,9.80620637083198,44.5149,/L
2035-Sep-24 00:00,A,,138.07109,16.85725,0.424,6.297,219.806372,-19.541290,9.79455195249996,45.3895,/L
2035-Sep-25 00:00,A,,138.17433,16.82897,0.424,6.299,310.556978,-19.494802,9.78271807626047,46.2656,/L
2035-Sep-26 00:00,A,,138.27657,16.80095,0.424,6.302,41.309383,-19.448746,9.77070685186208,47.1434,/L
2035-Sep-27 00:00,A,,138.37777,16.77321,0.424,6.304,132.063596,-19.403134,9.75852055386896,48.0229,/L
2035-Sep-28 00:00,A,,138.47790,16.74575,0.423,6.307,222.819627,-19.357978,9.74616158761294,48.9040,/L
2035-Sep-29 00:00,A,,138.57696,16.71857,0.423,6.309,313.577482,-19.313290,9.73363268077861,49.7867,/L
2035-Sep-30 00:00,A,,138.67491,16.69169,0.423,6.312,44.337167,-19.269080,9.72093672078905,50.6712,/L
2035-Oct-01 00:00,A,,138.77175,16.66511,0.422,6.314,135.098687,-19.225361,9.70807674461739,51.5573,/L
2035-Oct-02 00:00,A,,138.86745,16.63883,0.421,6.316,225.862045,-19.182143,9.69505590970992,52.4451,/L
2035-Oct-03 00:00,A,,138.96201,16.61286,0.421,6.319,316.627244,-19.139439,9.68187742245879,53.3346,/L
2035-Oct-04 00:00,A,m,139.05540,16.58720,0.420,6.321,47.394285,-19.097259,9.66854459065649,54.2258,/L
2035-Oct-05 00:00,A,m,139.14763,16.56187,0.419,6.323,138.163168,-19.055613,9.65506075451976,55.1187,/L
2035-Oct-06 00:00,A,m,139.23866,16.53687,0.418,6.325,228.933894,-19.014514,9.64142918305165,56.0133,/L
2035-Oct-07 00:00,A,m,139.32848,16.51221,0.418,6.328,319.706463,-18.973970,9.62765315480638,56.9096,/L
2035-Oct-08 00:00,,m,139.41707,16.48791,0.417,6.330,50.480874,-18.933994,9.61373598111873,57.8077,/L
2035-Oct-09 00:00,,m,139.50442,16.46396,0.415,6.332,141.257128,-18.894594,9.59968094094571,58.7075,/L
2035-Oct-10 00:00,,m,139.59049,16.44037,0.414,6.334,232.035224,-18.855783,9.58549137660595,59.6090,/L
2035-Oct-11 00:00,,m,139.67528,16.41716,0.413,6.336,322.815161,-18.817569,9.57117054524867,60.5123,/L
2035-Oct-12 00:00,,m,139.75877,16.39433,0.412,6.338,53.596939,-18.779964,9.55672177725408,61.4174,/L
2035-Oct-13 00:00,,m,139.84093,16.37188,0.410,6.340,144.380558,-18.742976,9.54214848954562,62.3243,/L
2035-Oct-14 00:00,,m,139.92175,16.34983,0.409,6.342,235.166015,-18.706617,9.52745412333468,63.2331,/L
2035-Oct-15 00:00,,m,140.00122,16.32817,0.407,6.343,325.953309,-18.670894,9.51264211164693,64.1437,/L
2035-Oct-16 00:00,,m,140.07932,16.30691,0.406,6.345,56.742439,-18.635818,9.49771591953648,65.0562,/L
2035-Oct-17 00:00,,m,140.15605,16.28605,0.404,6.347,147.533401,-18.601399,9.48267895449729,65.9706,/L
2035-Oct-18 00:00,,m,140.23140,16.26561,0.402,6.349,238.326195,-18.567645,9.46753467550781,66.8869,/L
2035-Oct-19 00:00,,m,140.30535,16.24558,0.400,6.350,329.120818,-18.534567,9.45228644724243,67.8053,/L
2035-Oct-20 00:00,,,140.37790,16.22597,0.398,6.352,59.917268,-18.502174,9.43693755795446,68.7256,/L
2035-Oct-21 00:00,,,140.44903,16.20679,0.396,6.353,150.715546,-18.470477,9.42149136172679,69.6481,/L
2035-Oct-22 00:00,,,140.51870,16.18806,0.394,6.355,241.515650,-18.439486,9.40595124565965,70.5726,/L
2035-Oct-23 00:00,,,140.58691,16.16977,0.392,6.356,332.317580,-18.409211,9.39032069700506,71.4992,/L
2035-Oct-24 00:00,,,140.65363,16.15195,0.390,6.358,63.121336,-18.379664,9.37460329907428,72.4279,/L
2035-Oct-25 00:00,,,140.71882,16.13460,0.388,6.359,153.926917,-18.350854,9.35880272083495,73.3588,/L
2035-Oct-26 00:00,,,140.78249,16.11772,0.385,6.361,244.734323,-18.322794,9.34292281503229,74.2919,/L
2035-Oct-27 00:00,,,140.84459,16.10132,0.383,6.362,335.543551,-18.295492,9.32696765820184,75.2272,/L
2035-Oct-28 00:00,,,140.90514,16.08539,0.380,6.363,66.354599,-18.268960,9.31094139994621,76.1646,/L
2035-Oct-29 00:00,,,140.96410,16.06996,0.378,6.364,157.167462,-18.243207,9.29484840406966,77.1042,/L
2035-Oct-30 00:00,,,141.02147,16.05502,0.375,6.365,247.982136,-18.218243,9.27869314274077,78.0460,/L
2035-Oct-31 00:00,,,141.07723,16.04057,0.372,6.366,338.798615,-18.194076,9.26248027156264,78.9899,/L
2035-Nov-01 00:00,,,141.13138,16.02662,0.369,6.367,69.616889,-18.170714,9.24621457123862,79.9360,/L
2035-Nov-02 00:00,,,141.18390,16.01319,0.367,6.368,160.436951,-18.148167,9.22990082338101,80.8843,/L
2035-Nov-03 00:00,,,141.23477,16.00026,0.364,6.369,251.258789,-18.126441,9.21354379529474,81.8348,/L
2035-Nov-04 00:00,,m,141.28399,15.98786,0.361,6.370,342.082392,-18.105545,9.19714832061294,82.7874,/L
2035-Nov-05 00:00,,m,141.33154,15.97599,0.357,6.371,72.907750,-18.085484,9.18071916948834,83.7421,/L
2035-Nov-06 00:00,,m,141.37739,15.96465,0.354,6.372,163.734848,-18.066267,9.16426109918821,84.6990,/L
2035-Nov-07 00:00,,m,141.42155,15.95385,0.351,6.372,254.563675,-18.047900,9.14777879445318,85.6581,/L
2035-Nov-08 00:00,,m,141.46400,15.94359,0.348,6.373,345.394219,-18.030389,9.13127686161205,86.6193,/L
2035-Nov-09 00:00,,m,141.50472,15.93388,0.344,6.373,76.226466,-18.013741,9.11475996975121,87.5827,/L
2035-Nov-10 00:00,,m,141.54371,15.92471,0.341,6.374,167.060403,-17.997962,9.09823271461015,88.5482,/L
2035-Nov-11 00:00,,m,141.58096,15.91610,0.337,6.374,257.896018,-17.983058,9.08169963277737,89.5159,/L
2035-Nov-12 00:00,,m,141.61646,15.90805,0.334,6.375,348.733297,-17.969033,9.06516523425093,90.4857,/L
2035-Nov-13 00:00,,m,141.65020,15.90055,0.330,6.375,79.572227,-17.955893,9.04863401517989,91.4578,/L
2035-Nov-14 00:00,,m,141.68220,15.89361,0.326,6.375,170.412796,-17.943644,9.03211047449352,92.4320,/L
2035-Nov-15 00:00,,m,141.71243,15.88722,0.323,6.376,261.254991,-17.932289,9.01559915474579,93.4085,/L
2035-Nov-16 00:00,,m,141.74091,15.88140,0.319,6.376,352.098797,-17.921834,8.99910449186493,94.3872,/L
2035-Nov-17 00:00,,m,141.76761,15.87614,0.315,6.376,82.944204,-17.912282,8.98263102275518,95.3682,/L
2035-Nov-18 00:00,,m,141.79253,15.87146,0.311,6.376,173.791197,-17.903639,8.96618333453745,96.3514,/L
2035-Nov-19 00:00,,,141.81565,15.86736,0.307,6.376,264.639763,-17.895908,8.94976608406214,97.3370,/L
2035-Nov-20 00:00,,,141.83695,15.86384,0.303,6.376,355.489887,-17.889095,8.93338401479546,98.3249,/L
2035-Nov-21 00:00,,,141.85643,15.86092,0.299,6.376,86.341556,-17.883204,8.91704193350047,99.3152,/L
2035-Nov-22 00:00,,,141.87406,15.85858,0.295,6.376,177.194753,-17.878239,8.90074475811888,100.3078,/L
2035-Nov-23 00:00,,,141.88984,15.85683,0.290,6.375,268.049462,-17.874203,8.88449758659258,101.3027,/L
2035-Nov-24 00:00,,,141.90377,15.85567,0.286,6.375,358.905666,-17.871100,8.86830553667194,102.3000,/L
2035-Nov-25 00:00,,,141.91585,15.85509,0.282,6.375,89.763345,-17.868933,8.85217377243810,103.2997,/L
2035-Nov-26 00:00,,,141.92608,15.85511,0.277,6.374,180.622479,-17.867704,8.83610754890215,104.3016,/L
2035-Nov-27 00:00,,,141.93445,15.85572,0.273,6.374,271.483050,-17.867415,8.82011213760496,105.3059,/L
2035-Nov-28 00:00,,,141.94098,15.85692,0.268,6.373,2.345034,-17.868067,8.80419293033009,106.3125,/L
2035-Nov-29 00:00,,,141.94564,15.85870,0.264,6.373,93.208408,-17.869660,8.78835529110701,107.3214,/L
2035-Nov-30 00:00,,,141.94845,15.86108,0.259,6.372,184.073151,-17.872195,8.77260460190978,108.3325,/L
2035-Dec-01 00:00,,,141.94941,15.86406,0.255,6.371,274.939235,-17.875671,8.75694632605864,109.3458,/L
2035-Dec-02 00:00,,,141.94849,15.86762,0.250,6.370,5.806636,-17.880085,8.74138597433262,110.3614,/L
2035-Dec-03 00:00,,m,141.94572,15.87178,0.245,6.370,96.675326,-17.885436,8.72592900597645,111.3791,/L
2035-Dec-04 00:00,,m,141.94108,15.87653,0.240,6.369,187.545276,-17.891721,8.71058088188389,112.3990,/L
2035-Dec-05 00:00,,m,141.93459,15.88187,0.236,6.368,278.416458,-17.898936,8.69534691947148,113.4211,/L
2035-Dec-06 00:00,,m,141.92623,15.88780,0.231,6.367,9.288840,-17.907079,8.68023244035039,114.4452,/L
2035-Dec-07 00:00,,m,141.91602,15.89431,0.226,6.365,100.162392,-17.916144,8.66524267759192,115.4714,/L
2035-Dec-08 00:00,,m,141.90397,15.90140,0.221,6.364,191.037083,-17.926128,8.65038269613467,116.4997,/L
2035-Dec-09 00:00,,m,141.89008,15.90906,0.216,6.363,281.912882,-17.937025,8.63565746035797,117.5301,/L
2035-Dec-10 00:00,,m,141.87438,15.91729,0.211,6.362,12.789758,-17.948830,8.62107182701803,118.5624,/L
2035-Dec-11 00:00,,m,141.85686,15.92609,0.206,6.360,103.667679,-17.961537,8.60663054218918,119.5968,/L
2035-Dec-12 00:00,,m,141.83756,15.93545,0.201,6.359,194.546613,-17.975140,8.59233826527680,120.6331,/L
2035-Dec-13 00:00,,m,141.81648,15.94536,0.196,6.358,285.426531,-17.989633,8.57819948316685,121.6715,/L
2035-Dec-14 00:00,,m,141.79363,15.95582,0.191,6.356,16.307402,-18.005009,8.56421858848669,122.7118,/L
2035-Dec-15 00:00,,m,141.76904,15.96683,0.186,6.355,107.189197,-18.021262,8.55040004314386,123.7541,/L
2035-Dec-16 00:00,,m,141.74268,15.97838,0.180,6.353,198.071887,-18.038385,8.53674827750148,124.7983,/L
2035-Dec-17 00:00,,m,141.71458,15.99049,0.175,6.351,288.955440,-18.056369,8.52326784369612,125.8446,/L
2035-Dec-18 00:00,,,141.68473,16.00313,0.170,6.349,19.839827,-18.075208,8.50996337320168,126.8928,/L
2035-Dec-19 00:00,,,141.65313,16.01631,0.165,6.348,110.725015,-18.094894,8.49683964109549,127.9430,/L
2035-Dec-20 00:00,,,141.61980,16.03002,0.160,6.346,201.610971,-18.115418,8.48390158005750,128.9952,/L
2035-Dec-21 00:00,,,141.58475,16.04425,0.155,6.344,292.497658,-18.136771,8.47115418362174,130.0493,/L
2035-Dec-22 00:00,,,141.54801,16.05898,0.149,6.342,23.385039,-18.158942,8.45860237841781,131.1053,/L
2035-Dec-23 00:00,,,141.50959,16.07422,0.144,6.340,114.273076,-18.181921,8.44625113878704,132.1633,/L
2035-Dec-24 00:00,,,141.46951,16.08995,0.139,6.338,205.161729,-18.205698,8.43410535696908,133.2231,/L
2035-Dec-25 00:00,,,141.42781,16.10617,0.134,6.336,296.050957,-18.230259,8.42216989365511,134.2847,/L
2035-Dec-26 00:00,,,141.38450,16.12286,0.128,6.333,26.940718,-18.255593,8.41044951715376,135.3481,/L
2035-Dec-27 00:00,,,141.33961,16.14002,0.123,6.331,117.830968,-18.281686,8.39894882421456,136.4132,/L
2035-Dec-28 00:00,,,141.29315,16.15765,0.118,6.329,208.721667,-18.308524,8.38767237195053,137.4800,/L
2035-Dec-29 00:00,,,141.24515,16.17573,0.113,6.327,299.612769,-18.336094,8.37662464624796,138.5485,/L
2035-Dec-30 00:00,,,141.19563,16.19426,0.107,6.324,30.504231,-18.364380,8.36581000791800,139.6185,/L
2035-Dec-31 00:00,,,141.14461,16.21322,0.102,6.322,121.396007,-18.393367,8.35523272623848,140.6900,/L
2036-Jan-01 00:00,,,141.09212,16.23261,0.097,6.319,212.288054,-18.423038,8.34489698286574,141.7630,/L
2036-Jan-02 00:00,,m,141.03818,16.25241,0.092,6.317,303.180325,-18.453376,8.33480687704289,142.8375,/L
2036-Jan-03 00:00,,m,140.98282,16.27262,0.087,6.314,34.072774,-18.484364,8.32496651638205,143.9133,/L
2036-Jan-04 00:00,,m,140.92607,16.29321,0.081,6.312,124.965352,-18.515984,8.31537978758152,144.9904,/L
2036-Jan-05 00:00,,m,140.86796,16.31418,0.076,6.309,215.858012,-18.548217,8.30605045868737,146.0687,/L
2036-Jan-06 00:00,,m,140.80854,16.33552,0.071,6.306,306.750707,-18.581044,8.29698214546628,147.1483,/L
2036-Jan-07 00:00,,m,140.74783,16.35720,0.066,6.303,37.643387,-18.614447,8.28817829106747,148.2290,/L
2036-Jan-08 00:00,,m,140.68589,16.37922,0.061,6.301,128.536005,-18.648406,8.27964214666945,149.3107,/L
2036-Jan-09 00:00,,m,140.62274,16.40156,0.056,6.298,219.428511,-18.682901,8.27137674166215,150.3935,/L
2036-Jan-10 00:00,,m,140.55843,16.42421,0.051,6.295,310.320861,-18.717914,8.26338485075760,151.4773,/L
2036-Jan-11 00:00,,m,140.49299,16.44716,0.046,6.292,41.213008,-18.753424,8.25566917221416,152.5621,/L
2036-Jan-12 00:00,,m,140.42647,16.47040,0.041,6.289,132.104905,-18.789413,8.24823224224340,153.6477,/L
2036-Jan-13 00:00,,m,140.35888,16.49391,0.036,6.286,222.996510,-18.825860,8.24107647643558,154.7342,/L
2036-Jan-14 00:00,,m,140.29024,16.51770,0.031,6.283,313.887778,-18.862747,8.23420428539150,155.8215,/L
2036-Jan-15 00:00,,m,140.22060,16.54174,0.026,6.280,44.778665,-18.900053,8.22761806758082,156.9096,/L
2036-Jan-16 00:00,,,140.14997,16.56603,0.022,6.276,135.669129,-18.937761,8.22132036743710,157.9985,/L
2036-Jan-17 00:00,,,140.07839,16.59055,0.017,6.273,226.559122,-18.975848,8.21531380445194,159.0882,/L
2036-Jan-18 00:00,,,140.00591,16.61528,0.012,6.270,317.448599,-19.014294,8.20960099800053,160.1785,/L
2036-Jan-19 00:00,,,139.93257,16.64020,0.007,6.266,48.337512,-19.053079,8.20418458934710,161.2693,/L
2036-Jan-20 00:00,,,139.85841,16.66530,0.002,6.263,139.225810,-19.092179,8.19906723158548,162.3608,/L
2036-Jan-21 00:00,,,139.78348,16.69056,-0.003,6.259,230.113445,-19.131573,8.19425144126290,163.4526,/L
2036-Jan-22 00:00,,,139.70782,16.71598,-0.008,6.256,321.000364,-19.171238,8.18973965107346,164.5448,/L
2036-Jan-23 00:00,,,139.63148,16.74153,-0.013,6.252,51.886514,-19.211150,8.18553402270526,165.6371,/L
2036-Jan-24 00:00,,,139.55450,16.76721,-0.018,6.247,142.771845,-19.251287,8.18163657608611,166.7296,/L
2036-Jan-25 00:00,,,139.47693,16.79300,-0.024,6.243,233.656304,-19.291624,8.17804918630831,167.8219,/L
2036-Jan-26 00:00,,,139.39880,16.81888,-0.029,6.238,324.539839,-19.332138,8.17477349480825,168.9138,/L
2036-Jan-27 00:00,,,139.32016,16.84485,-0.036,6.232,55.422399,-19.372806,8.17181091705818,170.0050,/L
2036-Jan-28 00:00,,,139.24106,16.87089,-0.042,6.226,146.303932,-19.413603,8.16916268371837,171.0952,/L
2036-Jan-29 00:00,,,139.16154,16.89698,-0.050,6.219,237.184389,-19.454505,8.16682981208274,172.1837,/L
2036-Jan-30 00:00,,,139.08165,16.92310,-0.059,6.211,328.063720,-19.495490,8.16481319806537,173.2694,/L
2036-Jan-31 00:00,,m,139.00144,16.94925,-0.068,6.202,58.941876,-19.536531,8.16311352214955,174.3509,/L
2036-Feb-01 00:00,,m,138.92094,16.97540,-0.080,6.190,149.818809,-19.577607,8.16173123687631,175.4248,/L
2036-Feb-02 00:00,,m,138.84022,17.00154,-0.094,6.177,240.694472,-19.618692,8.16066672921955,176.4844,/L
2036-Feb-03 00:00,,m,138.75933,17.02765,-0.110,6.161,331.568818,-19.659763,8.15992021264468,177.5113,/L
2036-Feb-04 00:00,,m,138.67832,17.05372,-0.127,6.144,62.441802,-19.700796,8.15949178321544,178.4401,/L
2036-Feb-05 00:00,,m,138.59724,17.07973,-0.139,6.132,153.313378,-19.741766,8.15938134283655,178.9623,/L
2036-Feb-06 00:00,,m,138.51614,17.10566,-0.130,6.140,244.183501,-19.782652,8.15958858212340,178.5433,/T
2036-Feb-07 00:00,,m,138.43507,17.13150,-0.113,6.157,335.052129,-19.823429,8.16011303865123,177.6409,/T
2036-Feb-08 00:00,,m,138.35409,17.15724,-0.097,6.173,65.919219,-19.864075,8.16095413110235,176.6230,/T
2036-Feb-09 00:00,,m,138.27322,17.18287,-0.084,6.186,156.784730,-19.904568,8.16211102621272,175.5689,/T
2036-Feb-10 00:00,,m,138.19251,17.20838,-0.073,6.197,247.648624,-19.944887,8.16358282049581,174.4998,/T
2036-Feb-11 00:00,,m,138.11200,17.23375,-0.063,6.206,338.510863,-19.985012,8.16536850463499,173.4234,/T
2036-Feb-12 00:00,,m,138.03172,17.25898,-0.055,6.214,69.371410,-20.024921,8.16746708191817,172.3429,/T
2036-Feb-13 00:00,,m,137.95172,17.28405,-0.048,6.220,160.230228,-20.064595,8.16987758598682,171.2603,/T
2036-Feb-14 00:00,A,,137.87203,17.30895,-0.041,6.226,251.087280,-20.104013,8.17259897772666,170.1764,/T
2036-Feb-15 00:00,A,,137.79271,17.33365,-0.035,6.231,341.942532,-20.143157,8.17563020370118,169.0920,/T
2036-Feb-16 00:00,A,,137.71381,17.35815,-0.030,6.235,72.795946,-20.182005,8.17897023566825,168.0073,/T
2036-Feb-17 00:00,A,,137.63538,17.38243,-0.025,6.239,163.647487,-20.220538,8.18261797043653,166.9227,/T
2036-Feb-18 00:00,A,,137.55746,17.40647,-0.020,6.243,254.497119,-20.258735,8.18657223196485,165.8384,/T
2036-Feb-19 00:00,A,,137.48011,17.43028,-0.015,6.246,345.344805,-20.296577,8.19083174190978,164.7545,/T
2036-Feb-20 00:00,A,,137.40335,17.45384,-0.011,6.250,76.190511,-20.334043,8.19539506513518,163.6713,/T
2036-Feb-21 00:00,A,,137.32723,17.47713,-0.006,6.253,167.034201,-20.371114,8.20026074747869,162.5888,/T
2036-Feb-22 00:00,A,,137.25181,17.50015,-0.002,6.256,257.875838,-20.407768,8.20542711505984,161.5072,/T
2036-Feb-23 00:00,A,,137.17710,17.52288,0.003,6.259,348.715391,-20.443988,8.21089230035959,160.4265,/T
2036-Feb-24 00:00,A,,137.10317,17.54532,0.007,6.261,79.552825,-20.479754,8.21665424268732,159.3468,/T
2036-Feb-25 00:00,A,,137.03004,17.56745,0.011,6.264,170.388109,-20.515047,8.22271069413457,158.2682,/T
2036-Feb-26 00:00,A,,136.95777,17.58926,0.016,6.267,261.221212,-20.549849,8.22905921896702,157.1909,/T
2036-Feb-27 00:00,A,,136.88639,17.61075,0.020,6.269,352.052105,-20.584143,8.23569720774016,156.1148,/T
2036-Feb-28 00:00,A,,136.81595,17.63189,0.025,6.272,82.880760,-20.617911,8.24262174750093,155.0400,/T
2036-Feb-29 00:00,A,m,136.74649,17.65268,0.029,6.275,173.707153,-20.651137,8.24982980626484,153.9667,/T
2036-Mar-01 00:00,A,m,136.67805,17.67311,0.034,6.277,264.531260,-20.683805,8.25731818989096,152.8948,/T
2036-Mar-02 00:00,A,m,136.61067,17.69316,0.039,6.280,355.353059,-20.715898,8.26508352441533,151.8246,/T
2036-Mar-03 00:00,A,m,136.54441,17.71283,0.043,6.282,86.172531,-20.747403,8.27312231737050,150.7559,/T
2036-Mar-04 00:00,A,m,136.47930,17.73211,0.048,6.285,176.989658,-20.778304,8.28143092050642,149.6889,/T
2036-Mar-05 00:00,A,m,136.41537,17.75099,0.053,6.287,267.804426,-20.808589,8.29000565446066,148.6236,/T
2036-Mar-06 00:00,A,m,136.35265,17.76946,0.058,6.289,358.616820,-20.838242,8.29884284836092,147.5601,/T
2036-Mar-07 00:00,A,m,136.29119,17.78752,0.062,6.292,89.426827,-20.867252,8.30793875145771,146.4984,/T
2036-Mar-08 00:00,A,m,136.23099,17.80517,0.067,6.294,180.234435,-20.895607,8.31728956379308,145.4386,/T
2036-Mar-09 00:00,A,m,136.17208,17.82240,0.072,6.296,271.039635,-20.923295,8.32689153381369,144.3806,/T
2036-Mar-10 00:00,A,m,136.11449,17.83920,0.077,6.299,1.842418,-20.950305,8.33674087497696,143.3246,/T
2036-Mar-11 00:00,A,m,136.05823,17.85557,0.082,6.301,92.642773,-20.976627,8.34683389920276,142.2704,/T
2036-Mar-12 00:00,A,m,136.00333,17.87149,0.087,6.303,183.440693,-21.002251,8.35716686047236,141.2182,/T
2036-Mar-13 00:00,A,m,135.94983,17.88697,0.092,6.305,274.236170,-21.027167,8.36773601894072,140.1679,/T
2036-Mar-14 00:00,N,,135.89775,17.90199,0.097,6.308,5.029198,-21.051367,8.37853768163062,139.1196,/T
2036-Mar-15 00:00,N,,135.84713,17.91654,0.102,6.310,95.819769,-21.074841,8.38956813396613,138.0732,/T
2036-Mar-16 00:00,N,,135.79800,17.93062,0.107,6.312,186.607878,-21.097580,8.40082356141319,137.0288,/T
2036-Mar-17 00:00,N,,135.75038,17.94423,0.112,6.314,277.393519,-21.119577,8.41230009100404,135.9864,/T
2036-Mar-18 00:00,N,,135.70430,17.95737,0.118,6.316,8.176687,-21.140821,8.42399370821282,134.9460,/T
2036-Mar-19 00:00,N,,135.65977,17.97003,0.123,6.318,98.957380,-21.161307,8.43590039416805,133.9076,/T
2036-Mar-20 00:00,N,,135.61682,17.98220,0.128,6.320,189.735596,-21.181024,8.44801608198315,132.8712,/T
2036-Mar-21 00:00,N,,135.57547,17.99389,0.133,6.322,280.511332,-21.199966,8.46033657081484,131.8369,/T
2036-Mar-22 00:00,N,,135.53572,18.00510,0.138,6.324,11.284589,-21.218124,8.47285765651555,130.8047,/T
2036-Mar-23 00:00,N,,135.49760,18.01581,0.144,6.326,102.055368,-21.235493,8.48557507272982,129.7746,/T
2036-Mar-24 00:00,N,,135.46113,18.02602,0.149,6.328,192.823669,-21.252064,8.49848450901425,128.7466,/T
2036-Mar-25 00:00,N,,135.42632,18.03573,0.154,6.329,283.589495,-21.267832,8.51158156109943,127.7208,/T
2036-Mar-26 00:00,N,,135.39319,18.04494,0.159,6.331,14.352848,-21.282789,8.52486165453422,126.6973,/T
2036-Mar-27 00:00,N,,135.36177,18.05363,0.165,6.333,105.113734,-21.296931,8.53832006744466,125.6759,/T
2036-Mar-28 00:00,N,,135.33206,18.06181,0.170,6.335,195.872158,-21.310253,8.55195204282445,124.6568,/T
2036-Mar-29 00:00,N,m,135.30411,18.06948,0.175,6.337,286.628128,-21.322749,8.56575261383639,123.6400,/T
2036-Mar-30 00:00,N,m,135.27791,18.07662,0.181,6.338,17.381655,-21.334416,8.57971672581268,122.6256,/T
2036-Mar-31 00:00,N,m,135.25349,18.08324,0.186,6.340,108.132749,-21.345251,8.59383918339253,121.6135,/T
2036-Apr-01 00:00,N,m,135.23087,18.08933,0.191,6.341,198.881425,-21.355251,8.60811473541118,120.6038,/T
2036-Apr-02 00:00,N,m,135.21005,18.09491,0.196,6.343,289.627699,-21.364414,8.62253815482769,119.5964,/T
2036-Apr-03 00:00,N,m,135.19103,18.09996,0.202,6.345,20.371588,-21.372738,8.63710419609126,118.5915,/T
2036-Apr-04 00:00,N,m,135.17382,18.10449,0.207,6.346,111.113111,-21.380222,8.65180760891458,117.5891,/T
2036-Apr-05 00:00,N,m,135.15841,18.10851,0.212,6.348,201.852287,-21.386866,8.66664329882452,116.5891,/T
2036-Apr-06 00:00,N,m,135.14480,18.11202,0.217,6.349,292.589139,-21.392669,8.68160629535378,115.5915,/T
2036-Apr-07 00:00,N,m,135.13298,18.11500,0.223,6.350,23.323686,-21.397631,8.69669179845734,114.5964,/T
2036-Apr-08 00:00,N,m,135.12297,18.11747,0.228,6.352,114.055948,-21.401751,8.71189516587641,113.6037,/T
2036-Apr-09 00:00,N,m,135.11475,18.11941,0.233,6.353,204.785947,-21.405031,8.72721179456810,112.6134,/T
2036-Apr-10 00:00,N,m,135.10835,18.12083,0.238,6.354,295.513702,-21.407469,8.74263726087412,111.6255,/T
2036-Apr-11 00:00,N,m,135.10376,18.12173,0.243,6.356,26.239232,-21.409067,8.75816719199033,110.6399,/T
2036-Apr-12 00:00,C,,135.10100,18.12210,0.249,6.357,116.962556,-21.409824,8.77379720105365,109.6568,/T
2036-Apr-13 00:00,C,,135.10006,18.12194,0.254,6.358,207.683694,-21.409741,8.78952285904429,108.6759,/T
2036-Apr-14 00:00,C,,135.10095,18.12127,0.259,6.359,298.402665,-21.408819,8.80533969002607,107.6974,/T
2036-Apr-15 00:00,C,,135.10367,18.12007,0.264,6.360,29.119490,-21.407058,8.82124315142415,106.7212,/T
2036-Apr-16 00:00,C,,135.10822,18.11836,0.269,6.362,119.834188,-21.404459,8.83722871774864,105.7473,/T
2036-Apr-17 00:00,C,,135.11459,18.11613,0.274,6.363,210.546783,-21.401023,8.85329168946369,104.7756,/T
2036-Apr-18 00:00,C,,135.12278,18.11339,0.279,6.364,301.257296,-21.396752,8.86942733945497,103.8062,/T
2036-Apr-19 00:00,C,,135.13278,18.11014,0.284,6.365,31.965751,-21.391646,8.88563093299050,102.8391,/T
2036-Apr-20 00:00,C,,135.14459,18.10638,0.289,6.366,122.672173,-21.385707,8.90189771592436,101.8743,/T
2036-Apr-21 00:00,C,,135.15820,18.10211,0.294,6.367,213.376588,-21.378937,8.91822295332971,100.9117,/T
2036-Apr-22 00:00,C,,135.17362,18.09732,0.299,6.367,304.079020,-21.371337,8.93460188212165,99.9514,/T
2036-Apr-23 00:00,C,,135.19083,18.09203,0.304,6.368,34.779497,-21.362910,8.95102972066215,98.9933,/T
2036-Apr-24 00:00,C,,135.20984,18.08623,0.309,6.369,125.478044,-21.353656,8.96750176012372,98.0375,/T
2036-Apr-25 00:00,C,,135.23064,18.07991,0.313,6.370,216.174689,-21.343579,8.98401325060200,97.0840,/T
2036-Apr-26 00:00,C,,135.25324,18.07308,0.318,6.371,306.869460,-21.332680,9.00055933931215,96.1327,/T
2036-Apr-27 00:00,C,m,135.27763,18.06574,0.323,6.371,37.562385,-21.320962,9.01713515499258,95.1837,/T
2036-Apr-28 00:00,C,m,135.30382,18.05790,0.327,6.372,128.253495,-21.308430,9.03373571980613,94.2370,/T
2036-Apr-29 00:00,C,m,135.33178,18.04955,0.332,6.373,218.942821,-21.295085,9.05035611441428,93.2925,/T
2036-Apr-30 00:00,C,m,135.36152,18.04071,0.337,6.373,309.630394,-21.280933,9.06699139822651,92.3504,/T
2036-May-01 00:00,C,m,135.39301,18.03137,0.341,6.374,40.316248,-21.265978,9.08363662252440,91.4105,/T
2036-May-02 00:00,C,m,135.42623,18.02154,0.346,6.375,131.000417,-21.250225,9.10028693076834,90.4730,/T
2036-May-03 00:00,C,m,135.46117,18.01124,0.350,6.375,221.682936,-21.233680,9.11693762837162,89.5377,/T
2036-May-04 00:00,C,m,135.49781,18.00045,0.355,6.376,312.363839,-21.216347,9.13358411356623,88.6047,/T
2036-May-05 00:00,C,m,135.53613,17.98918,0.359,6.376,43.043160,-21.198233,9.15022197674251,87.6739,/T
2036-May-06 00:00,C,m,135.57613,17.97743,0.364,6.377,133.720935,-21.179343,9.16684688303322,86.7454,/T
2036-May-07 00:00,C,m,135.61778,17.96521,0.368,6.377,224.397196,-21.159681,9.18345470126777,85.8191,/T
2036-May-08 00:00,C,m,135.66109,17.95251,0.372,6.377,315.071977,-21.139254,9.20004151635916,84.8949,/T
2036-May-09 00:00,*,m,135.70604,17.93933,0.376,6.378,45.745309,-21.118066,9.21660348574713,83.9728,/T
2036-May-10 00:00,*,m,135.75262,17.92568,0.380,6.378,136.417224,-21.096121,9.23313685760959,83.0528,/T
2036-May-11 00:00,*,,135.80083,17.91157,0.385,6.378,227.087751,-21.073425,9.24963792995261,82.1349,/T
2036-May-12 00:00,*,,135.85064,17.89699,0.389,6.379,317.756920,-21.049982,9.26610301104073,81.2190,/T
2036-May-13 00:00,*,,135.90205,17.88195,0.393,6.379,48.424761,-21.025796,9.28252842522371,80.3051,/T
2036-May-14 00:00,*,,135.95503,17.86645,0.397,6.379,139.091301,-21.000872,9.29891042333404,79.3932,/T
2036-May-15 00:00,*,,136.00958,17.85050,0.401,6.379,229.756572,-20.975215,9.31524512735166,78.4831,/T
2036-May-16 00:00,*,,136.06567,17.83411,0.405,6.379,320.420603,-20.948828,9.33152870411709,77.5750,/T
2036-May-17 00:00,*,,136.12329,17.81727,0.408,6.379,51.083425,-20.921718,9.34775723017334,76.6687,/T
2036-May-18 00:00,*,,136.18243,17.79999,0.412,6.379,141.745068,-20.893889,9.36392677344721,75.7644,/T
2036-May-19 00:00,*,,136.24307,17.78227,0.416,6.380,232.405563,-20.865346,9.38003333494416,74.8618,/T
2036-May-20 00:00,*,,136.30521,17.76411,0.420,6.380,323.064943,-20.836095,9.39607286507477,73.9610,/T
2036-May-21 00:00,*,,136.36882,17.74551,0.423,6.380,53.723240,-20.806140,9.41204134416745,73.0621,/T
2036-May-22 00:00,*,,136.43390,17.72647,0.427,6.380,144.380488,-20.775488,9.42793480095774,72.1649,/T
2036-May-23 00:00,*,,136.50043,17.70701,0.430,6.379,235.036719,-20.744143,9.44374918874856,71.2695,/T
2036-May-24 00:00,*,,136.56841,17.68711,0.434,6.379,325.691969,-20.712110,9.45948052249006,70.3758,/T
2036-May-25 00:00,*,,136.63783,17.66678,0.437,6.379,56.346271,-20.679397,9.47512483613824,69.4839,/T
2036-May-26 00:00,*,m,136.70867,17.64602,0.440,6.379,146.999660,-20.646007,9.49067822573398,68.5937,/T
2036-May-27 00:00,*,m,136.78090,17.62485,0.444,6.379,237.652171,-20.611949,9.50613687913550,67.7053,/T
2036-May-28 00:00,*,m,136.85452,17.60327,0.447,6.379,328.303838,-20.577226,9.52149695568237,66.8186,/T
2036-May-29 00:00,*,m,136.92949,17.58128,0.450,6.379,58.954698,-20.541848,9.53675472142613,65.9336,/T
2036-May-30 00:00,*,m,137.00578,17.55889,0.453,6.378,149.604785,-20.505820,9.55190659557158,65.0503,/T
2036-May-31 00:00,*,m,137.08337,17.53611,0.456,6.378,240.254134,-20.469150,9.56694911213148,64.1688,/T
2036-Jun-01 00:00,*,m,137.16224,17.51293,0.459,6.378,330.902780,-20.431844,9.58187891737841,63.2889,/T
2036-Jun-02 00:00,*,m,137.24238,17.48937,0.462,6.378,61.550755,-20.393911,9.59669278174771,62.4107,/T
2036-Jun-03 00:00,*,m,137.32376,17.46541,0.465,6.377,152.198094,-20.355358,9.61138753268626,61.5342,/T
2036-Jun-04 00:00,*,m,137.40638,17.44107,0.468,6.377,242.844829,-20.316191,9.62596020936306,60.6592,/T
2036-Jun-05 00:00,*,m,137.49022,17.41634,0.471,6.376,333.490991,-20.276419,9.64040786736756,59.7858,/T
2036-Jun-06 00:00,*,m,137.57527,17.39122,0.474,6.376,64.136612,-20.236046,9.65472761821544,58.9140,/T
2036-Jun-07 00:00,*,m,137.66151,17.36574,0.476,6.376,154.781723,-20.195082,9.66891665160569,58.0437,/T
2036-Jun-08 00:00,*,m,137.74892,17.33988,0.479,6.375,245.426355,-20.153531,9.68297223327748,57.1748,/T
2036-Jun-09 00:00,*,,137.83749,17.31366,0.481,6.375,336.070536,-20.111399,9.69689171376011,56.3073,/T
2036-Jun-10 00:00,*,,137.92719,17.28707,0.484,6.374,66.714296,-20.068694,9.71067250996767,55.4412,/T
2036-Jun-11 00:00,*,,138.01800,17.26014,0.486,6.374,157.357664,-20.025421,9.72431197985447,54.5765,/T
2036-Jun-12 00:00,*,,138.10990,17.23285,0.489,6.373,248.000667,-19.981586,9.73780754590264,53.7130,/T
2036-Jun-13 00:00,*,,138.20288,17.20521,0.491,6.373,338.643333,-19.937195,9.75115664597089,52.8508,/T
2036-Jun-14 00:00,*,,138.29691,17.17722,0.493,6.372,69.285689,-19.892253,9.76435663724980,51.9899,/T
2036-Jun-15 00:00,*,,138.39198,17.14890,0.496,6.371,159.927763,-19.846767,9.77740485939235,51.1301,/T
2036-Jun-16 00:00,*,,138.48808,17.12023,0.498,6.371,250.569583,-19.800742,9.79029853938803,50.2715,/T
2036-Jun-17 00:00,*,,138.58518,17.09123,0.500,6.370,341.211176,-19.754186,9.80303490738878,49.4141,/T
2036-Jun-18 00:00,*,,138.68328,17.06189,0.502,6.370,71.852572,-19.707105,9.81561118697078,48.5578,/T
2036-Jun-19 00:00,*,,138.78237,17.03223,0.504,6.369,162.493799,-19.659505,9.82802451368609,47.7025,/T
2036-Jun-20 00:00,*,,138.88242,17.00223,0.506,6.368,253.134886,-19.611393,9.84027194596302,46.8484,/T
2036-Jun-21 00:00,*,,138.98344,16.97190,0.508,6.367,343.775865,-19.562775,9.85235058167417,45.9953,/T
2036-Jun-22 00:00,*,,139.08541,16.94125,0.509,6.367,74.416765,-19.513660,9.86425746972005,45.1432,/T
2036-Jun-23 00:00,*,,139.18830,16.91029,0.511,6.366,165.057619,-19.464054,9.87598976434717,44.2922,/T
2036-Jun-24 00:00,*,m,139.29210,16.87902,0.513,6.365,255.698458,-19.413965,9.88754462466493,43.4421,/T
2036-Jun-25 00:00,*,m,139.39678,16.84745,0.514,6.364,346.339315,-19.363400,9.89891932073738,42.5931,/T
2036-Jun-26 00:00,*,m,139.50231,16.81558,0.516,6.364,76.980221,-19.312368,9.91011135880736,41.7451,/T
2036-Jun-27 00:00,*,m,139.60866,16.78343,0.517,6.363,167.621208,-19.260877,9.92111844407556,40.8981,/T
2036-Jun-28 00:00,*,m,139.71581,16.75099,0.519,6.362,258.262305,-19.208934,9.93193844365164,40.0520,/T
2036-Jun-29 00:00,*,m,139.82373,16.71827,0.520,6.361,348.903541,-19.156547,9.94256940291218,39.2070,/T
2036-Jun-30 00:00,*,m,139.93241,16.68527,0.521,6.360,79.544944,-19.103725,9.95300945797531,38.3628,/T
2036-Jul-01 00:00,*,m,140.04184,16.65199,0.523,6.359,170.186540,-19.050476,9.96325689236473,37.5197,/T
2036-Jul-02 00:00,*,m,140.15200,16.61844,0.524,6.359,260.828355,-18.996807,9.97331008060731,36.6774,/T
2036-Jul-03 00:00,*,m,140.26289,16.58461,0.525,6.358,351.470414,-18.942727,9.98316732722988,35.8360,/T
2036-Jul-04 00:00,*,m,140.37449,16.55052,0.526,6.357,82.112742,-18.888242,9.99282700542364,34.9954,/T
2036-Jul-05 00:00,*,m,140.48678,16.51617,0.527,6.356,172.755362,-18.833360,10.0022874798747,34.1557,/T
2036-Jul-06 00:00,*,m,140.59974,16.48156,0.528,6.355,263.398298,-18.778090,10.0115471455442,33.3167,/T
2036-Jul-07 00:00,*,m,140.71335,16.44671,0.529,6.354,354.041575,-18.722437,10.0206043945332,32.4784,/T
2036-Jul-08 00:00,*,m,140.82759,16.41162,0.530,6.353,84.685216,-18.666410,10.0294575818152,31.6409,/T
2036-Jul-09 00:00,*,,140.94244,16.37629,0.531,6.352,175.329244,-18.610016,10.0381050604511,30.8040,/T
2036-Jul-10 00:00,*,,141.05788,16.34073,0.531,6.351,265.973684,-18.553262,10.0465453182397,29.9677,/T
2036-Jul-11 00:00,*,,141.17390,16.30494,0.532,6.350,356.618557,-18.496155,10.0547768066089,29.1320,/T
2036-Jul-12 00:00,*,,141.29046,16.26893,0.533,6.349,87.263888,-18.438702,10.0627980356825,28.2968,/T
2036-Jul-13 00:00,*,,141.40757,16.23270,0.533,6.348,177.909698,-18.380910,10.0706075137028,27.4622,/T
2036-Jul-14 00:00,*,,141.52520,16.19625,0.534,6.347,268.556011,-18.322786,10.0782037507201,26.6280,/T
2036-Jul-15 00:00,*,,141.64334,16.15958,0.534,6.346,359.202847,-18.264337,10.0855853054170,25.7943,/T
2036-Jul-16 00:00,*,,141.76198,16.12271,0.534,6.345,89.850228,-18.205570,10.0927506650381,24.9610,/T
2036-Jul-17 00:00,*,,141.88110,16.08562,0.535,6.343,180.498177,-18.146493,10.0996982164567,24.1282,/T
2036-Jul-18 00:00,*,,142.00070,16.04833,0.535,6.342,271.146716,-18.087113,10.1064263413629,23.2957,/T
2036-Jul-19 00:00,*,,142.12076,16.01084,0.535,6.341,1.795870,-18.027439,10.1129333806801,22.4636,/T
2036-Jul-20 00:00,*,,142.24127,15.97316,0.535,6.340,92.445660,-17.967477,10.1192176378157,21.6318,/T
2036-Jul-21 00:00,*,,142.36221,15.93529,0.535,6.339,183.096112,-17.907237,10.1252774265009,20.8004,/T
2036-Jul-22 00:00,*,,142.48356,15.89724,0.535,6.338,273.747251,-17.846727,10.1311109837090,19.9693,/T
2036-Jul-23 00:00,*,,142.60530,15.85902,0.535,6.336,4.399103,-17.785956,10.1367167142340,19.1385,/T
2036-Jul-24 00:00,*,m,142.72738,15.82064,0.535,6.335,95.051693,-17.724934,10.1420931621991,18.3081,/T
2036-Jul-25 00:00,*,m,142.84978,15.78211,0.534,6.334,185.705047,-17.663671,10.1472390360058,17.4781,/T
2036-Jul-26 00:00,*,m,142.97249,15.74342,0.534,6.332,276.359189,-17.602175,10.1521532518228,16.6484,/T
2036-Jul-27 00:00,*,m,143.09549,15.70458,0.533,6.331,7.014144,-17.540456,10.1568349663676,15.8191,/T
2036-Jul-28 00:00,*,m,143.21876,15.66560,0.532,6.329,97.669932,-17.478523,10.1612835351630,14.9902,/T
2036-Jul-29 00:00,*,m,143.34229,15.62647,0.532,6.327,188.326575,-17.416386,10.1654985519675,14.1617,/T
2036-Jul-30 00:00,*,m,143.46606,15.58720,0.531,6.326,278.984092,-17.354052,10.1694796084186,13.3337,/T
2036-Jul-31 00:00,*,m,143.59007,15.54780,0.529,6.324,9.642501,-17.291531,10.1732263494412,12.5062,/T
2036-Aug-01 00:00,*,m,143.71430,15.50827,0.528,6.322,100.301818,-17.228831,10.1767384735191,11.6791,/T
2036-Aug-02 00:00,*,m,143.83873,15.46862,0.526,6.319,190.962062,-17.165961,10.1800156454836,10.8527,/T
2036-Aug-03 00:00,*,m,143.96333,15.42886,0.524,6.317,281.623248,-17.102928,10.1830575298993,10.0269,/T
2036-Aug-04 00:00,*,m,144.08810,15.38900,0.522,6.314,12.285393,-17.039742,10.1858637150249,9.2019,/T
2036-Aug-05 00:00,*,m,144.21301,15.34903,0.519,6.311,102.948514,-16.976410,10.1884337314495,8.3779,/T
2036-Aug-06 00:00,*,m,144.33805,15.30897,0.516,6.307,193.612626,-16.912941,10.1907671459320,7.5552,/T
2036-Aug-07 00:00,*,m,144.46319,15.26882,0.512,6.303,284.277747,-16.849344,10.1928635050445,6.7343,/T
2036-Aug-08 00:00,*,,144.58843,15.22859,0.507,6.298,14.943893,-16.785627,10.1947222651764,5.9160,/T
2036-Aug-09 00:00,*,,144.71374,15.18829,0.502,6.292,105.611082,-16.721798,10.1963429272985,5.1014,/T
2036-Aug-10 00:00,*,,144.83911,15.14790,0.495,6.285,196.279330,-16.657867,10.1977249436662,4.2929,/T
2036-Aug-11 00:00,C,,144.96452,15.10745,0.488,6.278,286.948656,-16.593841,10.1988678782432,3.4947,/T
2036-Aug-12 00:00,C,,145.08998,15.06694,0.479,6.269,17.619076,-16.529729,10.1997713162928,2.7161,/T
2036-Aug-13 00:00,C,,145.21546,15.02637,0.469,6.259,108.290607,-16.465540,10.2004348251018,1.9807,/T
2036-Aug-14 00:00,C,,145.34094,14.98577,0.460,6.249,198.963268,-16.401282,10.2008580133677,1.3611,/T
2036-Aug-15 00:00,C,,145.46637,14.94513,0.456,6.246,289.637074,-16.336965,10.2010405580963,1.0804,/T
2036-Aug-16 00:00,C,,145.59176,14.90437,0.463,6.253,20.312042,-16.272597,10.2009820910481,1.3672,/L
2036-Aug-17 00:00,C,,145.71717,14.86356,0.475,6.265,110.988191,-16.208187,10.2006822669560,1.9901,/L
2036-Aug-18 00:00,C,,145.84254,14.82274,0.487,6.277,201.665536,-16.143745,10.2001406672001,2.7283,/L
2036-Aug-19 00:00,C,,145.96783,14.78190,0.498,6.288,292.344098,-16.079281,10.1993569114977,3.5101,/L
2036-Aug-20 00:00,C,,146.09302,14.74106,0.508,6.298,23.023893,-16.014806,10.1983307565034,4.3121,/L
2036-Aug-21 00:00,C,,146.21808,14.70022,0.517,6.307,113.704941,-15.950329,10.1970619909387,5.1251,/L
2036-Aug-22 00:00,C,,146.34298,14.65938,0.524,6.315,204.387260,-15.885863,10.1955505460941,5.9449,/L
2036-Aug-23 00:00,C,m,146.46771,14.61854,0.531,6.322,295.070867,-15.821417,10.1937965193911,6.7691,/L
2036-Aug-24 00:00,C,m,146.59226,14.57772,0.537,6.329,25.755781,-15.757003,10.1918001913846,7.5965,/L
2036-Aug-25 00:00,C,m,146.71661,14.53691,0.542,6.335,116.442016,-15.692633,10.1895620392300,8.4263,/L
2036-Aug-26 00:00,C,m,146.84075,14.49613,0.547,6.340,207.129589,-15.628316,10.1870826723301,9.2580,/L
2036-Aug-27 00:00,C,m,146.96467,14.45537,0.552,6.346,297.818513,-15.564062,10.1843627270958,10.0913,/L
2036-Aug-28 00:00,C,m,147.08834,14.41464,0.556,6.350,28.508801,-15.499883,10.1814030396787,10.9259,/L
2036-Aug-29 00:00,C,m,147.21176,14.37396,0.560,6.355,119.200467,-15.435788,10.1782044866492,11.7618,/L
2036-Aug-30 00:00,C,m,147.33489,14.33333,0.563,6.359,209.893521,-15.371786,10.1747680171062,12.5988,/L
2036-Aug-31 00:00,N,m,147.45773,14.29276,0.567,6.364,300.587974,-15.307888,10.1710945774956,13.4369,/L
2036-Sep-01 00:00,N,m,147.58025,14.25225,0.570,6.368,31.283837,-15.244103,10.1671850759817,14.2760,/L
2036-Sep-02 00:00,N,m,147.70244,14.21182,0.573,6.372,121.981120,-15.180440,10.1630404420057,15.1160,/L
2036-Sep-03 00:00,N,m,147.82427,14.17146,0.576,6.375,212.679832,-15.116910,10.1586616234444,15.9571,/L
2036-Sep-04 00:00,N,m,147.94573,14.13120,0.579,6.379,303.379984,-15.053521,10.1540494429577,16.7991,/L
2036-Sep-05 00:00,N,m,148.06680,14.09102,0.581,6.383,34.081586,-14.990284,10.1492047029068,17.6421,/L
2036-Sep-06 00:00,N,m,148.18748,14.05094,0.584,6.386,124.784647,-14.927208,10.1441281699722,18.4860,/L
2036-Sep-07 00:00,N,,148.30774,14.01097,0.586,6.390,215.489180,-14.864304,10.1388205738356,19.3310,/L
2036-Sep-08 00:00,N,,148.42757,13.97110,0.589,6.394,306.195194,-14.801581,10.1332826726019,20.1770,/L
2036-Sep-09 00:00,N,,148.54697,13.93135,0.591,6.397,36.902701,-14.739050,10.1275151063519,21.0240,/L
2036-Sep-10 00:00,N,,148.66592,13.89171,0.593,6.400,127.611713,-14.676721,10.1215185311801,21.8721,/L
2036-Sep-11 00:00,N,,148.78441,13.85220,0.595,6.404,218.322243,-14.614603,10.1152936683196,22.7213,/L
2036-Sep-12 00:00,N,,148.90242,13.81282,0.597,6.407,309.034304,-14.552709,10.1088412838517,23.5716,/L
2036-Sep-13 00:00,N,,149.01993,13.77358,0.599,6.411,39.747907,-14.491048,10.1021621867566,24.4231,/L
2036-Sep-14 00:00,N,,149.13693,13.73449,0.601,6.414,130.463067,-14.429631,10.0952572833544,25.2757,/L
2036-Sep-15 00:00,N,,149.25340,13.69556,0.602,6.417,221.179795,-14.368470,10.0881275069367,26.1295,/L
2036-Sep-16 00:00,N,,149.36930,13.65679,0.604,6.421,311.898105,-14.307575,10.0807740024397,26.9845,/L
2036-Sep-17 00:00,N,,149.48461,13.61821,0.606,6.424,42.618009,-14.246959,10.0731979698866,27.8407,/L
2036-Sep-18 00:00,N,,149.59931,13.57981,0.607,6.427,133.339518,-14.186633,10.0654006952826,28.6981,/L
2036-Sep-19 00:00,A,,149.71338,13.54160,0.609,6.430,224.062645,-14.126609,10.0573836205835,29.5568,/L
2036-Sep-20 00:00,A,,149.82680,13.50360,0.610,6.434,314.787400,-14.066900,10.0491483412643,30.4167,/L
2036-Sep-21 00:00,A,,149.93955,13.46579,0.612,6.437,45.513792,-14.007518,10.0406966220125,31.2778,/L
2036-Sep-22 00:00,A,m,150.05163,13.42819,0.613,6.440,136.241832,-13.948474,10.0320303649520,32.1401,/L
2036-Sep-23 00:00,A,m,150.16302,13.39081,0.614,6.443,226.971526,-13.889781,10.0231514795928,33.0037,/L
2036-Sep-24 00:00,A,m,150.27371,13.35366,0.615,6.446,317.702884,-13.831451,10.0140619742467,33.8684,/L
2036-Sep-25 00:00,A,m,150.38368,13.31673,0.616,6.449,48.435911,-13.773495,10.0047639505739,34.7345,/L
2036-Sep-26 00:00,A,m,150.49291,13.28005,0.617,6.452,139.170614,-13.715925,9.99525947485160,35.6017,/L
2036-Sep-27 00:00,A,m,150.60138,13.24362,0.618,6.455,229.907000,-13.658751,9.98555068221647,36.4703,/L
2036-Sep-28 00:00,A,m,150.70906,13.20745,0.619,6.458,320.645074,-13.601984,9.97563968603644,37.3401,/L
2036-Sep-29 00:00,A,m,150.81595,13.17154,0.620,6.461,51.384843,-13.545636,9.96552870013992,38.2112,/L
2036-Sep-30 00:00,A,m,150.92201,13.13592,0.621,6.464,142.126311,-13.489717,9.95522003526068,39.0837,/L
2036-Oct-01 00:00,A,m,151.02723,13.10058,0.621,6.467,232.869484,-13.434237,9.94471600753789,39.9575,/L
2036-Oct-02 00:00,A,m,151.13159,13.06552,0.622,6.470,323.614365,-13.379208,9.93401890189363,40.8327,/L
2036-Oct-03 00:00,A,m,151.23508,13.03077,0.622,6.473,54.360958,-13.324639,9.92313107025744,41.7093,/L
2036-Oct-04 00:00,A,m,151.33769,12.99631,0.623,6.476,145.109267,-13.270542,9.91205479521627,42.5874,/L
2036-Oct-05 00:00,A,m,151.43939,12.96217,0.623,6.479,235.859296,-13.216927,9.90079238816941,43.4669,/L
2036-Oct-06 00:00,A,m,151.54018,12.92833,0.623,6.481,326.611049,-13.163805,9.88934606051134,44.3479,/L
2036-Oct-07 00:00,,m,151.64006,12.89482,0.623,6.484,57.364530,-13.111186,9.87771793837731,45.2304,/L
2036-Oct-08 00:00,,,151.73900,12.86163,0.624,6.487,148.119743,-13.059081,9.86591018258452,46.1145,/L
2036-Oct-09 00:00,,,151.83699,12.82877,0.624,6.489,238.876695,-13.007503,9.85392493150414,47.0002,/L
2036-Oct-10 00:00,,,151.93402,12.79626,0.624,6.492,329.635391,-12.956461,9.84176428965393,47.8876,/L
2036-Oct-11 00:00,,,152.03006,12.76410,0.623,6.495,60.395838,-12.905968,9.82943038769248,48.7766,/L
2036-Oct-12 00:00,,,152.12511,12.73229,0.623,6.497,151.158043,-12.856036,9.81692538739497,49.6672,/L
2036-Oct-13 00:00,,,152.21912,12.70087,0.623,6.500,241.922012,-12.806676,9.80425158902089,50.5596,/L
2036-Oct-14 00:00,,,152.31208,12.66982,0.623,6.502,332.687754,-12.757901,9.79141149183701,51.4538,/L
2036-Oct-15 00:00,,,152.40395,12.63916,0.622,6.505,63.455275,-12.709723,9.77840765972268,52.3497,/L
2036-Oct-16 00:00,,,152.49472,12.60891,0.622,6.507,154.224581,-12.662154,9.76524291597786,53.2474,/L
2036-Oct-17 00:00,,,152.58437,12.57905,0.621,6.510,244.995678,-12.615207,9.75192028519373,54.1468,/L
2036-Oct-18 00:00,,,152.67288,12.54961,0.621,6.512,335.768569,-12.568894,9.73844301222388,55.0481,/L
2036-Oct-19 00:00,,,152.76025,12.52058,0.620,6.514,66.543256,-12.523228,9.72481450629362,55.9511,/L
2036-Oct-20 00:00,,,152.84644,12.49198,0.619,6.516,157.319741,-12.478220,9.71103826298524,56.8559,/L
2036-Oct-21 00:00,,,152.93147,12.46380,0.618,6.519,248.098024,-12.433882,9.69711783147183,57.7625,/L
2036-Oct-22 00:00,,,153.01530,12.43606,0.617,6.521,338.878104,-12.390225,9.68305690859044,58.6708,/L
2036-Oct-23 00:00,,m,153.09792,12.40876,0.616,6.523,69.659979,-12.347261,9.66885913606125,59.5810,/L
2036-Oct-24 00:00,,m,153.17931,12.38193,0.615,6.525,160.443647,-12.305001,9.65452814790463,60.4929,/L
2036-Oct-25 00:00,,m,153.25946,12.35555,0.614,6.527,251.229106,-12.263455,9.64006754720095,61.4066,/L
2036-Oct-26 00:00,,m,153.33833,12.32966,0.613,6.529,342.016354,-12.222633,9.62548089482045,62.3221,/L
2036-Oct-27 00:00,,m,153.41592,12.30424,0.611,6.531,72.805388,-12.182547,9.61077181838790,63.2394,/L
2036-Oct-28 00:00,,m,153.49220,12.27931,0.610,6.533,163.596206,-12.143205,9.59594391354101,64.1585,/L
2036-Oct-29 00:00,,m,153.56716,12.25488,0.608,6.535,254.388805,-12.104620,9.58100074636826,65.0795,/L
2036-Oct-30 00:00,,m,153.64079,12.23095,0.607,6.537,345.183183,-12.066799,9.56594595907993,66.0023,/L
2036-Oct-31 00:00,,m,153.71306,12.20753,0.605,6.539,75.979338,-12.029753,9.55078326893000,66.9270,/L
2036-Nov-01 00:00,,m,153.78397,12.18461,0.603,6.540,166.777265,-11.993491,9.53551642146018,67.8536,/L
2036-Nov-02 00:00,,m,153.85351,12.16222,0.602,6.542,257.576961,-11.958023,9.52014922791781,68.7821,/L
2036-Nov-03 00:00,,m,153.92167,12.14034,0.600,6.544,348.378422,-11.923358,9.50468539448552,69.7125,/L
2036-Nov-04 00:00,,m,153.98843,12.11899,0.598,6.545,79.181644,-11.889505,9.48912869621195,70.6449,/L
2036-Nov-05 00:00,,m,154.05379,12.09817,0.596,6.547,169.986621,-11.856473,9.47348289044417,71.5792,/L
2036-Nov-06 00:00,,m,154.11773,12.07788,0.594,6.548,260.793351,-11.824271,9.45775166966550,72.5156,/L
2036-Nov-07 00:00,,,154.18024,12.05815,0.591,6.550,351.601829,-11.792910,9.44193869196551,73.4540,/L
2036-Nov-08 00:00,,,154.24130,12.03897,0.589,6.551,82.412052,-11.762398,9.42604763204149,74.3945,/L
2036-Nov-09 00:00,,,154.30089,12.02035,0.587,6.552,173.224017,-11.732746,9.41008219283719,75.3371,/L
2036-Nov-10 00:00,,,154.35898,12.00231,0.584,6.554,264.037722,-11.703963,9.39404622217013,76.2819,/L
2036-Nov-11 00:00,,,154.41556,11.98485,0.582,6.555,354.853162,-11.676059,9.37794358276402,77.2287,/L
2036-Nov-12 00:00,,,154.47061,11.96798,0.579,6.556,85.670336,-11.649045,9.36177824986951,78.1777,/L
2036-Nov-13 00:00,,,154.52410,11.95169,0.577,6.557,176.489239,-11.622930,9.34555441874494,79.1289,/L
2036-Nov-14 00:00,,,154.57603,11.93601,0.574,6.558,267.309866,-11.597725,9.32927643169560,80.0823,/L
2036-Nov-15 00:00,,,154.62639,11.92092,0.571,6.559,358.132213,-11.573438,9.31294885904259,81.0378,/L
2036-Nov-16 00:00,,,154.67516,11.90644,0.568,6.560,88.956272,-11.550079,9.29657641242454,81.9955,/L
2036-Nov-17 00:00,,,154.72235,11.89257,0.565,6.561,179.782035,-11.527655,9.28016394775382,82.9554,/L
2036-Nov-18 00:00,,,154.76793,11.87930,0.562,6.562,270.609491,-11.506176,9.26371650397889,83.9174,/L
2036-Nov-19 00:00,,,154.81189,11.86666,0.559,6.563,1.438628,-11.485649,9.24723921647750,84.8816,/L
2036-Nov-20 00:00,,,154.85421,11.85465,0.556,6.564,92.269434,-11.466079,9.23073715734509,85.8479,/L
2036-Nov-21 00:00,,,154.89490,11.84326,0.553,6.564,183.101895,-11.447475,9.21421543786528,86.8163,/L
2036-Nov-22 00:00,,m,154.93392,11.83252,0.550,6.565,273.935995,-11.429842,9.19767907138636,87.7868,/L
2036-Nov-23 00:00,,m,154.97127,11.82242,0.546,6.566,4.771721,-11.413185,9.18113309229519,88.7594,/L
2036-Nov-24 00:00,,m,155.00693,11.81297,0.543,6.566,95.609056,-11.397510,9.16458247022661,89.7341,/L
2036-Nov-25 00:00,,m,155.04090,11.80417,0.539,6.566,186.447985,-11.382823,9.14803204991050,90.7108,/L
2036-Nov-26 00:00,,m,155.07317,11.79602,0.536,6.567,277.288492,-11.369127,9.13148664085992,91.6897,/L
2036-Nov-27 00:00,,m,155.10374,11.78853,0.532,6.567,8.130562,-11.356428,9.11495106218999,92.6706,/L
2036-Nov-28 00:00,,m,155.13259,11.78169,0.528,6.567,98.974179,-11.344729,9.09843006248593,93.6537,/L
2036-Nov-29 00:00,,m,155.15972,11.77551,0.525,6.568,189.819327,-11.334034,9.08192838726170,94.6388,/L
2036-Nov-30 00:00,,m,155.18514,11.76999,0.521,6.568,280.665991,-11.324348,9.06545072135010,95.6260,/L
2036-Dec-01 00:00,,m,155.20884,11.76513,0.517,6.568,11.514154,-11.315672,9.04900174754866,96.6153,/L
2036-Dec-02 00:00,,m,155.23082,11.76093,0.513,6.568,102.363801,-11.308009,9.03258625676999,97.6067,/L
2036-Dec-03 00:00,,m,155.25107,11.75740,0.509,6.568,193.214915,-11.301363,9.01620897272409,98.6002,/L
2036-Dec-04 00:00,,m,155.26959,11.75452,0.505,6.568,284.067479,-11.295736,8.99987463406063,99.5958,/L
2036-Dec-05 00:00,,m,155.28637,11.75232,0.501,6.568,14.921477,-11.291130,8.98358798300880,100.5936,/L
2036-Dec-06 00:00,,m,155.30139,11.75078,0.497,6.567,105.776892,-11.287547,8.96735379495249,101.5936,/L
2036-Dec-07 00:00,,,155.31466,11.74992,0.492,6.567,196.633707,-11.284990,8.95117690962897,102.5957,/L
2036-Dec-08 00:00,,,155.32614,11.74975,0.488,6.567,287.491901,-11.283461,8.93506222732238,103.6000,/L
2036-Dec-09 00:00,,,155.33585,11.75025,0.484,6.566,18.351459,-11.282961,8.91901462850159,104.6065,/L
2036-Dec-10 00:00,,,155.34376,11.75143,0.479,6.566,109.212361,-11.283493,8.90303918434482,105.6153,/L
2036-Dec-11 00:00,,,155.34989,11.75329,0.475,6.565,200.074586,-11.285058,8.88714103237820,106.6262,/L
2036-Dec-12 00:00,,,155.35422,11.75583,0.470,6.565,290.938113,-11.287656,8.87132540024043,107.6393,/L
2036-Dec-13 00:00,,,155.35678,11.75904,0.466,6.564,21.802920,-11.291289,8.85559757488483,108.6546,/L
2036-Dec-14 00:00,,,155.35755,11.76292,0.461,6.563,112.668984,-11.295956,8.83996285776308,109.6721,/L
2036-Dec-15 00:00,,,155.35655,11.76748,0.457,6.562,203.536280,-11.301655,8.82442665394333,110.6917,/L
2036-Dec-16 00:00,,,155.35377,11.77270,0.452,6.562,294.404782,-11.308385,8.80899445534543,111.7134,/L
2036-Dec-17 00:00,,,155.34921,11.77860,0.447,6.561,25.274464,-11.316144,8.79367171699558,112.7372,/L
2036-Dec-18 00:00,,,155.34288,11.78516,0.443,6.560,116.145298,-11.324928,8.77846392534937,113.7631,/L
2036-Dec-19 00:00,,,155.33476,11.79240,0.438,6.559,207.017254,-11.334733,8.76337659982650,114.7909,/L
2036-Dec-20 00:00,,,155.32487,11.80030,0.433,6.558,297.890302,-11.345555,8.74841521855083,115.8208,/L
2036-Dec-21 00:00,,m,155.31321,11.80886,0.428,6.556,28.764410,-11.357387,8.73358527784479,116.8526,/L
2036-Dec-22 00:00,,m,155.29977,11.81809,0.423,6.555,119.639547,-11.370223,8.71889208787805,117.8864,/L
2036-Dec-23 00:00,,m,155.28457,11.82796,0.418,6.554,210.515678,-11.384057,8.70434088022953,118.9220,/L
2036-Dec-24 00:00,,m,155.26762,11.83849,0.413,6.553,301.392771,-11.398883,8.68993681818184,119.9595,/L
2036-Dec-25 00:00,,m,155.24894,11.84966,0.408,6.551,32.270791,-11.414691,8.67568494955443,120.9989,/L
2036-Dec-26 00:00,,m,155.22853,11.86147,0.403,6.550,123.149705,-11.431474,8.66159017357758,122.0400,/L
2036-Dec-27 00:00,,m,155.20641,11.87390,0.398,6.548,214.029479,-11.449224,8.64765728465971,123.0830,/L
2036-Dec-28 00:00,,m,155.18261,11.88695,0.393,6.547,304.910078,-11.467932,8.63389089757675,124.1277,/L
2036-Dec-29 00:00,,m,155.15713,11.90062,0.388,6.545,35.791469,-11.487587,8.62029561595748,125.1741,/L
2036-Dec-30 00:00,,m,155.12999,11.91489,0.383,6.543,126.673618,-11.508181,8.60687589758378,126.2223,/L
2036-Dec-31 00:00,,m,155.10122,11.92976,0.378,6.542,217.556492,-11.529703,8.59363605476136,127.2721,/L
2037-Jan-01 00:00,,m,155.07082,11.94522,0.372,6.540,308.440058,-11.552142,8.58058037382360,128.3236,/L
2037-Jan-02 00:00,,m,155.03879,11.96127,0.367,6.538,39.324283,-11.575489,8.56771311380326,129.3768,/L
2037-Jan-03 00:00,,m,155.00516,11.97791,0.362,6.536,130.209135,-11.599732,8.55503859456203,130.4317,/L
2037-Jan-04 00:00,,m,154.96992,11.99512,0.357,6.534,221.094579,-11.624860,8.54256119814988,131.4882,/L
2037-Jan-05 00:00,,,154.93307,12.01291,0.352,6.532,311.980582,-11.650862,8.53028532638082,132.5464,/L
2037-Jan-06 00:00,,,154.89464,12.03126,0.347,6.530,42.867109,-11.677725,8.51821549576801,133.6062,/L
2037-Jan-07 00:00,,,154.85465,12.05017,0.341,6.528,133.754123,-11.705439,8.50635636663715,134.6677,/L
2037-Jan-08 00:00,,,154.81311,12.06961,0.336,6.526,224.641584,-11.733989,8.49471255960632,135.7308,/L
2037-Jan-09 00:00,,,154.77006,12.08958,0.331,6.523,315.529453,-11.763362,8.48328874272942,136.7954,/L
2037-Jan-10 00:00,,,154.72552,12.11006,0.326,6.521,46.417689,-11.793545,8.47208948564123,137.8616,/L
2037-Jan-11 00:00,,,154.67952,12.13105,0.321,6.519,137.306251,-11.824521,8.46111934070497,138.9293,/L
2037-Jan-12 00:00,,,154.63207,12.15254,0.315,6.516,228.195094,-11.856276,8.45038281383599,139.9984,/L
2037-Jan-13 00:00,,,154.58321,12.17451,0.310,6.514,319.084174,-11.888792,8.43988426291086,141.0689,/L
2037-Jan-14 00:00,,,154.53296,12.19697,0.305,6.511,49.973448,-11.922053,8.42962788314251,142.1408,/L
2037-Jan-15 00:00,,,154.48133,12.21988,0.300,6.509,140.862870,-11.956041,8.41961781419150,143.2139,/L
2037-Jan-16 00:00,,,154.42836,12.24326,0.295,6.506,231.752396,-11.990736,8.40985804549183,144.2883,/L
2037-Jan-17 00:00,,,154.37407,12.26707,0.290,6.504,322.641980,-12.026121,8.40035250635665,145.3638,/L
2037-Jan-18 00:00,,,154.31848,12.29132,0.285,6.501,53.531575,-12.062175,8.39110498885996,146.4404,/L
2037-Jan-19 00:00,,m,154.26163,12.31599,0.279,6.498,144.421136,-12.098877,8.38211913319391,147.5181,/L
2037-Jan-20 00:00,,m,154.20355,12.34105,0.274,6.495,235.310617,-12.136207,8.37339857142738,148.5967,/L
2037-Jan-21 00:00,,m,154.14427,12.36650,0.269,6.493,326.199969,-12.174143,8.36494680000043,149.6762,/L
2037-Jan-22 00:00,,m,154.08383,12.39232,0.264,6.490,57.089146,-12.212664,8.35676715464375,150.7565,/L
2037-Jan-23 00:00,,m,154.02226,12.41849,0.259,6.487,147.978098,-12.251746,8.34886279519696,151.8376,/L
2037-Jan-24 00:00,,m,153.95961,12.44500,0.255,6.484,238.866779,-12.291368,8.34123669052206,152.9194,/L
2037-Jan-25 00:00,,m,153.89592,12.47183,0.250,6.481,329.755141,-12.331507,8.33389164252496,154.0019,/L
2037-Jan-26 00:00,,m,153.83123,12.49896,0.245,6.478,60.643137,-12.372139,8.32683031404213,155.0848,/L
2037-Jan-27 00:00,,m,153.76557,12.52639,0.240,6.475,151.530720,-12.413242,8.32005504653360,156.1683,/L
2037-Jan-28 00:00,,m,153.69899,12.55408,0.235,6.472,242.417844,-12.454793,8.31356805228355,157.2521,/L
2037-Jan-29 00:00,,m,153.63151,12.58204,0.230,6.469,333.304465,-12.496768,8.30737136850403,158.3363,/L
2037-Jan-30 00:00,,m,153.56318,12.61025,0.226,6.465,64.190539,-12.539145,8.30146690931464,159.4207,/L
2037-Jan-31 00:00,,m,153.49401,12.63869,0.221,6.462,155.076023,-12.581900,8.29585650337255,160.5053,/L
2037-Feb-01 00:00,,m,153.42405,12.66736,0.216,6.459,245.960875,-12.625011,8.29054190309292,161.5900,/L
2037-Feb-02 00:00,,m,153.35331,12.69624,0.211,6.455,336.845054,-12.668456,8.28552488344635,162.6746,/L
2037-Feb-03 00:00,,,153.28183,12.72530,0.207,6.452,67.728517,-12.712211,8.28080738363863,163.7591,/L
2037-Feb-04 00:00,,,153.20966,12.75454,0.202,6.448,158.611221,-12.756253,8.27639137574827,164.8433,/L
2037-Feb-05 00:00,,,153.13684,12.78393,0.197,6.445,249.493120,-12.800558,8.27227887201284,165.9270,/L
2037-Feb-06 00:00,,,153.06342,12.81345,0.192,6.441,340.374169,-12.845102,8.26847189874623,167.0099,/L
2037-Feb-07 00:00,,,152.98944,12.84309,0.187,6.436,71.254322,-12.889862,8.26497238245465,168.0917,/L
2037-Feb-08 00:00,,,152.91494,12.87283,0.182,6.432,162.133529,-12.934810,8.26178222294878,169.1719,/L
2037-Feb-09 00:00,,,152.83997,12.90266,0.176,6.427,253.011743,-12.979923,8.25890309868308,170.2498,/L
2037-Feb-10 00:00,,,152.76456,12.93256,0.170,6.422,343.888914,-13.025173,8.25633646123637,171.3244,/L
2037-Feb-11 00:00,,,152.68877,12.96251,0.164,6.416,74.764994,-13.070536,8.25408358716320,172.3943,/L
2037-Feb-12 00:00,,,152.61262,12.99251,0.157,6.410,165.639936,-13.115985,8.25214557386231,173.4570,/L
2037-Feb-13 00:00,,,152.53617,13.02253,0.149,6.402,256.513692,-13.161493,8.25052327664757,174.5083,/L
2037-Feb-14 00:00,A,,152.45945,13.05255,0.140,6.394,347.386214,-13.207034,8.24921737266124,175.5399,/L
2037-Feb-15 00:00,A,,152.38251,13.08257,0.130,6.384,78.257458,-13.252583,8.24822823253243,176.5346,/L
2037-Feb-16 00:00,A,,152.30540,13.11255,0.120,6.373,169.127378,-13.298112,8.24755612020567,177.4487,/L
2037-Feb-17 00:00,A,m,152.22816,13.14250,0.110,6.364,259.995931,-13.343596,8.24720113938130,178.1587,/L
2037-Feb-18 00:00,A,m,152.15084,13.17237,0.107,6.360,350.863074,-13.389008,8.24716318494863,178.3719,/L
2037-Feb-19 00:00,A,m,152.07349,13.20216,0.112,6.366,81.728765,-13.434322,8.24744201511270,177.9295,/T
2037-Feb-20 00:00,A,m,151.99617,13.23185,0.122,6.376,172.592963,-13.479512,8.24803725664550,177.1196,/T
2037-Feb-21 00:00,A,m,151.91890,13.26142,0.132,6.385,263.455627,-13.524552,8.24894841784756,176.1692,/T
2037-Feb-22 00:00,A,m,151.84176,13.29086,0.141,6.394,354.316718,-13.569417,8.25017491093920,175.1609,/T
2037-Feb-23 00:00,A,m,151.76478,13.32014,0.149,6.401,85.176197,-13.614081,8.25171591677467,174.1247,/T
2037-Feb-24 00:00,A,m,151.68801,13.34925,0.156,6.408,176.034026,-13.658519,8.25357040996351,173.0736,/T
2037-Feb-25 00:00,A,m,151.61149,13.37817,0.162,6.414,266.890168,-13.702708,8.25573726785254,172.0139,/T
2037-Feb-26 00:00,A,m,151.53527,13.40690,0.168,6.419,357.744589,-13.746624,8.25821514369827,170.9488,/T
2037-Feb-27 00:00,A,m,151.45937,13.43543,0.173,6.423,88.597255,-13.790243,8.26100258915709,169.8805,/T
2037-Feb-28 00:00,A,m,151.38384,13.46373,0.178,6.427,179.448134,-13.833543,8.26409798430363,168.8102,/T
2037-Mar-01 00:00,A,m,151.30870,13.49180,0.183,6.431,270.297195,-13.876502,8.26749963976016,167.7387,/T
2037-Mar-02 00:00,A,m,151.23400,13.51962,0.187,6.434,1.144409,-13.919100,8.27120590459917,166.6665,/T
2037-Mar-03 00:00,A,m,151.15977,13.54717,0.192,6.438,91.989747,-13.961315,8.27521515816414,165.5940,/T
2037-Mar-04 00:00,A,,151.08607,13.57445,0.196,6.441,182.833181,-14.003126,8.27952572646497,164.5216,/T
2037-Mar-05 00:00,A,,151.01293,13.60142,0.200,6.444,273.674681,-14.044515,8.28413601045437,163.4494,/T
2037-Mar-06 00:00,A,,150.94041,13.62809,0.205,6.447,4.514220,-14.085459,8.28904436953423,162.3777,/T
2037-Mar-07 00:00,A,,150.86853,13.65443,0.209,6.449,95.351768,-14.125938,8.29424919242574,161.3065,/T
2037-Mar-08 00:00,A,,150.79736,13.68043,0.213,6.452,186.187296,-14.165932,8.29974880377242,160.2361,/T
2037-Mar-09 00:00,A,,150.72691,13.70608,0.217,6.455,277.020777,-14.205420,8.30554134795041,159.1665,/T
2037-Mar-10 00:00,A,,150.65722,13.73138,0.222,6.458,7.852181,-14.244381,8.31162488921997,158.0978,/T
2037-Mar-11 00:00,A,,150.58833,13.75631,0.226,6.460,98.681481,-14.282795,8.31799736574560,157.0302,/T
2037-Mar-12 00:00,A,,150.52028,13.78085,0.231,6.463,189.508650,-14.320642,8.32465652041718,155.9637,/T
2037-Mar-13 00:00,A,,150.45310,13.80501,0.235,6.465,280.333661,-14.357902,8.33159990615311,154.8984,/T
2037-Mar-14 00:00,N,,150.38683,13.82875,0.239,6.468,11.156490,-14.394556,8.33882485604820,153.8344,/T
2037-Mar-15 00:00,N,,150.32150,13.85208,0.244,6.470,101.977115,-14.430587,8.34632850022461,152.7717,/T
2037-Mar-16 00:00,N,,150.25716,13.87498,0.249,6.473,192.795512,-14.465974,8.35410788554311,151.7104,/T
2037-Mar-17 00:00,N,,150.19384,13.89744,0.253,6.475,283.611662,-14.500701,8.36215977830192,150.6507,/T
2037-Mar-18 00:00,N,,150.13159,13.91944,0.258,6.478,14.425547,-14.534751,8.37048079016997,149.5925,/T
2037-Mar-19 00:00,N,m,150.07044,13.94098,0.263,6.480,105.237151,-14.568108,8.37906736766221,148.5359,/T
2037-Mar-20 00:00,N,m,150.01043,13.96203,0.267,6.482,196.046459,-14.600754,8.38791583491395,147.4811,/T
2037-Mar-21 00:00,N,m,149.95159,13.98260,0.272,6.485,286.853458,-14.632676,8.39702242915252,146.4279,/T
2037-Mar-22 00:00,N,m,149.89396,14.00268,0.277,6.487,17.658138,-14.663858,8.40638328605086,145.3766,/T
2037-Mar-23 00:00,N,m,149.83756,14.02225,0.282,6.489,108.460489,-14.694286,8.41599440638172,144.3271,/T
2037-Mar-24 00:00,N,m,149.78243,14.04130,0.287,6.492,199.260505,-14.723947,8.42585184464484,143.2795,/T
2037-Mar-25 00:00,N,m,149.72859,14.05984,0.292,6.494,290.058177,-14.752828,8.43595161098199,142.2339,/T
2037-Mar-26 00:00,N,m,149.67605,14.07786,0.297,6.496,20.853501,-14.780917,8.44628966950345,141.1902,/T
2037-Mar-27 00:00,N,m,149.62484,14.09535,0.302,6.498,111.646472,-14.808202,8.45686196483893,140.1485,/T
2037-Mar-28 00:00,N,m,149.57498,14.11230,0.307,6.501,202.437088,-14.834673,8.46766436899560,139.1088,/T
2037-Mar-29 00:00,N,m,149.52647,14.12872,0.312,6.503,293.225346,-14.860321,8.47869284126417,138.0712,/T
2037-Mar-30 00:00,N,m,149.47935,14.14459,0.317,6.505,24.011245,-14.885135,8.48994338049295,137.0356,/T
2037-Mar-31 00:00,N,m,149.43364,14.15990,0.322,6.507,114.794783,-14.909107,8.50141197523718,136.0020,/T
2037-Apr-01 00:00,N,m,149.38936,14.17465,0.327,6.509,205.575962,-14.932229,8.51309465885147,134.9705,/T
2037-Apr-02 00:00,N,,149.34655,14.18883,0.332,6.511,296.354780,-14.954493,8.52498753306928,133.9410,/T
2037-Apr-03 00:00,N,,149.30523,14.20243,0.337,6.513,27.131237,-14.975891,8.53708666132307,132.9136,/T
2037-Apr-04 00:00,N,,149.26541,14.21546,0.343,6.515,117.905334,-14.996415,8.54938813196865,131.8883,/T
2037-Apr-05 00:00,N,,149.22712,14.22790,0.348,6.517,208.677071,-15.016058,8.56188785593785,130.8649,/T
2037-Apr-06 00:00,N,,149.19037,14.23976,0.353,6.519,299.446451,-15.034811,8.57458170240279,129.8437,/T
2037-Apr-07 00:00,N,,149.15516,14.25104,0.358,6.521,30.213477,-15.052668,8.58746551921811,128.8245,/T
2037-Apr-08 00:00,N,,149.12152,14.26172,0.363,6.523,120.978151,-15.069621,8.60053508357083,127.8074,/T
2037-Apr-09 00:00,N,,149.08946,14.27182,0.369,6.525,211.740480,-15.085663,8.61378610796309,126.7925,/T
2037-Apr-10 00:00,N,,149.05899,14.28131,0.374,6.526,302.500468,-15.100789,8.62721425482044,125.7796,/T
2037-Apr-11 00:00,N,,149.03012,14.29021,0.379,6.528,33.258120,-15.114991,8.64081509174420,124.7690,/T
2037-Apr-12 00:00,N,,149.00287,14.29850,0.384,6.530,124.013445,-15.128263,8.65458418901055,123.7604,/T
2037-Apr-13 00:00,C,,148.97725,14.30619,0.390,6.532,214.766450,-15.140602,8.66851699004512,122.7541,/T
2037-Apr-14 00:00,C,,148.95329,14.31326,0.395,6.533,305.517143,-15.152001,8.68260875872027,121.7500,/T
2037-Apr-15 00:00,C,,148.93100,14.31971,0.400,6.535,36.265536,-15.162456,8.69685471061110,120.7482,/T
2037-Apr-16 00:00,C,,148.91039,14.32554,0.406,6.537,127.011639,-15.171964,8.71124992507526,119.7486,/T
2037-Apr-17 00:00,C,m,148.89147,14.33075,0.411,6.538,217.755467,-15.180521,8.72578943002675,118.7513,/T
2037-Apr-18 00:00,C,m,148.87427,14.33534,0.416,6.540,308.497034,-15.188125,8.74046813798224,117.7563,/T
2037-Apr-19 00:00,C,m,148.85879,14.33930,0.421,6.541,39.236357,-15.194774,8.75528084651862,116.7637,/T
2037-Apr-20 00:00,C,m,148.84503,14.34263,0.427,6.543,129.973455,-15.200466,8.77022233963478,115.7734,/T
2037-Apr-21 00:00,C,m,148.83300,14.34535,0.432,6.544,220.708348,-15.205201,8.78528746276653,114.7854,/T
2037-Apr-22 00:00,C,m,148.82269,14.34744,0.437,6.546,311.441056,-15.208977,8.80047100531415,113.7998,/T
2037-Apr-23 00:00,C,m,148.81411,14.34892,0.442,6.547,42.171601,-15.211796,8.81576787242228,112.8166,/T
2037-Apr-24 00:00,C,m,148.80724,14.34979,0.447,6.548,132.900008,-15.213658,8.83117302440824,111.8358,/T
2037-Apr-25 00:00,C,m,148.80207,14.35004,0.453,6.550,223.626300,-15.214564,8.84668160212661,110.8574,/T
2037-Apr-26 00:00,C,m,148.79862,14.34967,0.458,6.551,314.350499,-15.214516,8.86228894177362,109.8813,/T
2037-Apr-27 00:00,C,m,148.79687,14.34869,0.463,6.552,45.072630,-15.213515,8.87799046182700,108.9076,/T
2037-Apr-28 00:00,C,m,148.79684,14.34708,0.468,6.553,135.792714,-15.211563,8.89378169204704,107.9362,/T
2037-Apr-29 00:00,C,m,148.79853,14.34486,0.473,6.555,226.510773,-15.208662,8.90965831068219,106.9672,/T
2037-Apr-30 00:00,C,m,148.80194,14.34202,0.478,6.556,317.226829,-15.204814,8.92561604473724,106.0004,/T
2037-May-01 00:00,C,,148.80708,14.33856,0.483,6.557,47.940904,-15.200022,8.94165066184428,105.0358,/T
2037-May-02 00:00,C,,148.81394,14.33449,0.488,6.558,138.653018,-15.194287,8.95775788378132,104.0735,/T
2037-May-03 00:00,C,,148.82252,14.32981,0.493,6.559,229.363192,-15.187611,8.97393331124731,103.1134,/T
2037-May-04 00:00,C,,148.83282,14.32453,0.498,6.560,320.071449,-15.179997,8.99017258439724,102.1555,/T
2037-May-05 00:00,C,,148.84482,14.31864,0.503,6.561,50.777810,-15.171447,9.00647122277954,101.1997,/T
2037-May-06 00:00,C,,148.85851,14.31216,0.508,6.562,141.482299,-15.161963,9.02282466670650,100.2461,/T
2037-May-07 00:00,C,,148.87391,14.30507,0.513,6.563,232.184941,-15.151547,9.03922828847457,99.2947,/T
2037-May-08 00:00,C,,148.89098,14.29740,0.518,6.564,322.885760,-15.140203,9.05567743660387,98.3453,/T
2037-May-09 00:00,C,,148.90975,14.28912,0.523,6.565,53.584784,-15.127933,9.07216748358642,97.3981,/T
2037-May-10 00:00,*,,148.93019,14.28026,0.527,6.566,144.282037,-15.114741,9.08869386281050,96.4531,/T
2037-May-11 00:00,*,,148.95232,14.27080,0.532,6.566,234.977547,-15.100628,9.10525191482536,95.5101,/T
2037-May-12 00:00,*,,148.97612,14.26074,0.537,6.567,325.671341,-15.085599,9.12183705450282,94.5692,/T
2037-May-13 00:00,*,,149.00159,14.25010,0.542,6.568,56.363447,-15.069658,9.13844470046157,93.6305,/T
2037-May-14 00:00,*,,149.02873,14.23886,0.546,6.569,147.053892,-15.052808,9.15507024074223,92.6938,/T
2037-May-15 00:00,*,,149.05754,14.22704,0.551,6.569,237.742705,-15.035052,9.17170903990952,91.7593,/T
2037-May-16 00:00,*,m,149.08801,14.21463,0.555,6.570,328.429915,-15.016397,9.18835635473762,90.8269,/T
2037-May-17 00:00,*,m,149.12013,14.20164,0.560,6.571,59.115552,-14.996846,9.20500742637948,89.8965,/T
2037-May-18 00:00,*,m,149.15389,14.18808,0.564,6.571,149.799649,-14.976406,9.22165754521841,88.9683,/T
2037-May-19 00:00,*,m,149.18928,14.17395,0.569,6.572,240.482235,-14.955081,9.23830197295400,88.0422,/T
2037-May-20 00:00,*,m,149.22628,14.15926,0.573,6.572,331.163345,-14.932879,9.25493597870499,87.1182,/T
2037-May-21 00:00,*,m,149.26486,14.14401,0.578,6.573,61.843012,-14.909806,9.27155493630760,86.1963,/T
2037-May-22 00:00,*,m,149.30502,14.12821,0.582,6.573,152.521270,-14.885869,9.28815427799136,85.2765,/T
2037-May-23 00:00,*,m,149.34673,14.11186,0.586,6.574,243.198152,-14.861075,9.30472967082342,84.3588,/T
2037-May-24 00:00,*,m,149.38999,14.09496,0.590,6.574,333.873693,-14.835431,9.32127687098414,83.4431,/T
2037-May-25 00:00,*,m,149.43478,14.07753,0.595,6.574,64.547925,-14.808945,9.33779178930759,82.5295,/T
2037-May-26 00:00,*,m,149.48109,14.05955,0.599,6.575,155.220883,-14.781625,9.35427056075288,81.6178,/T
2037-May-27 00:00,*,m,149.52893,14.04102,0.603,6.575,245.892596,-14.753476,9.37070952000945,80.7081,/T
2037-May-28 00:00,*,m,149.57827,14.02197,0.607,6.575,336.563096,-14.724507,9.38710510905144,79.8003,/T
2037-May-29 00:00,*,m,149.62910,14.00238,0.611,6.576,67.232410,-14.694723,9.40345387272165,78.8944,/T
2037-May-30 00:00,*,,149.68142,13.98227,0.615,6.576,157.900567,-14.664131,9.41975230101715,77.9904,/T
2037-May-31 00:00,*,,149.73519,13.96164,0.619,6.576,248.567597,-14.632738,9.43599693904213,77.0881,/T
2037-Jun-01 00:00,*,,149.79042,13.94051,0.623,6.576,339.233524,-14.600549,9.45218430576145,76.1877,/T
2037-Jun-02 00:00,*,,149.84707,13.91886,0.626,6.576,69.898379,-14.567570,9.46831077751082,75.2889,/T
2037-Jun-03 00:00,*,,149.90513,13.89672,0.630,6.576,160.562188,-14.533809,9.48437268360778,74.3919,/T
2037-Jun-04 00:00,*,,149.96460,13.87408,0.634,6.577,251.224980,-14.499271,9.50036627037361,73.4965,/T
2037-Jun-05 00:00,*,,150.02545,13.85094,0.637,6.577,341.886785,-14.463962,9.51628775850706,72.6028,/T
2037-Jun-06 00:00,*,,150.08769,13.82732,0.641,6.577,72.547632,-14.427890,9.53213335345193,71.7107,/T
2037-Jun-07 00:00,*,,150.15128,13.80320,0.645,6.577,163.207551,-14.391061,9.54789918058968,70.8202,/T
2037-Jun-08 00:00,*,,150.21623,13.77860,0.648,6.577,253.866575,-14.353482,9.56358132052254,69.9313,/T
2037-Jun-09 00:00,*,,150.28253,13.75352,0.652,6.577,344.524734,-14.315160,9.57917596060704,69.0440,/T
2037-Jun-10 00:00,*,,150.35016,13.72796,0.655,6.577,75.182060,-14.276101,9.59467925564936,68.1582,/T
2037-Jun-11 00:00,*,,150.41912,13.70192,0.658,6.576,165.838584,-14.236314,9.61008744813012,67.2740,/T
2037-Jun-12 00:00,*,,150.48939,13.67541,0.662,6.576,256.494341,-14.195804,9.62539676888693,66.3913,/T
2037-Jun-13 00:00,*,,150.56095,13.64843,0.665,6.576,347.149361,-14.154580,9.64060348914461,65.5101,/T
2037-Jun-14 00:00,*,m,150.63379,13.62100,0.668,6.576,77.803677,-14.112650,9.65570398179867,64.6304,/T
2037-Jun-15 00:00,*,m,150.70789,13.59311,0.671,6.576,168.457321,-14.070020,9.67069465742690,63.7522,/T
2037-Jun-16 00:00,*,m,150.78322,13.56478,0.674,6.576,259.110327,-14.026699,9.68557190126365,62.8755,/T
2037-Jun-17 00:00,*,m,150.85976,13.53601,0.677,6.575,349.762727,-13.982696,9.70033221009241,62.0003,/T
2037-Jun-18 00:00,*,m,150.93749,13.50681,0.680,6.575,80.414554,-13.938021,9.71497215071913,61.1266,/T
2037-Jun-19 00:00,*,m,151.01638,13.47719,0.683,6.575,171.065840,-13.892681,9.72948843739160,60.2543,/T
2037-Jun-20 00:00,*,m,151.09643,13.44714,0.686,6.575,261.716618,-13.846686,9.74387791808068,59.3835,/T
2037-Jun-21 00:00,*,m,151.17761,13.41668,0.688,6.574,352.366919,-13.800045,9.75813746476379,58.5141,/T
2037-Jun-22 00:00,*,m,151.25992,13.38579,0.691,6.574,83.016774,-13.752768,9.77226413596004,57.6462,/T
2037-Jun-23 00:00,*,m,151.34334,13.35450,0.694,6.574,173.666214,-13.704864,9.78625511554158,56.7795,/T
2037-Jun-24 00:00,*,m,151.42786,13.32280,0.696,6.573,264.315268,-13.656342,9.80010767746233,55.9143,/T
2037-Jun-25 00:00,*,m,151.51347,13.29069,0.699,6.573,354.963966,-13.607210,9.81381917498294,55.0503,/T
2037-Jun-26 00:00,*,m,151.60014,13.25819,0.701,6.572,85.612335,-13.557477,9.82738703198504,54.1875,/T
2037-Jun-27 00:00,*,m,151.68787,13.22531,0.704,6.572,176.260403,-13.507150,9.84080872663525,53.3260,/T
2037-Jun-28 00:00,*,,151.77661,13.19205,0.706,6.571,266.908197,-13.456239,9.85408189541710,52.4657,/T
2037-Jun-29 00:00,*,,151.86636,13.15841,0.709,6.571,357.555744,-13.404750,9.86720410007570,51.6064,/T
2037-Jun-30 00:00,*,,151.95710,13.12440,0.711,6.570,88.203068,-13.352690,9.88017291012130,50.7483,/T
2037-Jul-01 00:00,*,,152.04880,13.09004,0.713,6.570,178.850197,-13.300068,9.89298587070939,49.8912,/T
2037-Jul-02 00:00,*,,152.14145,13.05531,0.715,6.569,269.497153,-13.246892,9.90564048876530,49.0352,/T
2037-Jul-03 00:00,*,,152.23504,13.02023,0.717,6.569,0.143965,-13.193168,9.91813425282511,48.1801,/T
2037-Jul-04 00:00,*,,152.32956,12.98479,0.719,6.568,90.790656,-13.138904,9.93046457123690,47.3260,/T
2037-Jul-05 00:00,*,,152.42499,12.94901,0.721,6.568,181.437254,-13.084108,9.94262874369293,46.4728,/T
2037-Jul-06 00:00,*,,152.52132,12.91289,0.723,6.567,272.083785,-13.028789,9.95462410974213,45.6205,/T
2037-Jul-07 00:00,*,,152.61855,12.87642,0.725,6.566,2.730275,-12.972954,9.96644797787645,44.7691,/T
2037-Jul-08 00:00,*,,152.71666,12.83962,0.727,6.566,93.376753,-12.916611,9.97809758909346,43.9185,/T
2037-Jul-09 00:00,*,,152.81563,12.80249,0.728,6.565,184.023246,-12.859769,9.98957019274033,43.0688,/T
2037-Jul-10 00:00,*,,152.91545,12.76503,0.730,6.564,274.669782,-12.802437,10.0008629706239,42.2199,/T
2037-Jul-11 00:00,*,,153.01611,12.72725,0.732,6.564,5.316392,-12.744623,10.0119732188301,41.3718,/T
2037-Jul-12 00:00,*,,153.11759,12.68916,0.733,6.563,95.963104,-12.686335,10.0228982913941,40.5245,/T
2037-Jul-13 00:00,*,m,153.21985,12.65076,0.735,6.562,186.609947,-12.627584,10.0336355856703,39.6780,/T
2037-Jul-14 00:00,*,m,153.32288,12.61207,0.736,6.561,277.256952,-12.568379,10.0441826222163,38.8322,/T
2037-Jul-15 00:00,*,m,153.42665,12.57310,0.738,6.561,7.904147,-12.508729,10.0545371254763,37.9873,/T
2037-Jul-16 00:00,*,m,153.53113,12.53384,0.739,6.560,98.551561,-12.448643,10.0646969504150,37.1430,/T
2037-Jul-17 00:00,*,m,153.63630,12.49431,0.740,6.559,189.199221,-12.388133,10.0746601801000,36.2996,/T
2037-Jul-18 00:00,*,m,153.74216,12.45451,0.741,6.558,279.847153,-12.327207,10.0844249464192,35.4568,/T
2037-Jul-19 00:00,*,m,153.84869,12.41443,0.742,6.557,10.495382,-12.265877,10.0939895261165,34.6148,/T
2037-Jul-20 00:00,*,m,153.95587,12.37409,0.744,6.556,101.143934,-12.204151,10.1033523530515,33.7736,/T
2037-Jul-21 00:00,*,m,154.06371,12.33348,0.745,6.556,191.792831,-12.142040,10.1125118990093,32.9330,/T
2037-Jul-22 00:00,*,m,154.17217,12.29262,0.745,6.555,282.442097,-12.079552,10.1214666657246,32.0930,/T
2037-Jul-23 00:00,*,m,154.28125,12.25152,0.746,6.554,13.091753,-12.016698,10.1302151642629,31.2537,/T
2037-Jul-24 00:00,*,m,154.39093,12.21017,0.747,6.553,103.741823,-11.953486,10.1387558915098,30.4149,/T
2037-Jul-25 00:00,*,m,154.50118,12.16860,0.748,6.552,194.392327,-11.889926,10.1470874087927,29.5768,/T
2037-Jul-26 00:00,*,m,154.61199,12.12680,0.749,6.551,285.043288,-11.826026,10.1552082631276,28.7391,/T
2037-Jul-27 00:00,*,,154.72333,12.08478,0.749,6.550,15.694728,-11.761794,10.1631169170411,27.9020,/T
2037-Jul-28 00:00,*,,154.83519,12.04256,0.750,6.549,106.346667,-11.697241,10.1708119298968,27.0653,/T
2037-Jul-29 00:00,*,,154.94755,12.00012,0.751,6.548,196.999128,-11.632373,10.1782918577848,26.2290,/T
2037-Jul-30 00:00,*,,155.06039,11.95749,0.751,6.547,287.652131,-11.567199,10.1855553360119,25.3931,/T
2037-Jul-31 00:00,*,,155.17370,11.91466,0.751,6.546,18.305698,-11.501728,10.1926009946295,24.5576,/T
2037-Aug-01 00:00,*,,155.28747,11.87163,0.752,6.545,108.959849,-11.435968,10.1994274266087,23.7224,/T
2037-Aug-02 00:00,*,,155.40168,11.82842,0.752,6.544,199.614605,-11.369928,10.2060332391148,22.8876,/T
2037-Aug-03 00:00,*,,155.51633,11.78502,0.752,6.543,290.269986,-11.303616,10.2124170877309,22.0530,/T
2037-Aug-04 00:00,*,,155.63141,11.74144,0.753,6.542,20.926014,-11.237042,10.2185775107304,21.2188,/T
2037-Aug-05 00:00,*,,155.74689,11.69768,0.753,6.541,111.582708,-11.170213,10.2245130457646,20.3848,/T
2037-Aug-06 00:00,*,,155.86278,11.65375,0.753,6.540,202.240090,-11.103139,10.2302221561320,19.5511,/T
2037-Aug-07 00:00,*,,155.97905,11.60966,0.753,6.539,292.898183,-11.035830,10.2357032981119,18.7177,/T
2037-Aug-08 00:00,*,,156.09568,11.56542,0.753,6.538,23.557008,-10.968295,10.2409549698828,17.8846,/T
2037-Aug-09 00:00,*,,156.21266,11.52102,0.752,6.536,114.216589,-10.900543,10.2459755966144,17.0518,/T
2037-Aug-10 00:00,*,,156.32996,11.47649,0.752,6.535,204.876949,-10.832585,10.2507636265661,16.2193,/T
2037-Aug-11 00:00,*,,156.44756,11.43184,0.752,6.534,295.538111,-10.764432,10.2553176335977,15.3872,/T
2037-Aug-12 00:00,C,m,156.56543,11.38706,0.751,6.533,26.200101,-10.696093,10.2596363334553,14.5556,/T
2037-Aug-13 00:00,C,m,156.68355,11.34217,0.751,6.531,116.862942,-10.627581,10.2637186434898,13.7244,/T
2037-Aug-14 00:00,C,m,156.80190,11.29716,0.750,6.530,207.526655,-10.558906,10.2675637061206,12.8939,/T
2037-Aug-15 00:00,C,m,156.92047,11.25205,0.749,6.528,298.191264,-10.490079,10.2711708172906,12.0641,/T
2037-Aug-16 00:00,C,m,157.03925,11.20684,0.748,6.526,28.856788,-10.421110,10.2745395952614,11.2352,/T
2037-Aug-17 00:00,C,m,157.15823,11.16153,0.747,6.525,119.523244,-10.352011,10.2776697660640,10.4074,/T
2037-Aug-18 00:00,C,m,157.27739,11.11613,0.745,6.523,210.190651,-10.282792,10.2805611266900,9.5809,/T
2037-Aug-19 00:00,C,m,157.39672,11.07064,0.744,6.520,300.859025,-10.213462,10.2832134990266,8.7562,/T
2037-Aug-20 00:00,C,m,157.51620,11.02508,0.742,6.518,31.528380,-10.144032,10.2856267073708,7.9337,/T
2037-Aug-21 00:00,C,m,157.63581,10.97946,0.739,6.515,122.198734,-10.074512,10.2878005748566,7.1144,/T
2037-Aug-22 00:00,C,m,157.75553,10.93378,0.736,6.512,212.870099,-10.004910,10.2897349324990,6.2994,/T
2037-Aug-23 00:00,C,m,157.87533,10.88805,0.733,6.509,303.542492,-9.935238,10.2914294616343,5.4906,/T
2037-Aug-24 00:00,C,m,157.99521,10.84228,0.730,6.505,34.215927,-9.865504,10.2928838454245,4.6915,/T
2037-Aug-25 00:00,C,m,158.11515,10.79647,0.725,6.500,124.890420,-9.795717,10.2940977577836,3.9081,/T
2037-Aug-26 00:00,C,m,158.23513,10.75064,0.721,6.496,215.565987,-9.725888,10.2950708210434,3.1523,/T
2037-Aug-27 00:00,C,,158.35514,10.70478,0.716,6.490,306.242643,-9.656025,10.2958026760022,2.4501,/T
2037-Aug-28 00:00,C,,158.47516,10.65892,0.711,6.486,36.920404,-9.586139,10.2962928994575,1.8634,/T
2037-Aug-29 00:00,C,,158.59516,10.61305,0.709,6.484,127.599288,-9.516239,10.2965411183566,1.5322,/T
2037-Aug-30 00:00,C,,158.71513,10.56714,0.711,6.486,218.279310,-9.446334,10.2965470675103,1.6221,/T
2037-Aug-31 00:00,N,,158.83509,10.52120,0.718,6.492,308.960486,-9.376434,10.2963105096997,2.0797,/L
2037-Sep-01 00:00,N,,158.95503,10.47527,0.725,6.500,39.642832,-9.306549,10.2958312027355,2.7262,/L
2037-Sep-02 00:00,N,,159.07494,10.42934,0.733,6.508,130.326365,-9.236689,10.2951089787678,3.4577,/L
2037-Sep-03 00:00,N,,159.19477,10.38344,0.740,6.515,221.011099,-9.166863,10.2941436280467,4.2306,/L
2037-Sep-04 00:00,N,,159.31453,10.33755,0.746,6.522,311.697052,-9.097083,10.2929350367998,5.0261,/L
2037-Sep-05 00:00,N,,159.43419,10.29170,0.752,6.528,42.384238,-9.027357,10.2914830211929,5.8354,/L
2037-Sep-06 00:00,N,,159.55373,10.24589,0.757,6.534,133.072674,-8.957698,10.2897873592393,6.6537,/L
2037-Sep-07 00:00,N,,159.67312,10.20012,0.762,6.539,223.762377,-8.888116,10.2878478948919,7.4782,/L
2037-Sep-08 00:00,N,,159.79234,10.15442,0.767,6.544,314.453365,-8.818623,10.2856645558402,8.3074,/L
2037-Sep-09 00:00,N,,159.91137,10.10878,0.771,6.549,45.145655,-8.749230,10.2832373405666,9.1401,/L
2037-Sep-10 00:00,N,,160.03019,10.06322,0.775,6.553,135.839263,-8.679949,10.2805664073332,9.9756,/L
2037-Sep-11 00:00,N,m,160.14879,10.01773,0.779,6.558,226.534208,-8.610793,10.2776520221742,10.8135,/L
2037-Sep-12 00:00,N,m,160.26716,9.97232,0.782,6.562,317.230503,-8.541775,10.2744946984932,11.6534,/L
2037-Sep-13 00:00,N,m,160.38527,9.92700,0.786,6.566,47.928165,-8.472905,10.2710951879045,12.4951,/L
2037-Sep-14 00:00,N,m,160.50313,9.88178,0.789,6.570,138.627207,-8.404195,10.2674543203344,13.3383,/L
2037-Sep-15 00:00,N,m,160.62072,9.83666,0.792,6.574,229.327642,-8.335658,10.2635730933574,14.1829,/L
2037-Sep-16 00:00,N,m,160.73800,9.79165,0.795,6.578,320.029481,-8.267303,10.2594525823894,15.0289,/L
2037-Sep-17 00:00,N,m,160.85497,9.74676,0.798,6.582,50.732734,-8.199142,10.2550939533787,15.8761,/L
2037-Sep-18 00:00,N,m,160.97159,9.70201,0.801,6.585,141.437413,-8.131186,10.2504984205035,16.7245,/L
2037-Sep-19 00:00,A,m,161.08786,9.65739,0.803,6.589,232.143524,-8.063445,10.2456671507595,17.5741,/L
2037-Sep-20 00:00,A,m,161.20374,9.61292,0.806,6.593,322.851079,-7.995929,10.2406012327914,18.4248,/L
2037-Sep-21 00:00,A,m,161.31923,9.56861,0.808,6.596,53.560085,-7.928648,10.2353018240719,19.2767,/L
2037-Sep-22 00:00,A,m,161.43431,9.52446,0.811,6.600,144.270552,-7.861614,10.2297699830995,20.1297,/L
2037-Sep-23 00:00,A,m,161.54897,9.48048,0.813,6.603,234.982489,-7.794836,10.2240067611604,20.9839,/L
2037-Sep-24 00:00,A,m,161.66319,9.43667,0.815,6.607,325.695905,-7.728325,10.2180131238362,21.8391,/L
2037-Sep-25 00:00,A,m,161.77696,9.39304,0.817,6.610,56.410810,-7.662091,10.2117899839826,22.6956,/L
2037-Sep-26 00:00,A,m,161.89027,9.34959,0.819,6.614,147.127215,-7.596144,10.2053382985183,23.5532,/L
2037-Sep-27 00:00,A,,162.00310,9.30634,0.821,6.617,237.845129,-7.530496,10.1986590106954,24.4120,/L
2037-Sep-28 00:00,A,,162.11545,9.26328,0.823,6.621,328.564563,-7.465157,10.1917529971262,25.2721,/L
2037-Sep-29 00:00,A,,162.22731,9.22042,0.825,6.624,59.285530,-7.400138,10.1846211991061,26.1333,/L
2037-Sep-30 00:00,A,,162.33864,9.17778,0.827,6.627,150.008040,-7.335449,10.1772646099631,26.9958,/L
2037-Oct-01 00:00,A,,162.44944,9.13535,0.829,6.631,240.732105,-7.271103,10.1696843142845,27.8596,/L
2037-Oct-02 00:00,A,,162.55969,9.09316,0.830,6.634,331.457737,-7.207109,10.1618815157442,28.7247,/L
2037-Oct-03 00:00,A,,162.66936,9.05120,0.832,6.637,62.184948,-7.143480,10.1538573901599,29.5912,/L
2037-Oct-04 00:00,A,,162.77843,9.00949,0.833,6.641,152.913747,-7.080227,10.1456132581641,30.4589,/L
2037-Oct-05 00:00,A,,162.88688,8.96805,0.835,6.644,243.644147,-7.017362,10.1371505350196,31.3280,/L
2037-Oct-06 00:00,A,,162.99468,8.92686,0.836,6.647,334.376158,-6.954898,10.1284707144766,32.1985,/L
2037-Oct-07 00:00,,,163.10181,8.88596,0.838,6.650,65.109791,-6.892846,10.1195753824305,33.0703,/L
2037-Oct-08 00:00,,,163.20826,8.84534,0.839,6.653,155.845056,-6.831220,10.1104662556326,33.9436,/L
2037-Oct-09 00:00,,,163.31401,8.80500,0.840,6.657,246.581964,-6.770033,10.1011451799998,34.8181,/L
2037-Oct-10 00:00,,,163.41906,8.76496,0.841,6.660,337.320521,-6.709297,10.0916142726719,35.6941,/L
2037-Oct-11 00:00,,,163.52338,8.72522,0.842,6.663,68.060737,-6.649025,10.0818757040396,36.5714,/L
2037-Oct-12 00:00,,m,163.62698,8.68578,0.843,6.666,158.802617,-6.589230,10.0719317430194,37.4500,/L
2037-Oct-13 00:00,,m,163.72981,8.64666,0.844,6.669,249.546170,-6.529923,10.0617847479121,38.3300,/L
2037-Oct-14 00:00,,m,163.83187,8.60788,0.845,6.672,340.291398,-6.471116,10.0514371146356,39.2114,/L
2037-Oct-15 00:00,,m,163.93313,8.56943,0.846,6.675,71.038308,-6.412821,10.0408913102113,40.0941,/L
2037-Oct-16 00:00,,m,164.03357,8.53133,0.846,6.678,161.786905,-6.355048,10.0301498051749,40.9782,/L
2037-Oct-17 00:00,,m,164.13317,8.49359,0.847,6.681,252.537192,-6.297810,10.0192150542372,41.8637,/L
2037-Oct-18 00:00,,m,164.23190,8.45621,0.847,6.684,343.289175,-6.241115,10.0080896252992,42.7506,/L
2037-Oct-19 00:00,,m,164.32976,8.41921,0.848,6.687,74.042856,-6.184976,9.99677614793291,43.6390,/L
2037-Oct-20 00:00,,m,164.42672,8.38258,0.848,6.690,164.798239,-6.129402,9.98527721153523,44.5288,/L
2037-Oct-21 00:00,,m,164.52277,8.34634,0.849,6.692,255.555326,-6.074405,9.97359544566165,45.4201,/L
2037-Oct-22 00:00,,m,164.61790,8.31049,0.849,6.695,346.314120,-6.019994,9.96173339006320,46.3129,/L
2037-Oct-23 00:00,,m,164.71210,8.27504,0.849,6.698,77.074624,-5.966181,9.94969364131743,47.2073,/L
2037-Oct-24 00:00,,m,164.80536,8.23998,0.849,6.701,167.836841,-5.912975,9.93747877116234,48.1032,/L
2037-Oct-25 00:00,,m,164.89766,8.20534,0.849,6.703,258.600773,-5.860388,9.92509126699336,49.0007,/L
2037-Oct-26 00:00,,m,164.98900,8.17111,0.849,6.706,349.366424,-5.808431,9.91253357581302,49.8998,/L
2037-Oct-27 00:00,,m,165.07935,8.13731,0.849,6.709,80.133798,-5.757113,9.89980818128319,50.8006,/L
2037-Oct-28 00:00,,,165.16870,8.10393,0.849,6.711,170.902899,-5.706446,9.88691752792553,51.7030,/L
2037-Oct-29 00:00,,,165.25703,8.07100,0.848,6.714,261.673732,-5.656441,9.87386413790448,52.6071,/L
2037-Oct-30 00:00,,,165.34432,8.03852,0.848,6.716,352.446302,-5.607109,9.86065049301026,53.5130,/L
2037-Oct-31 00:00,,,165.43055,8.00650,0.847,6.719,83.220614,-5.558462,9.84727914883438,54.4206,/L
2037-Nov-01 00:00,,,165.51568,7.97494,0.847,6.721,173.996675,-5.510512,9.83375285537151,55.3300,/L
2037-Nov-02 00:00,,,165.59971,7.94387,0.846,6.723,264.774488,-5.463269,9.82007447468063,56.2412,/L
2037-Nov-03 00:00,,,165.68260,7.91328,0.846,6.726,355.554059,-5.416746,9.80624703541116,57.1543,/L
2037-Nov-04 00:00,,,165.76434,7.88319,0.845,6.728,86.335391,-5.370955,9.79227373971687,58.0691,/L
2037-Nov-05 00:00,,,165.84491,7.85359,0.844,6.730,177.118489,-5.325909,9.77815797118193,58.9858,/L
2037-Nov-06 00:00,,,165.92431,7.82450,0.843,6.733,267.903353,-5.281618,9.76390335217045,59.9043,/L
2037-Nov-07 00:00,,,166.00251,7.79592,0.842,6.735,358.689983,-5.238096,9.74951367934798,60.8247,/L
2037-Nov-08 00:00,,,166.07952,7.76786,0.841,6.737,89.478379,-5.195354,9.73499277622085,61.7468,/L
2037-Nov-09 00:00,,,166.15530,7.74032,0.840,6.739,180.268539,-5.153402,9.72034464102130,62.6708,/L
2037-Nov-10 00:00,,,166.22985,7.71332,0.839,6.741,271.060459,-5.112253,9.70557328406001,63.5966,/L
2037-Nov-11 00:00,,m,166.30313,7.68686,0.837,6.743,1.854135,-5.071916,9.69068275494595,64.5242,/L
2037-Nov-12 00:00,,m,166.37514,7.66096,0.836,6.745,92.649563,-5.032401,9.67567705517869,65.4536,/L
2037-Nov-13 00:00,,m,166.44584,7.63562,0.834,6.747,183.446739,-4.993719,9.66056009839595,66.3847,/L
2037-Nov-14 00:00,,m,166.51522,7.61085,0.833,6.749,274.245659,-4.955877,9.64533578272781,67.3177,/L
2037-Nov-15 00:00,,m,166.58327,7.58666,0.831,6.750,5.046317,-4.918886,9.63000806275376,68.2525,/L
2037-Nov-16 00:00,,m,166.64997,7.56305,0.829,6.752,95.848709,-4.882754,9.61458082220853,69.1891,/L
2037-Nov-17 00:00,,m,166.71532,7.54003,0.828,6.754,186.652832,-4.847490,9.59905799635604,70.1276,/L
2037-Nov-18 00:00,,m,166.77929,7.51760,0.826,6.755,277.458680,-4.813103,9.58344354811386,71.0679,/L
2037-Nov-19 00:00,,m,166.84187,7.49577,0.824,6.757,8.266248,-4.779601,9.56774149330083,72.0101,/L
2037-Nov-20 00:00,,m,166.90307,7.47453,0.822,6.759,99.075532,-4.746992,9.55195596608947,72.9541,/L
2037-Nov-21 00:00,,m,166.96286,7.45390,0.820,6.760,189.886523,-4.715284,9.53609103649488,73.9000,/L
2037-Nov-22 00:00,,m,167.02124,7.43388,0.817,6.762,280.699217,-4.684486,9.52015075890838,74.8479,/L
2037-Nov-23 00:00,,m,167.07819,7.41448,0.815,6.763,11.513607,-4.654606,9.50413920582902,75.7977,/L
2037-Nov-24 00:00,,m,167.13371,7.39569,0.813,6.764,102.329685,-4.625651,9.48806043726190,76.7495,/L
2037-Nov-25 00:00,,m,167.18777,7.37754,0.810,6.765,193.147447,-4.597629,9.47191848323884,77.7032,/L
2037-Nov-26 00:00,,m,167.24037,7.36001,0.808,6.767,283.966886,-4.570549,9.45571737245897,78.6590,/L
2037-Nov-27 00:00,,,167.29148,7.34313,0.805,6.768,14.787995,-4.544419,9.43946105362746,79.6168,/L
2037-Nov-28 00:00,,,167.34108,7.32691,0.803,6.769,105.610770,-4.519246,9.42315362658764,80.5766,/L
2037-Nov-29 00:00,,,167.38916,7.31133,0.800,6.770,196.435204,-4.495040,9.40679921871203,81.5385,/L
2037-Nov-30 00:00,,,167.43570,7.29643,0.797,6.771,287.261291,-4.471807,9.39040201681966,82.5025,/L
2037-Dec-01 00:00,,,167.48068,7.28219,0.794,6.772,18.089026,-4.449558,9.37396632860012,83.4686,/L
2037-Dec-02 00:00,,,167.52409,7.26862,0.791,6.773,108.918403,-4.428300,9.35749661863533,84.4368,/L
2037-Dec-03 00:00,,,167.56593,7.25573,0.788,6.774,199.749413,-4.408041,9.34099756568520,85.4070,/L
2037-Dec-04 00:00,,,167.60618,7.24351,0.785,6.774,290.582048,-4.388788,9.32447409482703,86.3794,/L
2037-Dec-05 00:00,,,167.64485,7.23197,0.782,6.775,21.416297,-4.370550,9.30793123416407,87.3539,/L
2037-Dec-06 00:00,,,167.68192,7.22112,0.779,6.776,112.252148,-4.353333,9.29137419822898,88.3305,/L
2037-Dec-07 00:00,,,167.71737,7.21095,0.776,6.776,203.089588,-4.337142,9.27480836118584,89.3091,/L
2037-Dec-08 00:00,,,167.75119,7.20148,0.772,6.777,293.928601,-4.321985,9.25823910408608,90.2898,/L
2037-Dec-09 00:00,,,167.78337,7.19271,0.769,6.777,24.769168,-4.307864,9.24167184358348,91.2725,/L
2037-Dec-10 00:00,,m,167.81390,7.18465,0.765,6.778,115.611275,-4.294786,9.22511186751545,92.2571,/L
2037-Dec-11 00:00,,m,167.84275,7.17730,0.762,6.778,206.454901,-4.282752,9.20856441105244,93.2438,/L
2037-Dec-12 00:00,,m,167.86993,7.17067,0.758,6.778,297.300029,-4.271768,9.19203468210230,94.2325,/L
2037-Dec-13 00:00,,m,167.89543,7.16475,0.754,6.778,28.146638,-4.261834,9.17552778923960,95.2231,/L
2037-Dec-14 00:00,,m,167.91925,7.15954,0.750,6.778,118.994713,-4.252955,9.15904870229537,96.2157,/L
2037-Dec-15 00:00,,m,167.94138,7.15506,0.747,6.778,209.844233,-4.245131,9.14260237972159,97.2102,/L
2037-Dec-16 00:00,,m,167.96182,7.15128,0.743,6.778,300.695180,-4.238366,9.12619367996651,98.2067,/L
2037-Dec-17 00:00,,m,167.98057,7.14823,0.739,6.778,31.547535,-4.232659,9.10982751929615,99.2051,/L
2037-Dec-18 00:00,,m,167.99764,7.14588,0.735,6.778,122.401280,-4.228013,9.09350875129646,100.2054,/L
2037-Dec-19 00:00,,m,168.01302,7.14425,0.730,6.778,213.256395,-4.224427,9.07724218105114,101.2077,/L
2037-Dec-20 00:00,,m,168.02670,7.14333,0.726,6.778,304.112864,-4.221904,9.06103268568096,102.2119,/L
2037-Dec-21 00:00,,m,168.03870,7.14313,0.722,6.777,34.970664,-4.220442,9.04488517894676,103.2180,/L
2037-Dec-22 00:00,,m,168.04899,7.14364,0.718,6.777,125.829777,-4.220041,9.02880456254621,104.2262,/L
2037-Dec-23 00:00,,m,168.05759,7.14486,0.713,6.777,216.690181,-4.220702,9.01279574347920,105.2362,/L
2037-Dec-24 00:00,,m,168.06447,7.14680,0.709,6.776,307.551857,-4.222424,8.99686357117930,106.2482,/L
2037-Dec-25 00:00,,m,168.06964,7.14946,0.705,6.775,38.414783,-4.225207,8.98101292722843,107.2622,/L
2037-Dec-26 00:00,,,168.07308,7.15284,0.700,6.775,129.278938,-4.229049,8.96524877602946,108.2782,/L
2037-Dec-27 00:00,,,168.07479,7.15694,0.696,6.774,220.144300,-4.233951,8.94957601096008,109.2962,/L
2037-Dec-28 00:00,,,168.07477,7.16176,0.691,6.773,311.010846,-4.239911,8.93399961517766,110.3161,/L
2037-Dec-29 00:00,,,168.07303,7.16729,0.686,6.772,41.878553,-4.246928,8.91852461250102,111.3381,/L
2037-Dec-30 00:00,,,168.06956,7.17354,0.682,6.772,132.747399,-4.255001,8.90315613150179,112.3620,/L
2037-Dec-31 00:00,,,168.06438,7.18049,0.677,6.771,223.617358,-4.264127,8.88789939654890,113.3879,/L
2038-Jan-01 00:00,,,168.05750,7.18814,0.672,6.770,314.488403,-4.274305,8.87275966682055,114.4157,/L
2038-Jan-02 00:00,,,168.04891,7.19650,0.667,6.768,45.360509,-4.285530,8.85774221554520,115.4455,/L
2038-Jan-03 00:00,,,168.03862,7.20555,0.662,6.767,136.233647,-4.297798,8.84285248546317,116.4772,/L
2038-Jan-04 00:00,,,168.02664,7.21530,0.658,6.766,227.107787,-4.311104,8.82809592295825,117.5107,/L
2038-Jan-05 00:00,,,168.01297,7.22574,0.653,6.765,317.982898,-4.325444,8.81347802359123,118.5461,/L
2038-Jan-06 00:00,,,167.99759,7.23687,0.648,6.763,48.858948,-4.340808,8.79900425486361,119.5833,/L
2038-Jan-07 00:00,,,167.98053,7.24869,0.643,6.762,139.735903,-4.357192,8.78468001368265,120.6222,/L
2038-Jan-08 00:00,,,167.96178,7.26119,0.638,6.761,230.613729,-4.374585,8.77051070373662,121.6628,/L
2038-Jan-09 00:00,,m,167.94135,7.27437,0.633,6.759,321.492389,-4.392978,8.75650160637621,122.7051,/L
2038-Jan-10 00:00,,m,167.91927,7.28822,0.628,6.757,52.371848,-4.412364,8.74265781616690,123.7491,/L
2038-Jan-11 00:00,,m,167.89554,7.30273,0.622,6.756,143.252069,-4.432730,8.72898431562427,124.7946,/L
2038-Jan-12 00:00,,m,167.87018,7.31789,0.617,6.754,234.133016,-4.454067,8.71548596765428,125.8417,/L
2038-Jan-13 00:00,,m,167.84321,7.33369,0.612,6.752,325.014653,-4.476363,8.70216749891627,126.8903,/L
2038-Jan-14 00:00,,m,167.81466,7.35012,0.607,6.750,55.896942,-4.499607,8.68903355429098,127.9405,/L
2038-Jan-15 00:00,,m,167.78454,7.36717,0.602,6.749,146.779847,-4.523786,8.67608853366225,128.9921,/L
2038-Jan-16 00:00,,m,167.75286,7.38484,0.597,6.747,237.663331,-4.548889,8.66333678740707,130.0451,/L
2038-Jan-17 00:00,,m,167.71966,7.40311,0.592,6.745,328.547359,-4.574903,8.65078257249588,131.0995,/L
2038-Jan-18 00:00,,m,167.68494,7.42198,0.586,6.743,59.431895,-4.601814,8.63843003825606,132.1553,/L
2038-Jan-19 00:00,,m,167.64873,7.44143,0.581,6.741,150.316902,-4.629608,8.62628324632920,133.2125,/L
2038-Jan-20 00:00,,m,167.61103,7.46146,0.576,6.738,241.202346,-4.658273,8.61434620905835,134.2710,/L
2038-Jan-21 00:00,,m,167.57185,7.48207,0.571,6.736,332.088191,-4.687794,8.60262290726457,135.3309,/L
2038-Jan-22 00:00,,m,167.53122,7.50323,0.565,6.734,62.974401,-4.718156,8.59111743450005,136.3920,/L
2038-Jan-23 00:00,,m,167.48914,7.52495,0.560,6.732,153.860939,-4.749346,8.57983383891445,137.4544,/L
2038-Jan-24 00:00,,,167.44562,7.54722,0.555,6.729,244.747768,-4.781349,8.56877618114320,138.5181,/L
2038-Jan-25 00:00,,,167.40070,7.57002,0.550,6.727,335.634850,-4.814150,8.55794860499500,139.5831,/L
2038-Jan-26 00:00,,,167.35440,7.59334,0.545,6.724,66.522146,-4.847734,8.54735526457484,140.6493,/L
2038-Jan-27 00:00,,,167.30675,7.61715,0.540,6.722,157.409614,-4.882085,8.53700037932426,141.7166,/L
2038-Jan-28 00:00,,,167.25777,7.64146,0.534,6.719,248.297212,-4.917186,8.52688810976348,142.7852,/L
2038-Jan-29 00:00,,,167.20750,7.66625,0.529,6.717,339.184898,-4.953021,8.51702253599046,143.8549,/L
2038-Jan-30 00:00,,,167.15597,7.69150,0.524,6.714,70.072629,-4.989571,8.50740772529904,144.9256,/L
2038-Jan-31 00:00,,,167.10320,7.71721,0.519,6.712,160.960359,-5.026817,8.49804768473294,145.9973,/L
2038-Feb-01 00:00,,,167.04920,7.74336,0.514,6.709,251.848043,-5.064741,8.48894622996868,147.0700,/L
2038-Feb-02 00:00,,,166.99402,7.76994,0.509,6.706,342.735635,-5.103322,8.48010709487515,148.1436,/L
2038-Feb-03 00:00,,,166.93766,7.79694,0.504,6.703,73.623089,-5.142538,8.47153380616108,149.2180,/L
2038-Feb-04 00:00,,,166.88017,7.82434,0.499,6.700,164.510361,-5.182368,8.46322984089415,150.2931,/L
2038-Feb-05 00:00,,,166.82157,7.85214,0.494,6.698,255.397402,-5.222790,8.45519856137499,151.3688,/L
2038-Feb-06 00:00,,,166.76188,7.88030,0.489,6.695,346.284166,-5.263781,8.44744314991832,152.4451,/L
2038-Feb-07 00:00,,m,166.70116,7.90883,0.484,6.692,77.170608,-5.305318,8.43996666579683,153.5219,/L
2038-Feb-08 00:00,,m,166.63944,7.93769,0.479,6.689,168.056679,-5.347376,8.43277207892684,154.5990,/L
2038-Feb-09 00:00,,m,166.57675,7.96686,0.475,6.686,258.942333,-5.389932,8.42586218510154,155.6765,/L
2038-Feb-10 00:00,,m,166.51314,7.99634,0.470,6.683,349.827524,-5.432961,8.41923965201606,156.7541,/L
2038-Feb-11 00:00,,m,166.44864,8.02611,0.465,6.680,80.712202,-5.476439,8.41290690186092,157.8318,/L
2038-Feb-12 00:00,,m,166.38330,8.05614,0.460,6.677,171.596324,-5.520340,8.40686615091739,158.9095,/L
2038-Feb-13 00:00,,m,166.31717,8.08641,0.456,6.674,262.479841,-5.564641,8.40111952543075,159.9870,/L
2038-Feb-14 00:00,A,m,166.25026,8.11692,0.451,6.670,353.362709,-5.609316,8.39566890095601,161.0642,/L
2038-Feb-15 00:00,A,m,166.18264,8.14764,0.447,6.667,84.244884,-5.654340,8.39051597145924,162.1409,/L
2038-Feb-16 00:00,A,m,166.11432,8.17856,0.442,6.664,175.126321,-5.699688,8.38566222784060,163.2169,/L
2038-Feb-17 00:00,A,m,166.04534,8.20967,0.437,6.661,266.006979,-5.745335,8.38110900945786,164.2921,/L
2038-Feb-18 00:00,A,m,165.97574,8.24094,0.433,6.657,356.886815,-5.791256,8.37685757182948,165.3660,/L
2038-Feb-19 00:00,A,m,165.90555,8.27238,0.428,6.654,87.765789,-5.837427,8.37290910030898,166.4385,/L
2038-Feb-20 00:00,A,m,165.83479,8.30395,0.424,6.650,178.643862,-5.883823,8.36926465187934,167.5089,/L
2038-Feb-21 00:00,A,m,165.76351,8.33564,0.419,6.646,269.520993,-5.930421,8.36592540665926,168.5768,/L
2038-Feb-22 00:00,A,,165.69174,8.36744,0.415,6.643,0.397143,-5.977195,8.36289258712420,169.6412,/L
2038-Feb-23 00:00,A,,165.61953,8.39931,0.410,6.639,91.272270,-6.024122,8.36016751140444,170.7010,/L
2038-Feb-24 00:00,A,,165.54694,8.43125,0.405,6.634,182.146334,-6.071177,8.35775152415635,171.7543,/L
2038-Feb-25 00:00,A,,165.47399,8.46323,0.400,6.630,273.019289,-6.118335,8.35564589462358,172.7982,/L
2038-Feb-26 00:00,A,,165.40073,8.49524,0.395,6.625,3.891093,-6.165570,8.35385185642019,173.8280,/L
2038-Feb-27 00:00,A,,165.32721,8.52725,0.389,6.620,94.761701,-6.212857,8.35237056451198,174.8351,/L
2038-Feb-28 00:00,A,,165.25345,8.55927,0.384,6.614,185.631068,-6.260168,8.35120294116648,175.8034,/L
2038-Mar-01 00:00,A,,165.17950,8.59126,0.378,6.609,276.499149,-6.307478,8.35034971249168,176.6985,/L
2038-Mar-02 00:00,A,,165.10540,8.62322,0.372,6.603,7.365901,-6.354760,8.34981139421049,177.4427,/L
2038-Mar-03 00:00,A,,165.03118,8.65513,0.369,6.600,98.231279,-6.401987,8.34958826633268,177.8719,/L
2038-Mar-04 00:00,A,,164.95689,8.68696,0.369,6.600,189.095242,-6.449131,8.34968047611601,177.7943,/L
2038-Mar-05 00:00,A,,164.88257,8.71871,0.373,6.604,279.957748,-6.496167,8.35008784919931,177.2532,/T
2038-Mar-06 00:00,A,,164.80827,8.75035,0.378,6.609,10.818756,-6.543066,8.35081001284483,176.4553,/T
2038-Mar-07 00:00,A,,164.73403,8.78186,0.383,6.614,101.678229,-6.589802,8.35184644212150,175.5367,/T
2038-Mar-08 00:00,A,m,164.65991,8.81323,0.388,6.618,192.536127,-6.636349,8.35319646759029,174.5586,/T
2038-Mar-09 00:00,A,m,164.58594,8.84443,0.393,6.623,283.392415,-6.682679,8.35485926915113,173.5485,/T
2038-Mar-10 00:00,A,m,164.51217,8.87544,0.398,6.627,14.247057,-6.728768,8.35683391231493,172.5196,/T
2038-Mar-11 00:00,A,m,164.43865,8.90625,0.402,6.631,105.100017,-6.774588,8.35911927317150,171.4792,/T
2038-Mar-12 00:00,A,m,164.36542,8.93684,0.407,6.634,195.951263,-6.820115,8.36171421469431,170.4314,/T
2038-Mar-13 00:00,A,m,164.29253,8.96719,0.411,6.638,286.800760,-6.865323,8.36461742984377,169.3787,/T
2038-Mar-14 00:00,A,m,164.22001,8.99729,0.415,6.641,17.648476,-6.910188,8.36782740832158,168.3227,/T
2038-Mar-15 00:00,N,m,164.14791,9.02712,0.419,6.644,108.494381,-6.954686,8.37134249533133,167.2646,/T
2038-Mar-16 00:00,N,m,164.07625,9.05667,0.423,6.647,199.338445,-6.998792,8.37516085345318,166.2051,/T
2038-Mar-17 00:00,N,m,164.00508,9.08593,0.427,6.650,290.180639,-7.042485,8.37928053682081,165.1450,/T
2038-Mar-18 00:00,N,m,163.93443,9.11488,0.431,6.653,21.020937,-7.085741,8.38369947839367,164.0844,/T
2038-Mar-19 00:00,N,m,163.86433,9.14352,0.435,6.656,111.859314,-7.128539,8.38841544028308,163.0239,/T
2038-Mar-20 00:00,N,m,163.79480,9.17181,0.439,6.658,202.695747,-7.170859,8.39342614261684,161.9636,/T
2038-Mar-21 00:00,N,m,163.72590,9.19976,0.443,6.661,293.530212,-7.212681,8.39872936349865,160.9038,/T
2038-Mar-22 00:00,N,,163.65766,9.22735,0.447,6.664,24.362690,-7.253984,8.40432285192314,159.8445,/T
2038-Mar-23 00:00,N,,163.59013,9.25455,0.452,6.666,115.193156,-7.294749,8.41020446295671,158.7860,/T
2038-Mar-24 00:00,N,,163.52334,9.28135,0.456,6.669,206.021591,-7.334958,8.41637201910797,157.7283,/T
2038-Mar-25 00:00,N,,163.45734,9.30774,0.460,6.672,296.847973,-7.374590,8.42282341156519,156.6714,/T
2038-Mar-26 00:00,N,,163.39214,9.33372,0.465,6.674,27.672279,-7.413627,8.42955657441042,155.6156,/T
2038-Mar-27 00:00,N,,163.32779,9.35926,0.469,6.677,118.494488,-7.452048,8.43656935458373,154.5608,/T
2038-Mar-28 00:00,N,,163.26431,9.38436,0.474,6.679,209.314577,-7.489835,8.44385944128649,153.5072,/T
2038-Mar-29 00:00,N,,163.20173,9.40902,0.478,6.682,300.132525,-7.526969,8.45142442672300,152.4548,/T
2038-Mar-30 00:00,N,,163.14008,9.43321,0.483,6.684,30.948312,-7.563430,8.45926169945036,151.4037,/T
2038-Mar-31 00:00,N,,163.07939,9.45692,0.487,6.687,121.761918,-7.599199,8.46736853005772,150.3539,/T
2038-Apr-01 00:00,N,,163.01970,9.48016,0.492,6.689,212.573323,-7.634259,8.47574195748586,149.3056,/T
2038-Apr-02 00:00,N,,162.96103,9.50289,0.497,6.692,303.382512,-7.668592,8.48437876602746,148.2587,/T
2038-Apr-03 00:00,N,,162.90344,9.52512,0.501,6.694,34.189468,-7.702180,8.49327564119213,147.2134,/T
2038-Apr-04 00:00,N,,162.84694,9.54682,0.506,6.696,124.994179,-7.735006,8.50242908374120,146.1697,/T
2038-Apr-05 00:00,N,,162.79158,9.56798,0.511,6.699,215.796632,-7.767055,8.51183542796795,145.1277,/T
2038-Apr-06 00:00,N,m,162.73738,9.58860,0.516,6.701,306.596817,-7.798311,8.52149084787704,144.0874,/T
2038-Apr-07 00:00,N,m,162.68439,9.60867,0.521,6.703,37.394725,-7.828759,8.53139136753381,143.0489,/T
2038-Apr-08 00:00,N,m,162.63262,9.62816,0.526,6.706,128.190351,-7.858384,8.54153294106210,142.0122,/T
2038-Apr-09 00:00,N,m,162.58211,9.64709,0.531,6.708,218.983689,-7.887174,8.55191152763748,140.9774,/T
2038-Apr-10 00:00,N,m,162.53288,9.66543,0.536,6.710,309.774735,-7.915115,8.56252293248275,139.9445,/T
2038-Apr-11 00:00,N,m,162.48495,9.68318,0.541,6.712,40.563489,-7.942194,8.57336298911903,138.9135,/T
2038-Apr-12 00:00,N,m,162.43834,9.70034,0.546,6.715,131.349947,-7.968401,8.58442749097550,137.8845,/T
2038-Apr-13 00:00,C,m,162.39306,9.71690,0.551,6.717,222.134111,-7.993724,8.59571223754353,136.8576,/T
2038-Apr-14 00:00,C,m,162.34913,9.73285,0.556,6.719,312.915981,-8.018152,8.60721301842296,135.8326,/T
2038-Apr-15 00:00,C,m,162.30657,9.74820,0.561,6.721,43.695559,-8.041677,8.61892554037927,134.8098,/T
2038-Apr-16 00:00,C,m,162.26539,9.76293,0.566,6.723,134.472848,-8.064291,8.63084546933381,133.7890,/T
2038-Apr-17 00:00,C,m,162.22560,9.77704,0.571,6.725,225.247851,-8.085984,8.64296857243934,132.7703,/T
2038-Apr-18 00:00,C,m,162.18723,9.79053,0.577,6.727,316.020574,-8.106751,8.65529061979197,131.7538,/T
2038-Apr-19 00:00,C,m,162.15031,9.80338,0.582,6.729,46.791021,-8.126584,8.66780743762932,130.7393,/T
2038-Apr-20 00:00,C,,162.11484,9.81559,0.587,6.731,137.559197,-8.145477,8.68051491363663,129.7268,/T
2038-Apr-21 00:00,C,,162.08087,9.82715,0.592,6.733,228.325110,-8.163424,8.69340894178387,128.7165,/T
2038-Apr-22 00:00,C,,162.04839,9.83806,0.597,6.735,319.088763,-8.180419,8.70648553476483,127.7082,/T
2038-Apr-23 00:00,C,,162.01742,9.84832,0.603,6.737,49.850162,-8.196456,8.71974063377765,126.7019,/T
2038-Apr-24 00:00,C,,161.98797,9.85794,0.608,6.739,140.609314,-8.211530,8.73317009096742,125.6978,/T
2038-Apr-25 00:00,C,,161.96005,9.86690,0.613,6.741,231.366226,-8.225633,8.74676971501314,124.6956,/T
2038-Apr-26 00:00,C,,161.93365,9.87521,0.618,6.742,322.120905,-8.238761,8.76053528460526,123.6955,/T
2038-Apr-27 00:00,C,,161.90879,9.88287,0.624,6.744,52.873359,-8.250906,8.77446251305634,122.6975,/T
2038-Apr-28 00:00,C,,161.88548,9.88986,0.629,6.746,143.623598,-8.262066,8.78854710154771,121.7016,/T
2038-Apr-29 00:00,C,,161.86373,9.89620,0.634,6.748,234.371630,-8.272233,8.80278457343121,120.7078,/T
2038-Apr-30 00:00,C,,161.84356,9.90186,0.640,6.749,325.117468,-8.281404,8.81717045223483,119.7161,/T
2038-May-01 00:00,C,,161.82498,9.90686,0.645,6.751,55.861122,-8.289575,8.83170019246558,118.7265,/T
2038-May-02 00:00,C,,161.80801,9.91118,0.650,6.752,146.602604,-8.296741,8.84636912267210,117.7391,/T
2038-May-03 00:00,C,,161.79265,9.91482,0.655,6.754,237.341928,-8.302901,8.86117247360006,116.7538,/T
2038-May-04 00:00,C,,161.77892,9.91778,0.661,6.756,328.079109,-8.308051,8.87610536141748,115.7707,/T
2038-May-05 00:00,C,m,161.76683,9.92006,0.666,6.757,58.814164,-8.312189,8.89116282672901,114.7899,/T
2038-May-06 00:00,C,m,161.75638,9.92166,0.671,6.759,149.547110,-8.315315,8.90633990722725,113.8112,/T
2038-May-07 00:00,C,m,161.74758,9.92257,0.676,6.760,240.277966,-8.317426,8.92163151895224,112.8347,/T
2038-May-08 00:00,C,m,161.74044,9.92281,0.681,6.761,331.006752,-8.318523,8.93703250154146,111.8605,/T
2038-May-09 00:00,C,m,161.73494,9.92237,0.687,6.763,61.733491,-8.318606,8.95253775378685,110.8886,/T
2038-May-10 00:00,*,m,161.73109,9.92125,0.692,6.764,152.458204,-8.317676,8.96814215614520,109.9189,/T
2038-May-11 00:00,*,m,161.72888,9.91946,0.697,6.765,243.180918,-8.315734,8.98384070829912,108.9514,/T
2038-May-12 00:00,*,m,161.72831,9.91700,0.702,6.767,333.901654,-8.312782,8.99962843330192,107.9862,/T
2038-May-13 00:00,*,m,161.72937,9.91387,0.707,6.768,64.620439,-8.308822,9.01550045014976,107.0233,/T
2038-May-14 00:00,*,m,161.73206,9.91007,0.712,6.769,155.337299,-8.303857,9.03145206101903,106.0626,/T
2038-May-15 00:00,*,m,161.73637,9.90561,0.717,6.770,246.052257,-8.297891,9.04747872810172,105.1042,/T
2038-May-16 00:00,*,m,161.74232,9.90048,0.722,6.772,336.765339,-8.290926,9.06357596970287,104.1480,/T
2038-May-17 00:00,*,m,161.74989,9.89468,0.727,6.773,67.476568,-8.282967,9.07973947357807,103.1939,/T
2038-May-18 00:00,*,m,161.75910,9.88822,0.732,6.774,158.185968,-8.274019,9.09596497564498,102.2421,/T
2038-May-19 00:00,*,,161.76995,9.88108,0.737,6.775,248.893562,-8.264083,9.11224835635274,101.2923,/T
2038-May-20 00:00,*,,161.78242,9.87329,0.742,6.776,339.599372,-8.253166,9.12858553800740,100.3447,/T
2038-May-21 00:00,*,,161.79652,9.86485,0.747,6.777,70.303420,-8.241270,9.14497234265948,99.3991,/T
2038-May-22 00:00,*,,161.81223,9.85576,0.752,6.778,161.005729,-8.228398,9.16140455830751,98.4556,/T
2038-May-23 00:00,*,,161.82954,9.84603,0.757,6.779,251.706322,-8.214555,9.17787791317172,97.5141,/T
2038-May-24 00:00,*,,161.84845,9.83565,0.762,6.780,342.405221,-8.199743,9.19438804313928,96.5745,/T
2038-May-25 00:00,*,,161.86893,9.82464,0.766,6.780,73.102452,-8.183967,9.21093052394144,95.6370,/T
2038-May-26 00:00,*,,161.89101,9.81300,0.771,6.781,163.798040,-8.167229,9.22750083989302,94.7014,/T
2038-May-27 00:00,*,,161.91466,9.80072,0.776,6.782,254.492010,-8.149534,9.24409443625873,93.7677,/T
2038-May-28 00:00,*,,161.93989,9.78781,0.780,6.783,345.184390,-8.130887,9.26070688437848,92.8360,/T
2038-May-29 00:00,*,,161.96669,9.77427,0.785,6.783,75.875207,-8.111290,9.27733369929205,91.9063,/T
2038-May-30 00:00,*,,161.99506,9.76010,0.790,6.784,166.564488,-8.090750,9.29397043305677,90.9784,/T
2038-May-31 00:00,*,,162.02501,9.74530,0.794,6.785,257.252259,-8.069270,9.31061261988530,90.0525,/T
2038-Jun-01 00:00,*,,162.05651,9.72987,0.799,6.785,347.938550,-8.046856,9.32725579862068,89.1285,/T
2038-Jun-02 00:00,*,,162.08957,9.71382,0.803,6.786,78.623389,-8.023514,9.34389552392256,88.2064,/T
2038-Jun-03 00:00,*,m,162.12418,9.69716,0.807,6.787,169.306803,-7.999248,9.36052731475390,87.2862,/T
2038-Jun-04 00:00,*,m,162.16033,9.67988,0.812,6.787,259.988823,-7.974066,9.37714657134470,86.3679,/T
2038-Jun-05 00:00,*,m,162.19801,9.66200,0.816,6.788,350.669479,-7.947974,9.39374876093047,85.4516,/T
2038-Jun-06 00:00,*,m,162.23720,9.64352,0.820,6.788,81.348802,-7.920978,9.41032933560914,84.5371,/T
2038-Jun-07 00:00,*,m,162.27788,9.62444,0.825,6.789,172.026823,-7.893087,9.42688376893058,83.6245,/T
2038-Jun-08 00:00,*,m,162.32004,9.60479,0.829,6.789,262.703575,-7.864307,9.44340758073226,82.7138,/T
2038-Jun-09 00:00,*,m,162.36367,9.58455,0.833,6.789,353.379089,-7.834647,9.45989628743883,81.8050,/T
2038-Jun-10 00:00,*,m,162.40874,9.56373,0.837,6.790,84.053400,-7.804115,9.47634557387448,80.8980,/T
2038-Jun-11 00:00,*,m,162.45525,9.54235,0.841,6.790,174.726540,-7.772721,9.49275128969026,79.9929,/T
2038-Jun-12 00:00,*,m,162.50318,9.52039,0.845,6.790,265.398543,-7.740472,9.50910940803547,79.0896,/T
2038-Jun-13 00:00,*,m,162.55254,9.49788,0.849,6.791,356.069440,-7.707377,9.52541608459557,78.1881,/T
2038-Jun-14 00:00,*,m,162.60331,9.47479,0.853,6.791,86.739262,-7.673446,9.54166769596944,77.2884,/T
2038-Jun-15 00:00,*,m,162.65547,9.45115,0.857,6.791,177.408040,-7.638688,9.55786077180264,76.3904,/T
2038-Jun-16 00:00,*,m,162.70903,9.42696,0.861,6.791,268.075801,-7.603109,9.57399206344209,75.4941,/T
2038-Jun-17 00:00,*,,162.76396,9.40223,0.864,6.791,358.742573,-7.566720,9.59005828004356,74.5994,/T
2038-Jun-18 00:00,*,,162.82024,9.37696,0.868,6.791,89.408383,-7.529527,9.60605615246771,73.7064,/T
2038-Jun-19 00:00,*,,162.87786,9.35117,0.872,6.792,180.073257,-7.491538,9.62198240774575,72.8149,/T
2038-Jun-20 00:00,*,,162.93679,9.32485,0.875,6.792,270.737220,-7.452761,9.63783370047186,71.9249,/T
2038-Jun-21 00:00,*,,162.99702,9.29803,0.879,6.792,1.400300,-7.413203,9.65360658110228,71.0364,/T
2038-Jun-22 00:00,*,,163.05854,9.27069,0.882,6.792,92.062523,-7.372871,9.66929750382990,70.1494,/T
2038-Jun-23 00:00,*,,163.12134,9.24285,0.886,6.792,182.723917,-7.331773,9.68490279222291,69.2638,/T
2038-Jun-24 00:00,*,,163.18541,9.21450,0.889,6.792,273.384510,-7.289916,9.70041880519581,68.3797,/T
2038-Jun-25 00:00,*,,163.25075,9.18565,0.892,6.792,4.044331,-7.247309,9.71584184691509,67.4969,/T
2038-Jun-26 00:00,*,,163.31734,9.15631,0.896,6.791,94.703409,-7.203958,9.73116814093212,66.6155,/T
2038-Jun-27 00:00,*,,163.38518,9.12648,0.899,6.791,185.361776,-7.159873,9.74639396612553,65.7354,/T
2038-Jun-28 00:00,*,,163.45425,9.09615,0.902,6.791,276.019460,-7.115061,9.76151560419128,64.8566,/T
2038-Jun-29 00:00,*,,163.52454,9.06534,0.905,6.791,6.676493,-7.069530,9.77652944827795,63.9792,/T
2038-Jun-30 00:00,*,,163.59604,9.03406,0.908,6.791,97.332906,-7.023289,9.79143194419822,63.1030,/T
2038-Jul-01 00:00,*,,163.66873,9.00230,0.911,6.791,187.988728,-6.976346,9.80621953447978,62.2282,/T
2038-Jul-02 00:00,*,,163.74260,8.97009,0.914,6.790,278.643990,-6.928711,9.82088871288023,61.3546,/T
2038-Jul-03 00:00,*,m,163.81762,8.93741,0.917,6.790,9.298724,-6.880393,9.83543608443400,60.4823,/T
2038-Jul-04 00:00,*,m,163.89377,8.90429,0.920,6.790,99.952960,-6.831400,9.84985821995422,59.6112,/T
2038-Jul-05 00:00,*,m,163.97104,8.87073,0.923,6.789,190.606727,-6.781743,9.86415178145504,58.7414,/T
2038-Jul-06 00:00,*,m,164.04940,8.83673,0.925,6.789,281.260057,-6.731431,9.87831340881295,57.8728,/T
2038-Jul-07 00:00,*,m,164.12884,8.80231,0.928,6.789,11.912981,-6.680475,9.89233985142447,57.0054,/T
2038-Jul-08 00:00,*,m,164.20933,8.76747,0.931,6.788,102.565530,-6.628885,9.90622801156176,56.1393,/T
2038-Jul-09 00:00,*,m,164.29087,8.73221,0.933,6.788,193.217733,-6.576673,9.91997485425305,55.2743,/T
2038-Jul-10 00:00,*,m,164.37345,8.69654,0.936,6.787,283.869620,-6.523848,9.93357742294952,54.4105,/T
2038-Jul-11 00:00,*,m,164.45705,8.66046,0.938,6.787,14.521221,-6.470421,9.94703292530003,53.5479,/T
2038-Jul-12 00:00,*,m,164.54167,8.62398,0.940,6.787,105.172566,-6.416402,9.96033868180105,52.6864,/T
2038-Jul-13 00:00,*,m,164.62729,8.58710,0.943,6.786,195.823680,-6.361803,9.97349218447335,51.8260,/T
2038-Jul-14 00:00,*,m,164.71389,8.54984,0.945,6.786,286.474592,-6.306633,9.98649102169355,50.9667,/T
2038-Jul-15 00:00,*,m,164.80145,8.51220,0.947,6.785,17.125327,-6.250901,9.99933280246152,50.1083,/T
2038-Jul-16 00:00,*,,164.88994,8.47418,0.949,6.784,107.775912,-6.194617,10.0120153069753,49.2509,/T
2038-Jul-17 00:00,*,,164.97935,8.43581,0.951,6.784,198.426370,-6.137789,10.0245363208658,48.3945,/T
2038-Jul-18 00:00,*,,165.06966,8.39709,0.953,6.783,289.076724,-6.080427,10.0368936198658,47.5389,/T
2038-Jul-19 00:00,*,,165.16084,8.35801,0.955,6.783,19.726999,-6.022540,10.0490849153555,46.6842,/T
2038-Jul-20 00:00,*,,165.25289,8.31859,0.957,6.782,110.377219,-5.964135,10.0611078397461,45.8302,/T
2038-Jul-21 00:00,*,,165.34580,8.27883,0.959,6.781,201.027407,-5.905221,10.0729599782983,44.9771,/T
2038-Jul-22 00:00,*,,165.43955,8.23874,0.961,6.781,291.677587,-5.845807,10.0846389261188,44.1247,/T
2038-Jul-23 00:00,*,,165.53414,8.19831,0.962,6.780,22.327784,-5.785902,10.0961421111454,43.2730,/T
2038-Jul-24 00:00,*,,165.62956,8.15755,0.964,6.779,112.978022,-5.725515,10.1074669624999,42.4220,/T
2038-Jul-25 00:00,*,,165.72580,8.11648,0.966,6.779,203.628329,-5.664655,10.1186108707056,41.5717,/T
2038-Jul-26 00:00,*,,165.82284,8.07508,0.967,6.778,294.278728,-5.603331,10.1295712205007,40.7220,/T
2038-Jul-27 00:00,*,,165.92067,8.03337,0.969,6.777,24.929248,-5.541553,10.1403454182387,39.8729,/T
2038-Jul-28 00:00,*,,166.01927,7.99136,0.970,6.776,115.579913,-5.479329,10.1509308129209,39.0245,/T
2038-Jul-29 00:00,*,,166.11864,7.94905,0.972,6.775,206.230753,-5.416670,10.1613247732897,38.1766,/T
2038-Jul-30 00:00,*,,166.21874,7.90645,0.973,6.775,296.881794,-5.353586,10.1715248072121,37.3294,/T
2038-Jul-31 00:00,*,,166.31955,7.86357,0.974,6.774,27.533064,-5.290087,10.1815284873069,36.4827,/T
2038-Aug-01 00:00,*,m,166.42105,7.82042,0.975,6.773,118.184591,-5.226182,10.1913334684297,35.6365,/T
2038-Aug-02 00:00,*,m,166.52323,7.77701,0.976,6.772,208.836402,-5.161883,10.2009375440150,34.7909,/T
2038-Aug-03 00:00,*,m,166.62605,7.73334,0.977,6.771,299.488523,-5.097201,10.2103385817655,33.9459,/T
2038-Aug-04 00:00,*,m,166.72951,7.68942,0.978,6.770,30.140980,-5.032146,10.2195346913278,33.1014,/T
2038-Aug-05 00:00,*,m,166.83358,7.64526,0.979,6.769,120.793800,-4.966730,10.2285240607011,32.2575,/T
2038-Aug-06 00:00,*,m,166.93826,7.60085,0.980,6.769,211.447005,-4.900964,10.2373049670390,31.4141,/T
2038-Aug-07 00:00,*,m,167.04353,7.55621,0.981,6.768,302.100621,-4.834859,10.2458758189865,30.5712,/T
2038-Aug-08 00:00,*,m,167.14939,7.51133,0.982,6.767,32.754670,-4.768427,10.2542351537911,29.7288,/T
2038-Aug-09 00:00,*,m,167.25582,7.46624,0.983,6.766,123.409174,-4.701678,10.2623815688199,28.8870,/T
2038-Aug-10 00:00,*,m,167.36281,7.42093,0.983,6.765,214.064154,-4.634623,10.2703137548658,28.0456,/T
2038-Aug-11 00:00,*,m,167.47033,7.37541,0.984,6.764,304.719632,-4.567272,10.2780303280500,27.2047,/T
2038-Aug-12 00:00,C,m,167.57836,7.32969,0.984,6.763,35.375628,-4.499636,10.2855299792093,26.3641,/T
2038-Aug-13 00:00,C,m,167.68689,7.28379,0.985,6.762,126.032162,-4.431724,10.2928114398720,25.5240,/T
2038-Aug-14 00:00,C,m,167.79588,7.23771,0.985,6.761,216.689255,-4.363546,10.2998733948508,24.6843,/T
2038-Aug-15 00:00,C,,167.90533,7.19146,0.986,6.760,307.346926,-4.295111,10.3067145453176,23.8449,/T
2038-Aug-16 00:00,C,,168.01521,7.14504,0.986,6.759,38.005197,-4.226428,10.3133335770029,23.0059,/T
2038-Aug-17 00:00,C,,168.12551,7.09846,0.986,6.758,128.664086,-4.157508,10.3197292120628,22.1671,/T
2038-Aug-18 00:00,C,,168.23624,7.05172,0.987,6.757,219.323614,-4.088358,10.3259002424874,21.3286,/T
2038-Aug-19 00:00,C,,168.34736,7.00482,0.987,6.756,309.983799,-4.018988,10.3318454132501,20.4905,/T
2038-Aug-20 00:00,C,,168.45888,6.95778,0.987,6.755,40.644663,-3.949408,10.3375634026600,19.6526,/T
2038-Aug-21 00:00,C,,168.57078,6.91059,0.987,6.754,131.306223,-3.879627,10.3430529569521,18.8150,/T
2038-Aug-22 00:00,C,,168.68305,6.86326,0.987,6.752,221.968500,-3.809655,10.3483127517331,17.9777,/T
2038-Aug-23 00:00,C,,168.79568,6.81580,0.987,6.751,312.631514,-3.739501,10.3533414992406,17.1408,/T
2038-Aug-24 00:00,C,,168.90865,6.76822,0.987,6.750,43.295285,-3.669175,10.3581378291073,16.3042,/T
2038-Aug-25 00:00,C,,169.02195,6.72051,0.986,6.749,133.959833,-3.598688,10.3627003300179,15.4681,/T
2038-Aug-26 00:00,C,,169.13555,6.67270,0.986,6.748,224.625180,-3.528049,10.3670276343477,14.6325,/T
2038-Aug-27 00:00,C,,169.24945,6.62478,0.986,6.747,315.291347,-3.457269,10.3711184037946,13.7975,/T
2038-Aug-28 00:00,C,,169.36361,6.57678,0.985,6.746,45.958357,-3.386359,10.3749712499183,12.9632,/T
2038-Aug-29 00:00,C,,169.47801,6.52869,0.985,6.744,136.626231,-3.315329,10.3785848810008,12.1299,/T
2038-Aug-30 00:00,C,,169.59264,6.48053,0.984,6.743,227.294992,-3.244192,10.3819580647430,11.2978,/T
2038-Aug-31 00:00,N,m,169.70747,6.43230,0.984,6.742,317.964663,-3.172958,10.3850897727736,10.4671,/T
2038-Sep-01 00:00,N,m,169.82249,6.38401,0.983,6.741,48.635265,-3.101640,10.3879792078578,9.6384,/T
2038-Sep-02 00:00,N,m,169.93768,6.33566,0.982,6.739,139.306821,-3.030248,10.3906256967624,8.8122,/T
2038-Sep-03 00:00,N,m,170.05304,6.28726,0.981,6.738,229.979348,-2.958796,10.3930288139689,7.9894,/T
2038-Sep-04 00:00,N,m,170.16855,6.23882,0.980,6.736,320.652867,-2.887295,10.3951883375673,7.1711,/T
2038-Sep-05 00:00,N,m,170.28420,6.19033,0.979,6.735,51.327394,-2.815755,10.3971041841708,6.3594,/T
2038-Sep-06 00:00,N,m,170.39997,6.14182,0.978,6.733,142.002944,-2.744190,10.3987763553056,5.5571,/T
2038-Sep-07 00:00,N,m,170.51585,6.09328,0.976,6.732,232.679533,-2.672609,10.4002048604025,4.7691,/T
2038-Sep-08 00:00,N,m,170.63180,6.04474,0.975,6.730,323.357176,-2.601023,10.4013896721925,4.0040,/T
2038-Sep-09 00:00,N,m,170.74781,5.99620,0.973,6.728,54.035886,-2.529443,10.4023308631704,3.2780,/T
2038-Sep-10 00:00,N,m,170.86386,5.94767,0.972,6.727,144.715677,-2.457878,10.4030283850849,2.6243,/T
2038-Sep-11 00:00,N,m,170.97993,5.89917,0.971,6.726,235.396563,-2.386340,10.4034821459707,2.1115,/T
2038-Sep-12 00:00,N,m,171.09598,5.85069,0.971,6.726,326.078559,-2.314837,10.4036919885714,1.8605,/T
2038-Sep-13 00:00,N,m,171.21202,5.80222,0.973,6.728,56.761680,-2.243379,10.4036577183763,1.9745,/T
2038-Sep-14 00:00,N,m,171.32804,5.75377,0.977,6.731,147.445939,-2.171977,10.4033791546745,2.4025,/L
2038-Sep-15 00:00,N,,171.44405,5.70535,0.981,6.736,238.131353,-2.100640,10.4028561085112,3.0142,/L
2038-Sep-16 00:00,N,,171.56002,5.65698,0.985,6.740,328.817938,-2.029378,10.4020883280181,3.7203,/L
2038-Sep-17 00:00,N,,171.67594,5.60866,0.989,6.744,59.505707,-1.958200,10.4010756788403,4.4768,/L
2038-Sep-18 00:00,N,,171.79180,5.56040,0.993,6.748,150.194679,-1.887118,10.3998180915344,5.2623,/L
2038-Sep-19 00:00,A,,171.90757,5.51220,0.997,6.753,240.884867,-1.816141,10.3983155360310,6.0658,/L
2038-Sep-20 00:00,A,,172.02325,5.46407,1.000,6.757,331.576287,-1.745280,10.3965680490077,6.8814,/L
2038-Sep-21 00:00,A,,172.13882,5.41601,1.004,6.761,62.268953,-1.674544,10.3945756089285,7.7054,/L
2038-Sep-22 00:00,A,,172.25425,5.36804,1.008,6.765,152.962882,-1.603945,10.3923382759176,8.5357,/L
2038-Sep-23 00:00,A,,172.36954,5.32016,1.011,6.769,243.658088,-1.533493,10.3898561448059,9.3708,/L
2038-Sep-24 00:00,A,,172.48465,5.27238,1.014,6.772,334.354586,-1.463199,10.3871292753615,10.2098,/L
2038-Sep-25 00:00,A,,172.59957,5.22471,1.018,6.776,65.052392,-1.393075,10.3841577176086,11.0520,/L
2038-Sep-26 00:00,A,,172.71427,5.17717,1.021,6.780,155.751522,-1.323132,10.3809415905999,11.8968,/L
2038-Sep-27 00:00,A,,172.82874,5.12975,1.024,6.784,246.451994,-1.253382,10.3774810441025,12.7440,/L
2038-Sep-28 00:00,A,,172.94296,5.08247,1.027,6.788,337.153821,-1.183837,10.3737764196646,13.5933,/L
2038-Sep-29 00:00,A,,173.05691,5.03534,1.030,6.792,67.857022,-1.114510,10.3698280970569,14.4444,/L
2038-Sep-30 00:00,A,,173.17059,4.98835,1.033,6.796,158.561611,-1.045412,10.3656366326575,15.2972,/L
2038-Oct-01 00:00,A,m,173.28398,4.94151,1.036,6.799,249.267604,-0.976557,10.3612028390342,16.1516,/L
2038-Oct-02 00:00,A,m,173.39707,4.89484,1.039,6.803,339.975014,-0.907957,10.3565277326409,17.0074,/L
2038-Oct-03 00:00,A,m,173.50984,4.84833,1.042,6.807,70.683855,-0.839623,10.3516125066110,17.8647,/L
2038-Oct-04 00:00,A,m,173.62226,4.80200,1.044,6.811,161.394137,-0.771567,10.3464584926790,18.7232,/L
2038-Oct-05 00:00,A,m,173.73432,4.75587,1.047,6.815,252.105871,-0.703801,10.3410670720536,19.5830,/L
2038-Oct-06 00:00,A,m,173.84599,4.70993,1.050,6.819,342.819065,-0.636336,10.3354397481858,20.4441,/L
2038-Oct-07 00:00,A,m,173.95724,4.66420,1.053,6.823,73.533728,-0.569181,10.3295780359439,21.3064,/L
2038-Oct-08 00:00,,m,174.06807,4.61869,1.056,6.827,164.249869,-0.502348,10.3234833397476,22.1699,/L
2038-Oct-09 00:00,,m,174.17844,4.57341,1.059,6.831,254.967495,-0.435847,10.3171570771226,23.0346,/L
2038-Oct-10 00:00,,m,174.28836,4.52836,1.061,6.835,345.686615,-0.369689,10.3106005782754,23.9005,/L
2038-Oct-11 00:00,,m,174.39780,4.48355,1.064,6.840,76.407236,-0.303882,10.3038151805278,24.7676,/L
2038-Oct-12 00:00,,m,174.50676,4.43898,1.067,6.844,167.129368,-0.238438,10.2968021698448,25.6360,/L
2038-Oct-13 00:00,,m,174.61523,4.39465,1.071,6.849,257.853019,-0.173366,10.2895627354256,26.5056,/L
2038-Oct-14 00:00,,m,174.72319,4.35059,1.075,6.854,348.578199,-0.108678,10.2820980308705,27.3764,/L
2038-Oct-15 00:00,,m,174.83063,4.30678,1.080,6.861,79.304918,-0.044382,10.2744092827602,28.2486,/L
2038-Oct-16 00:00,,m,174.93753,4.26324,1.088,6.870,170.033185,0.019510,10.2664976584217,29.1220,/L
2038-Oct-17 00:00,,,175.04389,4.21998,1.088,6.873,260.763011,0.082988,10.2583644015695,29.9968,/L
2038-Oct-18 00:00,,,175.14968,4.17699,1.088,6.875,351.494408,0.146042,10.2500107556916,30.8729,/L
2038-Oct-19 00:00,,,175.25488,4.13430,1.089,6.877,82.227386,0.208661,10.2414380646638,31.7504,/L
2038-Oct-20 00:00,,,175.35947,4.09191,1.089,6.879,172.961956,0.270833,10.2326478403463,32.6292,/L
2038-Oct-21 00:00,,,175.46344,4.04982,1.089,6.881,263.698127,0.332548,10.2236416345207,33.5094,/L
2038-Oct-22 00:00,,,175.56674,4.00806,1.089,6.883,354.435911,0.393794,10.2144210403560,34.3911,/L
2038-Oct-23 00:00,,,175.66938,3.96662,1.089,6.885,85.175316,0.454561,10.2049877545981,35.2742,/L
2038-Oct-24 00:00,,,175.77131,3.92552,1.089,6.887,175.916353,0.514836,10.1953435388989,36.1587,/L
2038-Oct-25 00:00,,,175.87253,3.88477,1.089,6.889,266.659032,0.574606,10.1854902614037,37.0447,/L
2038-Oct-26 00:00,,,175.97302,3.84437,1.089,6.891,357.403362,0.633861,10.1754298933827,37.9321,/L
2038-Oct-27 00:00,,,176.07277,3.80433,1.089,6.893,88.149351,0.692588,10.1651644392449,38.8210,/L
2038-Oct-28 00:00,,,176.17175,3.76466,1.088,6.895,178.897009,0.750773,10.1546961612953,39.7114,/L
2038-Oct-29 00:00,,,176.26998,3.72535,1.088,6.896,269.646342,0.808405,10.1440274640278,40.6032,/L
2038-Oct-30 00:00,,,176.36741,3.68642,1.087,6.898,0.397359,0.865471,10.1331609002263,41.4964,/L
2038-Oct-31 00:00,,m,176.46405,3.64788,1.087,6.900,91.150063,0.921960,10.1220991239661,42.3910,/L
2038-Nov-01 00:00,,m,176.55985,3.60974,1.086,6.902,181.904460,0.977861,10.1108448577793,43.2871,/L
2038-Nov-02 00:00,,m,176.65480,3.57201,1.086,6.904,272.660555,1.033161,10.0994008941409,44.1846,/L
2038-Nov-03 00:00,,m,176.74887,3.53470,1.085,6.905,3.418351,1.087852,10.0877701467820,45.0835,/L
2038-Nov-04 00:00,,m,176.84204,3.49782,1.084,6.907,94.177851,1.141922,10.0759554596386,45.9839,/L
2038-Nov-05 00:00,,m,176.93429,3.46137,1.083,6.909,184.939057,1.195361,10.0639597358091,46.8857,/L
2038-Nov-06 00:00,,m,177.02560,3.42537,1.083,6.910,275.701973,1.248161,10.0517859172296,47.7890,/L
2038-Nov-07 00:00,,m,177.11597,3.38982,1.082,6.912,6.466601,1.300310,10.0394369548597,48.6938,/L
2038-Nov-08 00:00,,m,177.20538,3.35472,1.081,6.914,97.232941,1.351801,10.0269158370117,49.6000,/L
2038-Nov-09 00:00,,m,177.29381,3.32009,1.079,6.915,188.000995,1.402622,10.0142254634955,50.5079,/L
2038-Nov-10 00:00,,m,177.38127,3.28591,1.078,6.917,278.770766,1.452764,10.0013686985755,51.4172,/L
2038-Nov-11 00:00,,m,177.46773,3.25221,1.077,6.918,9.542254,1.502218,9.98834845076940,52.3282,/L
2038-Nov-12 00:00,,m,177.55318,3.21898,1.076,6.920,100.315462,1.550975,9.97516759555688,53.2407,/L
2038-Nov-13 00:00,,m,177.63761,3.18624,1.074,6.921,191.090392,1.599024,9.96182894282775,54.1549,/L
2038-Nov-14 00:00,,m,177.72099,3.15399,1.073,6.923,281.867045,1.646356,9.94833532258650,55.0707,/L
2038-Nov-15 00:00,,m,177.80333,3.12223,1.071,6.924,12.645426,1.692961,9.93468949902480,55.9881,/L
2038-Nov-16 00:00,,,177.88458,3.09098,1.070,6.926,103.425537,1.738830,9.92089436103316,56.9073,/L
2038-Nov-17 00:00,,,177.96474,3.06025,1.068,6.927,194.207381,1.783953,9.90695279647627,57.8282,/L
2038-Nov-18 00:00,,,178.04378,3.03004,1.066,6.928,284.990962,1.828319,9.89286771796816,58.7509,/L
2038-Nov-19 00:00,,,178.12167,3.00037,1.065,6.930,15.776284,1.871919,9.87864215563076,59.6753,/L
2038-Nov-20 00:00,,,178.19840,2.97123,1.063,6.931,106.563351,1.914741,9.86427929915465,60.6015,/L
2038-Nov-21 00:00,,,178.27395,2.94265,1.061,6.932,197.352165,1.956776,9.84978246943999,61.5294,/L
2038-Nov-22 00:00,,,178.34830,2.91462,1.059,6.933,288.142729,1.998013,9.83515518200207,62.4592,/L
2038-Nov-23 00:00,,,178.42143,2.88715,1.057,6.934,18.935044,2.038441,9.82040102032625,63.3909,/L
2038-Nov-24 00:00,,,178.49334,2.86025,1.055,6.935,109.729110,2.078050,9.80552377319485,64.3243,/L
2038-Nov-25 00:00,,,178.56401,2.83392,1.052,6.937,200.524928,2.116827,9.79052745888240,65.2596,/L
2038-Nov-26 00:00,,,178.63344,2.80816,1.050,6.938,291.322496,2.154764,9.77541619281211,66.1967,/L
2038-Nov-27 00:00,,,178.70160,2.78299,1.048,6.939,22.121810,2.191848,9.76019424353783,67.1356,/L
2038-Nov-28 00:00,,,178.76847,2.75841,1.045,6.940,112.922866,2.228072,9.74486594057989,68.0763,/L
2038-Nov-29 00:00,,,178.83403,2.73443,1.043,6.941,203.725659,2.263425,9.72943567866408,69.0188,/L
2038-Nov-30 00:00,,m,178.89827,2.71107,1.040,6.941,294.530182,2.297899,9.71390789335402,69.9630,/L
2038-Dec-01 00:00,,m,178.96114,2.68833,1.038,6.942,25.336429,2.331486,9.69828694407727,70.9090,/L
2038-Dec-02 00:00,,m,179.02265,2.66621,1.035,6.943,116.144392,2.364178,9.68257706364311,71.8567,/L
2038-Dec-03 00:00,,m,179.08277,2.64473,1.032,6.944,206.954066,2.395968,9.66678253499333,72.8062,/L
2038-Dec-04 00:00,,m,179.14150,2.62389,1.030,6.945,297.765443,2.426850,9.65090757206902,73.7575,/L
2038-Dec-05 00:00,,m,179.19883,2.60369,1.027,6.945,28.578518,2.456817,9.63495644980182,74.7105,/L
2038-Dec-06 00:00,,m,179.25475,2.58412,1.024,6.946,119.393283,2.485861,9.61893342866933,75.6653,/L
2038-Dec-07 00:00,,m,179.30925,2.56521,1.021,6.947,210.209731,2.513976,9.60284277732266,76.6219,/L
2038-Dec-08 00:00,,m,179.36232,2.54694,1.018,6.947,301.027855,2.541156,9.58668885939700,77.5803,/L
2038-Dec-09 00:00,,m,179.41394,2.52933,1.015,6.948,31.847646,2.567395,9.57047608778378,78.5405,/L
2038-Dec-10 00:00,,m,179.46412,2.51237,1.012,6.948,122.669096,2.592686,9.55420881142700,79.5025,/L
2038-Dec-11 00:00,,m,179.51284,2.49607,1.009,6.949,213.492196,2.617024,9.53789139593415,80.4664,/L
2038-Dec-12 00:00,,m,179.56008,2.48044,1.005,6.949,304.316938,2.640402,9.52152816356527,81.4321,/L
2038-Dec-13 00:00,,m,179.60583,2.46548,1.002,6.950,35.143312,2.662815,9.50512344790566,82.3998,/L
2038-Dec-14 00:00,,m,179.65007,2.45119,0.999,6.950,125.971310,2.684256,9.48868162545657,83.3693,/L
2038-Dec-15 00:00,,,179.69279,2.43759,0.995,6.950,216.800923,2.704719,9.47220696036721,84.3407,/L
2038-Dec-16 00:00,,,179.73398,2.42468,0.992,6.951,307.632142,2.724199,9.45570376493280,85.3140,/L
2038-Dec-17 00:00,,,179.77362,2.41247,0.988,6.951,38.464958,2.742690,9.43917640044228,86.2893,/L
2038-Dec-18 00:00,,,179.81169,2.40095,0.984,6.951,129.299362,2.760185,9.42262928970901,87.2665,/L
2038-Dec-19 00:00,,,179.84818,2.39014,0.981,6.951,220.135347,2.776680,9.40606693159892,88.2458,/L
2038-Dec-20 00:00,,,179.88309,2.38003,0.977,6.951,310.972903,2.792167,9.38949392701947,89.2269,/L
2038-Dec-21 00:00,,,179.91641,2.37063,0.973,6.952,41.812019,2.806642,9.37291498880194,90.2101,/L
2038-Dec-22 00:00,,,179.94813,2.36194,0.969,6.952,132.652685,2.820098,9.35633514146579,91.1952,/L
2038-Dec-23 00:00,,,179.97826,2.35395,0.966,6.952,223.494889,2.832531,9.33975953585188,92.1824,/L
2038-Dec-24 00:00,,,180.00677,2.34668,0.962,6.951,314.338616,2.843935,9.32319349999303,93.1714,/L
2038-Dec-25 00:00,,,180.03366,2.34012,0.958,6.951,45.183851,2.854306,9.30664251003129,94.1625,/L
2038-Dec-26 00:00,,,180.05892,2.33428,0.954,6.951,136.030575,2.863640,9.29011212708619,95.1554,/L
2038-Dec-27 00:00,,,180.08252,2.32917,0.950,6.951,226.878769,2.871934,9.27360798657965,96.1502,/L
2038-Dec-28 00:00,,,180.10446,2.32478,0.945,6.951,317.728412,2.879187,9.25713567922068,97.1469,/L
2038-Dec-29 00:00,,m,180.12472,2.32114,0.941,6.950,48.579482,2.885396,9.24070063755211,98.1455,/L
2038-Dec-30 00:00,,m,180.14331,2.31822,0.937,6.950,139.431958,2.890562,9.22430823864013,99.1458,/L
2038-Dec-31 00:00,,m,180.16021,2.31605,0.933,6.950,230.285818,2.894684,9.20796376979068,100.1480,/L
2039-Jan-01 00:00,,m,180.17544,2.31460,0.929,6.949,321.141040,2.897762,9.19167237046445,101.1519,/L
2039-Jan-02 00:00,,m,180.18899,2.31388,0.924,6.949,51.997600,2.899797,9.17543912159567,102.1576,/L
2039-Jan-03 00:00,,m,180.20087,2.31390,0.920,6.948,142.855479,2.900790,9.15926893401654,103.1650,/L
2039-Jan-04 00:00,,m,180.21109,2.31463,0.915,6.948,233.714653,2.900742,9.14316673845066,104.1743,/L
2039-Jan-05 00:00,,m,180.21964,2.31609,0.911,6.947,324.575102,2.899655,9.12713746954400,105.1852,/L
2039-Jan-06 00:00,,m,180.22652,2.31827,0.907,6.946,55.436804,2.897530,9.11118602172747,106.1979,/L
2039-Jan-07 00:00,,m,180.23173,2.32116,0.902,6.946,146.299735,2.894370,9.09531727459134,107.2123,/L
2039-Jan-08 00:00,,m,180.23528,2.32477,0.897,6.945,237.163875,2.890178,9.07953616842067,108.2284,/L
2039-Jan-09 00:00,,m,180.23716,2.32910,0.893,6.944,328.029198,2.884954,9.06384762360149,109.2463,/L
2039-Jan-10 00:00,,m,180.23737,2.33414,0.888,6.943,58.895683,2.878704,9.04825663974890,110.2659,/L
2039-Jan-11 00:00,,m,180.23590,2.33990,0.884,6.943,149.763303,2.871428,9.03276811232393,111.2873,/L
2039-Jan-12 00:00,,m,180.23275,2.34637,0.879,6.942,240.632034,2.863131,9.01738689785656,112.3103,/L
2039-Jan-13 00:00,,,180.22792,2.35355,0.874,6.941,331.501852,2.853815,9.00211790552926,113.3351,/L
2039-Jan-14 00:00,,,180.22141,2.36145,0.870,6.940,62.372731,2.843485,8.98696601971020,114.3617,/L
2039-Jan-15 00:00,,,180.21323,2.37005,0.865,6.939,153.244645,2.832144,8.97193613139322,115.3899,/L
2039-Jan-16 00:00,,,180.20339,2.37935,0.860,6.937,244.117567,2.819795,8.95703313558156,116.4199,/L
2039-Jan-17 00:00,,,180.19188,2.38936,0.855,6.936,334.991471,2.806443,8.94226193197896,117.4516,/L
2039-Jan-18 00:00,,,180.17873,2.40005,0.851,6.935,65.866329,2.792092,8.92762752874977,118.4851,/L
2039-Jan-19 00:00,,,180.16395,2.41143,0.846,6.934,156.742113,2.776748,8.91313502199598,119.5202,/L
2039-Jan-20 00:00,,,180.14753,2.42349,0.841,6.933,247.618792,2.760415,8.89878948035625,120.5570,/L
2039-Jan-21 00:00,,,180.12950,2.43622,0.836,6.931,338.496338,2.743102,8.88459611727469,121.5955,/L
2039-Jan-22 00:00,,,180.10986,2.44963,0.831,6.930,69.374716,2.724813,8.87056018252385,122.6356,/L
2039-Jan-23 00:00,,,180.08860,2.46370,0.824,6.926,160.253894,2.705558,8.85668703814790,123.6773,/L
2039-Jan-24 00:00,,,180.06572,2.47843,0.815,6.921,251.133836,2.685345,8.84298205799457,124.7205,/L
2039-Jan-25 00:00,,,180.04124,2.49383,0.808,6.917,342.014505,2.664184,8.82945052018544,125.7652,/L
2039-Jan-26 00:00,,,180.01517,2.50988,0.801,6.914,72.895864,2.642086,8.81609760969349,126.8113,/L
2039-Jan-27 00:00,,m,179.98751,2.52658,0.795,6.911,163.777874,2.619062,8.80292846154356,127.8588,/L
2039-Jan-28 00:00,,m,179.95830,2.54391,0.789,6.908,254.660495,2.595125,8.78994799088002,128.9077,/L
2039-Jan-29 00:00,,m,179.92754,2.56187,0.783,6.905,345.543687,2.570286,8.77716096910690,129.9579,/L
2039-Jan-30 00:00,,m,179.89528,2.58043,0.777,6.902,76.427413,2.544559,8.76457195980118,131.0093,/L
2039-Jan-31 00:00,,m,179.86152,2.59960,0.771,6.899,167.311631,2.517958,8.75218536769888,132.0619,/L
2039-Feb-01 00:00,,m,179.82630,2.61936,0.765,6.897,258.196304,2.490497,8.74000553850046,133.1158,/L
2039-Feb-02 00:00,,m,179.78963,2.63970,0.760,6.894,349.081390,2.462189,8.72803661038536,134.1707,/L
2039-Feb-03 00:00,,m,179.75154,2.66060,0.754,6.891,79.966853,2.433050,8.71628256932684,135.2268,/L
2039-Feb-04 00:00,,m,179.71204,2.68206,0.748,6.889,170.852654,2.403094,8.70474730867861,136.2839,/L
2039-Feb-05 00:00,,m,179.67116,2.70406,0.743,6.886,261.738754,2.372338,8.69343463436313,137.3421,/L
2039-Feb-06 00:00,,m,179.62892,2.72660,0.738,6.884,352.625115,2.340796,8.68234828733539,138.4013,/L
2039-Feb-07 00:00,,m,179.58532,2.74967,0.732,6.881,83.511700,2.308484,8.67149197232163,139.4615,/L
2039-Feb-08 00:00,,m,179.54039,2.77325,0.727,6.878,174.398470,2.275418,8.66086926404565,140.5226,/L
2039-Feb-09 00:00,,m,179.49415,2.79734,0.722,6.876,265.285388,2.241615,8.65048383279607,141.5846,/L
2039-Feb-10 00:00,,m,179.44662,2.82192,0.716,6.873,356.172414,2.207091,8.64033932197149,142.6475,/L
2039-Feb-11 00:00,,,179.39781,2.84699,0.711,6.871,87.059509,2.171861,8.63043935940396,143.7113,/L
2039-Feb-12 00:00,,,179.34776,2.87253,0.706,6.868,177.946633,2.135944,8.62078755521590,144.7760,/L
2039-Feb-13 00:00,,,179.29649,2.89852,0.701,6.865,268.833746,2.099355,8.61138749334634,145.8414,/L
2039-Feb-14 00:00,A,,179.24404,2.92495,0.696,6.863,359.720806,2.062112,8.60224277594246,146.9076,/L
2039-Feb-15 00:00,A,,179.19044,2.95181,0.691,6.860,90.607771,2.024232,8.59335705339423,147.9745,/L
2039-Feb-16 00:00,A,,179.13572,2.97908,0.686,6.858,181.494598,1.985734,8.58473385358679,149.0422,/L
2039-Feb-17 00:00,A,,179.07992,3.00674,0.682,6.855,272.381241,1.946637,8.57637666602990,150.1104,/L
2039-Feb-18 00:00,A,,179.02305,3.03479,0.677,6.852,3.267658,1.906960,8.56828894749609,151.1792,/L
2039-Feb-19 00:00,A,,178.96514,3.06321,0.672,6.850,94.153801,1.866723,8.56047403712215,152.2485,/L
2039-Feb-20 00:00,A,,178.90622,3.09199,0.668,6.847,185.039626,1.825949,8.55293521304633,153.3181,/L
2039-Feb-21 00:00,A,,178.84631,3.12112,0.663,6.844,275.925085,1.784658,8.54567553620435,154.3880,/L
2039-Feb-22 00:00,A,,178.78544,3.15058,0.659,6.842,6.810133,1.742874,8.53869793812759,155.4582,/L
2039-Feb-23 00:00,A,,178.72365,3.18036,0.654,6.839,97.694723,1.700621,8.53200526999903,156.5283,/L
2039-Feb-24 00:00,A,,178.66097,3.21043,0.650,6.836,188.578808,1.657921,8.52560023857030,157.5984,/L
2039-Feb-25 00:00,A,m,178.59744,3.24079,0.646,6.834,279.462341,1.614799,8.51948534811576,158.6683,/L
2039-Feb-26 00:00,A,m,178.53311,3.27140,0.641,6.831,10.345277,1.571280,8.51366298429621,159.7378,/L
2039-Feb-27 00:00,A,m,178.46802,3.30225,0.637,6.829,101.227568,1.527388,8.50813530046136,160.8067,/L
2039-Feb-28 00:00,A,m,178.40220,3.33333,0.633,6.826,192.109170,1.483149,8.50290437224745,161.8749,/L
2039-Mar-01 00:00,A,m,178.33570,3.36460,0.629,6.823,282.990034,1.438588,8.49797205235541,162.9421,/L
2039-Mar-02 00:00,A,m,178.26856,3.39606,0.625,6.821,13.870117,1.393729,8.49333995262248,164.0079,/L
2039-Mar-03 00:00,A,m,178.20083,3.42769,0.622,6.818,104.749374,1.348598,8.48900953487717,165.0721,/L
2039-Mar-04 00:00,A,m,178.13252,3.45946,0.618,6.815,195.627762,1.303220,8.48498209577824,166.1342,/L
2039-Mar-05 00:00,A,m,178.06369,3.49137,0.614,6.813,286.505236,1.257619,8.48125875213700,167.1937,/L
2039-Mar-06 00:00,A,m,177.99437,3.52340,0.611,6.810,17.381756,1.211822,8.47784046433289,168.2497,/L
2039-Mar-07 00:00,A,m,177.92459,3.55552,0.607,6.808,108.257281,1.165854,8.47472796388365,169.3013,/L
2039-Mar-08 00:00,A,m,177.85438,3.58774,0.604,6.805,199.131770,1.119738,8.47192187461237,170.3470,/L
2039-Mar-09 00:00,A,m,177.78379,3.62002,0.601,6.802,290.005185,1.073499,8.46942279967517,171.3846,/L
2039-Mar-10 00:00,A,m,177.71284,3.65236,0.598,6.800,20.877489,1.027163,8.46723120001073,172.4110,/L
2039-Mar-11 00:00,A,m,177.64158,3.68473,0.595,6.797,111.748643,0.980752,8.46534756076835,173.4210,/L
2039-Mar-12 00:00,A,,177.57004,3.71711,0.592,6.795,202.618610,0.934291,8.46377235515405,174.4058,/L
2039-Mar-13 00:00,A,,177.49827,3.74950,0.589,6.792,293.487354,0.887803,8.46250613981197,175.3494,/L
2039-Mar-14 00:00,A,,177.42631,3.78186,0.586,6.790,24.354836,0.841313,8.46154954650654,176.2213,/L
2039-Mar-15 00:00,N,,177.35421,3.81418,0.584,6.788,115.221017,0.794843,8.46090317983434,176.9594,/L
2039-Mar-16 00:00,N,,177.28200,3.84644,0.583,6.787,206.085856,0.748419,8.46056754568872,177.4453,/L
2039-Mar-17 00:00,N,,177.20973,3.87863,0.584,6.787,296.949315,0.702064,8.46054316331014,177.5264,/L
2039-Mar-18 00:00,N,,177.13742,3.91073,0.586,6.789,27.811353,0.655803,8.46083038167441,177.1680,/T
2039-Mar-19 00:00,N,,177.06512,3.94272,0.589,6.792,118.671928,0.609663,8.46142942104865,176.5033,/T
2039-Mar-20 00:00,N,,176.99284,3.97460,0.592,6.795,209.531001,0.563667,8.46234027321559,175.6715,/T
2039-Mar-21 00:00,N,,176.92065,4.00635,0.596,6.799,300.388533,0.517843,8.46356267046899,174.7519,/T
2039-Mar-22 00:00,N,,176.84856,4.03794,0.600,6.803,31.244486,0.472215,8.46509619931409,173.7838,/T
2039-Mar-23 00:00,N,,176.77664,4.06937,0.604,6.807,122.098820,0.426810,8.46694021802568,172.7869,/T
2039-Mar-24 00:00,N,,176.70491,4.10060,0.609,6.810,212.951502,0.381654,8.46909381733858,171.7721,/T
2039-Mar-25 00:00,N,,176.63344,4.13163,0.613,6.814,303.802496,0.336773,8.47155590019096,170.7456,/T
2039-Mar-26 00:00,N,m,176.56225,4.16243,0.618,6.818,34.651769,0.292191,8.47432519995703,169.7112,/T
2039-Mar-27 00:00,N,m,176.49141,4.19299,0.623,6.822,125.499290,0.247934,8.47740032527733,168.6715,/T
2039-Mar-28 00:00,N,m,176.42095,4.22327,0.628,6.826,216.345027,0.204027,8.48077983156143,167.6280,/T
2039-Mar-29 00:00,N,m,176.35091,4.25328,0.633,6.831,307.188952,0.160494,8.48446204339519,166.5820,/T
2039-Mar-30 00:00,N,m,176.28132,4.28299,0.639,6.835,38.031036,0.117359,8.48844523265379,165.5343,/T
2039-Mar-31 00:00,N,m,176.21224,4.31238,0.644,6.840,128.871250,0.074645,8.49272756455881,164.4856,/T
2039-Apr-01 00:00,N,m,176.14368,4.34145,0.651,6.845,219.709568,0.032375,8.49730707672352,163.4362,/T
2039-Apr-02 00:00,N,m,176.07569,4.37017,0.661,6.853,310.545965,-0.009428,8.50218165467337,162.3867,/T
2039-Apr-03 00:00,N,m,176.00830,4.39854,0.665,6.856,41.380415,-0.050744,8.50734901802788,161.3372,/T
2039-Apr-04 00:00,N,m,175.94154,4.42655,0.669,6.859,132.212897,-0.091551,8.51280672172818,160.2880,/T
2039-Apr-05 00:00,N,m,175.87544,4.45417,0.673,6.862,223.043387,-0.131828,8.51855230158331,159.2394,/T
2039-Apr-06 00:00,N,m,175.81004,4.48140,0.677,6.865,313.871868,-0.171556,8.52458311876270,158.1914,/T
2039-Apr-07 00:00,N,m,175.74536,4.50823,0.682,6.867,44.698319,-0.210715,8.53089643280769,157.1443,/T
2039-Apr-08 00:00,N,m,175.68144,4.53464,0.686,6.870,135.522724,-0.249288,8.53748948762255,156.0980,/T
2039-Apr-09 00:00,N,m,175.61831,4.56061,0.691,6.873,226.345068,-0.287256,8.54435950484453,155.0528,/T
2039-Apr-10 00:00,N,,175.55602,4.58613,0.695,6.875,317.165333,-0.324602,8.55150381585240,154.0086,/T
2039-Apr-11 00:00,N,,175.49461,4.61120,0.700,6.878,47.983506,-0.361310,8.55891978265217,152.9656,/T
2039-Apr-12 00:00,N,,175.43409,4.63578,0.704,6.880,138.799570,-0.397362,8.56660479279620,151.9237,/T
2039-Apr-13 00:00,C,,175.37451,4.65988,0.709,6.883,229.613512,-0.432742,8.57455632848110,150.8831,/T
2039-Apr-14 00:00,C,,175.31587,4.68349,0.714,6.886,320.425315,-0.467432,8.58277191349832,149.8437,/T
2039-Apr-15 00:00,C,,175.25821,4.70659,0.718,6.888,51.234962,-0.501417,8.59124896283144,148.8056,/T
2039-Apr-16 00:00,C,,175.20155,4.72919,0.723,6.890,142.042439,-0.534679,8.59998482452544,147.7689,/T
2039-Apr-17 00:00,C,,175.14590,4.75127,0.728,6.893,232.847730,-0.567202,8.60897660031459,146.7337,/T
2039-Apr-18 00:00,C,,175.09130,4.77282,0.733,6.895,323.650820,-0.598968,8.61822129687516,145.6999,/T
2039-Apr-19 00:00,C,,175.03778,4.79382,0.737,6.898,54.451697,-0.629962,8.62771575284586,144.6676,/T
2039-Apr-20 00:00,C,,174.98537,4.81428,0.742,6.900,145.250348,-0.660168,8.63745656252993,143.6369,/T
2039-Apr-21 00:00,C,,174.93410,4.83417,0.747,6.902,236.046764,-0.689570,8.64744012129072,142.6078,/T
2039-Apr-22 00:00,C,,174.88401,4.85349,0.752,6.905,326.840936,-0.718154,8.65766268073817,141.5804,/T
2039-Apr-23 00:00,C,,174.83512,4.87222,0.757,6.907,57.632857,-0.745905,8.66812031904358,140.5547,/T
2039-Apr-24 00:00,C,m,174.78747,4.89035,0.762,6.909,148.422523,-0.772809,8.67880902768220,139.5308,/T
2039-Apr-25 00:00,C,m,174.74107,4.90788,0.767,6.911,239.209930,-0.798854,8.68972460949710,138.5087,/T
2039-Apr-26 00:00,C,m,174.69596,4.92479,0.772,6.913,329.995077,-0.824027,8.70086275683481,137.4885,/T
2039-Apr-27 00:00,C,m,174.65215,4.94107,0.777,6.916,60.777965,-0.848316,8.71221920575666,136.4701,/T
2039-Apr-28 00:00,C,m,174.60966,4.95673,0.782,6.918,151.558594,-0.871711,8.72378962354555,135.4537,/T
2039-Apr-29 00:00,C,m,174.56851,4.97176,0.787,6.920,242.336967,-0.894200,8.73556969256756,134.4393,/T
2039-Apr-30 00:00,C,m,174.52870,4.98615,0.792,6.922,333.113089,-0.915776,8.74755505977168,133.4268,/T
2039-May-01 00:00,C,m,174.49026,4.99990,0.797,6.924,63.886962,-0.936428,8.75974135827724,132.4163,/T
2039-May-02 00:00,C,m,174.45319,5.01300,0.802,6.925,154.658592,-0.956148,8.77212425197473,131.4079,/T
2039-May-03 00:00,C,m,174.41751,5.02545,0.807,6.927,245.427986,-0.974929,8.78469940244301,130.4015,/T
2039-May-04 00:00,C,m,174.38323,5.03725,0.812,6.929,336.195149,-0.992764,8.79746234654620,129.3972,/T
2039-May-05 00:00,C,m,174.35037,5.04839,0.817,6.931,66.960091,-1.009647,8.81040868712501,128.3950,/T
2039-May-06 00:00,C,m,174.31894,5.05886,0.822,6.933,157.722819,-1.025574,8.82353400808492,127.3948,/T
2039-May-07 00:00,C,m,174.28897,5.06867,0.827,6.934,248.483343,-1.040538,8.83683398374712,126.3967,/T
2039-May-08 00:00,C,m,174.26046,5.07780,0.832,6.936,339.241674,-1.054536,8.85030434866719,125.4007,/T
2039-May-09 00:00,C,,174.23344,5.08625,0.837,6.938,69.997819,-1.067565,8.86394083876560,124.4067,/T
2039-May-10 00:00,*,,174.20793,5.09401,0.842,6.939,160.751791,-1.079619,8.87773928152642,123.4147,/T
2039-May-11 00:00,*,,174.18391,5.10110,0.847,6.941,251.503599,-1.090696,8.89169560104014,122.4248,/T
2039-May-12 00:00,*,,174.16140,5.10750,0.852,6.942,342.253253,-1.100791,8.90580567873104,121.4368,/T
2039-May-13 00:00,*,,174.14039,5.11322,0.857,6.944,73.000763,-1.109901,8.92006537551551,120.4508,/T
2039-May-14 00:00,*,,174.12089,5.11827,0.862,6.945,163.746140,-1.118020,8.93447049609354,119.4668,/T
2039-May-15 00:00,*,,174.10290,5.12264,0.867,6.947,254.489395,-1.125146,8.94901678141858,118.4848,/T
2039-May-16 00:00,*,,174.08643,5.12632,0.872,6.948,345.230541,-1.131274,8.96370001255270,117.5048,/T
2039-May-17 00:00,*,,174.07150,5.12932,0.877,6.949,75.969589,-1.136402,8.97851580129919,116.5267,/T
2039-May-18 00:00,*,,174.05811,5.13162,0.882,6.950,166.706553,-1.140525,8.99345967575383,115.5507,/T
2039-May-19 00:00,*,,174.04627,5.13324,0.887,6.952,257.441446,-1.143642,9.00852708995572,114.5767,/T
2039-May-20 00:00,*,,174.03601,5.13415,0.892,6.953,348.174285,-1.145750,9.02371342113605,113.6047,/T
2039-May-21 00:00,*,,174.02733,5.13437,0.896,6.954,78.905084,-1.146848,9.03901395631598,112.6347,/T
2039-May-22 00:00,*,,174.02023,5.13388,0.901,6.955,169.633861,-1.146934,9.05442390318418,111.6668,/T
2039-May-23 00:00,*,,174.01472,5.13269,0.906,6.956,260.360635,-1.146008,9.06993830389855,110.7010,/T
2039-May-24 00:00,*,m,174.01081,5.13081,0.911,6.957,351.085426,-1.144069,9.08555224401386,109.7372,/T
2039-May-25 00:00,*,m,174.00850,5.12822,0.916,6.958,81.808253,-1.141119,9.10126074360312,108.7755,/T
2039-May-26 00:00,*,m,174.00778,5.12494,0.920,6.959,172.529141,-1.137158,9.11705876534879,107.8159,/T
2039-May-27 00:00,*,m,174.00865,5.12096,0.925,6.960,263.248111,-1.132187,9.13294127291366,106.8584,/T
2039-May-28 00:00,*,m,174.01110,5.11630,0.930,6.961,353.965189,-1.126209,9.14890322025557,105.9030,/T
2039-May-29 00:00,*,m,174.01513,5.11095,0.934,6.961,84.680399,-1.119227,9.16493966903026,104.9497,/T
2039-May-30 00:00,*,m,174.02074,5.10491,0.939,6.962,175.393768,-1.111242,9.18104579524011,103.9985,/T
2039-May-31 00:00,*,m,174.02792,5.09819,0.943,6.963,266.105320,-1.102260,9.19721680118153,103.0493,/T
2039-Jun-01 00:00,*,m,174.03666,5.09080,0.948,6.963,356.815083,-1.092284,9.21344799932890,102.1023,/T
2039-Jun-02 00:00,*,m,174.04697,5.08272,0.952,6.964,87.523082,-1.081318,9.22973487281298,101.1573,/T
2039-Jun-03 00:00,*,m,174.05884,5.07397,0.957,6.965,178.229344,-1.069368,9.24607297274567,100.2144,/T
2039-Jun-04 00:00,*,m,174.07227,5.06455,0.961,6.965,268.933893,-1.056438,9.26245802337123,99.2736,/T
2039-Jun-05 00:00,*,m,174.08728,5.05445,0.965,6.966,359.636754,-1.042535,9.27888576406017,98.3347,/T
2039-Jun-06 00:00,*,m,174.10385,5.04367,0.970,6.966,90.337952,-1.027664,9.29535206489197,97.3978,/T
2039-Jun-07 00:00,*,,174.12197,5.03223,0.974,6.966,181.037512,-1.011830,9.31185293022785,96.4629,/T
2039-Jun-08 00:00,*,,174.14165,5.02013,0.978,6.967,271.735455,-0.995039,9.32838438845743,95.5298,/T
2039-Jun-09 00:00,*,,174.16286,5.00738,0.982,6.967,2.431806,-0.977296,9.34494240448627,94.5986,/T
2039-Jun-10 00:00,*,,174.18558,4.99398,0.986,6.967,93.126586,-0.958604,9.36152291736365,93.6693,/T
2039-Jun-11 00:00,*,,174.20981,4.97995,0.990,6.968,183.819821,-0.938970,9.37812173283246,92.7418,/T
2039-Jun-12 00:00,*,,174.23555,4.96528,0.994,6.968,274.511534,-0.918397,9.39473465075866,91.8160,/T
2039-Jun-13 00:00,*,,174.26278,4.94997,0.998,6.968,5.201750,-0.896890,9.41135737029948,90.8920,/T
2039-Jun-14 00:00,*,,174.29151,4.93403,1.002,6.968,95.890495,-0.874453,9.42798548205011,89.9698,/T
2039-Jun-15 00:00,*,,174.32174,4.91746,1.006,6.968,186.577796,-0.851092,9.44461463228709,89.0493,/T
2039-Jun-16 00:00,*,,174.35346,4.90026,1.010,6.968,277.263680,-0.826811,9.46124047774816,88.1305,/T
2039-Jun-17 00:00,*,,174.38668,4.88242,1.014,6.968,7.948173,-0.801617,9.47785870859852,87.2134,/T
2039-Jun-18 00:00,*,,174.42138,4.86396,1.018,6.968,98.631304,-0.775514,9.49446501667853,86.2980,/T
2039-Jun-19 00:00,*,,174.45756,4.84488,1.021,6.968,189.313100,-0.748510,9.51105504353094,85.3844,/T
2039-Jun-20 00:00,*,,174.49521,4.82518,1.025,6.968,279.993590,-0.720611,9.52762443867750,84.4724,/T
2039-Jun-21 00:00,*,,174.53432,4.80487,1.029,6.968,10.672801,-0.691823,9.54416892028436,83.5621,/T
2039-Jun-22 00:00,*,m,174.57488,4.78396,1.032,6.967,101.350763,-0.662154,9.56068408699893,82.6535,/T
2039-Jun-23 00:00,*,m,174.61688,4.76244,1.036,6.967,192.027505,-0.631611,9.57716556702356,81.7465,/T
2039-Jun-24 00:00,*,m,174.66030,4.74034,1.039,6.967,282.703057,-0.600202,9.59360894951623,80.8413,/T
2039-Jun-25 00:00,*,m,174.70512,4.71765,1.042,6.966,13.377451,-0.567935,9.61000987141943,79.9377,/T
2039-Jun-26 00:00,*,m,174.75133,4.69438,1.046,6.966,104.050716,-0.534819,9.62636403087840,79.0357,/T
2039-Jun-27 00:00,*,m,174.79893,4.67053,1.049,6.966,194.722885,-0.500862,9.64266712581508,78.1354,/T
2039-Jun-28 00:00,*,m,174.84788,4.64613,1.052,6.965,285.393990,-0.466074,9.65891488436516,77.2367,/T
2039-Jun-29 00:00,*,m,174.89819,4.62116,1.055,6.965,16.064063,-0.430463,9.67510322833902,76.3397,/T
2039-Jun-30 00:00,*,m,174.94985,4.59563,1.058,6.964,106.733136,-0.394041,9.69122819362921,75.4442,/T
2039-Jul-01 00:00,*,m,175.00285,4.56955,1.061,6.964,197.401241,-0.356815,9.70728600500106,74.5504,/T
2039-Jul-02 00:00,*,m,175.05717,4.54292,1.064,6.963,288.068408,-0.318798,9.72327306417916,73.6580,/T
2039-Jul-03 00:00,*,m,175.11281,4.51574,1.067,6.962,18.734667,-0.279997,9.73918590271674,72.7672,/T
2039-Jul-04 00:00,*,m,175.16976,4.48803,1.070,6.962,109.400048,-0.240424,9.75502131562982,71.8779,/T
2039-Jul-05 00:00,*,m,175.22800,4.45979,1.073,6.961,200.064576,-0.200088,9.77077619374856,70.9900,/T
2039-Jul-06 00:00,*,,175.28750,4.43103,1.075,6.960,290.728278,-0.158997,9.78644745296480,70.1035,/T
2039-Jul-07 00:00,*,,175.34826,4.40175,1.078,6.960,21.391180,-0.117161,9.80203200744647,69.2184,/T
2039-Jul-08 00:00,*,,175.41023,4.37198,1.081,6.959,112.053306,-0.074588,9.81752672994794,68.3346,/T
2039-Jul-09 00:00,*,,175.47342,4.34172,1.083,6.958,202.714682,-0.031286,9.83292840184489,67.4521,/T
2039-Jul-10 00:00,*,,175.53782,4.31096,1.081,6.952,293.375331,0.012737,9.84823375431155,66.5707,/T
2039-Jul-11 00:00,*,,175.60340,4.27972,1.077,6.945,24.035282,0.057472,9.86343928516226,65.6906,/T
2039-Jul-12 00:00,*,,175.67018,4.24800,1.076,6.940,114.694561,0.102912,9.87854146354991,64.8117,/T
2039-Jul-13 00:00,*,,175.73815,4.21579,1.075,6.936,205.353194,0.149049,9.89353671850233,63.9340,/T
2039-Jul-14 00:00,*,,175.80729,4.18311,1.074,6.933,296.011212,0.195874,9.90842143943052,63.0573,/T
2039-Jul-15 00:00,*,,175.87760,4.14995,1.074,6.929,26.668641,0.243378,9.92319201614191,62.1818,/T
2039-Jul-16 00:00,*,,175.94907,4.11633,1.074,6.926,117.325513,0.291553,9.93784484275893,61.3074,/T
2039-Jul-17 00:00,*,,176.02168,4.08225,1.074,6.923,207.981857,0.340390,9.95237636527905,60.4340,/T
2039-Jul-18 00:00,*,,176.09541,4.04772,1.074,6.920,298.637703,0.389879,9.96678318785912,59.5617,/T
2039-Jul-19 00:00,*,,176.17025,4.01273,1.074,6.917,29.293079,0.440011,9.98106192900029,58.6905,/T
2039-Jul-20 00:00,*,,176.24619,3.97731,1.074,6.913,119.948014,0.490777,9.99520922183236,57.8203,/T
2039-Jul-21 00:00,*,m,176.32320,3.94146,1.074,6.910,210.602539,0.542166,10.0092217904374,56.9511,/T
2039-Jul-22 00:00,*,m,176.40126,3.90519,1.074,6.908,301.256683,0.594168,10.0230963541120,56.0830,/T
2039-Jul-23 00:00,*,m,176.48035,3.86850,1.074,6.905,31.910473,0.646773,10.0368297433391,55.2158,/T
2039-Jul-24 00:00,*,m,176.56047,3.83141,1.074,6.902,122.563941,0.699970,10.0504187768090,54.3497,/T
2039-Jul-25 00:00,*,m,176.64159,3.79392,1.074,6.899,213.217114,0.753748,10.0638602855655,53.4845,/T
2039-Jul-26 00:00,*,m,176.72370,3.75604,1.074,6.896,303.870023,0.808096,10.0771512045635,52.6203,/T
2039-Jul-27 00:00,*,m,176.80678,3.71777,1.073,6.893,34.522696,0.863004,10.0902885925192,51.7571,/T
2039-Jul-28 00:00,*,m,176.89084,3.67911,1.073,6.890,125.175162,0.918459,10.1032695436960,50.8948,/T
2039-Jul-29 00:00,*,m,176.97585,3.64008,1.073,6.887,215.827449,0.974450,10.1160913059400,50.0334,/T
2039-Jul-30 00:00,*,m,177.06181,3.60068,1.073,6.884,306.479587,1.030966,10.1287511734253,49.1730,/T
2039-Jul-31 00:00,*,m,177.14870,3.56091,1.072,6.881,37.131602,1.087996,10.1412466588292,48.3134,/T
2039-Aug-01 00:00,*,m,177.23650,3.52078,1.072,6.878,127.783521,1.145529,10.1535754584338,47.4547,/T
2039-Aug-02 00:00,*,m,177.32520,3.48031,1.072,6.875,218.435369,1.203554,10.1657353419801,46.5968,/T
2039-Aug-03 00:00,*,m,177.41476,3.43950,1.071,6.872,309.087171,1.262061,10.1777241936845,45.7397,/T
2039-Aug-04 00:00,*,,177.50516,3.39837,1.071,6.869,39.738951,1.321040,10.1895399831799,44.8833,/T
2039-Aug-05 00:00,*,,177.59638,3.35692,1.070,6.866,130.390731,1.380481,10.2011806841795,44.0276,/T
2039-Aug-06 00:00,*,,177.68842,3.31516,1.069,6.863,221.042533,1.440375,10.2126442583755,43.1725,/T
2039-Aug-07 00:00,*,,177.78125,3.27309,1.069,6.860,311.694378,1.500714,10.2239285361092,42.3181,/T
2039-Aug-08 00:00,*,,177.87487,3.23072,1.068,6.857,42.346291,1.561487,10.2350312158272,41.4642,/T
2039-Aug-09 00:00,*,,177.96928,3.18805,1.067,6.854,132.998292,1.622686,10.2459500199204,40.6109,/T
2039-Aug-10 00:00,*,,178.06446,3.14508,1.066,6.851,223.650407,1.684303,10.2566825399362,39.7580,/T
2039-Aug-11 00:00,*,,178.16042,3.10183,1.065,6.848,314.302659,1.746326,10.2672263357535,38.9057,/T
2039-Aug-12 00:00,C,,178.25713,3.05829,1.064,6.844,44.955071,1.808748,10.2775788939220,38.0538,/T
2039-Aug-13 00:00,C,,178.35458,3.01447,1.063,6.841,135.607670,1.871557,10.2877376771171,37.2024,/T
2039-Aug-14 00:00,C,,178.45276,2.97038,1.062,6.838,226.260481,1.934745,10.2977001904049,36.3515,/T
2039-Aug-15 00:00,C,,178.55164,2.92602,1.061,6.835,316.913529,1.998301,10.3074639791791,35.5009,/T
2039-Aug-16 00:00,C,,178.65122,2.88141,1.060,6.832,47.566841,2.062215,10.3170265283348,34.6507,/T
2039-Aug-17 00:00,C,,178.75147,2.83655,1.059,6.829,138.220443,2.126477,10.3263854576743,33.8010,/T
2039-Aug-18 00:00,C,,178.85237,2.79146,1.057,6.826,228.874362,2.191076,10.3355384603672,32.9516,/T
2039-Aug-19 00:00,C,,178.95390,2.74613,1.056,6.822,319.528623,2.256001,10.3444833659690,32.1026,/T
2039-Aug-20 00:00,C,m,179.05605,2.70059,1.055,6.819,50.183254,2.321242,10.3532181265000,31.2540,/T
2039-Aug-21 00:00,C,m,179.15878,2.65483,1.053,6.816,140.838278,2.386786,10.3617407201251,30.4057,/T
2039-Aug-22 00:00,C,m,179.26209,2.60886,1.052,6.813,231.493722,2.452623,10.3700492734796,29.5578,/T
2039-Aug-23 00:00,C,m,179.36597,2.56269,1.050,6.809,322.149609,2.518740,10.3781420685905,28.7103,/T
2039-Aug-24 00:00,C,m,179.47040,2.51633,1.049,6.806,52.805964,2.585127,10.3860174566557,27.8632,/T
2039-Aug-25 00:00,C,m,179.57537,2.46978,1.047,6.803,143.462810,2.651770,10.3936738815011,27.0165,/T
2039-Aug-26 00:00,C,m,179.68088,2.42304,1.045,6.800,234.120169,2.718659,10.4011098949284,26.1701,/T
2039-Aug-27 00:00,C,m,179.78691,2.37613,1.043,6.796,324.778064,2.785782,10.4083241168770,25.3241,/T
2039-Aug-28 00:00,C,m,179.89343,2.32904,1.041,6.793,55.436515,2.853127,10.4153153585148,24.4785,/T
2039-Aug-29 00:00,C,m,180.00044,2.28180,1.039,6.790,146.095543,2.920683,10.4220824004974,23.6333,/T
2039-Aug-30 00:00,C,m,180.10790,2.23441,1.037,6.786,236.755169,2.988440,10.4286240697082,22.7884,/T
2039-Aug-31 00:00,N,m,180.21580,2.18688,1.035,6.783,327.415412,3.056388,10.4349392466335,21.9439,/T
2039-Sep-01 00:00,N,m,180.32410,2.13922,1.033,6.780,58.076292,3.124515,10.4410268456454,21.0997,/T
2039-Sep-02 00:00,N,m,180.43281,2.09144,1.031,6.776,148.737828,3.192814,10.4468857936421,20.2559,/T
2039-Sep-03 00:00,N,m,180.54189,2.04355,1.029,6.773,239.400038,3.261273,10.4525150283610,19.4124,/T
2039-Sep-04 00:00,N,,180.65134,1.99554,1.027,6.770,330.062941,3.329884,10.4579134035906,18.5693,/T
2039-Sep-05 00:00,N,,180.76115,1.94743,1.024,6.766,60.726558,3.398638,10.4630798579578,17.7266,/T
2039-Sep-06 00:00,N,,180.87132,1.89922,1.022,6.763,151.390905,3.467524,10.4680133174557,16.8843,/T
2039-Sep-07 00:00,N,,180.98184,1.85090,1.019,6.759,242.056002,3.536534,10.4727126381467,16.0425,/T
2039-Sep-08 00:00,N,,181.09269,1.80250,1.017,6.756,332.721867,3.605657,10.4771766752458,15.2012,/T
2039-Sep-09 00:00,N,,181.20385,1.75400,1.014,6.752,63.388522,3.674885,10.4814042220139,14.3606,/T
2039-Sep-10 00:00,N,,181.31532,1.70543,1.012,6.749,154.055983,3.744206,10.4853941151675,13.5209,/T
2039-Sep-11 00:00,N,,181.42708,1.65679,1.009,6.745,244.724271,3.813611,10.4891452039850,12.6821,/T
2039-Sep-12 00:00,N,,181.53911,1.60808,1.006,6.742,335.393407,3.883090,10.4926562673342,11.8446,/T
2039-Sep-13 00:00,N,,181.65139,1.55932,1.003,6.738,66.063409,3.952632,10.4959260710376,11.0087,/T
2039-Sep-14 00:00,N,,181.76390,1.51051,1.000,6.734,156.734300,4.022226,10.4989534667253,10.1748,/T
2039-Sep-15 00:00,N,,181.87662,1.46167,0.996,6.730,247.406100,4.091863,10.5017372801990,9.3436,/T
2039-Sep-16 00:00,N,,181.98953,1.41279,0.993,6.726,338.078831,4.161530,10.5042764509343,8.5160,/T
2039-Sep-17 00:00,N,,182.10261,1.36390,0.989,6.722,68.752514,4.231216,10.5065699171570,7.6932,/T
2039-Sep-18 00:00,N,,182.21585,1.31500,0.986,6.718,159.427170,4.300911,10.5086167597949,6.8771,/T
2039-Sep-19 00:00,A,,182.32923,1.26609,0.982,6.714,250.102823,4.370602,10.5104162853761,6.0705,/T
2039-Sep-20 00:00,A,m,182.44274,1.21718,0.978,6.709,340.779491,4.440277,10.5119679739019,5.2781,/T
2039-Sep-21 00:00,A,m,182.55636,1.16828,0.973,6.705,71.457194,4.509926,10.5132714536182,4.5074,/T
2039-Sep-22 00:00,A,m,182.67009,1.11939,0.969,6.700,162.135951,4.579534,10.5143265652381,3.7721,/T
2039-Sep-23 00:00,A,m,182.78391,1.07052,0.964,6.695,252.815780,4.649092,10.5151332710455,3.0979,/T
2039-Sep-24 00:00,A,m,182.89780,1.02168,0.960,6.691,343.496697,4.718587,10.5156917218799,2.5343,/T
2039-Sep-25 00:00,A,m,183.01172,0.97289,0.956,6.687,74.178716,4.788007,10.5160021459795,2.1700,/T
2039-Sep-26 00:00,A,m,183.12566,0.92414,0.955,6.686,164.861852,4.857342,10.5160647282305,2.1113,/T
2039-Sep-27 00:00,A,m,183.23960,0.87542,0.955,6.686,255.546120,4.926582,10.5158797385187,2.3814,/L
2039-Sep-28 00:00,A,m,183.35353,0.82677,0.957,6.688,346.231532,4.995716,10.5154474236975,2.8900,/L
2039-Sep-29 00:00,A,m,183.46743,0.77820,0.960,6.691,76.918102,5.064733,10.5147680082849,3.5360,/L
2039-Sep-30 00:00,A,m,183.58128,0.72972,0.962,6.693,167.605843,5.133625,10.5138416485194,4.2576,/L
2039-Oct-01 00:00,A,m,183.69506,0.68132,0.964,6.696,258.294769,5.202383,10.5126684055659,5.0227,/L
2039-Oct-02 00:00,A,m,183.80878,0.63302,0.967,6.698,348.984895,5.270995,10.5112483017185,5.8144,/L
2039-Oct-03 00:00,A,m,183.92241,0.58482,0.968,6.700,79.676234,5.339454,10.5095814319558,6.6235,/L
2039-Oct-04 00:00,A,m,184.03595,0.53672,0.970,6.703,170.368803,5.407750,10.5076677943033,7.4446,/L
2039-Oct-05 00:00,A,,184.14939,0.48873,0.972,6.705,261.062615,5.475873,10.5055074550555,8.2743,/L
2039-Oct-06 00:00,A,,184.26270,0.44085,0.973,6.706,351.757686,5.543813,10.5031005112225,9.1106,/L
2039-Oct-07 00:00,A,,184.37588,0.39309,0.974,6.708,82.454032,5.611562,10.5004471400119,9.9520,/L
2039-Oct-08 00:00,,,184.48891,0.34546,0.976,6.710,173.151668,5.679108,10.4975476142224,10.7975,/L
2039-Oct-09 00:00,,,184.60176,0.29797,0.977,6.712,263.850607,5.746441,10.4944021987620,11.6465,/L
2039-Oct-10 00:00,,,184.71442,0.25062,0.978,6.713,354.550864,5.813551,10.4910111455351,12.4984,/L
2039-Oct-11 00:00,,,184.82686,0.20343,0.978,6.715,85.252455,5.880429,10.4873748054978,13.3529,/L
2039-Oct-12 00:00,,,184.93907,0.15639,0.979,6.716,175.955394,5.947061,10.4834935375949,14.2097,/L
2039-Oct-13 00:00,,,185.05103,0.10954,0.980,6.717,266.659697,6.013439,10.4793677196704,15.0685,/L
2039-Oct-14 00:00,,,185.16271,0.06286,0.980,6.719,357.365377,6.079552,10.4749977676293,15.9293,/L
2039-Oct-15 00:00,,,185.27410,0.01637,0.981,6.720,88.072451,6.145387,10.4703840696146,16.7918,/L
2039-Oct-16 00:00,,,185.38518,-0.02992,0.981,6.721,178.780934,6.210933,10.4655271894765,17.6560,/L
2039-Oct-17 00:00,,,185.49595,-0.07601,0.981,6.723,269.490842,6.276179,10.4604277748400,18.5217,/L
2039-Oct-18 00:00,,,185.60638,-0.12188,0.981,6.724,0.202189,6.341114,10.4550865774186,19.3890,/L
2039-Oct-19 00:00,,,185.71646,-0.16755,0.982,6.725,90.914992,6.405725,10.4495045230629,20.2576,/L
2039-Oct-20 00:00,,,185.82619,-0.21299,0.982,6.727,181.629264,6.470000,10.4436827694972,21.1277,/L
2039-Oct-21 00:00,,m,185.93553,-0.25821,0.982,6.728,272.345019,6.533928,10.4376226825881,21.9990,/L
2039-Oct-22 00:00,,m,186.04447,-0.30319,0.982,6.729,3.062266,6.597498,10.4313258841772,22.8716,/L
2039-Oct-23 00:00,,m,186.15298,-0.34792,0.982,6.730,93.781019,6.660699,10.4247940234510,23.7455,/L
2039-Oct-24 00:00,,m,186.26103,-0.39238,0.982,6.731,184.501284,6.723519,10.4180288832770,24.6206,/L
2039-Oct-25 00:00,,m,186.36861,-0.43658,0.981,6.733,275.223071,6.785950,10.4110323220721,25.4970,/L
2039-Oct-26 00:00,,m,186.47568,-0.48050,0.981,6.734,5.946387,6.847980,10.4038061681944,26.3745,/L
2039-Oct-27 00:00,,m,186.58223,-0.52413,0.981,6.735,96.671239,6.909600,10.3963522194658,27.2533,/L
2039-Oct-28 00:00,,m,186.68826,-0.56746,0.980,6.736,187.397634,6.970802,10.3886721871914,28.1333,/L
2039-Oct-29 00:00,,m,186.79375,-0.61050,0.980,6.737,278.125581,7.031575,10.3807677162059,29.0146,/L
2039-Oct-30 00:00,,m,186.89869,-0.65323,0.979,6.738,8.855087,7.091912,10.3726404672527,29.8970,/L
2039-Oct-31 00:00,,m,187.00306,-0.69566,0.979,6.740,99.586158,7.151801,10.3642920148128,30.7808,/L
2039-Nov-01 00:00,,m,187.10687,-0.73777,0.978,6.741,190.318806,7.211235,10.3557238287291,31.6658,/L
2039-Nov-02 00:00,,m,187.21010,-0.77957,0.977,6.742,281.053038,7.270205,10.3469374166605,32.5522,/L
2039-Nov-03 00:00,,m,187.31272,-0.82104,0.977,6.743,11.788864,7.328701,10.3379342413145,33.4398,/L
2039-Nov-04 00:00,,m,187.41472,-0.86218,0.976,6.744,102.526295,7.386714,10.3287158769374,34.3288,/L
2039-Nov-05 00:00,,,187.51607,-0.90298,0.975,6.745,193.265339,7.444234,10.3192839196071,35.2192,/L
2039-Nov-06 00:00,,,187.61677,-0.94343,0.974,6.746,284.006008,7.501252,10.3096400128575,36.1109,/L
2039-Nov-07 00:00,,,187.71678,-0.98353,0.973,6.747,14.748312,7.557757,10.2997859388132,37.0041,/L
2039-Nov-08 00:00,,,187.81608,-1.02325,0.972,6.748,105.492260,7.613740,10.2897236338385,37.8987,/L
2039-Nov-09 00:00,,,187.91466,-1.06261,0.971,6.749,196.237861,7.669191,10.2794550619013,38.7947,/L
2039-Nov-10 00:00,,,188.01249,-1.10158,0.970,6.750,286.985125,7.724099,10.2689822999338,39.6922,/L
2039-Nov-11 00:00,,,188.10954,-1.14016,0.969,6.751,17.734060,7.778454,10.2583074243264,40.5911,/L
2039-Nov-12 00:00,,,188.20581,-1.17833,0.967,6.752,108.484675,7.832244,10.2474326329256,41.4915,/L
2039-Nov-13 00:00,,,188.30128,-1.21610,0.966,6.753,199.236977,7.885460,10.2363602534407,42.3934,/L
2039-Nov-14 00:00,,,188.39594,-1.25346,0.965,6.754,289.990976,7.938090,10.2250926298417,43.2968,/L
2039-Nov-15 00:00,,,188.48977,-1.29040,0.963,6.755,20.746679,7.990123,10.2136322329931,44.2016,/L
2039-Nov-16 00:00,,,188.58276,-1.32692,0.962,6.756,111.504093,8.041549,10.2019816944633,45.1079,/L
2039-Nov-17 00:00,,,188.67489,-1.36301,0.960,6.756,202.263225,8.092355,10.1901438045157,46.0157,/L
2039-Nov-18 00:00,,,188.76615,-1.39866,0.958,6.757,293.024081,8.142532,10.1781215268373,46.9250,/L
2039-Nov-19 00:00,,,188.85650,-1.43387,0.957,6.758,23.786663,8.192069,10.1659179255946,47.8357,/L
2039-Nov-20 00:00,,m,188.94592,-1.46861,0.955,6.759,114.550978,8.240957,10.1535361097890,48.7478,/L
2039-Nov-21 00:00,,m,189.03437,-1.50289,0.953,6.760,205.317027,8.289186,10.1409793844938,49.6614,/L
2039-Nov-22 00:00,,m,189.12185,-1.53668,0.951,6.760,296.084813,8.336748,10.1282510544620,50.5764,/L
2039-Nov-23 00:00,,m,189.20832,-1.56999,0.949,6.761,26.854337,8.383634,10.1153544753441,51.4928,/L
2039-Nov-24 00:00,,m,189.29378,-1.60281,0.947,6.762,117.625599,8.429836,10.1022929881401,52.4107,/L
2039-Nov-25 00:00,,m,189.37822,-1.63513,0.945,6.763,208.398601,8.475346,10.0890699202293,53.3300,/L
2039-Nov-26 00:00,,m,189.46162,-1.66694,0.943,6.763,299.173344,8.520156,10.0756886252377,54.2508,/L
2039-Nov-27 00:00,,m,189.54397,-1.69826,0.941,6.764,29.949827,8.564257,10.0621524560020,55.1732,/L
2039-Nov-28 00:00,,m,189.62527,-1.72907,0.938,6.765,120.728050,8.607644,10.0484646317335,56.0970,/L
2039-Nov-29 00:00,,m,189.70550,-1.75936,0.936,6.765,211.508014,8.650306,10.0346283909742,57.0224,/L
2039-Nov-30 00:00,,m,189.78464,-1.78913,0.934,6.766,302.289719,8.692238,10.0206469451153,57.9493,/L
2039-Dec-01 00:00,,m,189.86269,-1.81839,0.931,6.766,33.073166,8.733431,10.0065234915597,58.8778,/L
2039-Dec-02 00:00,,m,189.93961,-1.84711,0.929,6.767,123.858356,8.773876,9.99226124322065,59.8079,/L
2039-Dec-03 00:00,,m,190.01540,-1.87529,0.926,6.767,214.645291,8.813568,9.97786332056556,60.7397,/L
2039-Dec-04 00:00,,m,190.09002,-1.90293,0.924,6.768,305.433971,8.852497,9.96333290523543,61.6731,/L
2039-Dec-05 00:00,,,190.16347,-1.93001,0.921,6.768,36.224398,8.890655,9.94867326605723,62.6081,/L
2039-Dec-06 00:00,,,190.23571,-1.95653,0.918,6.769,127.016576,8.928036,9.93388771272266,63.5448,/L
2039-Dec-07 00:00,,,190.30674,-1.98249,0.916,6.769,217.810505,8.964629,9.91897962641817,64.4832,/L
2039-Dec-08 00:00,,,190.37653,-2.00787,0.913,6.770,308.606187,9.000428,9.90395252892070,65.4234,/L
2039-Dec-09 00:00,,,190.44506,-2.03267,0.910,6.770,39.403623,9.035423,9.88881003544110,66.3653,/L
2039-Dec-10 00:00,,,190.51232,-2.05688,0.907,6.770,130.202814,9.069606,9.87355600760180,67.3089,/L
2039-Dec-11 00:00,,,190.57830,-2.08050,0.904,6.771,221.003760,9.102969,9.85819435514987,68.2543,/L
2039-Dec-12 00:00,,,190.64299,-2.10352,0.901,6.771,311.806459,9.135503,9.84272910568571,69.2014,/L
2039-Dec-13 00:00,,,190.70636,-2.12594,0.898,6.771,42.610910,9.167198,9.82716445429272,70.1503,/L
2039-Dec-14 00:00,,,190.76842,-2.14776,0.894,6.771,133.417109,9.198047,9.81150475039049,71.1010,/L
2039-Dec-15 00:00,,,190.82915,-2.16897,0.891,6.772,224.225052,9.228041,9.79575449199499,72.0534,/L
2039-Dec-16 00:00,,,190.88852,-2.18957,0.888,6.772,315.034734,9.257172,9.77991830748365,73.0075,/L
2039-Dec-17 00:00,,,190.94651,-2.20954,0.885,6.772,45.846148,9.285433,9.76400084126598,73.9634,/L
2039-Dec-18 00:00,,,191.00310,-2.22887,0.881,6.772,136.659286,9.312817,9.74800685350419,74.9209,/L
2039-Dec-19 00:00,,m,191.05826,-2.24757,0.878,6.772,227.474140,9.339317,9.73194112012610,75.8801,/L
2039-Dec-20 00:00,,m,191.11198,-2.26561,0.874,6.772,318.290700,9.364930,9.71580829917309,76.8410,/L
2039-Dec-21 00:00,,m,191.16425,-2.28299,0.871,6.772,49.108957,9.389649,9.69961302110037,77.8036,/L
2039-Dec-22 00:00,,m,191.21506,-2.29973,0.867,6.772,139.928901,9.413470,9.68335981925904,78.7678,/L
2039-Dec-23 00:00,,m,191.26440,-2.31580,0.863,6.772,230.750524,9.436390,9.66705326329311,79.7336,/L
2039-Dec-24 00:00,,m,191.31228,-2.33122,0.860,6.772,321.573816,9.458403,9.65069794548899,80.7012,/L
2039-Dec-25 00:00,,m,191.35868,-2.34598,0.856,6.772,52.398768,9.479507,9.63429842087614,81.6703,/L
2039-Dec-26 00:00,,m,191.40360,-2.36009,0.852,6.772,143.225368,9.499696,9.61785924008874,82.6412,/L
2039-Dec-27 00:00,,m,191.44701,-2.37353,0.848,6.772,234.053608,9.518967,9.60138505003669,83.6137,/L
2039-Dec-28 00:00,,m,191.48893,-2.38630,0.845,6.772,324.883476,9.537317,9.58488044309846,84.5880,/L
2039-Dec-29 00:00,,m,191.52932,-2.39841,0.841,6.772,55.714961,9.554740,9.56835005836756,85.5639,/L
2039-Dec-30 00:00,,m,191.56818,-2.40985,0.837,6.771,146.548051,9.571234,9.55179844679295,86.5416,/L
2039-Dec-31 00:00,,m,191.60550,-2.42061,0.833,6.771,237.382734,9.586795,9.53523014204288,87.5210,/L
2040-Jan-01 00:00,,m,191.64126,-2.43069,0.828,6.771,328.219000,9.601420,9.51864973662439,88.5021,/L
